-- MySQL dump 10.13  Distrib 5.7.19, for Linux (x86_64)
--
-- Host: 116.62.25.128    Database: family
-- ------------------------------------------------------
-- Server version	5.7.16-0ubuntu0.16.04.1

/*!40101 SET @OLD_CHARACTER_SET_CLIENT=@@CHARACTER_SET_CLIENT */;
/*!40101 SET @OLD_CHARACTER_SET_RESULTS=@@CHARACTER_SET_RESULTS */;
/*!40101 SET @OLD_COLLATION_CONNECTION=@@COLLATION_CONNECTION */;
/*!40101 SET NAMES utf8 */;
/*!40103 SET @OLD_TIME_ZONE=@@TIME_ZONE */;
/*!40103 SET TIME_ZONE='+00:00' */;
/*!40014 SET @OLD_UNIQUE_CHECKS=@@UNIQUE_CHECKS, UNIQUE_CHECKS=0 */;
/*!40014 SET @OLD_FOREIGN_KEY_CHECKS=@@FOREIGN_KEY_CHECKS, FOREIGN_KEY_CHECKS=0 */;
/*!40101 SET @OLD_SQL_MODE=@@SQL_MODE, SQL_MODE='NO_AUTO_VALUE_ON_ZERO' */;
/*!40111 SET @OLD_SQL_NOTES=@@SQL_NOTES, SQL_NOTES=0 */;

--
-- Table structure for table `gener_action`
--

DROP TABLE IF EXISTS `gener_action`;
/*!40101 SET @saved_cs_client     = @@character_set_client */;
/*!40101 SET character_set_client = utf8 */;
CREATE TABLE `gener_action` (
  `action` int(11) NOT NULL AUTO_INCREMENT,
  `name` varchar(45) COLLATE utf8mb4_unicode_ci NOT NULL,
  `module` int(11) NOT NULL,
  PRIMARY KEY (`action`),
  UNIQUE KEY `name_UNIQUE` (`name`),
  KEY `fk_gener_action_module_idx` (`module`),
  CONSTRAINT `fk_gener_action_module` FOREIGN KEY (`module`) REFERENCES `gener_module` (`module`) ON DELETE NO ACTION ON UPDATE NO ACTION
) ENGINE=InnoDB AUTO_INCREMENT=16 DEFAULT CHARSET=utf8mb4 COLLATE=utf8mb4_unicode_ci;
/*!40101 SET character_set_client = @saved_cs_client */;

--
-- Dumping data for table `gener_action`
--

LOCK TABLES `gener_action` WRITE;
/*!40000 ALTER TABLE `gener_action` DISABLE KEYS */;
INSERT INTO `gener_action` VALUES (1,'ADDPHOTO',8),(2,'ADDRELATEPERSON',8),(3,'DELETEPERSON',8),(4,'EDITPERSON',8),(5,'ADDADMIN',9),(6,'RESCINDADMIN',9),(7,'TRANSFERORIGINATOR',9),(8,'ADDEVENT',4),(9,'DELETEEVENT',4),(10,'UPDATEEVENT',4),(11,'INVITETOJOIN',9),(12,'APPLYJOIN',9),(13,'MERGE_FAMILY_BY_MARRIAGE',9),(14,'MERGE_FAMILY_BY_PERSON',9),(15,'MERGE_BRANCH',9);
/*!40000 ALTER TABLE `gener_action` ENABLE KEYS */;
UNLOCK TABLES;

--
-- Table structure for table `gener_activity`
--

DROP TABLE IF EXISTS `gener_activity`;
/*!40101 SET @saved_cs_client     = @@character_set_client */;
/*!40101 SET character_set_client = utf8 */;
CREATE TABLE `gener_activity` (
  `id` int(10) unsigned NOT NULL AUTO_INCREMENT,
  `familyId` int(10) unsigned NOT NULL,
  `title` varchar(45) COLLATE utf8mb4_unicode_ci NOT NULL,
  `content` text COLLATE utf8mb4_unicode_ci NOT NULL,
  `photo` varchar(255) COLLATE utf8mb4_unicode_ci NOT NULL,
  `start_time` datetime NOT NULL,
  `end_time` datetime NOT NULL,
  `deadline` datetime NOT NULL,
  `create_by` int(11) NOT NULL,
  `create_time` datetime NOT NULL,
  `update_by` int(11) NOT NULL,
  `update_time` datetime NOT NULL,
  PRIMARY KEY (`id`),
  KEY `fk_gener_activity_2_idx` (`create_by`),
  KEY `fk_gener_activity_1_idx` (`familyId`),
  KEY `fk_gener_activity_3_idx` (`update_by`),
  KEY `index5` (`start_time`),
  KEY `index6` (`deadline`),
  CONSTRAINT `fk_gener_activity_1` FOREIGN KEY (`familyId`) REFERENCES `gener_family` (`id`) ON DELETE CASCADE ON UPDATE NO ACTION,
  CONSTRAINT `fk_gener_activity_2` FOREIGN KEY (`create_by`) REFERENCES `gener_user` (`id`) ON DELETE NO ACTION ON UPDATE NO ACTION,
  CONSTRAINT `fk_gener_activity_3` FOREIGN KEY (`update_by`) REFERENCES `gener_user` (`id`) ON DELETE NO ACTION ON UPDATE NO ACTION
) ENGINE=InnoDB AUTO_INCREMENT=135 DEFAULT CHARSET=utf8mb4 COLLATE=utf8mb4_unicode_ci;
/*!40101 SET character_set_client = @saved_cs_client */;

--
-- Dumping data for table `gener_activity`
--

LOCK TABLES `gener_activity` WRITE;
/*!40000 ALTER TABLE `gener_activity` DISABLE KEYS */;
INSERT INTO `gener_activity` VALUES (117,194,'测试创建活动','测试创建活动测试创建活动测试创建活动测试创建活动','http://img1.izuqun.com/fastdfs/M00/00/05/dD4ZgFmmINWAYeU9AACYq8VNsZU967.jpg','2017-09-29 18:04:00','2017-10-02 13:04:00','2017-09-29 13:18:00',377,'2017-09-29 13:04:27',377,'2017-09-29 13:04:27'),(118,194,'test-activity','test-activitytest-activitytest-activitytest-activity','http://img1.izuqun.com/fastdfs/M00/00/05/dD4ZgFmmINWAYeU9AACYq8VNsZU967.jpg','2018-01-02 13:13:00','2018-01-17 13:13:00','2017-12-15 13:13:00',377,'2017-09-29 13:13:53',377,'2017-09-29 13:13:53'),(119,201,'上课哈哈哈','哈哈哈哈哈哈哈哈哈哈哈哈哈哈哈哈哈哈哈哈哈哈哈','http://img1.izuqun.com/fastdfs/M00/00/0D/dD4ZgFnOMBmADD3AAAeiLQcIpHA477.jpg','2017-09-29 19:35:00','2017-09-29 22:35:00','2017-09-29 16:27:00',381,'2017-09-29 19:36:57',381,'2017-09-29 19:36:57'),(120,202,'大活动','咳咳vet欧诺setV领怕热特咳嗽水KMP魔图咯','http://img1.izuqun.com/fastdfs/M00/00/0D/dD4ZgFnOO3KAYVDHAAFbdC7JUiU049.png','2017-09-29 20:23:00','2017-09-30 01:23:00','2017-09-29 20:22:00',380,'2017-09-29 20:24:49',380,'2017-09-29 20:24:49'),(121,205,'鸡柳','急急急仔细想想联系一下一下随心所欲戏子无义嘻嘻嘻','http://img1.izuqun.com/fastdfs/M00/00/0D/dD4ZgFnO_6KACUhbAAFfq7h7L7g908.png','2017-09-30 10:20:00','2017-09-30 13:20:00','2017-09-30 08:20:00',385,'2017-09-30 10:21:44',385,'2017-09-30 10:21:44'),(122,202,'零陵路','噜噜噜李总拉姆咯莫T恤龙门架咯菌腈哦哦哦','http://img1.izuqun.com/fastdfs/M00/00/0D/dD4ZgFnPBouAIZPsAAFfq7h7L7g358.png','2017-09-30 10:49:00','2017-10-19 11:49:00','2017-07-02 04:49:00',385,'2017-09-30 10:51:26',385,'2017-09-30 10:51:26'),(123,202,'来咯垃圾','噜啦啦噜啦啦可口可乐了看看考虑考虑5句兔兔看见了急急急','http://img1.izuqun.com/fastdfs/M00/00/0D/dD4ZgFnPBx-ASI9cAAG9BtjC9zs526.png','2017-09-30 12:58:00','2017-11-30 10:52:00','2017-09-30 12:55:00',385,'2017-09-30 10:53:19',385,'2017-09-30 10:53:19'),(124,204,'十月一活动','十月一打击都去那里去玩，来我们去开黑打游戏去吧','http://img1.izuqun.com/fastdfs/M00/00/05/dD4ZgFmmIJeAL8eWAABn4qH1djY697.jpg','2017-09-30 10:55:00','2017-09-30 23:55:00','2017-09-30 08:55:00',384,'2017-09-30 10:55:24',384,'2017-09-30 10:55:24'),(125,204,'1111','44444444444444444444444','http://img1.izuqun.com/fastdfs/M00/00/05/dD4ZgFmmIPKARRmRAACMdMf2pek163.jpg','2017-09-30 10:57:00','2017-09-30 19:57:00','2017-09-30 03:57:00',384,'2017-09-30 10:56:51',384,'2017-09-30 10:56:51'),(126,204,'测试标题','测试内容测试内容测试内容测试内容测试内容测试内容测试内容测试内容测试内容测试内容测试内容测试内容','http://img1.izuqun.com/fastdfs/M00/00/05/dD4ZgFmmINWAYeU9AACYq8VNsZU967.jpg','2017-09-30 11:06:00','2017-09-30 22:06:00','2017-09-30 06:06:00',384,'2017-09-30 11:05:52',384,'2017-09-30 11:05:52'),(127,204,'测试标题二','测试标题二测试标题二测试标题二测试标题二测试标题二测试标题二测试标题二','http://img1.izuqun.com/fastdfs/M00/00/05/dD4ZgFmmIDKAVXKmAACCQrzaxdw195.jpg','2017-09-30 11:07:00','2017-09-30 23:07:00','2017-09-30 07:07:00',384,'2017-09-30 11:07:32',384,'2017-09-30 11:07:32'),(128,202,'急急急','哦无所谓水至清则无鱼狼与香辛料民意退您明明','http://img1.izuqun.com/fastdfs/M00/00/0D/dD4ZgFnPEdWAPnSNAAG9BtjC9zs013.png','2017-09-30 11:38:00','2017-09-30 13:38:00','2017-09-30 09:38:00',385,'2017-09-30 11:39:40',385,'2017-09-30 11:39:40'),(129,204,'798787987879878','79878798787987879878798787987879878','http://img1.izuqun.com/fastdfs/M00/00/05/dD4ZgFmmINWAYeU9AACYq8VNsZU967.jpg','2017-09-30 14:16:00','2017-09-30 17:16:00','2017-09-30 12:16:00',384,'2017-09-30 14:16:06',384,'2017-09-30 14:16:06'),(130,204,'123','1212222222222222222222222222222222','http://img1.izuqun.com/fastdfs/M00/00/05/dD4ZgFmmIGiAcC0aAABzAZZEmII488.jpg','2017-09-30 14:27:00','2017-09-30 23:27:00','2017-09-30 07:27:00',384,'2017-09-30 14:27:02',384,'2017-09-30 14:27:02'),(131,200,'到大姨家吃饭','某某低调哈哈哈哈哈哈啊哈哈哈哈哈哈某某饭店mins明明哦明末','http://img1.izuqun.com/fastdfs/M00/00/0E/dD4ZgFnYcTCAPLflAEfFPsvDcZk395.jpg','2017-10-08 12:00:00','2017-10-08 14:00:00','2017-10-07 20:00:00',1,'2017-10-07 14:16:25',1,'2017-10-07 14:16:25'),(132,204,'活动一','活动一活动一活动一活动一活动一活动一活动一','http://img1.izuqun.com/fastdfs/M00/00/05/dD4ZgFmmIIGAHLV9AACamJVbrxQ690.jpg','2017-10-09 09:58:00','2017-10-09 12:58:00','2017-10-09 06:58:00',384,'2017-10-09 09:58:11',384,'2017-10-09 09:58:11'),(133,204,'活动一','这是活动一这是活动一这是活动一这是活动一这是活动一这是活动一','http://img1.izuqun.com/fastdfs/M00/00/05/dD4ZgFmmIGiAcC0aAABzAZZEmII488.jpg','2017-10-11 09:39:00','2017-10-12 09:32:00','2017-10-11 09:32:00',384,'2017-10-11 09:31:57',384,'2017-10-11 09:31:57'),(134,204,'活动一','这这是活动一这是活动一这是活动一这是活动一这是活动一是活动一','http://img1.izuqun.com/fastdfs/M00/00/05/dD4ZgFmmIPKARRmRAACMdMf2pek163.jpg','2017-10-14 16:33:00','2017-10-16 16:33:00','2017-10-13 23:33:00',384,'2017-10-13 16:32:58',384,'2017-10-13 16:32:58');
/*!40000 ALTER TABLE `gener_activity` ENABLE KEYS */;
UNLOCK TABLES;

--
-- Table structure for table `gener_activity_participator`
--

DROP TABLE IF EXISTS `gener_activity_participator`;
/*!40101 SET @saved_cs_client     = @@character_set_client */;
/*!40101 SET character_set_client = utf8 */;
CREATE TABLE `gener_activity_participator` (
  `id` int(10) unsigned NOT NULL AUTO_INCREMENT,
  `activityId` int(10) unsigned NOT NULL,
  `userId` int(10) unsigned NOT NULL,
  `cancel` int(11) NOT NULL COMMENT '是否取消，0是未取消，1是取消',
  `create_time` datetime NOT NULL,
  `create_by` int(11) NOT NULL,
  `update_time` datetime NOT NULL,
  `update_by` int(11) NOT NULL,
  PRIMARY KEY (`id`)
) ENGINE=InnoDB AUTO_INCREMENT=74 DEFAULT CHARSET=utf8mb4 COLLATE=utf8mb4_unicode_ci;
/*!40101 SET character_set_client = @saved_cs_client */;

--
-- Dumping data for table `gener_activity_participator`
--

LOCK TABLES `gener_activity_participator` WRITE;
/*!40000 ALTER TABLE `gener_activity_participator` DISABLE KEYS */;
INSERT INTO `gener_activity_participator` VALUES (60,118,377,0,'2017-09-29 13:19:08',377,'2017-09-29 13:19:08',377),(61,117,377,1,'2017-09-29 16:06:54',377,'2017-09-29 16:06:54',377),(62,120,380,0,'2017-09-29 20:24:54',380,'2017-09-29 20:24:54',380),(63,122,385,0,'2017-09-30 10:51:37',385,'2017-09-30 10:51:37',385),(64,123,385,0,'2017-09-30 10:53:24',385,'2017-09-30 10:53:24',385),(65,124,384,0,'2017-09-30 10:55:34',384,'2017-09-30 10:55:34',384),(66,125,384,0,'2017-09-30 11:00:43',384,'2017-09-30 11:00:43',384),(67,127,384,1,'2017-09-30 11:07:35',384,'2017-09-30 11:07:35',384),(68,126,384,0,'2017-09-30 11:12:52',384,'2017-09-30 11:12:52',384),(69,129,384,1,'2017-09-30 14:16:17',384,'2017-09-30 14:16:17',384),(70,130,384,0,'2017-09-30 16:16:43',384,'2017-09-30 16:16:43',384),(71,131,1,0,'2017-10-07 14:16:35',1,'2017-10-07 14:16:35',1),(72,132,384,1,'2017-10-09 09:58:19',384,'2017-10-09 09:58:19',384),(73,134,384,1,'2017-10-13 16:33:40',384,'2017-10-13 16:33:40',384);
/*!40000 ALTER TABLE `gener_activity_participator` ENABLE KEYS */;
UNLOCK TABLES;

--
-- Table structure for table `gener_album_person`
--

DROP TABLE IF EXISTS `gener_album_person`;
/*!40101 SET @saved_cs_client     = @@character_set_client */;
/*!40101 SET character_set_client = utf8 */;
CREATE TABLE `gener_album_person` (
  `id` int(11) NOT NULL AUTO_INCREMENT,
  `photoId` int(11) NOT NULL,
  `personId` int(11) NOT NULL,
  `create_time` datetime NOT NULL,
  `create_by` int(11) NOT NULL,
  PRIMARY KEY (`id`)
) ENGINE=InnoDB DEFAULT CHARSET=utf8mb4 COLLATE=utf8mb4_unicode_ci;
/*!40101 SET character_set_client = @saved_cs_client */;

--
-- Dumping data for table `gener_album_person`
--

LOCK TABLES `gener_album_person` WRITE;
/*!40000 ALTER TABLE `gener_album_person` DISABLE KEYS */;
/*!40000 ALTER TABLE `gener_album_person` ENABLE KEYS */;
UNLOCK TABLES;

--
-- Table structure for table `gener_auth`
--

DROP TABLE IF EXISTS `gener_auth`;
/*!40101 SET @saved_cs_client     = @@character_set_client */;
/*!40101 SET character_set_client = utf8 */;
CREATE TABLE `gener_auth` (
  `id` int(10) unsigned NOT NULL AUTO_INCREMENT,
  `auth` varchar(500) COLLATE utf8mb4_unicode_ci NOT NULL,
  `create_time` datetime NOT NULL,
  `userId` int(11) NOT NULL,
  `operateId` int(11) NOT NULL,
  PRIMARY KEY (`id`)
) ENGINE=InnoDB AUTO_INCREMENT=41 DEFAULT CHARSET=utf8mb4 COLLATE=utf8mb4_unicode_ci;
/*!40101 SET character_set_client = @saved_cs_client */;

--
-- Dumping data for table `gener_auth`
--

LOCK TABLES `gener_auth` WRITE;
/*!40000 ALTER TABLE `gener_auth` DISABLE KEYS */;
/*!40000 ALTER TABLE `gener_auth` ENABLE KEYS */;
UNLOCK TABLES;

--
-- Table structure for table `gener_branch`
--

DROP TABLE IF EXISTS `gener_branch`;
/*!40101 SET @saved_cs_client     = @@character_set_client */;
/*!40101 SET character_set_client = utf8 */;
CREATE TABLE `gener_branch` (
  `id` int(11) NOT NULL AUTO_INCREMENT,
  `branch_name` varchar(45) NOT NULL,
  `branch_personId` int(11) NOT NULL,
  `type` int(11) NOT NULL,
  `create_time` datetime NOT NULL,
  `create_by` int(11) NOT NULL,
  `update_time` datetime NOT NULL,
  `update_by` varchar(45) NOT NULL,
  PRIMARY KEY (`id`),
  UNIQUE KEY `id_UNIQUE` (`id`)
) ENGINE=InnoDB DEFAULT CHARSET=latin1;
/*!40101 SET character_set_client = @saved_cs_client */;

--
-- Dumping data for table `gener_branch`
--

LOCK TABLES `gener_branch` WRITE;
/*!40000 ALTER TABLE `gener_branch` DISABLE KEYS */;
/*!40000 ALTER TABLE `gener_branch` ENABLE KEYS */;
UNLOCK TABLES;

--
-- Table structure for table `gener_collection`
--

DROP TABLE IF EXISTS `gener_collection`;
/*!40101 SET @saved_cs_client     = @@character_set_client */;
/*!40101 SET character_set_client = utf8 */;
CREATE TABLE `gener_collection` (
  `id` int(10) unsigned NOT NULL AUTO_INCREMENT,
  `userId` int(10) unsigned NOT NULL,
  `moduleId` int(11) NOT NULL,
  `recordId` int(11) NOT NULL,
  `record_title` varchar(255) COLLATE utf8mb4_unicode_ci NOT NULL,
  `record_content` varchar(255) COLLATE utf8mb4_unicode_ci NOT NULL,
  `extra_info1` varchar(255) COLLATE utf8mb4_unicode_ci NOT NULL,
  `extra_info2` varchar(255) COLLATE utf8mb4_unicode_ci NOT NULL,
  `is_delete` int(11) NOT NULL DEFAULT '0',
  `create_time` datetime NOT NULL,
  `create_by` int(11) unsigned NOT NULL,
  `update_time` datetime NOT NULL,
  `update_by` int(10) unsigned DEFAULT NULL,
  PRIMARY KEY (`id`)
) ENGINE=InnoDB AUTO_INCREMENT=341 DEFAULT CHARSET=utf8mb4 COLLATE=utf8mb4_unicode_ci;
/*!40101 SET character_set_client = @saved_cs_client */;

--
-- Dumping data for table `gener_collection`
--

LOCK TABLES `gener_collection` WRITE;
/*!40000 ALTER TABLE `gener_collection` DISABLE KEYS */;
INSERT INTO `gener_collection` VALUES (317,377,5,1205,'*test-activity*|*/activity/activity-detail/118*|我发起了活动%s,快来看看吧!','*test-activity*|*/activity/activity-detail/118*|我发起了活动%s,快来看看吧!','jiang','2017-09-29 13:13:53',0,'2017-09-29 13:20:52',377,'2017-09-29 13:20:52',377),(318,381,5,1208,'*上课哈哈哈*|*/activity/activity-detail/119*|我发起了活动%s,快来看看吧!','*上课哈哈哈*|*/activity/activity-detail/119*|我发起了活动%s,快来看看吧!','smellytiger','2017-09-29 19:36:57',1,'2017-09-29 19:42:30',381,'2017-09-29 19:42:30',381),(319,381,5,1208,'*上课哈哈哈*|*/activity/activity-detail/119*|我发起了活动%s,快来看看吧!','*上课哈哈哈*|*/activity/activity-detail/119*|我发起了活动%s,快来看看吧!','smellytiger','2017-09-29 19:36:57',0,'2017-09-29 19:42:32',381,'2017-09-29 19:42:32',381),(320,381,5,1207,'哈哈哈','哈哈哈','smellytiger','2017-09-29 19:29:47',0,'2017-09-29 19:42:34',381,'2017-09-29 19:42:34',381),(321,380,5,1212,'*大活动*|*/activity/activity-detail/120*|我发起了活动%s,快来看看吧!','*大活动*|*/activity/activity-detail/120*|我发起了活动%s,快来看看吧!','江鹏飞','2017-09-29 20:24:49',0,'2017-09-29 20:25:57',380,'2017-09-29 20:25:57',380),(322,380,5,1211,'测试打推文','测试打推文','江鹏飞','2017-09-29 20:23:19',0,'2017-09-29 20:26:59',380,'2017-09-29 20:26:59',380),(323,385,5,1214,'救济救济','救济救济','烟雨离殇','2017-09-30 10:16:05',1,'2017-09-30 10:20:15',385,'2017-09-30 10:20:15',385),(324,385,5,1214,'救济救济','救济救济','烟雨离殇','2017-09-30 10:16:05',1,'2017-09-30 10:20:16',385,'2017-09-30 10:20:16',385),(325,385,5,1215,'*鸡柳*|*/activity/activity-detail/121*|我发起了活动%s,快来看看吧!','*鸡柳*|*/activity/activity-detail/121*|我发起了活动%s,快来看看吧!','烟雨离殇','2017-09-30 10:21:44',1,'2017-09-30 10:21:57',385,'2017-09-30 10:21:57',385),(326,385,5,1215,'*鸡柳*|*/activity/activity-detail/121*|我发起了活动%s,快来看看吧!','*鸡柳*|*/activity/activity-detail/121*|我发起了活动%s,快来看看吧!','烟雨离殇','2017-09-30 10:21:44',0,'2017-09-30 10:46:30',385,'2017-09-30 10:46:30',385),(327,385,5,1214,'救济救济','救济救济','烟雨离殇','2017-09-30 10:16:05',1,'2017-09-30 10:46:32',385,'2017-09-30 10:46:32',385),(328,385,5,1214,'救济救济','救济救济','烟雨离殇','2017-09-30 10:16:05',0,'2017-09-30 11:22:51',385,'2017-09-30 11:22:51',385),(329,385,5,1223,'*来咯垃圾*|*/activity/activity-detail/123*|我发起了活动%s,快来看看吧!','*来咯垃圾*|*/activity/activity-detail/123*|我发起了活动%s,快来看看吧!','烟雨离殇','2017-09-30 10:53:19',0,'2017-09-30 11:32:41',385,'2017-09-30 11:32:41',385),(330,385,5,1226,'李1俄罗斯截了图都痛木头女女挪走女没有没有没有没有没有没有没有哦我在?没有你有哦哟哟你有喔m你有m哟♀同学1宗♀♀女女欧诺','李1俄罗斯截了图都痛木头女女挪走女没有没有没有没有没有没有没有哦我在?没有你有哦哟哟你有喔m你有m哟♀同学1宗♀♀女女欧诺','烟雨离殇','2017-09-30 11:02:46',0,'2017-09-30 11:32:44',385,'2017-09-30 11:32:44',385),(331,385,5,1229,'基金','基金','烟雨离殇','2017-09-30 11:37:58',0,'2017-09-30 14:44:37',385,'2017-09-30 14:44:37',385),(332,385,5,1230,'*急急急*|*/activity/activity-detail/128*|我发起了活动%s,快来看看吧!','*急急急*|*/activity/activity-detail/128*|我发起了活动%s,快来看看吧!','烟雨离殇','2017-09-30 11:39:40',0,'2017-09-30 14:44:41',385,'2017-09-30 14:44:41',385),(333,384,5,1237,'111111111111111111111111111111111111111111111111111111111111111111111111111111111111111111111111111111111111111111111111111111111111111111111111111111111111111111111111111111111111111111111111111111111111111111111111111111111111111111111111','111111111111111111111111111111111111111111111111111111111111111111111111111111111111111111111111111111111111111111111111111111111111111111111111111111111111111111111111111111111111111111111111111111111111111111111111111111111111111111111111','jack','2017-09-30 15:59:09',0,'2017-09-30 16:03:09',384,'2017-09-30 16:03:09',384),(334,384,5,1236,'*123*|*/activity/activity-detail/130*|我发起了活动%s,快来看看吧!','*123*|*/activity/activity-detail/130*|我发起了活动%s,快来看看吧!','jack','2017-09-30 14:27:02',0,'2017-09-30 16:03:10',384,'2017-09-30 16:03:10',384),(335,384,5,1235,'*798787987879878*|*/activity/activity-detail/129*|我发起了活动%s,快来看看吧!','*798787987879878*|*/activity/activity-detail/129*|我发起了活动%s,快来看看吧!','jack','2017-09-30 14:16:06',0,'2017-09-30 16:03:13',384,'2017-09-30 16:03:13',384),(336,384,5,1222,'发布个属于jack的?','发布个属于jack的?','jack','2017-09-30 10:52:47',0,'2017-09-30 16:03:19',384,'2017-09-30 16:03:19',384),(337,384,5,1238,'?','?','jack','2017-09-30 16:03:25',0,'2017-09-30 16:03:28',384,'2017-09-30 16:03:28',384),(338,384,5,1261,'789','789','jack','2017-10-11 11:13:23',0,'2017-10-13 16:29:03',384,'2017-10-13 16:29:03',384),(339,384,5,1260,'?','?','jack','2017-10-11 11:13:06',0,'2017-10-13 16:29:05',384,'2017-10-13 16:29:05',384),(340,384,5,1259,'*活动一*|*/activity/activity-detail/133*|我发起了活动%s,快来看看吧!','*活动一*|*/activity/activity-detail/133*|我发起了活动%s,快来看看吧!','jack','2017-10-11 09:31:57',0,'2017-10-13 16:29:06',384,'2017-10-13 16:29:06',384);
/*!40000 ALTER TABLE `gener_collection` ENABLE KEYS */;
UNLOCK TABLES;

--
-- Table structure for table `gener_eventEditHistory`
--

DROP TABLE IF EXISTS `gener_eventEditHistory`;
/*!40101 SET @saved_cs_client     = @@character_set_client */;
/*!40101 SET character_set_client = utf8 */;
CREATE TABLE `gener_eventEditHistory` (
  `id` int(50) NOT NULL AUTO_INCREMENT,
  `eventId` int(30) NOT NULL,
  `exp_time` date NOT NULL,
  `exp_name` varchar(100) CHARACTER SET utf8mb4 NOT NULL,
  `exp_content` text CHARACTER SET utf8mb4 NOT NULL,
  `edit_type` int(10) NOT NULL,
  `writer` int(30) NOT NULL,
  `create_by` int(30) NOT NULL,
  `create_time` datetime NOT NULL,
  `update_by` int(30) NOT NULL,
  `update_time` datetime NOT NULL,
  PRIMARY KEY (`id`),
  KEY `fk_gener_eventEditHistory_1_idx` (`eventId`),
  KEY `fk_gener_eventEditHistory_writer_idx` (`writer`),
  CONSTRAINT `fk_gener_eventEditHistory_1` FOREIGN KEY (`eventId`) REFERENCES `gener_significantEvent` (`id`) ON DELETE CASCADE ON UPDATE NO ACTION,
  CONSTRAINT `fk_gener_eventEditHistory_writer` FOREIGN KEY (`writer`) REFERENCES `gener_user` (`id`) ON DELETE NO ACTION ON UPDATE NO ACTION
) ENGINE=InnoDB AUTO_INCREMENT=359 DEFAULT CHARSET=utf8mb4 COLLATE=utf8mb4_unicode_ci;
/*!40101 SET character_set_client = @saved_cs_client */;

--
-- Dumping data for table `gener_eventEditHistory`
--

LOCK TABLES `gener_eventEditHistory` WRITE;
/*!40000 ALTER TABLE `gener_eventEditHistory` DISABLE KEYS */;
INSERT INTO `gener_eventEditHistory` VALUES (333,302,'2017-09-07','test-event','&lt;p&gt;test-eventtest-eventtest-eventtest-eventtest-eventtest-eventtest-eventtest-eventtest-eventtest-eventtest-eventtest-eventtest-eventtest-eventtest-eventtest-eventtest-eventtest-eventtest-eventtest-eventtest-eventtest-eventv&lt;/p&gt;',0,377,377,'2017-09-29 13:39:03',377,'2017-09-29 13:39:03'),(334,303,'2017-09-29','厉害了','厉害的牛人哈哈哈哈哈哈哈哈哈哈哈哈哈哈哈哈哈哈',0,381,381,'2017-09-29 19:44:47',381,'2017-09-29 19:44:47'),(335,304,'2017-09-29','忌讳的事件','哈哈哈哈哈哈哈哈哈哈哈哈哈哈哈哈哈哈哈哈哈哈哈哈哈哈哈哈',0,381,381,'2017-09-29 19:47:33',381,'2017-09-29 19:47:33'),(336,305,'2017-09-07','秘密事件','&lt;p&gt;秘密事件秘密事件秘密事件秘密事件秘密事件秘密事件秘密事件秘密事件秘密事件秘密事件秘密事件秘密事件秘密事件秘密事件秘密事件秘密事件秘密事件秘密事件秘密事件秘密事件秘密事件秘密事件&lt;/p&gt;',0,377,377,'2017-09-29 20:17:01',377,'2017-09-29 20:17:01'),(337,306,'2017-09-29','jsnsbnsns','jvjbhvjnnssnsm木工一米五一下楼欧欧欧啊磕头欧欧欧vet欧欧欧几多太多破',0,380,380,'2017-09-29 20:21:52',380,'2017-09-29 20:21:52'),(338,307,'2017-09-29','公开的大世界','女女肯www睡了哦一名how有理亏我\n敏婷你听OTG醒酒会宁牛骨\n客户你就会明智哦提醒一心一意',0,380,380,'2017-09-29 20:25:39',380,'2017-09-29 20:25:39'),(339,308,'2017-09-30','急急急','回头一笑新荣区峥嵘岁月破红十字医院墨子敏敏您名字我一摸易用性哦哦哦魔图我哦我在嘴型张艺兴一心一意星星一样一样嘻嘻我去洗澡澡嘻嘻休息一下仔仔细细9亿茜茜公主回信息资助我我英语我够一下我在哦莫文蔚知我者谓我心忧我现在我在在？我一直以为在我现在我',0,385,385,'2017-09-30 10:06:34',385,'2017-09-30 10:06:34'),(340,309,'2022-10-01','我想添加一个大事件我想添加一个大事件我想添加一个大事件','&lt;p&gt;哇哇哇我啊哇哇哇我啊哇哇哇我啊哇哇哇我啊哇哇哇我啊哇哇哇我啊哇哇哇我啊哇哇哇我啊哇哇哇我啊哇哇哇我啊哇哇哇我啊哇哇哇我啊哇哇哇我啊哇哇哇我啊哇哇哇我啊哇哇哇我啊哇哇哇我啊哇哇哇我啊哇哇哇我啊哇哇哇我啊哇哇哇我啊哇哇哇我啊哇哇哇我啊哇哇哇我啊&lt;/p&gt;',0,384,384,'2017-09-30 10:07:28',384,'2017-09-30 10:07:28'),(341,309,'2022-10-01','我想添加一个大事件我想添加一个大事件我想添加一个大事件','&lt;p&gt;哇哇哇我啊哇哇哇我啊哇哇哇我啊哇哇哇我啊哇哇哇我啊哇哇哇我啊哇哇哇我啊哇哇哇我啊哇哇哇我啊哇哇哇我啊哇哇哇我啊哇哇哇我啊哇哇哇我啊哇哇哇我啊哇哇哇我啊哇哇哇我啊哇哇哇我啊哇哇哇我啊哇哇哇我啊哇哇哇我啊哇哇哇我啊哇哇哇我啊哇哇哇我啊哇哇哇我啊&lt;/p&gt;',1,384,384,'2017-09-30 10:08:58',384,'2017-09-30 10:08:58'),(342,310,'8022-10-10','题标题标题标题标题标题标题标题标题标题标题标题标题标题','&lt;p&gt;这是文本这是文本这是文本这是文本这是文本这是文本这是文本这是文本这是文本这是文本这是文本这是文本这是文本这是文本这是文本这是文本这是文本这是文本这是文本这是文本这是文本这是文本这是文本这是文本这是文本这是文本&lt;/p&gt;',0,384,384,'2017-09-30 10:28:49',384,'2017-09-30 10:28:49'),(343,311,'1949-10-01','1949年新中国成立了','&lt;p&gt;新中国成立了 现在是中国人民的时代了新中国成立了 现在是中国人民的时代了新中国成立了 现在是中国人民的时代了新中国成立了 现在是中国人民的时代了新中国成立了 现在是中国人民的时代了新中国成立了 现在是中国人民的时代了新中国成立了 现在是中国人民的时代了新中国成立了 现在是中国人民的时代了新中国成立了 现在是中国人民的时代了新中国成立了 现在是中国人民的时代了新中国成立了 现在是中国人民的时代了新中国成立了 现在是中国人民的时代了&lt;/p&gt;',0,384,384,'2017-09-30 10:37:03',384,'2017-09-30 10:37:03'),(344,312,'2017-09-30','黑乎乎','哈哈哈哈哈哈哈哈国企改革哈哈哈哈哈哈哈哈哈哈哈哈',0,381,381,'2017-09-30 12:44:10',381,'2017-09-30 12:44:10'),(345,312,'2017-09-30','黑乎乎','哈哈哈哈哈哈哈哈国企改革哈哈哈哈哈哈哈哈哈哈哈哈',1,381,381,'2017-09-30 12:44:24',381,'2017-09-30 12:44:24'),(346,312,'2017-09-30','黑乎乎','哈哈哈哈哈哈哈哈国企改革哈哈哈哈哈哈哈哈哈哈哈哈',1,381,381,'2017-09-30 12:44:41',381,'2017-09-30 12:44:41'),(347,313,'2017-09-30','iOS istest','vjhcugcugdutctdytddytdutfyfutzrtsyifhhtdkydgrkufyfshtt',0,377,377,'2017-09-30 13:11:28',377,'2017-09-30 13:11:28'),(348,308,'2017-09-30','急急急','回头一笑新荣区峥嵘岁月破红十字医院墨子敏敏您名字我一摸易用性哦哦哦魔图我哦我在嘴型张艺兴一心一意星星一样一样嘻嘻我去洗澡澡嘻嘻休息一下仔仔细细9亿茜茜公主回信息资助我我英语我够一下我在哦莫文蔚知我者谓我心忧我现在我在在？我一直以为在我现在我主体性敏魔',1,385,385,'2017-09-30 14:11:11',385,'2017-09-30 14:11:11'),(349,308,'2017-09-30','急急急','回头一笑新荣区峥嵘岁月破红十字医院墨子敏敏您名字我一摸易用性哦哦哦魔图我哦我在嘴型张艺兴一心一意星星一样一样嘻嘻我去洗澡澡嘻嘻休息一下仔仔细细9亿茜茜公主回信息资助我我英语我够一下我在哦莫文蔚知我者谓我心忧我现在我在在？我一直以为在我现在我主体性敏魔',1,385,385,'2017-09-30 14:11:13',385,'2017-09-30 14:11:13'),(350,308,'2017-09-30','急急急','回头一笑新荣区峥嵘岁月破红十字医院墨子敏敏您名字我一摸易用性哦哦哦魔图我哦我在嘴型张艺兴一心一意星星一样一样嘻嘻我去洗澡澡嘻嘻休息一下仔仔细细9亿茜茜公主回信息资助我我英语我够一下我在哦莫文蔚知我者谓我心忧我现在我在在？我一直以为在我现在我主体性敏魔',1,385,385,'2017-09-30 14:11:19',385,'2017-09-30 14:11:19'),(351,308,'2017-09-30','急急急','回头一笑新荣区峥嵘岁月破红十字医院墨子敏敏您名字我一摸易用性哦哦哦魔图我哦我在嘴型张艺兴一心一意星星一样一样嘻嘻我去洗澡澡嘻嘻休息一下仔仔细细9亿茜茜公主回信息资助我我英语我够一下我在哦莫文蔚知我者谓我心忧我现在我在在？我一直以为在我现在我主体性敏魔',1,385,385,'2017-09-30 14:11:30',385,'2017-09-30 14:11:30'),(352,308,'2017-09-30','急急急','回头一笑新荣区峥嵘岁月破红十字医院墨子敏敏您名字我一摸易用性哦哦哦魔图我哦我在嘴型张艺兴一心一意星星一样一样嘻嘻我去洗澡澡嘻嘻休息一下仔仔细细9亿茜茜公主回信息资助我我英语我够一下我在哦莫文蔚知我者谓我心忧我现在我在在？我一直以为在我现在我主体性敏魔',1,385,385,'2017-09-30 14:11:43',385,'2017-09-30 14:11:43'),(353,308,'2017-09-30','急急急','回头一笑新荣区峥嵘岁月破红十字医院墨子敏敏您名字我一摸易用性哦哦哦魔图我哦我在嘴型张艺兴一心一意星星一样一样嘻嘻我去洗澡澡嘻嘻休息一下仔仔细细9亿茜茜公主回信息资助我我英语我够一下我在哦莫文蔚知我者谓我心忧我现在我在在？我一直以为在我现在我主体性敏魔',1,385,385,'2017-09-30 14:12:03',385,'2017-09-30 14:12:03'),(354,314,'2017-09-30','嘻嘻嘻','突然想起在一起在一起一样一样且行且珍惜生物实验室呀',0,385,385,'2017-09-30 14:13:17',385,'2017-09-30 14:13:17'),(355,308,'2017-09-30','急急急','回头一笑新荣区峥嵘岁月破红十字医院墨子敏敏您名字我一摸易用性哦哦哦魔图我哦我在嘴型张艺兴一心一意星星一样一样嘻嘻我去洗澡澡嘻嘻休息一下仔仔细细9亿茜茜公主回信息资助我我英语我够一下我在哦莫文蔚知我者谓我心忧我现在我在在？我一直以为在我现在我主体性敏魔功能',1,385,385,'2017-09-30 14:27:55',385,'2017-09-30 14:27:55'),(356,315,'2017-09-30','ugjguuu','hihljvkhvyjfiyfjycuycjgfuycjgcgcjycjycuyfuyfu',0,386,386,'2017-09-30 14:28:34',386,'2017-09-30 14:28:34'),(357,315,'2017-09-30','ugjguuu','hihljvkhvyjfiyfjycuycjgfuycjgcgcjycjycuyfuyfukkkk',1,386,386,'2017-09-30 14:28:40',386,'2017-09-30 14:28:40'),(358,313,'2017-09-30','iOS istest','vjhcugcugdutctdytddytdutfyfutzrtsyifhhtdkydgrkufyfshtt',1,377,377,'2017-10-20 17:58:15',377,'2017-10-20 17:58:15');
/*!40000 ALTER TABLE `gener_eventEditHistory` ENABLE KEYS */;
UNLOCK TABLES;

--
-- Table structure for table `gener_family`
--

DROP TABLE IF EXISTS `gener_family`;
/*!40101 SET @saved_cs_client     = @@character_set_client */;
/*!40101 SET character_set_client = utf8 */;
CREATE TABLE `gener_family` (
  `id` int(30) unsigned NOT NULL AUTO_INCREMENT,
  `name` varchar(100) CHARACTER SET utf8mb4 NOT NULL,
  `min_level` int(10) NOT NULL,
  `max_level` int(10) NOT NULL,
  `permission` int(10) NOT NULL,
  `originator` int(30) NOT NULL,
  `member_count` int(11) NOT NULL DEFAULT '0',
  `description` varchar(100) COLLATE utf8mb4_unicode_ci NOT NULL,
  `photo` varchar(255) COLLATE utf8mb4_unicode_ci NOT NULL,
  `hx_chatroom` varchar(100) COLLATE utf8mb4_unicode_ci DEFAULT NULL,
  `identity` varchar(100) CHARACTER SET utf8 DEFAULT NULL,
  `qrcode` varchar(255) COLLATE utf8mb4_unicode_ci DEFAULT NULL,
  `is_delete` int(11) NOT NULL DEFAULT '0',
  `create_by` int(30) NOT NULL,
  `create_time` datetime NOT NULL,
  `update_by` int(30) NOT NULL,
  `update_time` datetime NOT NULL,
  PRIMARY KEY (`id`),
  KEY `fk_gener_testFamily_originator_idx` (`originator`)
) ENGINE=InnoDB AUTO_INCREMENT=221 DEFAULT CHARSET=utf8mb4 COLLATE=utf8mb4_unicode_ci;
/*!40101 SET character_set_client = @saved_cs_client */;

--
-- Dumping data for table `gener_family`
--

LOCK TABLES `gener_family` WRITE;
/*!40000 ALTER TABLE `gener_family` DISABLE KEYS */;
INSERT INTO `gener_family` VALUES (194,'乐观家族',0,1,0,377,3,'1231231','http://img1.izuqun.com/fastdfs/M00/00/05/dD4ZgFmmIPKARRmRAACMdMf2pek163.jpg','28672049348609','g9LwFmMbQ3CtYNwpgSADTjajMG6I2FniO8PtuAEjEgNC2j0iaBV3U4mFLtnN','http://img1.izuqun.com/fastdfs/M00/00/0D/dD4ZgFnPHneALXmWAAALDU5QmvY499.png',0,377,'2017-09-29 13:03:46',377,'2017-09-29 13:03:46'),(198,'聊天室',0,0,0,377,1,'啦啦啦','http://img1.izuqun.com/fastdfs/M00/00/05/dD4ZgFmmIGiAcC0aAABzAZZEmII488.jpg','28598360670210','TzTeBpNhIcOZKSoe4QolVv00S1VbDKpwihLUHxbpKZnuQLIVB6fwBgwthrEV','http://img1.izuqun.com/fastdfs/M00/00/0D/dD4ZgFnPHkyAcXyeAAALIfJFHy8173.png',0,377,'2017-09-29 15:58:42',377,'2017-09-29 15:58:42'),(199,'老赵家',-37,1,0,1,327,'世令子伯师希','http://img1.izuqun.com/fastdfs/M00/00/05/dD4ZgFmmIKqAXa7fAACs6ukW49U410.jpg','28604440313857','G8RRZ3yd4ZBfF2VqiFYAtZexnVHR_AdFJ3vH63Vb2wqHyl7R_5rs4F_rAGiz','-2',0,1,'2017-09-29 17:35:20',1,'2017-09-29 17:35:20'),(200,'老李家',-1,0,0,1,4,'发建章','http://img1.izuqun.com/fastdfs/M00/00/05/dD4ZgFmmIIGAHLV9AACamJVbrxQ690.jpg','28605552852993',NULL,NULL,0,1,'2017-09-29 17:53:01',1,'2017-09-29 17:53:01'),(201,'共共',0,0,0,381,1,'龚','http://img1.izuqun.com/fastdfs/M00/00/0D/dD4ZgFnOL9aALnRGAAeOXTTn_6o098.jpg','28611984818177',NULL,NULL,0,381,'2017-09-29 19:35:15',381,'2017-09-29 19:35:15'),(202,'被你',-1,0,0,380,4,'XP你GZ','http://img1.izuqun.com/fastdfs/M00/00/0D/dD4ZgFnOO0GAFixyAAFbdC7JUiU331.png','28615037222914','hTSPpbabLRLRZ3CvyoE9LriS9kwTB1JSUAHjMSuxJeoHi_bQoQ_9gh0qCwjc','http://img1.izuqun.com/fastdfs/M00/00/0D/dD4ZgFnO_1WAZP7hAAALMlxFl3I895.png',0,380,'2017-09-29 20:23:46',380,'2017-09-29 20:23:46'),(203,'东海之周',0,0,0,383,2,'周姓家族永嘉分支','','28627227967489',NULL,NULL,0,383,'2017-09-29 23:37:32',383,'2017-09-29 23:37:32'),(204,'jack',-1,1,0,384,7,'jack家族','http://img1.izuqun.com/fastdfs/M00/00/0D/dD4ZgFnPDYOAUxAlAAZR9RkqS7U747.jpg?width=800&amp;height=800','28665793544193','h0hk3GD7hTkKIWWd_cnJ56CG6XktFt4Xtmhw1UEjNZ3uU_HTc4ChaeXhbhLQ','http://img1.izuqun.com/fastdfs/M00/00/0D/dD4ZgFnPDWiAM3vMAAALBtX-oew521.png',0,384,'2017-09-30 09:50:31',384,'2017-09-30 09:50:31'),(205,'基金',0,1,0,385,6,'投资理财','http://img1.izuqun.com/fastdfs/M00/00/0D/dD4ZgFnO-mmAHlQcAALzqVY_idk431.jpg','28666376552449',NULL,NULL,0,385,'2017-09-30 09:59:47',385,'2017-09-30 09:59:47'),(206,'基金定投',0,0,0,385,2,'','http://img1.izuqun.com/fastdfs/M00/00/0D/dD4ZgFnPD1SAc2x0AAOzJPqTXYM629.png','28672000065538',NULL,NULL,0,385,'2017-09-30 11:29:10',385,'2017-09-30 11:29:10'),(207,'基金定投',0,1,0,385,2,'','http://img1.izuqun.com/fastdfs/M00/00/0D/dD4ZgFnPD1SAc2x0AAOzJPqTXYM629.png','28672006356993',NULL,NULL,0,385,'2017-09-30 11:29:16',385,'2017-09-30 11:29:16'),(208,'test',0,0,0,390,4,'大家来测试大家来找茬？','http://img1.izuqun.com/fastdfs/M00/00/0D/dD4ZgFnPD3WABiIOABJ9pLsv2m0731.jpg','28672049348609','ecOyEtS9lSL_WiyweCwQ7bKDhXdLRap5ncE0Gwa0nV0jcyPrakghv0VNX8yO','http://img1.izuqun.com/fastdfs/M00/00/0E/dD4ZgFnPHrmAQnxaAAALIT8aPYo753.png',0,390,'2017-09-30 11:29:57',390,'2017-09-30 11:29:57'),(209,'qqq',0,0,0,386,1,'第二任','http://img1.izuqun.com/fastdfs/M00/00/0E/dD4ZgFnPOi2ABOE8AAY8gQfNdwI113.jpg','28683470438401','JgpVRYw_nPW8NC4n8IpQYLn0XuD2_FrIVQDMO9LaYHjKin6r5wg2gE3d7Gf7','http://img1.izuqun.com/fastdfs/M00/00/0E/dD4ZgFnPOkSAByLFAAALEwiNwtg954.png',0,386,'2017-09-30 14:31:29',386,'2017-09-30 14:31:29'),(210,'开心',0,0,0,393,1,'愿我们永远开心！！','','28713971417089',NULL,NULL,0,393,'2017-09-30 22:36:17',393,'2017-09-30 22:36:17'),(211,'开心',-1,1,0,393,5,'愿我们永远开心！！','','28713972465665',NULL,NULL,0,393,'2017-09-30 22:36:18',393,'2017-09-30 22:36:18'),(212,'...',0,0,0,394,1,'...','http://img1.izuqun.com/fastdfs/M00/00/05/dD4ZgFmmIIGAHLV9AACamJVbrxQ690.jpg','29487951577091',NULL,NULL,0,394,'2017-10-09 11:38:22',394,'2017-10-09 11:38:22'),(213,'张家',0,0,0,395,1,'','http://img1.izuqun.com/fastdfs/M00/00/0E/dD4ZgFna_H2AefrHAALCOfRm4ME740.jpg','29491506249729',NULL,NULL,0,395,'2017-10-09 12:34:52',395,'2017-10-09 12:34:52'),(216,'新添加家族',0,0,0,377,1,'答案是','http://img1.izuqun.com/fastdfs/M00/00/05/dD4ZgFmmIKqAXa7fAACs6ukW49U410.jpg','30511559933956',NULL,NULL,0,377,'2017-10-20 18:48:11',377,'2017-10-20 18:48:11'),(217,'点一点',0,0,0,399,1,'电死你','http://img1.izuqun.com/fastdfs/M00/00/16/dD4ZgFnp1OqAZR3hAABbuTNpqrk535.png','30511694151681',NULL,NULL,1,399,'2017-10-20 18:50:19',399,'2017-10-20 18:50:19'),(218,'学习',0,0,0,399,1,'好棒','http://img1.izuqun.com/fastdfs/M00/00/16/dD4ZgFnp1rKARjpTAAAkJ3XcXw4912.png','30512172302337',NULL,NULL,1,399,'2017-10-20 18:57:55',399,'2017-10-20 18:57:55'),(219,'雷电',0,0,0,399,1,'大王','http://img1.izuqun.com/fastdfs/M00/00/16/dD4ZgFnp1-6AL3CIAABbuTNpqrk252.png','30512502603777',NULL,NULL,1,399,'2017-10-20 19:03:10',399,'2017-10-20 19:03:10'),(220,'来来',0,0,0,399,3,'看片','http://img1.izuqun.com/fastdfs/M00/00/16/dD4ZgFnp2LuAbZ05AAAuCyh0YYk520.png','30512718610433','3APAx7BNXDiyKciFsG6rvKRxa_vzSiuWTjvpq5cnJuVtHd78TeAoYqV7pqGh','-2',0,399,'2017-10-20 19:06:36',399,'2017-10-20 19:06:36');
/*!40000 ALTER TABLE `gener_family` ENABLE KEYS */;
UNLOCK TABLES;

--
-- Table structure for table `gener_familyAdmin`
--

DROP TABLE IF EXISTS `gener_familyAdmin`;
/*!40101 SET @saved_cs_client     = @@character_set_client */;
/*!40101 SET character_set_client = utf8 */;
CREATE TABLE `gener_familyAdmin` (
  `id` int(30) NOT NULL AUTO_INCREMENT,
  `familyId` int(30) unsigned NOT NULL,
  `adminId` int(30) NOT NULL,
  `create_by` int(30) NOT NULL,
  `create_time` datetime NOT NULL,
  `update_by` int(30) NOT NULL,
  `update_time` datetime NOT NULL,
  PRIMARY KEY (`id`),
  KEY `fk_gener_familyAdmin_1_idx` (`familyId`),
  KEY `fk_gener_familyAdmin_admin_idx` (`adminId`),
  KEY `fk_gener_familyAdmin_user_idx` (`create_by`),
  KEY `fk_gener_familyAdmin_updateBy_idx` (`update_by`),
  CONSTRAINT `fk_gener_familyAdmin_admin` FOREIGN KEY (`adminId`) REFERENCES `gener_user` (`id`) ON DELETE CASCADE ON UPDATE NO ACTION,
  CONSTRAINT `fk_gener_familyAdmin_createBy` FOREIGN KEY (`create_by`) REFERENCES `gener_user` (`id`) ON DELETE CASCADE ON UPDATE NO ACTION,
  CONSTRAINT `fk_gener_familyAdmin_family` FOREIGN KEY (`familyId`) REFERENCES `gener_family` (`id`) ON DELETE CASCADE ON UPDATE NO ACTION,
  CONSTRAINT `fk_gener_familyAdmin_updateBy` FOREIGN KEY (`update_by`) REFERENCES `gener_user` (`id`) ON DELETE CASCADE ON UPDATE NO ACTION
) ENGINE=InnoDB AUTO_INCREMENT=172 DEFAULT CHARSET=utf8mb4 COLLATE=utf8mb4_unicode_ci;
/*!40101 SET character_set_client = @saved_cs_client */;

--
-- Dumping data for table `gener_familyAdmin`
--

LOCK TABLES `gener_familyAdmin` WRITE;
/*!40000 ALTER TABLE `gener_familyAdmin` DISABLE KEYS */;
INSERT INTO `gener_familyAdmin` VALUES (144,194,377,377,'2017-09-29 13:03:46',377,'2017-09-29 13:03:46'),(148,198,377,377,'2017-09-29 15:58:42',377,'2017-09-29 15:58:42'),(149,199,1,1,'2017-09-29 17:35:20',1,'2017-09-29 17:35:20'),(150,200,1,1,'2017-09-29 17:53:01',1,'2017-09-29 17:53:01'),(151,201,381,381,'2017-09-29 19:35:15',381,'2017-09-29 19:35:15'),(152,202,380,380,'2017-09-29 20:23:46',380,'2017-09-29 20:23:46'),(153,203,383,383,'2017-09-29 23:37:32',383,'2017-09-29 23:37:32'),(154,204,384,384,'2017-09-30 09:50:31',384,'2017-09-30 09:50:31'),(155,205,385,385,'2017-09-30 09:59:47',385,'2017-09-30 09:59:47'),(156,206,385,385,'2017-09-30 11:29:10',385,'2017-09-30 11:29:10'),(157,207,385,385,'2017-09-30 11:29:16',385,'2017-09-30 11:29:16'),(158,208,390,390,'2017-09-30 11:29:57',390,'2017-09-30 11:29:57'),(159,209,386,386,'2017-09-30 14:31:29',386,'2017-09-30 14:31:29'),(160,210,393,393,'2017-09-30 22:36:17',393,'2017-09-30 22:36:17'),(161,211,393,393,'2017-09-30 22:36:18',393,'2017-09-30 22:36:18'),(162,212,394,394,'2017-10-09 11:38:22',394,'2017-10-09 11:38:22'),(163,213,395,395,'2017-10-09 12:34:52',395,'2017-10-09 12:34:52'),(167,216,377,377,'2017-10-20 18:48:11',377,'2017-10-20 18:48:11'),(168,217,399,399,'2017-10-20 18:50:19',399,'2017-10-20 18:50:19'),(169,218,399,399,'2017-10-20 18:57:55',399,'2017-10-20 18:57:55'),(170,219,399,399,'2017-10-20 19:03:10',399,'2017-10-20 19:03:10'),(171,220,399,399,'2017-10-20 19:06:36',399,'2017-10-20 19:06:36');
/*!40000 ALTER TABLE `gener_familyAdmin` ENABLE KEYS */;
UNLOCK TABLES;

--
-- Table structure for table `gener_familyNews`
--

DROP TABLE IF EXISTS `gener_familyNews`;
/*!40101 SET @saved_cs_client     = @@character_set_client */;
/*!40101 SET character_set_client = utf8 */;
CREATE TABLE `gener_familyNews` (
  `id` int(11) NOT NULL AUTO_INCREMENT,
  `familyId` int(30) NOT NULL,
  `module` int(6) NOT NULL,
  `action` int(6) NOT NULL,
  `operatorId` int(30) NOT NULL,
  `thingId` int(30) NOT NULL COMMENT '存储的是被操作的事物的id',
  `thing_name` varchar(100) CHARACTER SET utf8mb4 NOT NULL,
  `extra_info1` varchar(255) CHARACTER SET utf8mb4 DEFAULT NULL COMMENT '额外信息1，例如某人为某人增加了照片，可以在这里存放照片的路径',
  `extra_info2` varchar(255) CHARACTER SET utf8mb4 DEFAULT NULL COMMENT '额外信息2',
  `create_by` int(30) NOT NULL,
  `create_time` datetime NOT NULL,
  `update_by` int(30) NOT NULL,
  `update_time` datetime NOT NULL,
  PRIMARY KEY (`id`),
  KEY `fk_gener_familyNews_familyId_idx` (`familyId`),
  KEY `fk_gener_familyNews_module_idx` (`module`),
  KEY `fk_gener_familyNews_action_idx` (`action`),
  CONSTRAINT `fk_gener_familyNews_action` FOREIGN KEY (`action`) REFERENCES `gener_action` (`action`) ON DELETE NO ACTION ON UPDATE NO ACTION,
  CONSTRAINT `fk_gener_familyNews_module` FOREIGN KEY (`module`) REFERENCES `gener_module` (`module`) ON DELETE NO ACTION ON UPDATE NO ACTION
) ENGINE=InnoDB AUTO_INCREMENT=2779 DEFAULT CHARSET=utf8mb4 COLLATE=utf8mb4_unicode_ci;
/*!40101 SET character_set_client = @saved_cs_client */;

--
-- Dumping data for table `gener_familyNews`
--

LOCK TABLES `gener_familyNews` WRITE;
/*!40000 ALTER TABLE `gener_familyNews` DISABLE KEYS */;
INSERT INTO `gener_familyNews` VALUES (2390,194,8,2,377,743,'儿子','','',377,'2017-09-29 13:10:07',377,'2017-09-29 13:10:07'),(2391,194,8,4,377,743,'儿子','','',377,'2017-09-29 13:13:04',377,'2017-09-29 13:13:04'),(2392,199,8,4,1,748,'赵鑫烜','','',1,'2017-09-29 17:36:18',1,'2017-09-29 17:36:18'),(2393,199,8,2,1,749,'赵贵生','','',1,'2017-09-29 17:45:59',1,'2017-09-29 17:45:59'),(2394,199,8,2,1,750,'赵志芳','','',1,'2017-09-29 17:46:41',1,'2017-09-29 17:46:41'),(2395,199,8,2,1,751,'赵伯壎（经国）','','',1,'2017-09-29 17:48:26',1,'2017-09-29 17:48:26'),(2396,199,8,2,1,752,'赵志刚','','',1,'2017-09-29 17:49:22',1,'2017-09-29 17:49:22'),(2397,199,8,2,1,753,'赵翠英','','',1,'2017-09-29 17:50:14',1,'2017-09-29 17:50:14'),(2398,199,8,2,1,754,'赵英秀','','',1,'2017-09-29 17:50:59',1,'2017-09-29 17:50:59'),(2399,202,8,2,380,758,'测试','','',380,'2017-09-29 21:11:55',380,'2017-09-29 21:11:55'),(2400,200,8,4,1,755,'赵鑫烜','','',1,'2017-09-29 22:40:33',1,'2017-09-29 22:40:33'),(2401,203,8,2,383,760,'周志才','','',383,'2017-09-29 23:39:01',383,'2017-09-29 23:39:01'),(2402,204,8,4,384,761,'徐刘磊','','',384,'2017-09-30 09:54:30',384,'2017-09-30 09:54:30'),(2403,205,8,4,385,762,'郁强强','','',385,'2017-09-30 10:00:21',385,'2017-09-30 10:00:21'),(2404,205,8,2,385,763,'5粒忌口','','',385,'2017-09-30 10:00:53',385,'2017-09-30 10:00:53'),(2405,204,4,8,384,309,'我想添加一个大事件我想添加一个大事件我想添加一个大事件','204','761',384,'2017-09-30 10:07:28',384,'2017-09-30 10:07:28'),(2406,204,4,10,384,309,'我想添加一个大事件我想添加一个大事件我想添加一个大事件','204','761',384,'2017-09-30 10:08:58',384,'2017-09-30 10:08:58'),(2407,204,4,8,384,311,'1949年新中国成立了','204','761',384,'2017-09-30 10:37:03',384,'2017-09-30 10:37:03'),(2408,205,8,2,385,764,'把考虑考虑','','',385,'2017-09-30 10:45:24',385,'2017-09-30 10:45:24'),(2409,202,8,2,385,765,'罢了','','',385,'2017-09-30 10:57:02',385,'2017-09-30 10:57:02'),(2410,202,8,2,385,766,'楼','','',385,'2017-09-30 11:05:40',385,'2017-09-30 11:05:40'),(2411,204,8,1,384,761,'徐刘磊','http://img1.izuqun.com/fastdfs/M00/00/0D/dD4ZgFnPDMiALuhPAAOqaOaZzjI040.jpg?width=800&height=800','',384,'2017-09-30 11:17:31',384,'2017-09-30 11:17:31'),(2412,205,8,2,385,767,'急急急','','',385,'2017-09-30 11:27:51',385,'2017-09-30 11:27:51'),(2413,204,8,2,384,771,'徐xx','','',384,'2017-09-30 11:31:25',384,'2017-09-30 11:31:25'),(2414,208,8,2,390,772,'江鹏飞','','',390,'2017-09-30 11:32:18',390,'2017-09-30 11:32:18'),(2415,208,8,3,390,772,'江鹏飞','','',390,'2017-09-30 11:32:51',390,'2017-09-30 11:32:51'),(2416,205,8,3,385,763,'5粒忌口','','',385,'2017-09-30 11:34:35',385,'2017-09-30 11:34:35'),(2417,205,8,3,385,767,'急急急','','',385,'2017-09-30 11:34:40',385,'2017-09-30 11:34:40'),(2418,207,8,2,385,773,'推移YY','','',385,'2017-09-30 11:41:11',385,'2017-09-30 11:41:11'),(2419,208,8,2,390,774,'江鹏飞','','',390,'2017-09-30 11:46:23',390,'2017-09-30 11:46:23'),(2420,206,8,2,385,775,'哦公公','','',385,'2017-09-30 11:50:08',385,'2017-09-30 11:50:08'),(2421,194,4,8,377,313,'iOS istest','194','743',377,'2017-09-30 13:11:28',377,'2017-09-30 13:11:28'),(2422,205,8,2,385,776,'就扣了我','','',385,'2017-09-30 14:12:46',385,'2017-09-30 14:12:46'),(2423,205,4,8,385,314,'嘻嘻嘻','205','764',385,'2017-09-30 14:13:17',385,'2017-09-30 14:13:17'),(2424,204,8,3,384,771,'徐xx','','',384,'2017-09-30 14:20:52',384,'2017-09-30 14:20:52'),(2425,-1,4,10,385,308,'急急急','-1','-1',385,'2017-09-30 14:27:55',385,'2017-09-30 14:27:55'),(2426,-1,4,10,386,315,'ugjguuu','-1','-1',386,'2017-09-30 14:28:40',386,'2017-09-30 14:28:40'),(2427,204,8,2,384,777,'oooo','','',384,'2017-09-30 14:29:57',384,'2017-09-30 14:29:57'),(2428,204,8,3,384,777,'oooo','','',384,'2017-09-30 14:30:39',384,'2017-09-30 14:30:39'),(2429,205,8,2,385,779,'我去洗洗','','',385,'2017-09-30 14:32:47',385,'2017-09-30 14:32:47'),(2430,204,8,2,384,780,'0000','','',384,'2017-09-30 14:47:36',384,'2017-09-30 14:47:36'),(2431,204,8,3,384,780,'0000','','',384,'2017-09-30 16:05:58',384,'2017-09-30 16:05:58'),(2432,204,8,2,384,781,'儿子','','',384,'2017-09-30 16:15:44',384,'2017-09-30 16:15:44'),(2433,204,8,3,384,781,'儿子','','',384,'2017-09-30 16:15:59',384,'2017-09-30 16:15:59'),(2434,199,8,2,1,782,'赵池沼','','',1,'2017-09-30 20:40:29',1,'2017-09-30 20:40:29'),(2435,199,8,2,1,783,'趙令煌','','',1,'2017-09-30 20:46:08',1,'2017-09-30 20:46:08'),(2436,199,8,2,1,784,'李梅','','',1,'2017-09-30 20:50:58',1,'2017-09-30 20:50:58'),(2437,199,8,2,1,785,'傅羅','','',1,'2017-09-30 21:06:12',1,'2017-09-30 21:06:12'),(2438,199,8,2,1,786,'饶观音','','',1,'2017-09-30 22:03:57',1,'2017-09-30 22:03:57'),(2439,199,8,2,1,787,'赵祎涵','','',1,'2017-09-30 22:08:38',1,'2017-09-30 22:08:38'),(2440,211,8,2,393,790,'罗科安','','',393,'2017-09-30 22:37:45',393,'2017-09-30 22:37:45'),(2441,211,8,2,393,791,'廖义秀','','',393,'2017-09-30 22:38:27',393,'2017-09-30 22:38:27'),(2442,211,8,2,393,792,'吴君芳','','',393,'2017-09-30 22:39:41',393,'2017-09-30 22:39:41'),(2443,211,8,2,393,793,'罗勖文','','',393,'2017-09-30 22:40:21',393,'2017-09-30 22:40:21'),(2444,199,8,2,1,794,'廖湘','','',1,'2017-10-01 14:27:25',1,'2017-10-01 14:27:25'),(2445,208,8,2,390,796,'gaoyingxin','','',390,'2017-10-09 11:39:50',390,'2017-10-09 11:39:50'),(2446,213,8,4,395,797,'张方华','','',395,'2017-10-09 12:39:35',395,'2017-10-09 12:39:35'),(2447,202,9,5,380,385,'烟雨离殇','','',380,'2017-10-09 15:34:10',380,'2017-10-09 15:34:10'),(2448,202,9,6,380,385,'烟雨离殇','','',380,'2017-10-09 15:34:13',380,'2017-10-09 15:34:13'),(2449,194,8,2,377,798,'儿媳妇','','',377,'2017-10-10 15:42:33',377,'2017-10-10 15:42:33'),(2450,204,8,4,384,761,'张三','','',384,'2017-10-11 11:08:40',384,'2017-10-11 11:08:40'),(2451,204,8,2,384,799,'张爸','','',384,'2017-10-11 11:09:21',384,'2017-10-11 11:09:21'),(2452,204,8,2,384,800,'张妻','','',384,'2017-10-11 11:09:57',384,'2017-10-11 11:09:57'),(2453,199,8,2,1,801,'赵世明','','',1,'2017-10-13 18:34:42',1,'2017-10-13 18:34:42'),(2454,199,8,2,1,802,'赵從辉','','',1,'2017-10-13 18:40:35',1,'2017-10-13 18:40:35'),(2455,199,8,2,1,803,'赵惟宣','','',1,'2017-10-13 18:43:34',1,'2017-10-13 18:43:34'),(2456,199,8,2,1,804,'黄氏','','',1,'2017-10-13 18:45:00',1,'2017-10-13 18:45:00'),(2457,199,8,2,1,805,'张氏','','',1,'2017-10-13 18:51:33',1,'2017-10-13 18:51:33'),(2458,199,8,2,1,806,'毛氏','','',1,'2017-10-13 18:56:30',1,'2017-10-13 18:56:30'),(2459,199,8,2,1,807,'赵德聖','','',1,'2017-10-13 19:03:55',1,'2017-10-13 19:03:55'),(2460,199,8,2,1,808,'李氏','','',1,'2017-10-13 19:07:44',1,'2017-10-13 19:07:44'),(2461,199,8,2,1,809,'赵秉盛','','',1,'2017-10-13 19:10:30',1,'2017-10-13 19:10:30'),(2462,199,8,2,1,810,'饶氏','','',1,'2017-10-13 19:11:15',1,'2017-10-13 19:11:15'),(2463,199,8,2,1,811,'赵宜求','','',1,'2017-10-13 19:13:29',1,'2017-10-13 19:13:29'),(2464,199,8,2,1,812,'李氏','','',1,'2017-10-13 19:13:50',1,'2017-10-13 19:13:50'),(2465,199,8,2,1,813,'赵由五','','',1,'2017-10-13 19:14:39',1,'2017-10-13 19:14:39'),(2466,199,8,2,1,814,'黄氏','','',1,'2017-10-13 19:15:00',1,'2017-10-13 19:15:00'),(2467,199,8,2,1,815,'赵孟洲','','',1,'2017-10-13 19:16:57',1,'2017-10-13 19:16:57'),(2468,199,8,2,1,816,'黄氏','','',1,'2017-10-13 19:17:56',1,'2017-10-13 19:17:56'),(2469,199,8,2,1,817,'赵興顯','','',1,'2017-10-13 19:20:49',1,'2017-10-13 19:20:49'),(2470,199,8,2,1,818,'崔氏','','',1,'2017-10-13 19:21:23',1,'2017-10-13 19:21:23'),(2471,199,8,2,1,819,'赵希甯（字祥奎）','','',1,'2017-10-13 19:25:17',1,'2017-10-13 19:25:17'),(2472,199,8,2,1,820,'傅氏','','',1,'2017-10-13 19:26:54',1,'2017-10-13 19:26:54'),(2473,199,8,2,1,821,'赵師先（字羽卿）','','',1,'2017-10-13 19:29:20',1,'2017-10-13 19:29:20'),(2474,199,8,2,1,822,'黄氏','','',1,'2017-10-13 19:29:50',1,'2017-10-13 19:29:50'),(2475,199,8,2,1,823,'赵伯璜','','',1,'2017-10-13 19:31:54',1,'2017-10-13 19:31:54'),(2476,199,8,2,1,824,'傅氏','','',1,'2017-10-13 19:32:36',1,'2017-10-13 19:32:36'),(2477,199,8,2,1,825,'赵子棕','','',1,'2017-10-13 19:34:09',1,'2017-10-13 19:34:09'),(2478,199,8,2,1,826,'钱氏','','',1,'2017-10-13 19:34:53',1,'2017-10-13 19:34:53'),(2479,199,8,2,1,827,'赵令賽','','',1,'2017-10-13 19:42:06',1,'2017-10-13 19:42:06'),(2480,199,8,2,1,828,'范氏','','',1,'2017-10-13 19:42:47',1,'2017-10-13 19:42:47'),(2481,199,8,2,1,829,'赵世瑁（字良维）','','',1,'2017-10-13 19:50:52',1,'2017-10-13 19:50:52'),(2482,199,8,2,1,830,'李氏','','',1,'2017-10-13 19:51:18',1,'2017-10-13 19:51:18'),(2483,199,8,2,1,831,'赵從龍（字尚隆）','','',1,'2017-10-13 19:53:57',1,'2017-10-13 19:53:57'),(2484,199,8,2,1,832,'钱氏','','',1,'2017-10-13 19:54:39',1,'2017-10-13 19:54:39'),(2485,199,8,2,1,833,'盧氏','','',1,'2017-10-13 19:55:01',1,'2017-10-13 19:55:01'),(2486,199,8,2,1,834,'赵惟倍（字文益）','','',1,'2017-10-13 19:57:26',1,'2017-10-13 19:57:26'),(2487,199,8,2,1,835,'周氏','','',1,'2017-10-13 19:58:06',1,'2017-10-13 19:58:06'),(2488,199,8,2,1,836,'赵德清（思正）','','',1,'2017-10-13 20:01:49',1,'2017-10-13 20:01:49'),(2489,199,8,2,1,837,'劉氏','','',1,'2017-10-13 20:02:25',1,'2017-10-13 20:02:25'),(2490,199,8,2,1,838,'赵秉廷（字九軾）','','',1,'2017-10-13 20:12:04',1,'2017-10-13 20:12:04'),(2491,199,8,2,1,839,'鄧氏','','',1,'2017-10-13 20:12:27',1,'2017-10-13 20:12:27'),(2492,199,8,2,1,840,'趙宜賽（字元讓）','','',1,'2017-10-13 20:16:44',1,'2017-10-13 20:16:44'),(2493,199,8,2,1,841,'朱氏','','',1,'2017-10-13 20:17:16',1,'2017-10-13 20:17:16'),(2494,199,8,2,1,842,'趙由璯（字季海號碧山）','','',1,'2017-10-13 20:21:31',1,'2017-10-13 20:21:31'),(2495,199,8,2,1,843,'李氏','','',1,'2017-10-13 20:22:01',1,'2017-10-13 20:22:01'),(2496,199,8,2,1,844,'趙孟沁（字至善號石塘）','','',1,'2017-10-13 20:25:33',1,'2017-10-13 20:25:33'),(2497,199,8,2,1,845,'林氏','','',1,'2017-10-13 20:27:52',1,'2017-10-13 20:27:52'),(2498,199,8,2,1,846,'曾氏','','',1,'2017-10-13 20:29:13',1,'2017-10-13 20:29:13'),(2499,199,8,2,1,847,'趙興訪（號松澗）','','',1,'2017-10-13 20:45:24',1,'2017-10-13 20:45:24'),(2500,199,8,2,1,848,'劉氏','','',1,'2017-10-13 20:45:52',1,'2017-10-13 20:45:52'),(2501,199,8,2,1,849,'陳氏','','',1,'2017-10-13 20:46:11',1,'2017-10-13 20:46:11'),(2502,199,8,2,1,850,'李氏','','',1,'2017-10-13 20:46:37',1,'2017-10-13 20:46:37'),(2503,199,8,2,1,851,'趙希康','','',1,'2017-10-13 20:48:25',1,'2017-10-13 20:48:25'),(2504,199,8,2,1,852,'朱氏','','',1,'2017-10-13 20:49:56',1,'2017-10-13 20:49:56'),(2505,199,8,2,1,853,'趙師齊','','',1,'2017-10-13 20:53:18',1,'2017-10-13 20:53:18'),(2506,199,8,2,1,854,'鄧氏','','',1,'2017-10-13 20:55:14',1,'2017-10-13 20:55:14'),(2507,199,8,2,1,855,'崔氏','','',1,'2017-10-13 20:56:11',1,'2017-10-13 20:56:11'),(2508,199,8,2,1,856,'趙伯靖','','',1,'2017-10-13 20:57:43',1,'2017-10-13 20:57:43'),(2509,199,8,2,1,857,'鄧氏','','',1,'2017-10-13 20:59:35',1,'2017-10-13 20:59:35'),(2510,199,8,2,1,858,'趙子奕','','',1,'2017-10-13 21:02:43',1,'2017-10-13 21:02:43'),(2511,199,8,2,1,859,'趙令璁','','',1,'2017-10-13 21:04:11',1,'2017-10-13 21:04:11'),(2512,199,8,2,1,860,'趙世堯','','',1,'2017-10-13 21:08:13',1,'2017-10-13 21:08:13'),(2513,199,8,2,1,861,'趙從溥','','',1,'2017-10-13 21:10:47',1,'2017-10-13 21:10:47'),(2514,199,8,2,1,862,'趙惟敘','','',1,'2017-10-13 21:12:22',1,'2017-10-13 21:12:22'),(2515,199,8,2,1,863,'趙德芳','','',1,'2017-10-13 21:14:21',1,'2017-10-13 21:14:21'),(2516,199,8,2,1,864,'赵匡胤','','',1,'2017-10-13 21:15:54',1,'2017-10-13 21:15:54'),(2517,199,8,2,1,865,'趙惟憲','','',1,'2017-10-16 16:11:09',1,'2017-10-16 16:11:09'),(2518,199,8,2,1,866,'趙惟憲','','',1,'2017-10-16 16:14:37',1,'2017-10-16 16:14:37'),(2519,199,8,2,1,867,'趙惟能','','',1,'2017-10-16 16:18:25',1,'2017-10-16 16:18:25'),(2520,199,8,2,1,868,'趙從郁','','',1,'2017-10-16 16:20:10',1,'2017-10-16 16:20:10'),(2521,199,8,2,1,869,'趙從照','','',1,'2017-10-16 16:32:07',1,'2017-10-16 16:32:07'),(2522,199,8,2,1,870,'趙世居','','',1,'2017-10-16 16:40:20',1,'2017-10-16 16:40:20'),(2523,199,8,2,1,871,'趙世復','','',1,'2017-10-16 16:41:21',1,'2017-10-16 16:41:21'),(2524,199,8,2,1,872,'趙世略','','',1,'2017-10-16 16:41:49',1,'2017-10-16 16:41:49'),(2525,199,8,2,1,873,'趙令玟','','',1,'2017-10-16 16:43:18',1,'2017-10-16 16:43:18'),(2526,199,8,2,1,874,'趙令瑜','','',1,'2017-10-16 16:44:12',1,'2017-10-16 16:44:12'),(2527,199,8,2,1,875,'趙令璩','','',1,'2017-10-16 16:46:32',1,'2017-10-16 16:46:32'),(2528,199,8,2,1,876,'趙世將','','',1,'2017-10-16 16:55:50',1,'2017-10-16 16:55:50'),(2529,199,8,2,1,877,'趙令正','','',1,'2017-10-16 16:57:28',1,'2017-10-16 16:57:28'),(2530,199,8,2,1,878,'趙令冷','','',1,'2017-10-16 16:58:53',1,'2017-10-16 16:58:53'),(2531,199,8,2,1,879,'趙令㝉','','',1,'2017-10-16 16:59:27',1,'2017-10-16 16:59:27'),(2532,199,8,2,1,880,'趙令少','','',1,'2017-10-16 17:00:08',1,'2017-10-16 17:00:08'),(2533,199,8,2,1,881,'趙令譮','','',1,'2017-10-16 17:02:44',1,'2017-10-16 17:02:44'),(2534,199,8,2,1,882,'趙從式','','',1,'2017-10-16 17:03:39',1,'2017-10-16 17:03:39'),(2535,199,8,2,1,883,'趙世奕','','',1,'2017-10-16 17:04:15',1,'2017-10-16 17:04:15'),(2536,199,8,2,1,884,'趙令禴','','',1,'2017-10-16 17:06:03',1,'2017-10-16 17:06:03'),(2537,199,8,2,1,885,'趙從賁','','',1,'2017-10-16 17:08:40',1,'2017-10-16 17:08:40'),(2538,199,8,2,1,886,'趙世䛊','','',1,'2017-10-16 17:10:28',1,'2017-10-16 17:10:28'),(2539,199,8,2,1,887,'趙令荿','','',1,'2017-10-16 17:11:29',1,'2017-10-16 17:11:29'),(2540,199,8,2,1,888,'趙令蒧','','',1,'2017-10-16 17:12:19',1,'2017-10-16 17:12:19'),(2541,199,8,2,1,889,'趙從贄','','',1,'2017-10-16 18:13:50',1,'2017-10-16 18:13:50'),(2542,199,8,2,1,890,'趙世澤','','',1,'2017-10-16 18:14:14',1,'2017-10-16 18:14:14'),(2543,199,8,2,1,891,'趙令似','','',1,'2017-10-16 18:14:45',1,'2017-10-16 18:14:45'),(2544,199,8,2,1,892,'趙令佳','','',1,'2017-10-16 18:15:17',1,'2017-10-16 18:15:17'),(2545,199,8,2,1,893,'趙令德','','',1,'2017-10-16 18:15:33',1,'2017-10-16 18:15:33'),(2546,199,8,2,1,894,'趙令德','','',1,'2017-10-16 18:18:05',1,'2017-10-16 18:18:05'),(2547,199,8,2,1,895,'世經','','',1,'2017-10-16 18:18:59',1,'2017-10-16 18:18:59'),(2548,199,8,2,1,896,'趙令穰','','',1,'2017-10-16 18:19:44',1,'2017-10-16 18:19:44'),(2549,199,8,2,1,897,'趙令匹','','',1,'2017-10-16 18:20:09',1,'2017-10-16 18:20:09'),(2550,199,8,2,1,898,'趙令X','','',1,'2017-10-16 18:21:08',1,'2017-10-16 18:21:08'),(2551,199,8,2,1,899,'趙令戛','','',1,'2017-10-16 18:21:47',1,'2017-10-16 18:21:47'),(2552,199,8,2,1,900,'趙令宵','','',1,'2017-10-16 18:22:21',1,'2017-10-16 18:22:21'),(2553,199,8,2,1,901,'趙令勛','','',1,'2017-10-16 18:22:37',1,'2017-10-16 18:22:37'),(2554,199,8,2,1,902,'趙令語','','',1,'2017-10-16 18:23:10',1,'2017-10-16 18:23:10'),(2555,199,8,2,1,903,'趙令話','','',1,'2017-10-16 18:23:26',1,'2017-10-16 18:23:26'),(2556,199,8,2,1,904,'趙從古','','',1,'2017-10-16 18:24:04',1,'2017-10-16 18:24:04'),(2557,199,8,2,1,905,'趙世期','','',1,'2017-10-16 18:24:31',1,'2017-10-16 18:24:31'),(2558,199,8,2,1,906,'趙令譔','','',1,'2017-10-16 18:25:08',1,'2017-10-16 18:25:08'),(2559,199,8,2,1,907,'趙令逭','','',1,'2017-10-16 18:26:56',1,'2017-10-16 18:26:56'),(2560,199,8,2,1,908,'趙子宻','','',1,'2017-10-16 18:28:26',1,'2017-10-16 18:28:26'),(2561,199,8,2,1,909,'趙子安','','',1,'2017-10-16 18:29:00',1,'2017-10-16 18:29:00'),(2562,199,8,2,1,910,'趙伯椿','','',1,'2017-10-16 18:29:37',1,'2017-10-16 18:29:37'),(2563,199,8,2,1,911,'趙伯相','','',1,'2017-10-16 18:30:25',1,'2017-10-16 18:30:25'),(2564,199,8,2,1,912,'趙伯操','','',1,'2017-10-16 18:30:48',1,'2017-10-16 18:30:48'),(2565,199,8,2,1,913,'趙子紳','','',1,'2017-10-16 18:31:52',1,'2017-10-16 18:31:52'),(2566,199,8,2,1,914,'趙子純','','',1,'2017-10-16 18:32:22',1,'2017-10-16 18:32:22'),(2567,199,8,2,1,915,'趙子紀','','',1,'2017-10-16 18:33:30',1,'2017-10-16 18:33:30'),(2568,199,8,2,1,916,'趙伯麻','','',1,'2017-10-16 18:34:00',1,'2017-10-16 18:34:00'),(2569,199,8,2,1,917,'趙伯遼','','',1,'2017-10-16 18:34:29',1,'2017-10-16 18:34:29'),(2570,199,8,2,1,918,'趙子俅','','',1,'2017-10-16 18:35:02',1,'2017-10-16 18:35:02'),(2571,199,8,2,1,919,'趙子仁','','',1,'2017-10-16 18:35:42',1,'2017-10-16 18:35:42'),(2572,199,8,2,1,920,'趙子儔','','',1,'2017-10-16 18:36:20',1,'2017-10-16 18:36:20'),(2573,199,8,2,1,921,'趙子傑','','',1,'2017-10-16 18:36:47',1,'2017-10-16 18:36:47'),(2574,199,8,2,1,922,'趙子倚','','',1,'2017-10-16 18:37:09',1,'2017-10-16 18:37:09'),(2575,199,8,2,1,923,'趙子俊','','',1,'2017-10-16 18:37:33',1,'2017-10-16 18:37:33'),(2576,199,8,2,1,924,'趙伯浯','','',1,'2017-10-16 18:38:13',1,'2017-10-16 18:38:13'),(2577,199,8,2,1,925,'趙伯城','','',1,'2017-10-16 18:39:08',1,'2017-10-16 18:39:08'),(2578,199,8,2,1,926,'趙伯任','','',1,'2017-10-16 18:39:34',1,'2017-10-16 18:39:34'),(2579,199,8,2,1,927,'趙伯戢','','',1,'2017-10-16 18:40:07',1,'2017-10-16 18:40:07'),(2580,199,8,2,1,928,'趙伯亻叐','','',1,'2017-10-16 18:43:17',1,'2017-10-16 18:43:17'),(2581,199,8,2,1,929,'趙子昌','','',1,'2017-10-16 18:54:01',1,'2017-10-16 18:54:01'),(2582,199,8,2,1,930,'趙伯好','','',1,'2017-10-16 18:54:19',1,'2017-10-16 18:54:19'),(2583,199,8,2,1,931,'趙伯有','','',1,'2017-10-16 18:54:44',1,'2017-10-16 18:54:44'),(2584,199,8,2,1,932,'趙伯存','','',1,'2017-10-16 18:55:07',1,'2017-10-16 18:55:07'),(2585,199,8,2,1,933,'趙子乙','','',1,'2017-10-16 18:55:24',1,'2017-10-16 18:55:24'),(2586,199,8,2,1,934,'趙伯韶','','',1,'2017-10-16 18:55:46',1,'2017-10-16 18:55:46'),(2587,199,8,2,1,935,'趙伯愚','','',1,'2017-10-16 18:56:12',1,'2017-10-16 18:56:12'),(2588,199,8,2,1,936,'趙伯竺','','',1,'2017-10-16 18:56:30',1,'2017-10-16 18:56:30'),(2589,199,8,2,1,937,'趙伯達','','',1,'2017-10-16 18:57:04',1,'2017-10-16 18:57:04'),(2590,199,8,2,1,938,'趙子旦','','',1,'2017-10-16 18:57:55',1,'2017-10-16 18:57:55'),(2591,199,8,2,1,939,'趙子忠','','',1,'2017-10-16 18:58:26',1,'2017-10-16 18:58:26'),(2592,199,8,2,1,940,'趙子永','','',1,'2017-10-16 18:58:55',1,'2017-10-16 18:58:55'),(2593,199,8,3,1,940,'趙子永','','',1,'2017-10-16 19:00:19',1,'2017-10-16 19:00:19'),(2594,199,8,3,1,939,'趙子忠','','',1,'2017-10-16 19:00:23',1,'2017-10-16 19:00:23'),(2595,199,8,2,1,941,'趙伯襟','','',1,'2017-10-16 19:02:36',1,'2017-10-16 19:02:36'),(2596,199,8,2,1,942,'趙子景','','',1,'2017-10-16 19:04:02',1,'2017-10-16 19:04:02'),(2597,199,8,2,1,943,'趙子旦','','',1,'2017-10-16 19:04:32',1,'2017-10-16 19:04:32'),(2598,199,8,2,1,944,'趙子忠','','',1,'2017-10-16 19:05:03',1,'2017-10-16 19:05:03'),(2599,199,8,2,1,945,'趙子永','','',1,'2017-10-16 19:05:25',1,'2017-10-16 19:05:25'),(2600,199,8,2,1,946,'趙子建','','',1,'2017-10-16 19:05:59',1,'2017-10-16 19:05:59'),(2601,199,8,2,1,947,'趙子褒','','',1,'2017-10-16 19:07:07',1,'2017-10-16 19:07:07'),(2602,199,8,2,1,948,'趙子亨','','',1,'2017-10-16 19:07:34',1,'2017-10-16 19:07:34'),(2603,199,8,2,1,949,'趙伯文','','',1,'2017-10-16 19:09:48',1,'2017-10-16 19:09:48'),(2604,199,8,2,1,950,'趙伯維','','',1,'2017-10-16 19:10:34',1,'2017-10-16 19:10:34'),(2605,199,8,2,1,951,'趙伯吝','','',1,'2017-10-16 19:11:02',1,'2017-10-16 19:11:02'),(2606,199,8,2,1,952,'趙伯第','','',1,'2017-10-16 19:11:32',1,'2017-10-16 19:11:32'),(2607,199,8,2,1,953,'趙伯薇','','',1,'2017-10-16 19:11:49',1,'2017-10-16 19:11:49'),(2608,199,8,2,1,954,'趙伯芊','','',1,'2017-10-16 19:12:04',1,'2017-10-16 19:12:04'),(2609,199,8,2,1,955,'趙伯芭','','',1,'2017-10-16 19:12:20',1,'2017-10-16 19:12:20'),(2610,199,8,2,1,956,'趙伯義','','',1,'2017-10-16 19:12:46',1,'2017-10-16 19:12:46'),(2611,199,8,2,1,957,'趙子偁','','',1,'2017-10-16 19:17:11',1,'2017-10-16 19:17:11'),(2612,199,8,2,1,958,'趙伯珪','','',1,'2017-10-16 19:17:43',1,'2017-10-16 19:17:43'),(2613,199,8,2,1,959,'趙伯','','',1,'2017-10-16 19:18:18',1,'2017-10-16 19:18:18'),(2614,199,8,2,1,960,'趙伯王保','','',1,'2017-10-16 19:21:32',1,'2017-10-16 19:21:32'),(2615,199,8,2,1,961,'趙伯璉','','',1,'2017-10-16 19:21:50',1,'2017-10-16 19:21:50'),(2616,199,8,2,1,962,'趙伯琦','','',1,'2017-10-16 19:22:16',1,'2017-10-16 19:22:16'),(2617,199,8,2,1,963,'趙伯環','','',1,'2017-10-16 19:22:32',1,'2017-10-16 19:22:32'),(2618,199,8,2,1,964,'趙伯琳','','',1,'2017-10-16 19:22:46',1,'2017-10-16 19:22:46'),(2619,199,8,2,1,965,'趙伯璘','','',1,'2017-10-16 19:23:05',1,'2017-10-16 19:23:05'),(2620,199,8,2,1,966,'趙令確','','',1,'2017-10-16 19:24:39',1,'2017-10-16 19:24:39'),(2621,199,8,2,1,967,'趙子佺','','',1,'2017-10-16 19:25:02',1,'2017-10-16 19:25:02'),(2622,199,8,2,1,968,'趙伯伏','','',1,'2017-10-16 19:25:21',1,'2017-10-16 19:25:21'),(2623,199,8,2,1,969,'趙伯儒','','',1,'2017-10-16 19:25:38',1,'2017-10-16 19:25:38'),(2624,199,8,2,1,970,'趙伯佃','','',1,'2017-10-16 19:25:56',1,'2017-10-16 19:25:56'),(2625,199,8,2,1,971,'趙伯備','','',1,'2017-10-16 19:26:10',1,'2017-10-16 19:26:10'),(2626,199,8,2,1,972,'趙伯侯','','',1,'2017-10-16 19:26:26',1,'2017-10-16 19:26:26'),(2627,199,8,2,1,973,'趙伯倣','','',1,'2017-10-16 19:27:24',1,'2017-10-16 19:27:24'),(2628,199,8,2,1,974,'趙伯保','','',1,'2017-10-16 19:27:45',1,'2017-10-16 19:27:45'),(2629,199,8,2,1,975,'趙伯僼','','',1,'2017-10-16 19:28:08',1,'2017-10-16 19:28:08'),(2630,199,8,2,1,976,'趙子噩','','',1,'2017-10-16 19:29:26',1,'2017-10-16 19:29:26'),(2631,199,8,2,1,977,'趙伯通','','',1,'2017-10-16 19:30:09',1,'2017-10-16 19:30:09'),(2632,199,8,2,1,978,'趙伯達','','',1,'2017-10-16 19:30:32',1,'2017-10-16 19:30:32'),(2633,199,8,2,1,979,'趙伯逵','','',1,'2017-10-16 19:31:02',1,'2017-10-16 19:31:02'),(2634,199,8,2,1,980,'趙子鼎','','',1,'2017-10-16 19:31:28',1,'2017-10-16 19:31:28'),(2635,199,8,2,1,981,'趙伯忠','','',1,'2017-10-16 19:31:44',1,'2017-10-16 19:31:44'),(2636,199,8,2,1,982,'趙伯振','','',1,'2017-10-16 19:32:07',1,'2017-10-16 19:32:07'),(2637,199,8,2,1,983,'趙伯操','','',1,'2017-10-16 19:32:24',1,'2017-10-16 19:32:24'),(2638,199,8,2,1,984,'趙子麾','','',1,'2017-10-16 19:33:15',1,'2017-10-16 19:33:15'),(2639,199,8,2,1,985,'趙伯琥','','',1,'2017-10-16 19:33:36',1,'2017-10-16 19:33:36'),(2640,199,8,2,1,986,'趙伯王谷','','',1,'2017-10-16 19:35:27',1,'2017-10-16 19:35:27'),(2641,199,8,2,1,987,'趙伯王崇','','',1,'2017-10-16 19:36:37',1,'2017-10-16 19:36:37'),(2642,199,8,2,1,988,'趙伯珝','','',1,'2017-10-16 19:37:18',1,'2017-10-16 19:37:18'),(2643,199,8,2,1,989,'趙子濤','','',1,'2017-10-16 19:37:48',1,'2017-10-16 19:37:48'),(2644,199,8,2,1,990,'趙子竢','','',1,'2017-10-16 19:38:16',1,'2017-10-16 19:38:16'),(2645,199,8,2,1,991,'趙子靖','','',1,'2017-10-16 19:38:38',1,'2017-10-16 19:38:38'),(2646,199,8,2,1,992,'趙伯述','','',1,'2017-10-16 19:39:00',1,'2017-10-16 19:39:00'),(2647,199,8,2,1,993,'趙伯彥','','',1,'2017-10-16 19:39:17',1,'2017-10-16 19:39:17'),(2648,199,8,2,1,994,'趙伯林','','',1,'2017-10-16 19:39:33',1,'2017-10-16 19:39:33'),(2649,199,8,2,1,995,'趙伯成','','',1,'2017-10-16 19:39:46',1,'2017-10-16 19:39:46'),(2650,199,8,2,1,996,'趙伯玉','','',1,'2017-10-16 19:40:00',1,'2017-10-16 19:40:00'),(2651,199,8,2,1,997,'趙伯汀','','',1,'2017-10-16 19:40:32',1,'2017-10-16 19:40:32'),(2652,199,8,2,1,998,'趙伯貢','','',1,'2017-10-16 19:40:49',1,'2017-10-16 19:40:49'),(2653,199,8,2,1,999,'趙伯訴','','',1,'2017-10-16 19:41:06',1,'2017-10-16 19:41:06'),(2654,199,8,2,1,1000,'趙伯秀','','',1,'2017-10-16 19:41:21',1,'2017-10-16 19:41:21'),(2655,199,8,2,1,1001,'趙子立屈','','',1,'2017-10-16 19:42:57',1,'2017-10-16 19:42:57'),(2656,199,8,2,1,1002,'趙子竬','','',1,'2017-10-16 19:43:48',1,'2017-10-16 19:43:48'),(2657,199,8,2,1,1003,'趙子䇍','','',1,'2017-10-16 19:44:04',1,'2017-10-16 19:44:04'),(2658,199,8,2,1,1004,'趙子䇐','','',1,'2017-10-16 19:44:30',1,'2017-10-16 19:44:30'),(2659,199,8,2,1,1005,'趙子立尃','','',1,'2017-10-16 19:46:52',1,'2017-10-16 19:46:52'),(2660,199,8,2,1,1006,'趙子竦','','',1,'2017-10-16 19:48:59',1,'2017-10-16 19:48:59'),(2661,199,8,2,1,1007,'趙子竝','','',1,'2017-10-16 19:49:24',1,'2017-10-16 19:49:24'),(2662,199,8,2,1,1008,'趙伯惠','','',1,'2017-10-16 19:49:41',1,'2017-10-16 19:49:41'),(2663,199,8,2,1,1009,'趙伯愿','','',1,'2017-10-16 19:50:17',1,'2017-10-16 19:50:17'),(2664,199,8,2,1,1010,'趙子端','','',1,'2017-10-16 19:52:56',1,'2017-10-16 19:52:56'),(2665,199,8,2,1,1011,'趙伯忈','','',1,'2017-10-16 19:53:14',1,'2017-10-16 19:53:14'),(2666,199,8,2,1,1012,'趙伯急','','',1,'2017-10-16 19:54:21',1,'2017-10-16 19:54:21'),(2667,199,8,2,1,1013,'趙伯恩','','',1,'2017-10-16 19:54:37',1,'2017-10-16 19:54:37'),(2668,199,8,2,1,1014,'趙伯忞','','',1,'2017-10-16 19:54:59',1,'2017-10-16 19:54:59'),(2669,199,8,2,1,1015,'趙子竘','','',1,'2017-10-16 19:55:25',1,'2017-10-16 19:55:25'),(2670,199,8,2,1,1016,'趙伯易','','',1,'2017-10-16 19:55:43',1,'2017-10-16 19:55:43'),(2671,199,8,2,1,1017,'趙伯賜','','',1,'2017-10-16 19:55:59',1,'2017-10-16 19:55:59'),(2672,199,8,2,1,1018,'趙子立義','','',1,'2017-10-16 19:57:08',1,'2017-10-16 19:57:08'),(2673,199,8,2,1,1019,'趙立章','','',1,'2017-10-16 19:57:40',1,'2017-10-16 19:57:40'),(2674,199,8,2,1,1020,'趙伯仁','','',1,'2017-10-16 19:58:07',1,'2017-10-16 19:58:07'),(2675,199,8,2,1,1021,'趙伯璣','','',1,'2017-10-16 19:58:30',1,'2017-10-16 19:58:30'),(2676,199,8,2,1,1022,'趙伯璿','','',1,'2017-10-16 20:00:51',1,'2017-10-16 20:00:51'),(2677,199,8,2,1,1023,'趙子彥','','',1,'2017-10-16 20:01:18',1,'2017-10-16 20:01:18'),(2678,199,8,2,1,1024,'趙伯瑀','','',1,'2017-10-16 20:01:44',1,'2017-10-16 20:01:44'),(2679,199,8,2,1,1025,'趙伯瑜','','',1,'2017-10-16 20:02:16',1,'2017-10-16 20:02:16'),(2680,199,8,2,1,1026,'趙伯璩','','',1,'2017-10-16 20:02:44',1,'2017-10-16 20:02:44'),(2681,199,8,2,1,1027,'趙子意','','',1,'2017-10-16 20:03:03',1,'2017-10-16 20:03:03'),(2682,199,8,2,1,1028,'趙伯攄','','',1,'2017-10-16 20:03:25',1,'2017-10-16 20:03:25'),(2683,199,8,2,1,1029,'趙子新','','',1,'2017-10-16 20:03:44',1,'2017-10-16 20:03:44'),(2684,199,8,2,1,1030,'趙子立孛','','',1,'2017-10-16 20:05:04',1,'2017-10-16 20:05:04'),(2685,199,8,2,1,1031,'趙子翊','','',1,'2017-10-16 20:05:21',1,'2017-10-16 20:05:21'),(2686,199,8,2,1,1032,'趙子崇','','',1,'2017-10-16 20:06:12',1,'2017-10-16 20:06:12'),(2687,199,8,2,1,1033,'趙伯彥','','',1,'2017-10-16 20:06:25',1,'2017-10-16 20:06:25'),(2688,199,8,2,1,1034,'趙師文','','',1,'2017-10-16 20:08:25',1,'2017-10-16 20:08:25'),(2689,199,8,2,1,1035,'趙希岑','','',1,'2017-10-16 20:09:16',1,'2017-10-16 20:09:16'),(2690,199,8,2,1,1036,'趙希俌','','',1,'2017-10-16 20:10:16',1,'2017-10-16 20:10:16'),(2691,199,8,2,1,1037,'趙希僑','','',1,'2017-10-16 20:10:50',1,'2017-10-16 20:10:50'),(2692,199,8,2,1,1038,'趙希秸','','',1,'2017-10-16 20:11:07',1,'2017-10-16 20:11:07'),(2693,199,8,2,1,1039,'趙興偮','','',1,'2017-10-16 20:12:37',1,'2017-10-16 20:12:37'),(2694,199,8,2,1,1040,'趙興伳','','',1,'2017-10-16 20:13:04',1,'2017-10-16 20:13:04'),(2695,199,8,2,1,1041,'趙興伳','','',1,'2017-10-16 20:13:45',1,'2017-10-16 20:13:45'),(2696,199,8,2,1,1042,'趙興伫','','',1,'2017-10-16 20:16:06',1,'2017-10-16 20:16:06'),(2697,199,8,2,1,1043,'趙希崇','','',1,'2017-10-16 20:17:07',1,'2017-10-16 20:17:07'),(2698,199,8,2,1,1044,'趙希登','','',1,'2017-10-16 20:17:26',1,'2017-10-16 20:17:26'),(2699,199,8,2,1,1045,'趙興謚','','',1,'2017-10-16 20:18:22',1,'2017-10-16 20:18:22'),(2700,199,8,2,1,1046,'趙孟岊','','',1,'2017-10-16 20:18:39',1,'2017-10-16 20:18:39'),(2701,199,8,2,1,1047,'趙孟沁','','',1,'2017-10-16 20:19:15',1,'2017-10-16 20:19:15'),(2702,199,8,2,1,1048,'趙孟爕','','',1,'2017-10-16 20:22:07',1,'2017-10-16 20:22:07'),(2703,199,8,2,1,1049,'趙由仁','','',1,'2017-10-16 20:25:03',1,'2017-10-16 20:25:03'),(2704,199,8,2,1,1050,'趙宜華','','',1,'2017-10-16 20:25:26',1,'2017-10-16 20:25:26'),(2705,199,8,2,1,1051,'趙宜賢','','',1,'2017-10-16 20:25:50',1,'2017-10-16 20:25:50'),(2706,199,8,2,1,1052,'趙宜耳常','','',1,'2017-10-16 20:28:27',1,'2017-10-16 20:28:27'),(2707,199,8,2,1,1053,'趙秉宏','','',1,'2017-10-16 20:28:45',1,'2017-10-16 20:28:45'),(2708,199,8,2,1,1054,'趙秉玉','','',1,'2017-10-16 20:29:24',1,'2017-10-16 20:29:24'),(2709,199,8,2,1,1055,'趙秉祥','','',1,'2017-10-16 20:29:43',1,'2017-10-16 20:29:43'),(2710,199,8,2,1,1056,'趙由義','','',1,'2017-10-16 20:30:09',1,'2017-10-16 20:30:09'),(2711,199,8,2,1,1057,'趙宜日叐','','',1,'2017-10-16 20:31:18',1,'2017-10-16 20:31:18'),(2712,199,8,2,1,1058,'趙宜昭','','',1,'2017-10-16 20:31:43',1,'2017-10-16 20:31:43'),(2713,199,8,2,1,1059,'趙秉道','','',1,'2017-10-16 20:31:59',1,'2017-10-16 20:31:59'),(2714,199,8,2,1,1060,'趙宜晧','','',1,'2017-10-16 20:32:53',1,'2017-10-16 20:32:53'),(2715,199,8,2,1,1061,'趙宜暉','','',1,'2017-10-16 20:33:12',1,'2017-10-16 20:33:12'),(2716,199,8,2,1,1062,'趙秉玉','','',1,'2017-10-16 20:33:31',1,'2017-10-16 20:33:31'),(2717,199,8,2,1,1063,'趙由禮','','',1,'2017-10-16 20:34:14',1,'2017-10-16 20:34:14'),(2718,199,8,2,1,1064,'趙宜日常','','',1,'2017-10-16 20:35:25',1,'2017-10-16 20:35:25'),(2719,199,8,2,1,1065,'趙宜文','','',1,'2017-10-16 20:36:16',1,'2017-10-16 20:36:16'),(2720,199,8,2,1,1066,'趙秉樞','','',1,'2017-10-16 20:36:40',1,'2017-10-16 20:36:40'),(2721,199,8,2,1,1067,'趙秉芳','','',1,'2017-10-16 20:36:54',1,'2017-10-16 20:36:54'),(2722,199,8,2,1,1068,'趙宜獻','','',1,'2017-10-16 20:38:32',1,'2017-10-16 20:38:32'),(2723,199,8,2,1,1069,'趙宜達','','',1,'2017-10-16 20:38:58',1,'2017-10-16 20:38:58'),(2724,199,8,2,1,1070,'趙宜崇','','',1,'2017-10-16 20:39:14',1,'2017-10-16 20:39:14'),(2725,199,8,2,1,1071,'趙宜立','','',1,'2017-10-16 20:39:29',1,'2017-10-16 20:39:29'),(2726,199,8,2,1,1072,'趙由智','','',1,'2017-10-16 20:39:55',1,'2017-10-16 20:39:55'),(2727,199,8,2,1,1073,'趙宜任','','',1,'2017-10-16 20:40:12',1,'2017-10-16 20:40:12'),(2728,199,8,2,1,1074,'趙秉芳','','',1,'2017-10-16 20:40:35',1,'2017-10-16 20:40:35'),(2729,199,8,2,1,1075,'趙宜傑','','',1,'2017-10-16 20:40:58',1,'2017-10-16 20:40:58'),(2730,199,8,2,1,1076,'趙秉成','','',1,'2017-10-16 20:41:15',1,'2017-10-16 20:41:15'),(2731,199,8,2,1,1077,'趙宜佋','','',1,'2017-10-16 20:41:37',1,'2017-10-16 20:41:37'),(2732,199,8,2,1,1078,'趙由信','','',1,'2017-10-16 20:42:13',1,'2017-10-16 20:42:13'),(2733,199,8,2,1,1079,'趙宜琳','','',1,'2017-10-16 20:42:26',1,'2017-10-16 20:42:26'),(2734,199,8,2,1,1080,'趙秉開','','',1,'2017-10-16 20:42:43',1,'2017-10-16 20:42:43'),(2735,199,8,2,1,1081,'趙宜瑺','','',1,'2017-10-16 20:43:12',1,'2017-10-16 20:43:12'),(2736,199,8,2,1,1082,'趙秉輝','','',1,'2017-10-16 20:43:35',1,'2017-10-16 20:43:35'),(2737,199,8,2,1,1083,'趙宜珉','','',1,'2017-10-16 20:44:15',1,'2017-10-16 20:44:15'),(2738,199,8,2,1,1084,'趙秉嵩','','',1,'2017-10-16 20:44:34',1,'2017-10-16 20:44:34'),(2739,199,8,2,1,1085,'趙秉輝','','',1,'2017-10-16 20:44:59',1,'2017-10-16 20:44:59'),(2740,199,8,2,1,1086,'趙由王普','','',1,'2017-10-16 20:46:12',1,'2017-10-16 20:46:12'),(2741,199,8,2,1,1087,'趙宜椿','','',1,'2017-10-16 20:46:47',1,'2017-10-16 20:46:47'),(2742,199,8,2,1,1088,'趙秉元','','',1,'2017-10-16 20:47:02',1,'2017-10-16 20:47:02'),(2743,199,8,2,1,1089,'趙秉衍','','',1,'2017-10-16 20:47:28',1,'2017-10-16 20:47:28'),(2744,199,8,2,1,1090,'趙宜植','','',1,'2017-10-16 20:49:16',1,'2017-10-16 20:49:16'),(2745,199,8,2,1,1091,'趙宜梓','','',1,'2017-10-16 20:49:57',1,'2017-10-16 20:49:57'),(2746,199,8,2,1,1092,'趙宜槙','','',1,'2017-10-16 20:50:24',1,'2017-10-16 20:50:24'),(2747,199,8,2,1,1093,'趙宜桂','','',1,'2017-10-16 20:50:47',1,'2017-10-16 20:50:47'),(2748,199,8,2,1,1094,'趙秉榮','','',1,'2017-10-16 20:51:09',1,'2017-10-16 20:51:09'),(2749,199,8,2,1,1095,'趙秉傅','','',1,'2017-10-16 20:51:30',1,'2017-10-16 20:51:30'),(2750,199,8,2,1,1096,'趙秉佋','','',1,'2017-10-16 20:51:58',1,'2017-10-16 20:51:58'),(2751,199,8,2,1,1097,'趙秉德','','',1,'2017-10-16 20:52:20',1,'2017-10-16 20:52:20'),(2752,199,8,2,1,1098,'趙由瑜','','',1,'2017-10-16 20:52:44',1,'2017-10-16 20:52:44'),(2753,199,8,2,1,1099,'趙宜翔','','',1,'2017-10-16 20:53:10',1,'2017-10-16 20:53:10'),(2754,199,8,2,1,1100,'趙宜珝','','',1,'2017-10-16 20:53:29',1,'2017-10-16 20:53:29'),(2755,199,8,2,1,1101,'趙秉增','','',1,'2017-10-16 20:53:50',1,'2017-10-16 20:53:50'),(2756,199,8,2,1,1102,'趙由璯','','',1,'2017-10-16 20:54:21',1,'2017-10-16 20:54:21'),(2757,199,8,2,1,1103,'趙宜賽','','',1,'2017-10-16 20:54:42',1,'2017-10-16 20:54:42'),(2758,199,8,2,1,1104,'趙秉延','','',1,'2017-10-16 20:55:02',1,'2017-10-16 20:55:02'),(2759,199,8,2,1,1105,'趙秉建','','',1,'2017-10-16 20:55:18',1,'2017-10-16 20:55:18'),(2760,199,8,2,1,1106,'趙秉廷','','',1,'2017-10-16 20:56:40',1,'2017-10-16 20:56:40'),(2761,199,8,2,1,1107,'趙宜御','','',1,'2017-10-16 20:57:08',1,'2017-10-16 20:57:08'),(2762,199,8,2,1,1108,'趙秉植','','',1,'2017-10-16 20:57:28',1,'2017-10-16 20:57:28'),(2763,199,8,2,1,1109,'趙秉敬','','',1,'2017-10-16 20:58:02',1,'2017-10-16 20:58:02'),(2764,199,8,2,1,1110,'趙秉穆','','',1,'2017-10-16 20:58:20',1,'2017-10-16 20:58:20'),(2765,199,8,2,1,1111,'趙宜齊','','',1,'2017-10-16 20:58:36',1,'2017-10-16 20:58:36'),(2766,199,8,2,1,1112,'赵秉建','','',1,'2017-10-16 21:41:50',1,'2017-10-16 21:41:50'),(2767,199,8,2,1,1113,'赵秉延','','',1,'2017-10-16 21:42:25',1,'2017-10-16 21:42:25'),(2768,199,8,3,1,1105,'趙秉建','','',1,'2017-10-16 21:43:26',1,'2017-10-16 21:43:26'),(2769,199,8,3,1,1104,'趙秉延','','',1,'2017-10-16 21:43:30',1,'2017-10-16 21:43:30'),(2770,199,8,3,1,1106,'趙秉廷','','',1,'2017-10-16 21:43:41',1,'2017-10-16 21:43:41'),(2771,194,4,10,377,313,'iOS istest','194','743',377,'2017-10-20 17:58:15',377,'2017-10-20 17:58:15'),(2772,204,8,3,384,800,'张妻','','',384,'2017-10-20 18:22:10',384,'2017-10-20 18:22:10'),(2773,204,8,3,384,799,'张爸','','',384,'2017-10-20 18:22:12',384,'2017-10-20 18:22:12'),(2774,220,8,2,399,1119,'姜子牙','','',399,'2017-10-20 20:49:52',399,'2017-10-20 20:49:52'),(2775,220,8,2,399,1120,'黄荣钊','','',399,'2017-10-20 21:49:08',399,'2017-10-20 21:49:08'),(2776,200,8,2,1,1121,'赵贵生','','',1,'2017-10-21 11:09:14',1,'2017-10-21 11:09:14'),(2777,200,8,2,1,1122,'李惠英','','',1,'2017-10-21 11:18:10',1,'2017-10-21 11:18:10'),(2778,200,8,2,1,1123,'廖湘','','',1,'2017-10-21 13:57:14',1,'2017-10-21 13:57:14');
/*!40000 ALTER TABLE `gener_familyNews` ENABLE KEYS */;
UNLOCK TABLES;

--
-- Table structure for table `gener_family_album`
--

DROP TABLE IF EXISTS `gener_family_album`;
/*!40101 SET @saved_cs_client     = @@character_set_client */;
/*!40101 SET character_set_client = utf8 */;
CREATE TABLE `gener_family_album` (
  `id` int(11) NOT NULL AUTO_INCREMENT,
  `familyId` varchar(45) COLLATE utf8mb4_unicode_ci DEFAULT NULL COMMENT '图片所属的家族',
  `photo` varchar(45) COLLATE utf8mb4_unicode_ci DEFAULT NULL COMMENT '图片url',
  `description` varchar(200) COLLATE utf8mb4_unicode_ci NOT NULL COMMENT '描述',
  `country` int(11) NOT NULL DEFAULT '-1',
  `province` int(11) NOT NULL DEFAULT '-1',
  `city` int(11) NOT NULL DEFAULT '-1',
  `area` int(11) NOT NULL,
  `town` int(11) NOT NULL,
  `address` varchar(45) COLLATE utf8mb4_unicode_ci NOT NULL,
  `create_time` datetime NOT NULL,
  `is_delete` int(11) NOT NULL DEFAULT '0',
  `create_by` int(11) NOT NULL,
  PRIMARY KEY (`id`)
) ENGINE=InnoDB DEFAULT CHARSET=utf8mb4 COLLATE=utf8mb4_unicode_ci;
/*!40101 SET character_set_client = @saved_cs_client */;

--
-- Dumping data for table `gener_family_album`
--

LOCK TABLES `gener_family_album` WRITE;
/*!40000 ALTER TABLE `gener_family_album` DISABLE KEYS */;
/*!40000 ALTER TABLE `gener_family_album` ENABLE KEYS */;
UNLOCK TABLES;

--
-- Table structure for table `gener_family_branch`
--

DROP TABLE IF EXISTS `gener_family_branch`;
/*!40101 SET @saved_cs_client     = @@character_set_client */;
/*!40101 SET character_set_client = utf8 */;
CREATE TABLE `gener_family_branch` (
  `id` int(11) NOT NULL AUTO_INCREMENT,
  `familyId` int(11) NOT NULL,
  `branchId` int(11) NOT NULL,
  `create_time` datetime NOT NULL,
  `create_by` int(11) NOT NULL,
  `update_time` datetime NOT NULL,
  `update_by` int(11) NOT NULL,
  PRIMARY KEY (`id`),
  UNIQUE KEY `id_UNIQUE` (`id`)
) ENGINE=InnoDB DEFAULT CHARSET=latin1;
/*!40101 SET character_set_client = @saved_cs_client */;

--
-- Dumping data for table `gener_family_branch`
--

LOCK TABLES `gener_family_branch` WRITE;
/*!40000 ALTER TABLE `gener_family_branch` DISABLE KEYS */;
/*!40000 ALTER TABLE `gener_family_branch` ENABLE KEYS */;
UNLOCK TABLES;

--
-- Table structure for table `gener_family_heirloom`
--

DROP TABLE IF EXISTS `gener_family_heirloom`;
/*!40101 SET @saved_cs_client     = @@character_set_client */;
/*!40101 SET character_set_client = utf8 */;
CREATE TABLE `gener_family_heirloom` (
  `id` int(10) unsigned NOT NULL AUTO_INCREMENT,
  `familyId` int(11) NOT NULL,
  `title` varchar(500) COLLATE utf8mb4_unicode_ci NOT NULL,
  `content` text COLLATE utf8mb4_unicode_ci NOT NULL,
  `photo` varchar(255) COLLATE utf8mb4_unicode_ci NOT NULL,
  `create_by` int(11) NOT NULL,
  `create_time` date NOT NULL,
  `update_by` int(11) NOT NULL,
  `update_time` date NOT NULL,
  PRIMARY KEY (`id`)
) ENGINE=InnoDB AUTO_INCREMENT=6 DEFAULT CHARSET=utf8mb4 COLLATE=utf8mb4_unicode_ci;
/*!40101 SET character_set_client = @saved_cs_client */;

--
-- Dumping data for table `gener_family_heirloom`
--

LOCK TABLES `gener_family_heirloom` WRITE;
/*!40000 ALTER TABLE `gener_family_heirloom` DISABLE KEYS */;
/*!40000 ALTER TABLE `gener_family_heirloom` ENABLE KEYS */;
UNLOCK TABLES;

--
-- Table structure for table `gener_family_legend`
--

DROP TABLE IF EXISTS `gener_family_legend`;
/*!40101 SET @saved_cs_client     = @@character_set_client */;
/*!40101 SET character_set_client = utf8 */;
CREATE TABLE `gener_family_legend` (
  `id` int(11) unsigned NOT NULL AUTO_INCREMENT,
  `title` varchar(500) COLLATE utf8mb4_unicode_ci NOT NULL,
  `content` text COLLATE utf8mb4_unicode_ci NOT NULL,
  `familyId` int(11) NOT NULL,
  `create_by` int(11) NOT NULL,
  `create_time` date NOT NULL,
  `update_by` int(11) NOT NULL,
  `update_time` date NOT NULL,
  PRIMARY KEY (`id`)
) ENGINE=InnoDB AUTO_INCREMENT=8 DEFAULT CHARSET=utf8mb4 COLLATE=utf8mb4_unicode_ci;
/*!40101 SET character_set_client = @saved_cs_client */;

--
-- Dumping data for table `gener_family_legend`
--

LOCK TABLES `gener_family_legend` WRITE;
/*!40000 ALTER TABLE `gener_family_legend` DISABLE KEYS */;
/*!40000 ALTER TABLE `gener_family_legend` ENABLE KEYS */;
UNLOCK TABLES;

--
-- Table structure for table `gener_family_user`
--

DROP TABLE IF EXISTS `gener_family_user`;
/*!40101 SET @saved_cs_client     = @@character_set_client */;
/*!40101 SET character_set_client = utf8 */;
CREATE TABLE `gener_family_user` (
  `id` int(13) unsigned NOT NULL AUTO_INCREMENT,
  `familyId` int(13) unsigned NOT NULL,
  `userId` int(13) unsigned NOT NULL,
  `is_delete` int(1) NOT NULL,
  `create_time` datetime NOT NULL,
  `update_time` datetime NOT NULL,
  PRIMARY KEY (`id`)
) ENGINE=InnoDB AUTO_INCREMENT=27 DEFAULT CHARSET=utf8mb4 COLLATE=utf8mb4_unicode_ci;
/*!40101 SET character_set_client = @saved_cs_client */;

--
-- Dumping data for table `gener_family_user`
--

LOCK TABLES `gener_family_user` WRITE;
/*!40000 ALTER TABLE `gener_family_user` DISABLE KEYS */;
INSERT INTO `gener_family_user` VALUES (26,198,380,0,'2017-10-09 18:02:16','2017-10-09 18:02:16');
/*!40000 ALTER TABLE `gener_family_user` ENABLE KEYS */;
UNLOCK TABLES;

--
-- Table structure for table `gener_feedback`
--

DROP TABLE IF EXISTS `gener_feedback`;
/*!40101 SET @saved_cs_client     = @@character_set_client */;
/*!40101 SET character_set_client = utf8 */;
CREATE TABLE `gener_feedback` (
  `id` int(11) unsigned NOT NULL AUTO_INCREMENT,
  `userId` int(11) NOT NULL,
  `contact` varchar(100) COLLATE utf8mb4_unicode_ci NOT NULL,
  `feedback_message` varchar(255) CHARACTER SET utf8mb4 NOT NULL,
  `handle_status` int(11) NOT NULL,
  `remark` varchar(255) COLLATE utf8mb4_unicode_ci DEFAULT NULL,
  `problem_type` int(11) NOT NULL,
  `photo` varchar(500) COLLATE utf8mb4_unicode_ci NOT NULL,
  `create_by` char(255) CHARACTER SET latin1 NOT NULL,
  `create_time` datetime NOT NULL,
  `update_by` char(255) CHARACTER SET latin1 NOT NULL,
  `update_time` datetime NOT NULL,
  `sender` varchar(100) COLLATE utf8mb4_unicode_ci DEFAULT NULL,
  `check_state` tinyint(1) DEFAULT NULL,
  PRIMARY KEY (`id`),
  KEY `fk_gener_feedback_userId_idx` (`userId`),
  CONSTRAINT `fk_gener_feedback_userId` FOREIGN KEY (`userId`) REFERENCES `gener_user` (`id`) ON DELETE NO ACTION ON UPDATE NO ACTION
) ENGINE=InnoDB AUTO_INCREMENT=173 DEFAULT CHARSET=utf8mb4 COLLATE=utf8mb4_unicode_ci;
/*!40101 SET character_set_client = @saved_cs_client */;

--
-- Dumping data for table `gener_feedback`
--

LOCK TABLES `gener_feedback` WRITE;
/*!40000 ALTER TABLE `gener_feedback` DISABLE KEYS */;
INSERT INTO `gener_feedback` VALUES (127,381,'微信我','大事件有问题啊 选择公开日期后30000001',0,NULL,1,'','381','2017-09-30 12:46:06','381','2017-09-30 12:46:06',NULL,NULL),(128,381,'微信我','大事件有问题啊 选择公开日期后30000001',0,NULL,1,'','381','2017-09-30 12:46:08','381','2017-09-30 12:46:08',NULL,NULL),(129,381,'微信我','大事件有问题啊 选择公开日期后30000001',0,NULL,1,'','381','2017-09-30 12:46:14','381','2017-09-30 12:46:14',NULL,NULL),(130,381,'微信我','大事件有问题啊 选择公开日期后30000001',0,NULL,1,'','381','2017-09-30 12:46:16','381','2017-09-30 12:46:16',NULL,NULL),(131,381,'微信我','大事件有问题啊 选择公开日期后30000001',0,NULL,1,'','381','2017-09-30 12:46:16','381','2017-09-30 12:46:16',NULL,NULL),(132,381,'微信我','大事件有问题啊 选择公开日期后30000001',0,NULL,1,'','381','2017-09-30 12:46:17','381','2017-09-30 12:46:17',NULL,NULL),(133,381,'微信我','大事件有问题啊 选择公开日期后30000001',0,NULL,1,'','381','2017-09-30 12:46:17','381','2017-09-30 12:46:17',NULL,NULL),(134,381,'微信我','大事件有问题啊 选择公开日期后30000001',0,NULL,1,'','381','2017-09-30 12:46:17','381','2017-09-30 12:46:17',NULL,NULL),(135,381,'微信我','大事件有问题啊 选择公开日期后30000001',0,NULL,1,'','381','2017-09-30 12:46:17','381','2017-09-30 12:46:17',NULL,NULL),(136,381,'微信我','大事件有问题啊 选择公开日期后30000001',0,NULL,1,'','381','2017-09-30 12:46:17','381','2017-09-30 12:46:17',NULL,NULL),(137,381,'微信我','大事件有问题啊 选择公开日期后30000001',0,NULL,1,'','381','2017-09-30 12:46:18','381','2017-09-30 12:46:18',NULL,NULL),(138,381,'微信我','大事件有问题啊 选择公开日期后30000001',0,NULL,1,'','381','2017-09-30 12:46:18','381','2017-09-30 12:46:18',NULL,NULL),(139,381,'微信我','大事件有问题啊 选择公开日期后30000001',0,NULL,1,'','381','2017-09-30 12:46:18','381','2017-09-30 12:46:18',NULL,NULL),(140,381,'微信我','大事件有问题啊 选择公开日期后30000001',0,NULL,1,'','381','2017-09-30 12:46:18','381','2017-09-30 12:46:18',NULL,NULL),(141,381,'13916337038','大事件有问题啊 选择公开日期后30000001',0,NULL,1,'','381','2017-09-30 12:46:25','381','2017-09-30 12:46:25',NULL,NULL),(142,381,'13916337038','大事件有问题啊 选择公开日期后30000001',0,NULL,1,'','381','2017-09-30 12:46:25','381','2017-09-30 12:46:25',NULL,NULL),(143,381,'13916337038','大事件有问题啊 选择公开日期后30000001',0,NULL,1,'','381','2017-09-30 12:46:26','381','2017-09-30 12:46:26',NULL,NULL),(144,381,'13916337038','大事件有问题啊 选择公开日期后30000001',0,NULL,1,'','381','2017-09-30 12:46:26','381','2017-09-30 12:46:26',NULL,NULL),(145,381,'13916337038','大事件有问题啊 选择公开日期后30000001',0,NULL,1,'','381','2017-09-30 12:46:26','381','2017-09-30 12:46:26',NULL,NULL),(146,381,'13916337038','大事件有问题啊 选择公开日期后30000001',0,NULL,1,'','381','2017-09-30 12:46:26','381','2017-09-30 12:46:26',NULL,NULL),(147,381,'13916337038','大事件有问题啊 选择公开日期后30000001',0,NULL,1,'','381','2017-09-30 12:46:26','381','2017-09-30 12:46:26',NULL,NULL),(148,381,'13916337038','大事件有问题啊 选择公开日期后30000001',0,NULL,1,'','381','2017-09-30 12:46:26','381','2017-09-30 12:46:26',NULL,NULL),(149,381,'13916337038','大事件有问题啊 选择公开日期后30000001',0,NULL,1,'','381','2017-09-30 12:46:29','381','2017-09-30 12:46:29',NULL,NULL),(150,381,'13916337038','大事件有问题啊 选择公开日期后30000001',0,NULL,1,'','381','2017-09-30 12:46:29','381','2017-09-30 12:46:29',NULL,NULL),(151,381,'13916337038','大事件有问题啊 选择公开日期后30000001',0,NULL,1,'','381','2017-09-30 12:46:29','381','2017-09-30 12:46:29',NULL,NULL),(152,381,'13916337038','大事件有问题啊 选择公开日期后30000001',0,NULL,1,'','381','2017-09-30 12:46:30','381','2017-09-30 12:46:30',NULL,NULL),(153,381,'13916337038','大事件有问题啊 选择公开日期后30000001',0,NULL,1,'','381','2017-09-30 12:46:30','381','2017-09-30 12:46:30',NULL,NULL),(154,381,'13916337038','大事件有问题啊 选择公开日期后30000001',0,NULL,1,'','381','2017-09-30 12:46:30','381','2017-09-30 12:46:30',NULL,NULL),(155,381,'13916337038','大事件有问题啊 选择公开日期后30000001',0,NULL,1,'','381','2017-09-30 12:46:32','381','2017-09-30 12:46:32',NULL,NULL),(156,381,'13916337038','大事件有问题啊 选择公开日期后30000001',0,NULL,1,'','381','2017-09-30 12:46:32','381','2017-09-30 12:46:32',NULL,NULL),(157,381,'13916337038','大事件有问题啊 选择公开日期后30000001',0,NULL,1,'','381','2017-09-30 12:46:32','381','2017-09-30 12:46:32',NULL,NULL),(158,381,'13916337038','大事件有问题啊 选择公开日期后30000001',0,NULL,1,'','381','2017-09-30 12:46:32','381','2017-09-30 12:46:32',NULL,NULL),(159,381,'13916337038','大事件有问题啊 选择公开日期后30000001',0,NULL,1,'','381','2017-09-30 12:46:32','381','2017-09-30 12:46:32',NULL,NULL),(160,381,'13916337038','大事件有问题啊 选择公开日期后30000001',0,NULL,1,'','381','2017-09-30 12:46:32','381','2017-09-30 12:46:32',NULL,NULL),(161,381,'13916337038','大事件有问题啊 选择公开日期后30000001',0,NULL,1,'','381','2017-09-30 12:46:33','381','2017-09-30 12:46:33',NULL,NULL),(162,381,'13916337038','大事件有问题啊 选择公开日期后30000001',0,NULL,1,'','381','2017-09-30 12:46:33','381','2017-09-30 12:46:33',NULL,NULL),(163,393,'15951508579','编辑的时候建议增加修改头像的内容！',0,NULL,1,'','393','2017-09-30 23:07:44','393','2017-09-30 23:07:44',NULL,NULL),(164,381,'看着办','反馈无法添加照片 更新出错',0,NULL,1,'','381','2017-10-01 05:46:43','381','2017-10-01 05:46:43',NULL,NULL),(165,381,'看着办','反馈无法添加照片 更新出错',0,NULL,1,'','381','2017-10-01 05:46:45','381','2017-10-01 05:46:45',NULL,NULL),(166,381,'看着办','反馈无法添加照片 更新出错',0,NULL,1,'','381','2017-10-01 05:46:45','381','2017-10-01 05:46:45',NULL,NULL),(167,381,'看着办','反馈无法添加照片 更新出错',0,NULL,1,'','381','2017-10-01 05:46:46','381','2017-10-01 05:46:46',NULL,NULL),(168,381,'看着办','反馈无法添加照片 更新出错',0,NULL,1,'','381','2017-10-01 05:46:46','381','2017-10-01 05:46:46',NULL,NULL),(169,381,'看着办','反馈无法添加照片 更新出错',0,NULL,1,'','381','2017-10-01 05:46:46','381','2017-10-01 05:46:46',NULL,NULL),(170,381,'看着办','反馈无法添加照片 更新出错',0,NULL,1,'','381','2017-10-01 05:46:46','381','2017-10-01 05:46:46',NULL,NULL),(171,2,'18964671109','通过邀请加入家族后，发布的推文自己看不到。',0,NULL,9,'','2','2017-10-01 18:45:03','2','2017-10-01 18:45:03',NULL,NULL),(172,384,'17621732412','gaishangaishan',0,NULL,1,'','384','2017-10-12 15:42:08','384','2017-10-12 15:42:08',NULL,NULL);
/*!40000 ALTER TABLE `gener_feedback` ENABLE KEYS */;
UNLOCK TABLES;

--
-- Table structure for table `gener_file`
--

DROP TABLE IF EXISTS `gener_file`;
/*!40101 SET @saved_cs_client     = @@character_set_client */;
/*!40101 SET character_set_client = utf8 */;
CREATE TABLE `gener_file` (
  `id` int(10) unsigned NOT NULL AUTO_INCREMENT,
  `file_path` varchar(255) CHARACTER SET utf8 NOT NULL,
  `module` int(11) NOT NULL,
  `create_by` int(8) NOT NULL,
  `create_time` datetime NOT NULL,
  PRIMARY KEY (`id`),
  UNIQUE KEY `file_path_UNIQUE` (`file_path`)
) ENGINE=InnoDB AUTO_INCREMENT=2491 DEFAULT CHARSET=utf8mb4 COLLATE=utf8mb4_unicode_ci;
/*!40101 SET character_set_client = @saved_cs_client */;

--
-- Dumping data for table `gener_file`
--

LOCK TABLES `gener_file` WRITE;
/*!40000 ALTER TABLE `gener_file` DISABLE KEYS */;
INSERT INTO `gener_file` VALUES (1891,'http://img1.izuqun.com/fastdfs/M00/00/0C/dD4ZgFnNz3-ADyegAAEkyzu4Axo901.jpg?width=600&height=600',10,377,'2017-09-29 12:43:43'),(1892,'http://img1.izuqun.com/fastdfs/M00/00/0C/dD4ZgFnN1HaAO397AARNF90R2EQ015.jpg',9,377,'2017-09-29 13:04:54'),(1893,'http://img1.izuqun.com/fastdfs/M00/00/0C/dD4ZgFnN2EOABJMmAAAMZ-TqYdM758.p12?width=&height=',5,377,'2017-09-29 13:21:07'),(1894,'http://img1.izuqun.com/fastdfs/M00/00/0C/dD4ZgFnN5hmASOcXAAbPTANESXY816.png',9,377,'2017-09-29 14:20:09'),(1895,'http://img1.izuqun.com/fastdfs/M00/00/0C/dD4ZgFnN6piAe0FBAAZAETKfJwI995.png?width=3286&height=1080',5,0,'2017-09-29 14:39:20'),(1896,'http://img1.izuqun.com/fastdfs/M00/00/0C/dD4ZgFnN7eyAWc0VAAAB7r0rIX0792.png?width=90&height=47',5,0,'2017-09-29 14:53:32'),(1897,'http://img1.izuqun.com/fastdfs/M00/00/0C/dD4ZgFnN726AdgPaAAZAETKfJwI785.png?width=3286&height=1080',5,0,'2017-09-29 14:59:58'),(1898,'http://img1.izuqun.com/fastdfs/M00/00/0C/dD4ZgFnN8nSAK4h4AAEQCf-t7EY239.png?width=750&height=1334',5,0,'2017-09-29 15:12:52'),(1899,'http://img1.izuqun.com/fastdfs/M00/00/0C/dD4ZgFnOAm-AOfGLAAAduQ_aVtk950.png?width=192&height=192',11,0,'2017-09-29 16:21:03'),(1900,'http://img1.izuqun.com/fastdfs/M00/00/0C/dD4ZgFnOEJSAVC-hAABmaCfrEnY229.jpg?width=340&height=340',9,0,'2017-09-29 17:21:24'),(1901,'http://img1.izuqun.com/fastdfs/M00/00/0C/dD4ZgFnOLqWAXSZSAAPGiCfBQGI552.jpg?width=1080&height=1920',5,0,'2017-09-29 19:29:41'),(1902,'http://img1.izuqun.com/fastdfs/M00/00/0C/dD4ZgFnOLvWAPE-SAAeOXTTn_6o390.jpg',9,0,'2017-09-29 19:31:01'),(1903,'http://img1.izuqun.com/fastdfs/M00/00/0C/dD4ZgFnOLyGAE_HwAAeiLQcIpHA654.jpg',9,0,'2017-09-29 19:31:45'),(1904,'http://img1.izuqun.com/fastdfs/M00/00/0C/dD4ZgFnOLyaAe5oHAAAS1ZC9OxM639.jpg',9,0,'2017-09-29 19:31:50'),(1905,'http://img1.izuqun.com/fastdfs/M00/00/0C/dD4ZgFnOLzmAX4ZUAACSrvU6lR4855.png',9,0,'2017-09-29 19:32:09'),(1906,'http://img1.izuqun.com/fastdfs/M00/00/0D/dD4ZgFnOL9aALnRGAAeOXTTn_6o098.jpg',9,0,'2017-09-29 19:34:46'),(1907,'http://img1.izuqun.com/fastdfs/M00/00/0D/dD4ZgFnOL96ANZq1AAeiXfqJhrI319.jpg',9,0,'2017-09-29 19:34:54'),(1908,'http://img1.izuqun.com/fastdfs/M00/00/0D/dD4ZgFnOMBmADD3AAAeiLQcIpHA477.jpg',11,0,'2017-09-29 19:35:53'),(1909,'http://img1.izuqun.com/fastdfs/M00/00/0D/dD4ZgFnOMOGAXtKIAARNF90R2EQ305.jpg?width=900&height=600',5,0,'2017-09-29 19:39:13'),(1910,'http://img1.izuqun.com/fastdfs/M00/00/0D/dD4ZgFnOMQ-AWSzaAAc4uhpmZ6Q564.png?width=750&height=1334',5,0,'2017-09-29 19:39:59'),(1911,'http://img1.izuqun.com/fastdfs/M00/00/0D/dD4ZgFnOMjqAUl13AAHFAWfYPFI357.jpg',9,0,'2017-09-29 19:44:58'),(1912,'http://img1.izuqun.com/fastdfs/M00/00/0D/dD4ZgFnOOtqABYtiABUveMS0Qu8117.png?width=828&height=621',5,0,'2017-09-29 20:21:46'),(1913,'http://img1.izuqun.com/fastdfs/M00/00/0D/dD4ZgFnOOtqAc42UAAutMgdqANg305.png?width=828&height=348',5,0,'2017-09-29 20:21:46'),(1914,'http://img1.izuqun.com/fastdfs/M00/00/0D/dD4ZgFnOOtqAOV2yABURHlX8AcM220.png?width=828&height=621',5,0,'2017-09-29 20:21:46'),(1915,'http://img1.izuqun.com/fastdfs/M00/00/0D/dD4ZgFnOOvqAc2_nAASNVIbRt4I726.png?width=750&height=1334',5,0,'2017-09-29 20:22:18'),(1916,'http://img1.izuqun.com/fastdfs/M00/00/0D/dD4ZgFnOOvqAdEiYAASNVIbRt4I966.png?width=750&height=1334',5,0,'2017-09-29 20:22:18'),(1917,'http://img1.izuqun.com/fastdfs/M00/00/0D/dD4ZgFnOOv2AAYnbACWn3Gm7PtA205.jpg',10,0,'2017-09-29 20:22:21'),(1918,'http://img1.izuqun.com/fastdfs/M00/00/0D/dD4ZgFnOOyWALWb2AAFbdC7JUiU840.png?width=1080&height=1920',5,0,'2017-09-29 20:23:01'),(1919,'http://img1.izuqun.com/fastdfs/M00/00/0D/dD4ZgFnOOzaAKrqZAAFbdC7JUiU373.png?width=1080&height=1920',5,0,'2017-09-29 20:23:18'),(1920,'http://img1.izuqun.com/fastdfs/M00/00/0D/dD4ZgFnOO0GAFixyAAFbdC7JUiU331.png',9,0,'2017-09-29 20:23:29'),(1921,'http://img1.izuqun.com/fastdfs/M00/00/0D/dD4ZgFnOO0SAX5YGAAFbdC7JUiU041.png',9,0,'2017-09-29 20:23:32'),(1922,'http://img1.izuqun.com/fastdfs/M00/00/0D/dD4ZgFnOO3KAYVDHAAFbdC7JUiU049.png',11,0,'2017-09-29 20:24:18'),(1923,'http://img1.izuqun.com/fastdfs/M00/00/0D/dD4ZgFnOO8mAAsyYAASNVIbRt4I525.png?width=750&height=1334',5,0,'2017-09-29 20:25:45'),(1924,'http://img1.izuqun.com/fastdfs/M00/00/0D/dD4ZgFnOO8mAL5ZyAASNVIbRt4I799.png?width=750&height=1334',5,0,'2017-09-29 20:25:45'),(1925,'http://img1.izuqun.com/fastdfs/M00/00/0D/dD4ZgFnOPBGAQp5hAAs3dl9Xapw979.jpg?width=1334&height=1000',5,0,'2017-09-29 20:26:57'),(1926,'http://img1.izuqun.com/fastdfs/M00/00/0D/dD4ZgFnOPCCAC9fTAAAIh5nI4ZI579.png',12,0,'2017-09-29 20:27:12'),(1927,'http://img1.izuqun.com/fastdfs/M00/00/0D/dD4ZgFnOPFGABZpdAAAIgw4rIYM635.png',12,0,'2017-09-29 20:28:01'),(1928,'http://img1.izuqun.com/fastdfs/M00/00/0D/dD4ZgFnOP0CAa-kYAAALDX-bHo8741.png',12,0,'2017-09-29 20:40:32'),(1929,'http://img1.izuqun.com/fastdfs/M00/00/0D/dD4ZgFnOP8eAKrS5AAAIkK4Z49Q487.png',12,0,'2017-09-29 20:42:47'),(1930,'http://img1.izuqun.com/fastdfs/M00/00/0D/dD4ZgFnOP-GAOzwiAAAIiTq7Sss889.png',12,0,'2017-09-29 20:43:13'),(1931,'http://img1.izuqun.com/fastdfs/M00/00/0D/dD4ZgFnOP-WAGQnDAAAIhEGdS7E253.png',12,0,'2017-09-29 20:43:17'),(1932,'http://img1.izuqun.com/fastdfs/M00/00/0D/dD4ZgFnOQHGAQddPAAAIjHSfmQs280.png',12,0,'2017-09-29 20:45:37'),(1933,'http://img1.izuqun.com/fastdfs/M00/00/0D/dD4ZgFnOQHyAY8CrAAAIjW6z-74623.png',12,0,'2017-09-29 20:45:48'),(1934,'http://img1.izuqun.com/fastdfs/M00/00/0D/dD4ZgFnOQSuAJjVCAAAJMJIE0no603.png',12,0,'2017-09-29 20:48:43'),(1935,'http://img1.izuqun.com/fastdfs/M00/00/0D/dD4ZgFnORqWAX_ygAAAIh9qmmUA620.png',12,0,'2017-09-29 21:12:05'),(1936,'http://img1.izuqun.com/fastdfs/M00/00/0D/dD4ZgFnOVeWASxz8AAOjbNauZdA135.jpg',9,0,'2017-09-29 22:17:09'),(1937,'http://img1.izuqun.com/fastdfs/M00/00/0D/dD4ZgFnOVf2Af-ekABS2x1hMxyk076.jpg',9,0,'2017-09-29 22:17:33'),(1938,'http://img1.izuqun.com/fastdfs/M00/00/0D/dD4ZgFnOaEOAOwgGABR-f2TB0Ro014.jpg',9,0,'2017-09-29 23:35:31'),(1939,'http://img1.izuqun.com/fastdfs/M00/00/0D/dD4ZgFnO-heAXCkGAALzqVY_idk860.jpg',9,0,'2017-09-30 09:57:43'),(1940,'http://img1.izuqun.com/fastdfs/M00/00/0D/dD4ZgFnO-iOAZT0KAEzvLXTt4eM466.jpg',9,0,'2017-09-30 09:57:55'),(1941,'http://img1.izuqun.com/fastdfs/M00/00/0D/dD4ZgFnO-mmAHlQcAALzqVY_idk431.jpg',9,0,'2017-09-30 09:59:05'),(1942,'http://img1.izuqun.com/fastdfs/M00/00/0D/dD4ZgFnO-m6AJhdnAEzvLXTt4eM893.jpg',9,0,'2017-09-30 09:59:10'),(1943,'http://img1.izuqun.com/fastdfs/M00/00/0D/dD4ZgFnO_e2AO2AiAEM0CT6ESeY700.jpg?width=3456&height=4608',5,0,'2017-09-30 10:14:05'),(1944,'http://img1.izuqun.com/fastdfs/M00/00/0D/dD4ZgFnO_e-AZGcrAAOzJPqTXYM137.png?width=1012&height=1682',5,0,'2017-09-30 10:14:07'),(1945,'http://img1.izuqun.com/fastdfs/M00/00/0D/dD4ZgFnO_fSAMpi6AAOzJPqTXYM694.png?width=1012&height=1682',5,0,'2017-09-30 10:14:12'),(1946,'http://img1.izuqun.com/fastdfs/M00/00/0D/dD4ZgFnO_fmAUjb1AAHtwvTSLAo190.png?width=1078&height=1100',5,0,'2017-09-30 10:14:17'),(1947,'http://img1.izuqun.com/fastdfs/M00/00/0D/dD4ZgFnO_fuARD1KAAG9BtjC9zs897.png?width=1068&height=1009',5,0,'2017-09-30 10:14:19'),(1948,'http://img1.izuqun.com/fastdfs/M00/00/0D/dD4ZgFnO_f6AR1T0AAFfq7h7L7g127.png?width=1049&height=1501',5,0,'2017-09-30 10:14:22'),(1949,'http://img1.izuqun.com/fastdfs/M00/00/0D/dD4ZgFnO_iuAYxeMAAQhnnQQaA0355.jpg?width=1080&height=1920',5,0,'2017-09-30 10:15:07'),(1950,'http://img1.izuqun.com/fastdfs/M00/00/0D/dD4ZgFnO_jCAbwCSAAFfq7h7L7g841.png?width=1049&height=1501',5,0,'2017-09-30 10:15:12'),(1951,'http://img1.izuqun.com/fastdfs/M00/00/0D/dD4ZgFnO_jSADZK_AEzvLXTt4eM995.jpg?width=3840&height=5120',5,0,'2017-09-30 10:15:16'),(1952,'http://img1.izuqun.com/fastdfs/M00/00/0D/dD4ZgFnO_kuAIQtEAAOzJPqTXYM705.png?width=1012&height=1682',5,0,'2017-09-30 10:15:39'),(1953,'http://img1.izuqun.com/fastdfs/M00/00/0D/dD4ZgFnO_kyAIGK3AAOzJPqTXYM242.png?width=1012&height=1682',5,0,'2017-09-30 10:15:40'),(1954,'http://img1.izuqun.com/fastdfs/M00/00/0D/dD4ZgFnO_k6AcGUgAAOzJPqTXYM202.png?width=1012&height=1682',5,0,'2017-09-30 10:15:42'),(1955,'http://img1.izuqun.com/fastdfs/M00/00/0D/dD4ZgFnO_lGAX68iAAOzJPqTXYM905.png?width=1012&height=1682',5,0,'2017-09-30 10:15:45'),(1956,'http://img1.izuqun.com/fastdfs/M00/00/0D/dD4ZgFnO_lKASJ9rAAOzJPqTXYM623.png?width=1012&height=1682',5,0,'2017-09-30 10:15:46'),(1957,'http://img1.izuqun.com/fastdfs/M00/00/0D/dD4ZgFnO_lSAN4CJAAOzJPqTXYM896.png?width=1012&height=1682',5,0,'2017-09-30 10:15:48'),(1958,'http://img1.izuqun.com/fastdfs/M00/00/0D/dD4ZgFnO_laAUyF9AAG9BtjC9zs364.png?width=1068&height=1009',5,0,'2017-09-30 10:15:50'),(1959,'http://img1.izuqun.com/fastdfs/M00/00/0D/dD4ZgFnO_liAN9r3AAG9BtjC9zs282.png?width=1068&height=1009',5,0,'2017-09-30 10:15:52'),(1960,'http://img1.izuqun.com/fastdfs/M00/00/0D/dD4ZgFnO_l6AYYz4AAG9BtjC9zs463.png?width=1068&height=1009',5,0,'2017-09-30 10:15:58'),(1961,'http://img1.izuqun.com/fastdfs/M00/00/0D/dD4ZgFnO_vaAA9ZVAEzvLXTt4eM349.jpg',10,0,'2017-09-30 10:18:30'),(1962,'http://img1.izuqun.com/fastdfs/M00/00/0D/dD4ZgFnO_06AVe2eAAD97r3TVH4.functi',4,0,'2017-09-30 10:19:58'),(1963,'http://img1.izuqun.com/fastdfs/M00/00/0D/dD4ZgFnO_1WAZP7hAAALMlxFl3I895.png',12,0,'2017-09-30 10:20:05'),(1964,'http://img1.izuqun.com/fastdfs/M00/00/0D/dD4ZgFnO_5uAf-19AAFfq7h7L7g288.png',11,0,'2017-09-30 10:21:15'),(1965,'http://img1.izuqun.com/fastdfs/M00/00/0D/dD4ZgFnO_52AZ98qAAG9BtjC9zs654.png',11,0,'2017-09-30 10:21:17'),(1966,'http://img1.izuqun.com/fastdfs/M00/00/0D/dD4ZgFnO_5-AX1yeAAHtwvTSLAo397.png',11,0,'2017-09-30 10:21:19'),(1967,'http://img1.izuqun.com/fastdfs/M00/00/0D/dD4ZgFnO_6KACUhbAAFfq7h7L7g908.png',11,0,'2017-09-30 10:21:22'),(1968,'http://img1.izuqun.com/fastdfs/M00/00/0D/dD4ZgFnPArSADxMFAC1i1gZdaGI222.jpg?width=4160&height=3120',5,0,'2017-09-30 10:34:28'),(1969,'http://img1.izuqun.com/fastdfs/M00/00/0D/dD4ZgFnPBdGACeQWAAnMnsmEz6M934.jpg?width=440&height=2295',5,0,'2017-09-30 10:47:46'),(1970,'http://img1.izuqun.com/fastdfs/M00/00/0D/dD4ZgFnPBdKAMq5sAAnMnsmEz6M521.jpg?width=440&height=2295',5,0,'2017-09-30 10:47:46'),(1971,'http://img1.izuqun.com/fastdfs/M00/00/0D/dD4ZgFnPBdKAKoyCAAF7s7Kjgn8050.jpg?width=475&height=600',5,0,'2017-09-30 10:47:46'),(1972,'http://img1.izuqun.com/fastdfs/M00/00/0D/dD4ZgFnPBdKANEEYAAVoKKlseOE954.jpg?width=600&height=849',5,0,'2017-09-30 10:47:46'),(1973,'http://img1.izuqun.com/fastdfs/M00/00/0D/dD4ZgFnPBdKATD0_AAMSD3JDAus180.jpg?width=500&height=1000',5,0,'2017-09-30 10:47:46'),(1974,'http://img1.izuqun.com/fastdfs/M00/00/0D/dD4ZgFnPBdKAQngIAALKr4zfe64954.jpg?width=658&height=1044',5,0,'2017-09-30 10:47:46'),(1975,'http://img1.izuqun.com/fastdfs/M00/00/0D/dD4ZgFnPBdKAHzzRAANeyLOtWJ0003.jpg?width=440&height=569',5,0,'2017-09-30 10:47:46'),(1976,'http://img1.izuqun.com/fastdfs/M00/00/0D/dD4ZgFnPBdKAcBd4AANyCaGLqz8202.jpg?width=440&height=737',5,0,'2017-09-30 10:47:46'),(1977,'http://img1.izuqun.com/fastdfs/M00/00/0D/dD4ZgFnPBduAXKSZAARruCTN20E864.jpg?width=800&height=593',5,0,'2017-09-30 10:47:55'),(1978,'http://img1.izuqun.com/fastdfs/M00/00/0D/dD4ZgFnPBduASjSGAAU_hecechc158.jpg?width=800&height=1150',5,0,'2017-09-30 10:47:55'),(1979,'http://img1.izuqun.com/fastdfs/M00/00/0D/dD4ZgFnPBduAUNioAAjCUtbXWA0200.jpg?width=800&height=991',5,0,'2017-09-30 10:47:55'),(1980,'http://img1.izuqun.com/fastdfs/M00/00/0D/dD4ZgFnPBduADWXSAAp-xUMPEP8755.jpg?width=800&height=1222',5,0,'2017-09-30 10:47:55'),(1981,'http://img1.izuqun.com/fastdfs/M00/00/0D/dD4ZgFnPBdyAC_BvAAfajAhhDgw805.jpg?width=800&height=1060',5,0,'2017-09-30 10:47:56'),(1982,'http://img1.izuqun.com/fastdfs/M00/00/0D/dD4ZgFnPBdyAEX0VAArFySfKbnU929.jpg?width=800&height=1016',5,0,'2017-09-30 10:47:56'),(1983,'http://img1.izuqun.com/fastdfs/M00/00/0D/dD4ZgFnPBi-AS_1ZAAgTikctKFM360.jpg?width=800&height=600',5,0,'2017-09-30 10:49:19'),(1984,'http://img1.izuqun.com/fastdfs/M00/00/0D/dD4ZgFnPBoSAcn2oAEzvLXTt4eM700.jpg',11,0,'2017-09-30 10:50:44'),(1985,'http://img1.izuqun.com/fastdfs/M00/00/0D/dD4ZgFnPBoaAPZs_AANyCaGLqz8250.jpg?width=440&height=737',5,0,'2017-09-30 10:50:46'),(1986,'http://img1.izuqun.com/fastdfs/M00/00/0D/dD4ZgFnPBouAIZPsAAFfq7h7L7g358.png',11,0,'2017-09-30 10:50:51'),(1987,'http://img1.izuqun.com/fastdfs/M00/00/0D/dD4ZgFnPBvyAZqHgAAMH_TYU_DA154.jpg?width=500&height=750',5,0,'2017-09-30 10:52:44'),(1988,'http://img1.izuqun.com/fastdfs/M00/00/0D/dD4ZgFnPBx-ASI9cAAG9BtjC9zs526.png',11,0,'2017-09-30 10:53:19'),(1989,'http://img1.izuqun.com/fastdfs/M00/00/0D/dD4ZgFnPB8eABwZ9AAAzR3YLZiE615.jpg',10,0,'2017-09-30 10:56:07'),(1990,'http://img1.izuqun.com/fastdfs/M00/00/0D/dD4ZgFnPCVWADG3MAAOzJPqTXYM128.png?width=1012&height=1682',5,0,'2017-09-30 11:02:45'),(1991,'http://img1.izuqun.com/fastdfs/M00/00/0D/dD4ZgFnPDMiALuhPAAOqaOaZzjI040.jpg?width=800&height=800',9,0,'2017-09-30 11:17:28'),(1992,'http://img1.izuqun.com/fastdfs/M00/00/0D/dD4ZgFnPDWCAG0TuAAXyvyqpG-s041.jpg?width=800&height=800',10,0,'2017-09-30 11:20:00'),(1993,'http://img1.izuqun.com/fastdfs/M00/00/0D/dD4ZgFnPDWiAM3vMAAALBtX-oew521.png',12,0,'2017-09-30 11:20:09'),(1994,'http://img1.izuqun.com/fastdfs/M00/00/0D/dD4ZgFnPDYOAUxAlAAZR9RkqS7U747.jpg?width=800&height=800',9,0,'2017-09-30 11:20:35'),(1995,'http://img1.izuqun.com/fastdfs/M00/00/0D/dD4ZgFnPD1SAc2x0AAOzJPqTXYM629.png',9,0,'2017-09-30 11:28:20'),(1996,'http://img1.izuqun.com/fastdfs/M00/00/0D/dD4ZgFnPD1aAboQiAAG9BtjC9zs044.png',9,0,'2017-09-30 11:28:22'),(1997,'http://img1.izuqun.com/fastdfs/M00/00/0D/dD4ZgFnPD3WABiIOABJ9pLsv2m0731.jpg',9,0,'2017-09-30 11:28:53'),(1998,'http://img1.izuqun.com/fastdfs/M00/00/0D/dD4ZgFnPD4OARF30AADPpCj2Bh8850.jpg',9,0,'2017-09-30 11:29:07'),(1999,'http://img1.izuqun.com/fastdfs/M00/00/0D/dD4ZgFnPD8-AIzUZAADpAVFvpbQ652.jpg',10,0,'2017-09-30 11:30:23'),(2000,'http://img1.izuqun.com/fastdfs/M00/00/0D/dD4ZgFnPEZaAc3g6AAG9BtjC9zs044.png?width=1068&height=1009',5,0,'2017-09-30 11:37:58'),(2001,'http://img1.izuqun.com/fastdfs/M00/00/0D/dD4ZgFnPEdWAPnSNAAG9BtjC9zs013.png',11,0,'2017-09-30 11:39:01'),(2002,'http://img1.izuqun.com/fastdfs/M00/00/0D/dD4ZgFnPFLWAc2SeAAAIgomIIzQ109.png',12,0,'2017-09-30 11:51:17'),(2003,'http://img1.izuqun.com/fastdfs/M00/00/0D/dD4ZgFnPHkyAcXyeAAALIfJFHy8173.png',12,0,'2017-09-30 12:32:12'),(2004,'http://img1.izuqun.com/fastdfs/M00/00/0D/dD4ZgFnPHnaABZm2AAAIg31SVLs946.png',12,0,'2017-09-30 12:32:54'),(2005,'http://img1.izuqun.com/fastdfs/M00/00/0D/dD4ZgFnPHneALXmWAAALDU5QmvY499.png',12,0,'2017-09-30 12:32:55'),(2006,'http://img1.izuqun.com/fastdfs/M00/00/0E/dD4ZgFnPHpWAYPjTAAAJKzm_8gw890.png',12,0,'2017-09-30 12:33:25'),(2007,'http://img1.izuqun.com/fastdfs/M00/00/0E/dD4ZgFnPHrmAQnxaAAALIT8aPYo753.png',12,0,'2017-09-30 12:34:01'),(2008,'http://img1.izuqun.com/fastdfs/M00/00/0E/dD4ZgFnPIOaAMBb4AAagqItz-U8499.jpg?width=720&height=1280',5,0,'2017-09-30 12:43:18'),(2009,'http://img1.izuqun.com/fastdfs/M00/00/0E/dD4ZgFnPIO2AX23aAAd3fP5prr4902.jpg?width=1080&height=1920',5,0,'2017-09-30 12:43:25'),(2010,'http://img1.izuqun.com/fastdfs/M00/00/0E/dD4ZgFnPIQKAerIgAAALDPmjTwE069.png',12,0,'2017-09-30 12:43:46'),(2011,'http://img1.izuqun.com/fastdfs/M00/00/0E/dD4ZgFnPIaaAafSgAAMH_TYU_DA948.jpg?width=500&height=750',5,0,'2017-09-30 12:46:31'),(2012,'http://img1.izuqun.com/fastdfs/M00/00/0E/dD4ZgFnPIaqANxeCAAgTikctKFM337.jpg?width=800&height=600',5,0,'2017-09-30 12:46:34'),(2013,'http://img1.izuqun.com/fastdfs/M00/00/0E/dD4ZgFnPIayAdWx3AAMH_TYU_DA845.jpg?width=500&height=750',5,0,'2017-09-30 12:46:36'),(2014,'http://img1.izuqun.com/fastdfs/M00/00/0E/dD4ZgFnPIbCAF2iuAAhW22v9Oiw626.jpg?width=800&height=1067',5,0,'2017-09-30 12:46:40'),(2015,'http://img1.izuqun.com/fastdfs/M00/00/0E/dD4ZgFnPJYaAa4RQAAD97r3TVH4875.jpg?width=813&height=966',5,0,'2017-09-30 13:03:02'),(2016,'http://img1.izuqun.com/fastdfs/M00/00/0E/dD4ZgFnPKBGAKpYrAASNU43Z-uc766.png?width=750&height=1334',5,0,'2017-09-30 13:13:53'),(2017,'http://img1.izuqun.com/fastdfs/M00/00/0E/dD4ZgFnPKBGAU93uAASNU43Z-uc895.png?width=750&height=1334',5,0,'2017-09-30 13:13:53'),(2018,'http://img1.izuqun.com/fastdfs/M00/00/0E/dD4ZgFnPKBaAf0JGAASNU43Z-uc258.png?width=750&height=1334',5,0,'2017-09-30 13:13:58'),(2019,'http://img1.izuqun.com/fastdfs/M00/00/0E/dD4ZgFnPKBaABQeCAASNU43Z-uc403.png?width=750&height=1334',5,0,'2017-09-30 13:13:58'),(2020,'http://img1.izuqun.com/fastdfs/M00/00/0E/dD4ZgFnPKB-AcMeiAASNU43Z-uc089.png?width=750&height=1334',5,0,'2017-09-30 13:14:07'),(2021,'http://img1.izuqun.com/fastdfs/M00/00/0E/dD4ZgFnPKB-Aav1gAASNU43Z-uc742.png?width=750&height=1334',5,0,'2017-09-30 13:14:07'),(2022,'http://img1.izuqun.com/fastdfs/M00/00/0E/dD4ZgFnPMpuAQ1krAAFbdC7JUiU698.png?width=1080&height=1920',5,0,'2017-09-30 13:58:51'),(2023,'http://img1.izuqun.com/fastdfs/M00/00/0E/dD4ZgFnPNHqAZfu2AACBAtYa_ww680.png?width=160&height=160',10,0,'2017-09-30 14:06:50'),(2024,'http://img1.izuqun.com/fastdfs/M00/00/0E/dD4ZgFnPOdSAK-NUAAJWy9ZcKAo605.jpg?width=440&height=440',9,0,'2017-09-30 14:29:40'),(2025,'http://img1.izuqun.com/fastdfs/M00/00/0E/dD4ZgFnPOi2ABOE8AAY8gQfNdwI113.jpg',9,0,'2017-09-30 14:31:09'),(2026,'http://img1.izuqun.com/fastdfs/M00/00/0E/dD4ZgFnPOjaAA2pWAAdgYr3qoJY754.jpg',9,0,'2017-09-30 14:31:18'),(2027,'http://img1.izuqun.com/fastdfs/M00/00/0E/dD4ZgFnPOkSAByLFAAALEwiNwtg954.png',12,0,'2017-09-30 14:31:32'),(2028,'http://img1.izuqun.com/fastdfs/M00/00/0E/dD4ZgFnPPfyANKLjAAVam3nu_-k329.jpg?width=600&height=600',9,0,'2017-09-30 14:47:24'),(2029,'http://img1.izuqun.com/fastdfs/M00/00/0E/dD4ZgFnPUq6AfwJ2AAf_kPQW8OY845.jpg?width=800&height=800',9,0,'2017-09-30 16:15:42'),(2030,'http://img1.izuqun.com/fastdfs/M00/00/0E/dD4ZgFnPU8-AAMOdAAcALGzsW9Q878.png?width=415&height=552',5,0,'2017-09-30 16:20:31'),(2031,'http://img1.izuqun.com/fastdfs/M00/00/0E/dD4ZgFnPU92AYUnSAAcALGzsW9Q151.png?width=415&height=552',5,0,'2017-09-30 16:20:45'),(2032,'http://img1.izuqun.com/fastdfs/M00/00/0E/dD4ZgFnPVASANZdIAAcALGzsW9Q265.png?width=415&height=552',5,0,'2017-09-30 16:21:24'),(2033,'http://img1.izuqun.com/fastdfs/M00/00/0E/dD4ZgFnPVA6APXCIAASNU43Z-uc785.png?width=750&height=1334',5,0,'2017-09-30 16:21:34'),(2034,'http://img1.izuqun.com/fastdfs/M00/00/0E/dD4ZgFnPVA6ADZuxAASNU43Z-uc218.png?width=750&height=1334',5,0,'2017-09-30 16:21:34'),(2035,'http://img1.izuqun.com/fastdfs/M00/00/0E/dD4ZgFnPXmGASGQTAAA06meSjCI630.png?width=160&height=160',5,0,'2017-09-30 17:05:37'),(2036,'http://img1.izuqun.com/fastdfs/M00/00/0E/dD4ZgFnPgd6ASgAVAAJStVR134I175.jpg',9,0,'2017-09-30 19:37:02'),(2037,'http://img1.izuqun.com/fastdfs/M00/00/0E/dD4ZgFnPjQiAVugSAAhbxBbD9mA257.png?width=415&height=552',5,0,'2017-09-30 20:24:40'),(2038,'http://img1.izuqun.com/fastdfs/M00/00/0E/dD4ZgFnPjQ-AG6oqAAhbxBbD9mA001.png?width=415&height=552',5,0,'2017-09-30 20:24:47'),(2039,'http://img1.izuqun.com/fastdfs/M00/00/0E/dD4ZgFnPlluAMvXxAAhWEVRurk0005.png?width=415&height=552',5,0,'2017-09-30 21:04:27'),(2040,'http://img1.izuqun.com/fastdfs/M00/00/0E/dD4ZgFnPlmKAT4SnAAhWEVRurk0244.png?width=415&height=552',5,0,'2017-09-30 21:04:34'),(2041,'http://img1.izuqun.com/fastdfs/M00/00/0E/dD4ZgFnPl92AYRZ_AActNny_KcA206.png?width=415&height=552',5,0,'2017-09-30 21:10:53'),(2042,'http://img1.izuqun.com/fastdfs/M00/00/0E/dD4ZgFnPp4iAb-CTAA9qJRPktaY856.jpg',9,0,'2017-09-30 22:17:44'),(2043,'http://img1.izuqun.com/fastdfs/M00/00/0E/dD4ZgFnPp5uAZJ-xABu60nfMP5g949.jpg',9,0,'2017-09-30 22:18:03'),(2044,'http://img1.izuqun.com/fastdfs/M00/00/0E/dD4ZgFnPqh6AftcuAANw6hJgbYs617.png?width=1920&height=1080',5,0,'2017-09-30 22:28:46'),(2045,'http://img1.izuqun.com/fastdfs/M00/00/0E/dD4ZgFnPqh6AOURHAAKs44PN5yU231.png?width=1920&height=1080',5,0,'2017-09-30 22:28:46'),(2046,'http://img1.izuqun.com/fastdfs/M00/00/0E/dD4ZgFnPqh-AAgXqAANw6hJgbYs782.png?width=1920&height=1080',5,0,'2017-09-30 22:28:47'),(2047,'http://img1.izuqun.com/fastdfs/M00/00/0E/dD4ZgFnPqh-ATPRuAAKs44PN5yU440.png?width=1920&height=1080',5,0,'2017-09-30 22:28:47'),(2048,'http://img1.izuqun.com/fastdfs/M00/00/0E/dD4ZgFnPqiGAcg0XAANw6hJgbYs809.png?width=1920&height=1080',5,0,'2017-09-30 22:28:49'),(2049,'http://img1.izuqun.com/fastdfs/M00/00/0E/dD4ZgFnPqiGATGPxAAKs44PN5yU573.png?width=1920&height=1080',5,0,'2017-09-30 22:28:49'),(2050,'http://img1.izuqun.com/fastdfs/M00/00/0E/dD4ZgFnPqiKALYe0AANw6hJgbYs926.png?width=1920&height=1080',5,0,'2017-09-30 22:28:50'),(2051,'http://img1.izuqun.com/fastdfs/M00/00/0E/dD4ZgFnPqiKAU8_WAAKs44PN5yU171.png?width=1920&height=1080',5,0,'2017-09-30 22:28:50'),(2052,'http://img1.izuqun.com/fastdfs/M00/00/0E/dD4ZgFnPqiOAdwJgAANw6hJgbYs840.png?width=1920&height=1080',5,0,'2017-09-30 22:28:52'),(2053,'http://img1.izuqun.com/fastdfs/M00/00/0E/dD4ZgFnPqiSAd-kWAAKs44PN5yU442.png?width=1920&height=1080',5,0,'2017-09-30 22:28:52'),(2054,'http://img1.izuqun.com/fastdfs/M00/00/0E/dD4ZgFnPqiWAEEzSAANw6hJgbYs582.png?width=1920&height=1080',5,0,'2017-09-30 22:28:53'),(2055,'http://img1.izuqun.com/fastdfs/M00/00/0E/dD4ZgFnPqiWAVSjlAAKs44PN5yU105.png?width=1920&height=1080',5,0,'2017-09-30 22:28:53'),(2056,'http://img1.izuqun.com/fastdfs/M00/00/0E/dD4ZgFnPqiWADmZYAANw6hJgbYs132.png?width=1920&height=1080',5,0,'2017-09-30 22:28:53'),(2057,'http://img1.izuqun.com/fastdfs/M00/00/0E/dD4ZgFnPqiWAJP_MAAKs44PN5yU958.png?width=1920&height=1080',5,0,'2017-09-30 22:28:53'),(2058,'http://img1.izuqun.com/fastdfs/M00/00/0E/dD4ZgFnPqiiAAYh3AANw6hJgbYs297.png?width=1920&height=1080',5,0,'2017-09-30 22:28:56'),(2059,'http://img1.izuqun.com/fastdfs/M00/00/0E/dD4ZgFnPqiiAFCKLAAKs44PN5yU988.png?width=1920&height=1080',5,0,'2017-09-30 22:28:56'),(2060,'http://img1.izuqun.com/fastdfs/M00/00/0E/dD4ZgFnPqjWAHhr0AANw6hJgbYs389.png?width=1920&height=1080',5,0,'2017-09-30 22:29:09'),(2061,'http://img1.izuqun.com/fastdfs/M00/00/0E/dD4ZgFnPqjWAdX1WAAKs44PN5yU494.png?width=1920&height=1080',5,0,'2017-09-30 22:29:09'),(2062,'http://img1.izuqun.com/fastdfs/M00/00/0E/dD4ZgFnPqjaAej-PAANw6hJgbYs026.png?width=1920&height=1080',5,0,'2017-09-30 22:29:10'),(2063,'http://img1.izuqun.com/fastdfs/M00/00/0E/dD4ZgFnPqjaAM79SAAKs44PN5yU252.png?width=1920&height=1080',5,0,'2017-09-30 22:29:10'),(2064,'http://img1.izuqun.com/fastdfs/M00/00/0E/dD4ZgFnPqnKAJaSQAAkJGx4FUXo004.png?width=1440&height=2560',5,0,'2017-09-30 22:30:10'),(2065,'http://img1.izuqun.com/fastdfs/M00/00/0E/dD4ZgFnPqnKAC_zPAAFxrH1NZVs859.png?width=480&height=648',5,0,'2017-09-30 22:30:10'),(2066,'http://img1.izuqun.com/fastdfs/M00/00/0E/dD4ZgFnPqnWAWSI8AAAU2MO8sxU986.png?width=138&height=138',5,0,'2017-09-30 22:30:13'),(2067,'http://img1.izuqun.com/fastdfs/M00/00/0E/dD4ZgFnPq-yAKQNcACiAlGyZZQ0551.jpg',9,0,'2017-09-30 22:36:28'),(2068,'http://img1.izuqun.com/fastdfs/M00/00/0E/dD4ZgFnPrBSARDYtAEZ9x1TJjqk469.jpg',9,0,'2017-09-30 22:37:08'),(2069,'http://img1.izuqun.com/fastdfs/M00/00/0E/dD4ZgFnQECqAA-AfAAAIhOb_WLs280.png',12,0,'2017-10-01 05:44:10'),(2070,'http://img1.izuqun.com/fastdfs/M00/00/0E/dD4ZgFnQhz2AbJY-AGRUshd1Pqg867.png?width=2976&height=3968',5,0,'2017-10-01 14:12:13'),(2071,'http://img1.izuqun.com/fastdfs/M00/00/0E/dD4ZgFnQiLyAbWwzAAFPQJbXMYA549.png?width=1080&height=1440',5,0,'2017-10-01 14:18:36'),(2072,'http://img1.izuqun.com/fastdfs/M00/00/0E/dD4ZgFnQjGGAaDBcAGRUshd1Pqg049.jpg?width=2976&height=3968',5,0,'2017-10-01 14:34:09'),(2073,'http://img1.izuqun.com/fastdfs/M00/00/0E/dD4ZgFnQjZqAR47EABQVzxzosHQ500.png?width=1440&height=1440',5,0,'2017-10-01 14:39:22'),(2074,'http://img1.izuqun.com/fastdfs/M00/00/0E/dD4ZgFnQvNWADyR4AAi9XFEJZG460.jpeg?width=720&height=1280',5,0,'2017-10-01 18:00:53'),(2075,'http://img1.izuqun.com/fastdfs/M00/00/0E/dD4ZgFnYcTCAPLflAEfFPsvDcZk395.jpg',11,0,'2017-10-07 14:16:16'),(2076,'http://img1.izuqun.com/fastdfs/M00/00/0E/dD4ZgFna8jeAd72MAABIq5EnjNU488.png?width=200&height=200',10,0,'2017-10-09 11:51:19'),(2077,'http://img1.izuqun.com/fastdfs/M00/00/0E/dD4ZgFna86OAZvPqAABIzImC3hY820.png?width=200&height=200',10,0,'2017-10-09 11:57:23'),(2078,'http://img1.izuqun.com/fastdfs/M00/00/0E/dD4ZgFna_F2AWM5TAAU_wc2Oh0k858.jpg',9,0,'2017-10-09 12:34:37'),(2079,'http://img1.izuqun.com/fastdfs/M00/00/0E/dD4ZgFna_H2AefrHAALCOfRm4ME740.jpg',9,0,'2017-10-09 12:35:09'),(2080,'http://img1.izuqun.com/fastdfs/M00/00/0E/dD4ZgFnbDqSAe-jCAAA-egOzxMk546.png?width=200&height=200',10,0,'2017-10-09 13:52:36'),(2081,'http://img1.izuqun.com/fastdfs/M00/00/0E/dD4ZgFnbD2aASu6AAAAi1eKiGns581.png?width=200&height=200',10,0,'2017-10-09 13:55:50'),(2082,'http://img1.izuqun.com/fastdfs/M00/00/0E/dD4ZgFnbELuAexfAADSqok4HwWs461.png?width=2336&height=4160',10,0,'2017-10-09 14:01:31'),(2083,'http://img1.izuqun.com/fastdfs/M00/00/0E/dD4ZgFnbEfaAdv6pAAAwfUU2_UE779.png?width=200&height=200',10,0,'2017-10-09 14:06:46'),(2084,'http://img1.izuqun.com/fastdfs/M00/00/0E/dD4ZgFnbEiWAG058AAA7bosjaKE940.png?width=200&height=200',10,0,'2017-10-09 14:07:33'),(2085,'http://img1.izuqun.com/fastdfs/M00/00/0E/dD4ZgFnbEoeAYJIgAAA7bobGLNM676.png?width=200&height=200',10,0,'2017-10-09 14:09:11'),(2086,'http://img1.izuqun.com/fastdfs/M00/00/0E/dD4ZgFnbFHaADa1yAAA7bsbo_S0649.png?width=200&height=200',10,0,'2017-10-09 14:17:27'),(2087,'http://img1.izuqun.com/fastdfs/M00/00/0E/dD4ZgFnbFOmAKZ1VAD3WCasp80A723.png?width=2336&height=4160',5,0,'2017-10-09 14:19:21'),(2088,'http://img1.izuqun.com/fastdfs/M00/00/0E/dD4ZgFnbFOmAMHqJAC6HUSJpbnM359.png?width=2336&height=4160',5,0,'2017-10-09 14:19:21'),(2089,'http://img1.izuqun.com/fastdfs/M00/00/0E/dD4ZgFnbFOmAVMSTADY9VXPdQJ8910.png?width=2336&height=4160',5,0,'2017-10-09 14:19:21'),(2090,'http://img1.izuqun.com/fastdfs/M00/00/0E/dD4ZgFnbFPmALRfpAD3WCasp80A271.png?width=2336&height=4160',5,0,'2017-10-09 14:19:37'),(2091,'http://img1.izuqun.com/fastdfs/M00/00/0E/dD4ZgFnbFPmADzShAC6HUSJpbnM874.png?width=2336&height=4160',5,0,'2017-10-09 14:19:37'),(2092,'http://img1.izuqun.com/fastdfs/M00/00/0E/dD4ZgFnbFPmAZ3p-ADY9VXPdQJ8436.png?width=2336&height=4160',5,0,'2017-10-09 14:19:37'),(2093,'http://img1.izuqun.com/fastdfs/M00/00/0E/dD4ZgFnbFQuAPpxAAD3WCasp80A178.png?width=2336&height=4160',5,0,'2017-10-09 14:19:55'),(2094,'http://img1.izuqun.com/fastdfs/M00/00/0E/dD4ZgFnbFQuAMAM7AD3WCasp80A150.png?width=2336&height=4160',5,0,'2017-10-09 14:19:55'),(2095,'http://img1.izuqun.com/fastdfs/M00/00/0E/dD4ZgFnbFQuAefqvAC6HUSJpbnM411.png?width=2336&height=4160',5,0,'2017-10-09 14:19:55'),(2096,'http://img1.izuqun.com/fastdfs/M00/00/0E/dD4ZgFnbFQuAES0oAC6HUSJpbnM338.png?width=2336&height=4160',5,0,'2017-10-09 14:19:55'),(2097,'http://img1.izuqun.com/fastdfs/M00/00/0E/dD4ZgFnbFQyAUhIfADY9VXPdQJ8610.png?width=2336&height=4160',5,0,'2017-10-09 14:19:56'),(2098,'http://img1.izuqun.com/fastdfs/M00/00/0E/dD4ZgFnbFQyAQ39uADY9VXPdQJ8210.png?width=2336&height=4160',5,0,'2017-10-09 14:19:56'),(2099,'http://img1.izuqun.com/fastdfs/M00/00/0E/dD4ZgFnbFRKALSqCAD3WCasp80A396.png?width=2336&height=4160',5,0,'2017-10-09 14:20:02'),(2100,'http://img1.izuqun.com/fastdfs/M00/00/0E/dD4ZgFnbFRKASqXnAC6HUSJpbnM087.png?width=2336&height=4160',5,0,'2017-10-09 14:20:02'),(2101,'http://img1.izuqun.com/fastdfs/M00/00/0E/dD4ZgFnbFRKAF8EEADY9VXPdQJ8645.png?width=2336&height=4160',5,0,'2017-10-09 14:20:02'),(2102,'http://img1.izuqun.com/fastdfs/M00/00/0E/dD4ZgFnbFRuAV3CPAD3WCasp80A442.png?width=2336&height=4160',5,0,'2017-10-09 14:20:11'),(2103,'http://img1.izuqun.com/fastdfs/M00/00/0E/dD4ZgFnbFRuARvfyAC6HUSJpbnM632.png?width=2336&height=4160',5,0,'2017-10-09 14:20:11'),(2104,'http://img1.izuqun.com/fastdfs/M00/00/0E/dD4ZgFnbFRuABN7qADY9VXPdQJ8193.png?width=2336&height=4160',5,0,'2017-10-09 14:20:11'),(2105,'http://img1.izuqun.com/fastdfs/M00/00/0E/dD4ZgFnbFR2Afdp1AD3WCasp80A279.png?width=2336&height=4160',5,0,'2017-10-09 14:20:13'),(2106,'http://img1.izuqun.com/fastdfs/M00/00/0F/dD4ZgFnbFR2AJrsUAC6HUSJpbnM666.png?width=2336&height=4160',5,0,'2017-10-09 14:20:13'),(2107,'http://img1.izuqun.com/fastdfs/M00/00/0F/dD4ZgFnbFR2ALKntADY9VXPdQJ8383.png?width=2336&height=4160',5,0,'2017-10-09 14:20:13'),(2108,'http://img1.izuqun.com/fastdfs/M00/00/0F/dD4ZgFnbFViAAeMhADk0_Sanbo8789.png?width=2336&height=4160',5,0,'2017-10-09 14:21:12'),(2109,'http://img1.izuqun.com/fastdfs/M00/00/0F/dD4ZgFnbFVqATzKaADk0_Sanbo8444.png?width=2336&height=4160',5,0,'2017-10-09 14:21:14'),(2110,'http://img1.izuqun.com/fastdfs/M00/00/0F/dD4ZgFnbFVuAEbUmADk0_Sanbo8748.png?width=2336&height=4160',5,0,'2017-10-09 14:21:15'),(2111,'http://img1.izuqun.com/fastdfs/M00/00/0F/dD4ZgFnbFWWARBIhADk0_Sanbo8805.png?width=2336&height=4160',5,0,'2017-10-09 14:21:25'),(2112,'http://img1.izuqun.com/fastdfs/M00/00/0F/dD4ZgFnbFYWAPwThAAHFAWfYPFI368.jpg?width=900&height=600',5,0,'2017-10-09 14:21:57'),(2113,'http://img1.izuqun.com/fastdfs/M00/00/0F/dD4ZgFnbFdWARSw5AAAzi54c5f8390.png?width=200&height=200',10,0,'2017-10-09 14:23:17'),(2114,'http://img1.izuqun.com/fastdfs/M00/00/0F/dD4ZgFnbFgOAXu5RAAAoOAkPPZw736.png?width=200&height=200',10,0,'2017-10-09 14:24:03'),(2115,'http://img1.izuqun.com/fastdfs/M00/00/0F/dD4ZgFnbGa2APZeMAAABrGG1SC8382.png?width=89&height=89',10,0,'2017-10-09 14:39:41'),(2116,'http://img1.izuqun.com/fastdfs/M00/00/0F/dD4ZgFnbGfCAW_J9AAAH18k3pWU047.png?width=200&height=200',10,0,'2017-10-09 14:40:48'),(2117,'http://img1.izuqun.com/fastdfs/M00/00/0F/dD4ZgFnbHFiAa359AAAO9Dq5zVM626.png?width=480&height=480',10,0,'2017-10-09 14:51:04'),(2118,'http://img1.izuqun.com/fastdfs/M00/00/0F/dD4ZgFnbHSCAUf5GAAAO9Dq5zVM637.png?width=480&height=480',10,0,'2017-10-09 14:54:24'),(2119,'http://img1.izuqun.com/fastdfs/M00/00/0F/dD4ZgFnbHzqAGJ0tADHtkmGn2E4939.png',8,0,'2017-10-09 15:03:22'),(2120,'http://img1.izuqun.com/fastdfs/M00/00/0F/dD4ZgFnbH3CAP0kkADHtkmGn2E4498.png',8,0,'2017-10-09 15:04:16'),(2121,'http://img1.izuqun.com/fastdfs/M00/00/0F/dD4ZgFnbIEqAb_amAAELTVZ9ZTw428.png?width=160&height=160',10,0,'2017-10-09 15:07:54'),(2122,'http://img1.izuqun.com/fastdfs/M00/00/0F/dD4ZgFnbIGuAHfG6AAE9IjM0gVQ169.png?width=160&height=160',10,0,'2017-10-09 15:08:27'),(2123,'http://img1.izuqun.com/fastdfs/M00/00/0F/dD4ZgFnbIKqACiaVAAEP3_sQorE682.png?width=160&height=160',10,0,'2017-10-09 15:09:30'),(2124,'http://img1.izuqun.com/fastdfs/M00/00/0F/dD4ZgFnbIeeABBKeAAAIlLpBO48042.png?width=176&height=176',10,0,'2017-10-09 15:14:47'),(2125,'http://img1.izuqun.com/fastdfs/M00/00/0F/dD4ZgFnbIl2AR5R0AAAO9Dq5zVM068.png?width=480&height=480',10,0,'2017-10-09 15:16:45'),(2126,'http://img1.izuqun.com/fastdfs/M00/00/0F/dD4ZgFnbLjWAaM0JAAAO9Dq5zVM283.png?width=480&height=480',10,0,'2017-10-09 16:07:17'),(2127,'http://img1.izuqun.com/fastdfs/M00/00/0F/dD4ZgFnbL_mATLaeAAAO9Dq5zVM718.png?width=480&height=480',10,0,'2017-10-09 16:14:49'),(2128,'http://img1.izuqun.com/fastdfs/M00/00/0F/dD4ZgFnbMEiAc8gwAAAO9Dq5zVM668.png?width=480&height=480',10,0,'2017-10-09 16:16:08'),(2129,'http://img1.izuqun.com/fastdfs/M00/00/0F/dD4ZgFnbMMuAPpRHAAAH1ZQklEo708.png?width=200&height=199',10,0,'2017-10-09 16:18:19'),(2130,'http://img1.izuqun.com/fastdfs/M00/00/0F/dD4ZgFnbMYCAHjO-AAAGzuQamfw816.png?width=200&height=199',10,0,'2017-10-09 16:21:20'),(2131,'http://img1.izuqun.com/fastdfs/M00/00/0F/dD4ZgFnbQqKADLZrAAALHkEQJ4I628.png',12,0,'2017-10-09 17:34:26'),(2132,'http://img1.izuqun.com/fastdfs/M00/00/0F/dD4ZgFnbUHqARLtaAAAJFfJ_728300.png?width=198&height=198',11,0,'2017-10-09 18:33:30'),(2133,'http://img1.izuqun.com/fastdfs/M00/00/0F/dD4ZgFnbUIqAWo8IAAAJFfJ_728247.png?width=198&height=198',11,0,'2017-10-09 18:33:46'),(2134,'http://img1.izuqun.com/fastdfs/M00/00/0F/dD4ZgFncHoeAWBwJAC-5hi7_XQE518.png?width=2336&height=4160',11,0,'2017-10-10 09:12:39'),(2135,'http://img1.izuqun.com/fastdfs/M00/00/0F/dD4ZgFncIC2AeezhAAAO9Dq5zVM490.png?width=480&height=480',11,0,'2017-10-10 09:19:41'),(2136,'http://img1.izuqun.com/fastdfs/M00/00/0F/dD4ZgFncJ9GAas03AAAD3tuBDXo122.png',4,0,'2017-10-10 09:52:17'),(2137,'http://img1.izuqun.com/fastdfs/M00/00/0F/dD4ZgFncJ-CAb9JQAACBwgX9CRo956.png',4,0,'2017-10-10 09:52:32'),(2138,'http://img1.izuqun.com/fastdfs/M00/00/0F/dD4ZgFncJ-qAST3DAAAEUYRMLZM998.png',4,0,'2017-10-10 09:52:42'),(2139,'http://img1.izuqun.com/fastdfs/M00/00/0F/dD4ZgFncKuKAcb2pAASNU43Z-uc462.png?width=750&height=1334',5,0,'2017-10-10 10:05:22'),(2140,'http://img1.izuqun.com/fastdfs/M00/00/0F/dD4ZgFncKuKAZUF-AASNU43Z-uc342.png?width=750&height=1334',5,0,'2017-10-10 10:05:22'),(2141,'http://img1.izuqun.com/fastdfs/M00/00/0F/dD4ZgFncK0uAWZbCAANrnDknZlI47.jpeg',11,0,'2017-10-10 10:07:07'),(2142,'http://img1.izuqun.com/fastdfs/M00/00/0F/dD4ZgFncK1WAbdK-AANrnDknZlI23.jpeg',11,0,'2017-10-10 10:07:17'),(2143,'http://img1.izuqun.com/fastdfs/M00/00/0F/dD4ZgFncK4WAHJfzABXV4OVdauU65.jpeg',11,0,'2017-10-10 10:08:05'),(2144,'http://img1.izuqun.com/fastdfs/M00/00/0F/dD4ZgFncLJqAEg7zAAAD3tuBDXo236.png',4,0,'2017-10-10 10:12:42'),(2145,'http://img1.izuqun.com/fastdfs/M00/00/0F/dD4ZgFncLKKAQFFBAAAEUYRMLZM623.png',4,0,'2017-10-10 10:12:50'),(2146,'http://img1.izuqun.com/fastdfs/M00/00/0F/dD4ZgFncPXuARTxLACLR02lnDyA294.jpg',11,0,'2017-10-10 11:24:43'),(2147,'http://img1.izuqun.com/fastdfs/M00/00/0F/dD4ZgFncPfaATyOrACfIm2s-LhY011.jpg',9,0,'2017-10-10 11:26:46'),(2148,'http://img1.izuqun.com/fastdfs/M00/00/0F/dD4ZgFncQpyAK4OlAAHFAWfYPFI045.jpg?width=900&height=600',5,0,'2017-10-10 11:46:36'),(2149,'http://img1.izuqun.com/fastdfs/M00/00/0F/dD4ZgFncQpyATsLBAANrMQJ4HiY215.jpg?width=900&height=600',5,0,'2017-10-10 11:46:36'),(2150,'http://img1.izuqun.com/fastdfs/M00/00/0F/dD4ZgFncQp2Ad1T4AANrMQJ4HiY226.jpg?width=900&height=600',5,0,'2017-10-10 11:46:37'),(2151,'http://img1.izuqun.com/fastdfs/M00/00/0F/dD4ZgFncQq2APGJsAANrMQJ4HiY441.jpg?width=900&height=600',5,0,'2017-10-10 11:46:53'),(2152,'http://img1.izuqun.com/fastdfs/M00/00/0F/dD4ZgFncQwaAQs1HAARNF90R2EQ247.jpg?width=900&height=600',5,0,'2017-10-10 11:48:22'),(2153,'http://img1.izuqun.com/fastdfs/M00/00/0F/dD4ZgFncQ26AWfHrAAFX-m3k7fQ186.jpg?width=900&height=600',5,0,'2017-10-10 11:50:06'),(2154,'http://img1.izuqun.com/fastdfs/M00/00/0F/dD4ZgFncRAiAcAqgAANrMQJ4HiY867.jpg?width=900&height=600',5,0,'2017-10-10 11:52:40'),(2155,'http://img1.izuqun.com/fastdfs/M00/00/0F/dD4ZgFncRY-AK0oKAAAU2MO8sxU875.jpg?width=138&height=138',5,0,'2017-10-10 11:59:11'),(2156,'http://img1.izuqun.com/fastdfs/M00/00/0F/dD4ZgFncXX6AeUXgAAAJJR5lIgY681.png',12,0,'2017-10-10 13:41:18'),(2157,'http://img1.izuqun.com/fastdfs/M00/00/0F/dD4ZgFnccyOAOVxvAAAJMC4OsHM300.png',12,0,'2017-10-10 15:13:39'),(2158,'http://img1.izuqun.com/fastdfs/M00/00/0F/dD4ZgFnceiGAQieHAAAJLGxrkQo256.png',12,0,'2017-10-10 15:43:29'),(2159,'http://img1.izuqun.com/fastdfs/M00/00/0F/dD4ZgFnchY2AWDSVAAD1gFPbbBg518.jpg?width=600&height=600',10,0,'2017-10-10 16:32:13'),(2160,'http://img1.izuqun.com/fastdfs/M00/00/0F/dD4ZgFncmf-AUSopAAEhRaIogb4943.jpg?width=600&height=600',10,0,'2017-10-10 17:59:27'),(2161,'http://img1.izuqun.com/fastdfs/M00/00/0F/dD4ZgFndjE2AE9cjAAF7s7Kjgn8434.jpg?width=475&height=600',5,0,'2017-10-11 11:13:17'),(2162,'http://img1.izuqun.com/fastdfs/M00/00/0F/dD4ZgFnd2HOAB-SSAAACc67Qy9I634.png?width=200&height=200',10,0,'2017-10-11 16:38:11'),(2163,'http://img1.izuqun.com/fastdfs/M00/00/0F/dD4ZgFnd2mOAY5MbAAAIh1sG40Q246.png?width=182&height=182',10,0,'2017-10-11 16:46:27'),(2164,'http://img1.izuqun.com/fastdfs/M00/00/0F/dD4ZgFnd5E6AW9MZAAAEqFebsGo635.png?width=42&height=42',9,0,'2017-10-11 17:28:46'),(2165,'http://img1.izuqun.com/fastdfs/M00/00/0F/dD4ZgFnd51uAEJyTAAADF8WFvoA280.png?width=48&height=48',11,0,'2017-10-11 17:41:47'),(2166,'http://img1.izuqun.com/fastdfs/M00/00/0F/dD4ZgFnd7A-AOED3AAAmQOZQ_Zg652.png?width=120&height=120',11,0,'2017-10-11 18:01:51'),(2167,'http://img1.izuqun.com/fastdfs/M00/00/0F/dD4ZgFneAVeAPXP3ABU07qyK6rQ142.png?width=640&height=1136',5,0,'2017-10-11 19:32:39'),(2168,'http://img1.izuqun.com/fastdfs/M00/00/0F/dD4ZgFneAVeAYuAbABXpISIcIFI743.png?width=640&height=1136',5,0,'2017-10-11 19:32:39'),(2169,'http://img1.izuqun.com/fastdfs/M00/00/0F/dD4ZgFneAVeAI0g1ABU07qyK6rQ463.png?width=640&height=1136',5,0,'2017-10-11 19:32:39'),(2170,'http://img1.izuqun.com/fastdfs/M00/00/0F/dD4ZgFneAVeAcynaABXpISIcIFI164.png?width=640&height=1136',5,0,'2017-10-11 19:32:39'),(2171,'http://img1.izuqun.com/fastdfs/M00/00/0F/dD4ZgFneAVeAbsMJABU07qyK6rQ061.png?width=640&height=1136',5,0,'2017-10-11 19:32:39'),(2172,'http://img1.izuqun.com/fastdfs/M00/00/0F/dD4ZgFneAVeAPa1BABXpISIcIFI393.png?width=640&height=1136',5,0,'2017-10-11 19:32:39'),(2173,'http://img1.izuqun.com/fastdfs/M00/00/0F/dD4ZgFneAVeARIQCABXpISIcIFI429.png?width=640&height=1136',5,0,'2017-10-11 19:32:39'),(2174,'http://img1.izuqun.com/fastdfs/M00/00/0F/dD4ZgFneAVeAK3Y-ABU07qyK6rQ716.png?width=640&height=1136',5,0,'2017-10-11 19:32:39'),(2175,'http://img1.izuqun.com/fastdfs/M00/00/0F/dD4ZgFneAVeALYPSABU07qyK6rQ627.png?width=640&height=1136',5,0,'2017-10-11 19:32:39'),(2176,'http://img1.izuqun.com/fastdfs/M00/00/0F/dD4ZgFneAYWAGmLAABU07qyK6rQ653.png?width=640&height=1136',5,0,'2017-10-11 19:33:25'),(2177,'http://img1.izuqun.com/fastdfs/M00/00/0F/dD4ZgFneAYWAAuJOABXpISIcIFI711.png?width=640&height=1136',5,0,'2017-10-11 19:33:25'),(2178,'http://img1.izuqun.com/fastdfs/M00/00/0F/dD4ZgFneAYWANWEpABU07qyK6rQ628.png?width=640&height=1136',5,0,'2017-10-11 19:33:25'),(2179,'http://img1.izuqun.com/fastdfs/M00/00/0F/dD4ZgFneAYWAU32EABXpISIcIFI678.png?width=640&height=1136',5,0,'2017-10-11 19:33:25'),(2180,'http://img1.izuqun.com/fastdfs/M00/00/0F/dD4ZgFneAYWADh10ABU07qyK6rQ342.png?width=640&height=1136',5,0,'2017-10-11 19:33:25'),(2181,'http://img1.izuqun.com/fastdfs/M00/00/0F/dD4ZgFneAYWAWoSJABXpISIcIFI711.png?width=640&height=1136',5,0,'2017-10-11 19:33:25'),(2182,'http://img1.izuqun.com/fastdfs/M00/00/0F/dD4ZgFneAYWAG3xZABXpISIcIFI362.png?width=640&height=1136',5,0,'2017-10-11 19:33:25'),(2183,'http://img1.izuqun.com/fastdfs/M00/00/0F/dD4ZgFneAYWAXYimABU07qyK6rQ053.png?width=640&height=1136',5,0,'2017-10-11 19:33:25'),(2184,'http://img1.izuqun.com/fastdfs/M00/00/0F/dD4ZgFneAYWAZhfkABU07qyK6rQ580.png?width=640&height=1136',5,0,'2017-10-11 19:33:25'),(2185,'http://img1.izuqun.com/fastdfs/M00/00/0F/dD4ZgFneAeeAB_f6AAD7eoOih6E243.png?width=160&height=160',10,0,'2017-10-11 19:35:03'),(2186,'http://img1.izuqun.com/fastdfs/M00/00/0F/dD4ZgFnexw2Aftv5AABHFokjejQ120.png?width=987&height=35',5,0,'2017-10-12 09:36:13'),(2187,'http://img1.izuqun.com/fastdfs/M00/00/0F/dD4ZgFnexxqAId5iAAAB5sAWV_o377.png?width=987&height=16',5,0,'2017-10-12 09:36:26'),(2188,'http://img1.izuqun.com/fastdfs/M00/00/0F/dD4ZgFnexyCAfo-oAAAA0ZttWsg610.png?width=7&height=27',5,0,'2017-10-12 09:36:32'),(2189,'http://img1.izuqun.com/fastdfs/M00/00/0F/dD4ZgFnexyiAfIyGAAAA0ZttWsg360.png?width=7&height=27',5,0,'2017-10-12 09:36:40'),(2190,'http://img1.izuqun.com/fastdfs/M00/00/0F/dD4ZgFnexy2ACzkbAAAA0ZttWsg325.png?width=7&height=27',5,0,'2017-10-12 09:36:45'),(2191,'http://img1.izuqun.com/fastdfs/M00/00/0F/dD4ZgFnexzaAeBmpAAAB5sAWV_o582.png?width=987&height=16',5,0,'2017-10-12 09:36:54'),(2192,'http://img1.izuqun.com/fastdfs/M00/00/0F/dD4ZgFnexzyAUF18AAAA0ZttWsg653.png?width=7&height=27',5,0,'2017-10-12 09:37:00'),(2193,'http://img1.izuqun.com/fastdfs/M00/00/0F/dD4ZgFnex0KAYfx7AAAA0ZttWsg886.png?width=7&height=27',5,0,'2017-10-12 09:37:06'),(2194,'http://img1.izuqun.com/fastdfs/M00/00/0F/dD4ZgFnex0mAVpVUAAAA0ZttWsg013.png?width=7&height=27',5,0,'2017-10-12 09:37:13'),(2195,'http://img1.izuqun.com/fastdfs/M00/00/0F/dD4ZgFnezAiAaa6NAATA8EbhY9U295.jpg?width=1920&height=1080',5,0,'2017-10-12 09:57:28'),(2196,'http://img1.izuqun.com/fastdfs/M00/00/0F/dD4ZgFnezAqAJ5B5AAKMxkOjrRs921.jpg?width=1920&height=1080',5,0,'2017-10-12 09:57:30'),(2197,'http://img1.izuqun.com/fastdfs/M00/00/0F/dD4ZgFnezAyAA9IyAAQsWyLwaz8757.jpg?width=1920&height=1080',5,0,'2017-10-12 09:57:32'),(2198,'http://img1.izuqun.com/fastdfs/M00/00/0F/dD4ZgFnezA6AFdrYAAMSD3JDAus577.jpg?width=500&height=1000',5,0,'2017-10-12 09:57:34'),(2199,'http://img1.izuqun.com/fastdfs/M00/00/0F/dD4ZgFnezBKAKLcbAAVoKKlseOE078.jpg?width=600&height=849',5,0,'2017-10-12 09:57:38'),(2200,'http://img1.izuqun.com/fastdfs/M00/00/0F/dD4ZgFnezBKAf0_WAAMSD3JDAus713.jpg?width=500&height=1000',5,0,'2017-10-12 09:57:38'),(2201,'http://img1.izuqun.com/fastdfs/M00/00/0F/dD4ZgFnezBKACM6HAAKMxkOjrRs692.jpg?width=1920&height=1080',5,0,'2017-10-12 09:57:38'),(2202,'http://img1.izuqun.com/fastdfs/M00/00/0F/dD4ZgFnezSyAPQ4EAAKMxkOjrRs185.jpg?width=1920&height=1080',5,0,'2017-10-12 10:02:20'),(2203,'http://img1.izuqun.com/fastdfs/M00/00/10/dD4ZgFnezcqAIqnRAAcOlunR2QY851.jpg?width=768&height=768',11,0,'2017-10-12 10:04:58'),(2204,'http://img1.izuqun.com/fastdfs/M00/00/10/dD4ZgFne1_KAOUCnAAeWwZPbGU4275.jpg?width=768&height=768',9,0,'2017-10-12 10:48:18'),(2205,'http://img1.izuqun.com/fastdfs/M00/00/10/dD4ZgFne2LeAFLM-AAVoKKlseOE495.jpg?width=600&height=849',5,0,'2017-10-12 10:51:35'),(2206,'http://img1.izuqun.com/fastdfs/M00/00/10/dD4ZgFne2dyAHvUWAAZzucwvNfQ895.jpg?width=768&height=768',9,0,'2017-10-12 10:56:28'),(2207,'http://img1.izuqun.com/fastdfs/M00/00/10/dD4ZgFne2ymAWXUcABEeAAh6ik4194.exe?width=&height=',5,0,'2017-10-12 11:02:01'),(2208,'http://img1.izuqun.com/fastdfs/M00/00/10/dD4ZgFne2y2AGXnYAAAJgB5_R7U169.bmp?width=48&height=48',5,0,'2017-10-12 11:02:05'),(2209,'http://img1.izuqun.com/fastdfs/M00/00/10/dD4ZgFne2zCAAQpQAAAJgB5_R7U154.bmp?width=48&height=48',5,0,'2017-10-12 11:02:08'),(2210,'http://img1.izuqun.com/fastdfs/M00/00/10/dD4ZgFne2zOALxz6AAAJgB5_R7U105.bmp?width=48&height=48',5,0,'2017-10-12 11:02:11'),(2211,'http://img1.izuqun.com/fastdfs/M00/00/10/dD4ZgFne2zaAWRFCAAAJgB5_R7U378.bmp?width=48&height=48',5,0,'2017-10-12 11:02:14'),(2212,'http://img1.izuqun.com/fastdfs/M00/00/10/dD4ZgFne2ziAGiukAAAJgB5_R7U585.bmp?width=48&height=48',5,0,'2017-10-12 11:02:16'),(2213,'http://img1.izuqun.com/fastdfs/M00/00/10/dD4ZgFne2zuAc_abAAAJgB5_R7U570.bmp?width=48&height=48',5,0,'2017-10-12 11:02:19'),(2214,'http://img1.izuqun.com/fastdfs/M00/00/10/dD4ZgFne2z2ATsBCAAAJgB5_R7U228.bmp?width=48&height=48',5,0,'2017-10-12 11:02:21'),(2215,'http://img1.izuqun.com/fastdfs/M00/00/10/dD4ZgFne2z-AMKDSAAAJgB5_R7U414.bmp?width=48&height=48',5,0,'2017-10-12 11:02:23'),(2216,'http://img1.izuqun.com/fastdfs/M00/00/10/dD4ZgFne3HSAbt2DAASmlCqlHwA930.jpg?width=1920&height=1200',5,0,'2017-10-12 11:07:32'),(2217,'http://img1.izuqun.com/fastdfs/M00/00/10/dD4ZgFne3hmAO8kpAAAA0ZttWsg487.png?width=7&height=27',5,0,'2017-10-12 11:14:33'),(2218,'http://img1.izuqun.com/fastdfs/M00/00/10/dD4ZgFne3h6AOTNPAAAA0ZttWsg440.png?width=7&height=27',5,0,'2017-10-12 11:14:38'),(2219,'http://img1.izuqun.com/fastdfs/M00/00/10/dD4ZgFne3iKAL8KOAAAA0ZttWsg922.png?width=7&height=27',5,0,'2017-10-12 11:14:42'),(2220,'http://img1.izuqun.com/fastdfs/M00/00/10/dD4ZgFne3iaAONr7AAAA0ZttWsg143.png?width=7&height=27',5,0,'2017-10-12 11:14:46'),(2221,'http://img1.izuqun.com/fastdfs/M00/00/10/dD4ZgFne3imATmp0AAAA0ZttWsg935.png?width=7&height=27',5,0,'2017-10-12 11:14:49'),(2222,'http://img1.izuqun.com/fastdfs/M00/00/10/dD4ZgFne3i2AS6-iAAAA0ZttWsg857.png?width=7&height=27',5,0,'2017-10-12 11:14:53'),(2223,'http://img1.izuqun.com/fastdfs/M00/00/10/dD4ZgFne3jGAV7DVAAAA0ZttWsg811.png?width=7&height=27',5,0,'2017-10-12 11:14:57'),(2224,'http://img1.izuqun.com/fastdfs/M00/00/10/dD4ZgFne3jWAIC_RAAAA0ZttWsg864.png?width=7&height=27',5,0,'2017-10-12 11:15:01'),(2225,'http://img1.izuqun.com/fastdfs/M00/00/10/dD4ZgFne3jiANPN5AAAA0ZttWsg458.png?width=7&height=27',5,0,'2017-10-12 11:15:04'),(2226,'http://img1.izuqun.com/fastdfs/M00/00/10/dD4ZgFne7KCAHGzbABpgSNjQcvg015.jpg',10,0,'2017-10-12 12:16:32'),(2227,'http://img1.izuqun.com/fastdfs/M00/00/10/dD4ZgFne7LiAcs3zAAOTzEcKQPY592.jpg',10,0,'2017-10-12 12:16:56'),(2228,'http://img1.izuqun.com/fastdfs/M00/00/10/dD4ZgFne70eACxFUAAAA0ZttWsg820.png?width=7&height=27',5,0,'2017-10-12 12:27:51'),(2229,'http://img1.izuqun.com/fastdfs/M00/00/10/dD4ZgFne70uAZzDEAAAA0ZttWsg203.png?width=7&height=27',5,0,'2017-10-12 12:27:55'),(2230,'http://img1.izuqun.com/fastdfs/M00/00/10/dD4ZgFne71CAcFIkAAAA0ZttWsg052.png?width=7&height=27',5,0,'2017-10-12 12:28:00'),(2231,'http://img1.izuqun.com/fastdfs/M00/00/10/dD4ZgFne71WAZwrAAAAA0ZttWsg145.png?width=7&height=27',5,0,'2017-10-12 12:28:05'),(2232,'http://img1.izuqun.com/fastdfs/M00/00/10/dD4ZgFne71mATpvYAAAA0ZttWsg366.png?width=7&height=27',5,0,'2017-10-12 12:28:09'),(2233,'http://img1.izuqun.com/fastdfs/M00/00/10/dD4ZgFne716AKIVuAAAA0ZttWsg573.png?width=7&height=27',5,0,'2017-10-12 12:28:14'),(2234,'http://img1.izuqun.com/fastdfs/M00/00/10/dD4ZgFne72KAZjeCAAAA0ZttWsg304.png?width=7&height=27',5,0,'2017-10-12 12:28:18'),(2235,'http://img1.izuqun.com/fastdfs/M00/00/10/dD4ZgFne72aAUeixAAAA0ZttWsg362.png?width=7&height=27',5,0,'2017-10-12 12:28:22'),(2236,'http://img1.izuqun.com/fastdfs/M00/00/10/dD4ZgFne72yANPM8AAAA0ZttWsg160.png?width=7&height=27',5,0,'2017-10-12 12:28:28'),(2237,'http://img1.izuqun.com/fastdfs/M00/00/10/dD4ZgFne8HmAdoDrAAAA0ZttWsg477.png?width=7&height=27',5,0,'2017-10-12 12:32:57'),(2238,'http://img1.izuqun.com/fastdfs/M00/00/10/dD4ZgFne8H2AUvmRAAAA0ZttWsg184.png?width=7&height=27',5,0,'2017-10-12 12:33:01'),(2239,'http://img1.izuqun.com/fastdfs/M00/00/10/dD4ZgFne8IGACVtMAAAA0ZttWsg082.png?width=7&height=27',5,0,'2017-10-12 12:33:05'),(2240,'http://img1.izuqun.com/fastdfs/M00/00/10/dD4ZgFne8IWACzD-AAAA0ZttWsg184.png?width=7&height=27',5,0,'2017-10-12 12:33:09'),(2241,'http://img1.izuqun.com/fastdfs/M00/00/10/dD4ZgFne8IqABawcAAAA0ZttWsg066.png?width=7&height=27',5,0,'2017-10-12 12:33:14'),(2242,'http://img1.izuqun.com/fastdfs/M00/00/10/dD4ZgFne8I6AZlH-AAAA0ZttWsg287.png?width=7&height=27',5,0,'2017-10-12 12:33:18'),(2243,'http://img1.izuqun.com/fastdfs/M00/00/10/dD4ZgFne8JKAMPuvAAAA0ZttWsg619.png?width=7&height=27',5,0,'2017-10-12 12:33:22'),(2244,'http://img1.izuqun.com/fastdfs/M00/00/10/dD4ZgFne8JaAAaOqAAAA0ZttWsg362.png?width=7&height=27',5,0,'2017-10-12 12:33:26'),(2245,'http://img1.izuqun.com/fastdfs/M00/00/10/dD4ZgFne8J2AKFFxAAAA0ZttWsg335.png?width=7&height=27',5,0,'2017-10-12 12:33:33'),(2246,'http://img1.izuqun.com/fastdfs/M00/00/10/dD4ZgFne-uSAYGvxAAAA0ZttWsg384.png?width=7&height=27',5,0,'2017-10-12 13:17:24'),(2247,'http://img1.izuqun.com/fastdfs/M00/00/10/dD4ZgFne-yKAc-BwAAc6dclAnGI394.jpg?width=768&height=768',9,0,'2017-10-12 13:18:26'),(2248,'http://img1.izuqun.com/fastdfs/M00/00/10/dD4ZgFne-zGAZoEIAAmT9wXvRZU564.jpg?width=768&height=768',9,0,'2017-10-12 13:18:41'),(2249,'http://img1.izuqun.com/fastdfs/M00/00/10/dD4ZgFne_FuAbtnLAAAA0ZttWsg565.png?width=7&height=27',5,0,'2017-10-12 13:23:39'),(2250,'http://img1.izuqun.com/fastdfs/M00/00/10/dD4ZgFne_GCACzF3AAAA0ZttWsg724.png?width=7&height=27',5,0,'2017-10-12 13:23:44'),(2251,'http://img1.izuqun.com/fastdfs/M00/00/10/dD4ZgFne_GSARlgVAAAA0ZttWsg482.png?width=7&height=27',5,0,'2017-10-12 13:23:48'),(2252,'http://img1.izuqun.com/fastdfs/M00/00/10/dD4ZgFne_GiAdSUpAAAA0ZttWsg346.png?width=7&height=27',5,0,'2017-10-12 13:23:52'),(2253,'http://img1.izuqun.com/fastdfs/M00/00/10/dD4ZgFne_GuAe6rTAAAA0ZttWsg345.png?width=7&height=27',5,0,'2017-10-12 13:23:55'),(2254,'http://img1.izuqun.com/fastdfs/M00/00/10/dD4ZgFne_G-AV4R_AAAA0ZttWsg170.png?width=7&height=27',5,0,'2017-10-12 13:23:59'),(2255,'http://img1.izuqun.com/fastdfs/M00/00/10/dD4ZgFne_HOAW7BPAAAA0ZttWsg059.png?width=7&height=27',5,0,'2017-10-12 13:24:03'),(2256,'http://img1.izuqun.com/fastdfs/M00/00/10/dD4ZgFne_HeAbbBnAAAA0ZttWsg983.png?width=7&height=27',5,0,'2017-10-12 13:24:07'),(2257,'http://img1.izuqun.com/fastdfs/M00/00/10/dD4ZgFne_HyAaOvEAAAA0ZttWsg918.png?width=7&height=27',5,0,'2017-10-12 13:24:12'),(2258,'http://img1.izuqun.com/fastdfs/M00/00/10/dD4ZgFne_cqAIbyXAAAA0ZttWsg522.png?width=7&height=27',5,0,'2017-10-12 13:29:46'),(2259,'http://img1.izuqun.com/fastdfs/M00/00/10/dD4ZgFne_c6AJqWBAAAA0ZttWsg511.png?width=7&height=27',5,0,'2017-10-12 13:29:50'),(2260,'http://img1.izuqun.com/fastdfs/M00/00/10/dD4ZgFne_kOAb0fGAAAA0ZttWsg286.png?width=7&height=27',5,0,'2017-10-12 13:31:47'),(2261,'http://img1.izuqun.com/fastdfs/M00/00/10/dD4ZgFne_keATUX8AAAA0ZttWsg728.png?width=7&height=27',5,0,'2017-10-12 13:31:51'),(2262,'http://img1.izuqun.com/fastdfs/M00/00/10/dD4ZgFnfAzeAXDvHAAQsWyLwaz8711.jpg?width=1920&height=1080',1,0,'2017-10-12 13:52:55'),(2263,'http://img1.izuqun.com/fastdfs/M00/00/10/dD4ZgFnfBTKADM1xAAQsWyLwaz8694.jpg?width=1920&height=1080',1,0,'2017-10-12 14:01:22'),(2264,'http://img1.izuqun.com/fastdfs/M00/00/10/dD4ZgFnfBi2ACuIzAAC6bBbbxSw063.jpg',9,0,'2017-10-12 14:05:33'),(2265,'http://img1.izuqun.com/fastdfs/M00/00/10/dD4ZgFnfBlmAFL_jAAQsWyLwaz8418.jpg?width=1920&height=1080',2,0,'2017-10-12 14:06:17'),(2266,'http://img1.izuqun.com/fastdfs/M00/00/10/dD4ZgFnfCHGAK613AApCzHc8anw326.jpg?width=768&height=768',9,0,'2017-10-12 14:15:13'),(2267,'http://img1.izuqun.com/fastdfs/M00/00/10/dD4ZgFnfCM-AVb84AAZzucwvNfQ423.jpg?width=768&height=768',9,0,'2017-10-12 14:16:47'),(2268,'http://img1.izuqun.com/fastdfs/M00/00/10/dD4ZgFnfCjiAEHFzAAZzucwvNfQ455.jpg?width=768&height=768',9,0,'2017-10-12 14:22:48'),(2269,'http://img1.izuqun.com/fastdfs/M00/00/10/dD4ZgFnfCkWAaztrAAk40gMMlC4802.jpg?width=768&height=768',9,0,'2017-10-12 14:23:01'),(2270,'http://img1.izuqun.com/fastdfs/M00/00/10/dD4ZgFnfCzSAS1LZAAk40gMMlC4534.jpg?width=768&height=768',9,0,'2017-10-12 14:27:00'),(2271,'http://img1.izuqun.com/fastdfs/M00/00/10/dD4ZgFnfC3yAQeA_AAk40gMMlC4911.jpg?width=768&height=768',9,0,'2017-10-12 14:28:12'),(2272,'http://img1.izuqun.com/fastdfs/M00/00/10/dD4ZgFnfC-aAK4L6AApu-Uuggew996.jpg?width=768&height=768',9,0,'2017-10-12 14:29:58'),(2273,'http://img1.izuqun.com/fastdfs/M00/00/10/dD4ZgFnfDKiAILyfAAk40gMMlC4861.jpg?width=768&height=768',9,0,'2017-10-12 14:33:12'),(2274,'http://img1.izuqun.com/fastdfs/M00/00/10/dD4ZgFnfDLmAMCyUAAeWwZPbGU4031.jpg?width=768&height=768',9,0,'2017-10-12 14:33:29'),(2275,'http://img1.izuqun.com/fastdfs/M00/00/10/dD4ZgFnfDbOAc0CrAAk40gMMlC4623.jpg?width=768&height=768',9,0,'2017-10-12 14:37:39'),(2276,'http://img1.izuqun.com/fastdfs/M00/00/10/dD4ZgFnfDjCAZDt4AAk40gMMlC4962.jpg?width=768&height=768',9,0,'2017-10-12 14:39:44'),(2277,'http://img1.izuqun.com/fastdfs/M00/00/10/dD4ZgFnfDvKAEoFaAAk40gMMlC4528.jpg?width=768&height=768',9,0,'2017-10-12 14:42:58'),(2278,'http://img1.izuqun.com/fastdfs/M00/00/10/dD4ZgFnfGEmANX47ABE992togxs837.png?width=828&height=552',5,0,'2017-10-12 15:22:49'),(2279,'http://img1.izuqun.com/fastdfs/M00/00/10/dD4ZgFnfGE6AMZvNABE992togxs086.png?width=828&height=552',5,0,'2017-10-12 15:22:54'),(2280,'http://img1.izuqun.com/fastdfs/M00/00/10/dD4ZgFnfHJOAVudPABVYwP4J0Kc274.png',9,0,'2017-10-12 15:41:07'),(2281,'http://img1.izuqun.com/fastdfs/M00/00/10/dD4ZgFnfHJaAM09NAAAAK_487sU779.gif?width=1&height=1',1,0,'2017-10-12 15:41:10'),(2282,'http://img1.izuqun.com/fastdfs/M00/00/10/dD4ZgFnfHLyATejZAALoaC1kqrk934.jpg?width=1920&height=1080',5,0,'2017-10-12 15:41:48'),(2283,'http://img1.izuqun.com/fastdfs/M00/00/10/dD4ZgFnfIw6AXDp_AAAGtbwS3Lg842.png?width=54&height=54',5,0,'2017-10-12 16:08:46'),(2284,'http://img1.izuqun.com/fastdfs/M00/00/10/dD4ZgFnfI0yAWhvIAAAFkvuucQU848.png?width=60&height=60',5,0,'2017-10-12 16:09:48'),(2285,'http://img1.izuqun.com/fastdfs/M00/00/10/dD4ZgFnfJcyAVL_iAAAA0pHPloA797.png?width=22&height=7',5,0,'2017-10-12 16:20:28'),(2286,'http://img1.izuqun.com/fastdfs/M00/00/10/dD4ZgFnfJdKACEtRAACBwgX9CRo433.png?width=750&height=1334',5,0,'2017-10-12 16:20:34'),(2287,'http://img1.izuqun.com/fastdfs/M00/00/10/dD4ZgFnfJdeAPUrIAACBwgX9CRo536.png?width=750&height=1334',5,0,'2017-10-12 16:20:39'),(2288,'http://img1.izuqun.com/fastdfs/M00/00/10/dD4ZgFnfJd2Aa9hoAACBwgX9CRo996.png?width=750&height=1334',5,0,'2017-10-12 16:20:45'),(2289,'http://img1.izuqun.com/fastdfs/M00/00/10/dD4ZgFnfJeKAfKvaAACBwgX9CRo245.png?width=750&height=1334',5,0,'2017-10-12 16:20:50'),(2290,'http://img1.izuqun.com/fastdfs/M00/00/10/dD4ZgFnfJeiAaXS7AACBwgX9CRo061.png?width=750&height=1334',5,0,'2017-10-12 16:20:56'),(2291,'http://img1.izuqun.com/fastdfs/M00/00/10/dD4ZgFnfJe-AAaIrAACBwgX9CRo440.png?width=750&height=1334',5,0,'2017-10-12 16:21:03'),(2292,'http://img1.izuqun.com/fastdfs/M00/00/10/dD4ZgFnfJfSAYVYXAACBwgX9CRo037.png?width=750&height=1334',5,0,'2017-10-12 16:21:08'),(2293,'http://img1.izuqun.com/fastdfs/M00/00/10/dD4ZgFnfJfqAKLAFAACBwgX9CRo928.png?width=750&height=1334',5,0,'2017-10-12 16:21:14'),(2294,'http://img1.izuqun.com/fastdfs/M00/00/10/dD4ZgFnfJ-WASnV-ABGEHMR_syM767.png?width=828&height=552',5,0,'2017-10-12 16:29:25'),(2295,'http://img1.izuqun.com/fastdfs/M00/00/11/dD4ZgFnfJ-qAZiv6ABGEHMR_syM573.png?width=828&height=552',5,0,'2017-10-12 16:29:30'),(2296,'http://img1.izuqun.com/fastdfs/M00/00/11/dD4ZgFnfK0WAfTbTAAZAFTkjxZA417.png?width=3286&height=1080',5,0,'2017-10-12 16:43:49'),(2297,'http://img1.izuqun.com/fastdfs/M00/00/11/dD4ZgFnfK0iAHO3vAAOtee1cY8Y998.png?width=3286&height=1080',5,0,'2017-10-12 16:43:52'),(2298,'http://img1.izuqun.com/fastdfs/M00/00/11/dD4ZgFnfK02AVSQ2AAZAETKfJwI654.png?width=3286&height=1080',5,0,'2017-10-12 16:43:57'),(2299,'http://img1.izuqun.com/fastdfs/M00/00/11/dD4ZgFnfK6aAe3vHAAOtee1cY8Y896.png?width=3286&height=1080',5,0,'2017-10-12 16:45:26'),(2300,'http://img1.izuqun.com/fastdfs/M00/00/11/dD4ZgFnfK6aAUEu_AAZAFTkjxZA372.png?width=3286&height=1080',5,0,'2017-10-12 16:45:26'),(2301,'http://img1.izuqun.com/fastdfs/M00/00/11/dD4ZgFnfK6aAT53UAALAMHT_a-k989.png?width=1911&height=536',5,0,'2017-10-12 16:45:26'),(2302,'http://img1.izuqun.com/fastdfs/M00/00/11/dD4ZgFnfLqeAFpXzAAA9BqToKog128.png?width=554&height=209',5,0,'2017-10-12 16:58:15'),(2303,'http://img1.izuqun.com/fastdfs/M00/00/11/dD4ZgFnfLqiAUQ5rAAzoU80VOVY260.png?width=3286&height=1080',5,0,'2017-10-12 16:58:16'),(2304,'http://img1.izuqun.com/fastdfs/M00/00/11/dD4ZgFnfLqiAIWvcAACesAXzcfs791.png?width=739&height=192',5,0,'2017-10-12 16:58:16'),(2305,'http://img1.izuqun.com/fastdfs/M00/00/11/dD4ZgFnfLtOAe5LHAAC8Snx9lDw790.png?width=612&height=431',5,0,'2017-10-12 16:58:59'),(2306,'http://img1.izuqun.com/fastdfs/M00/00/11/dD4ZgFnfLtOARNfwAAAQ938Tj4Q863.png?width=574&height=73',5,0,'2017-10-12 16:58:59'),(2307,'http://img1.izuqun.com/fastdfs/M00/00/11/dD4ZgFnfLtOAPi1KAAZAETKfJwI758.png?width=3286&height=1080',5,0,'2017-10-12 16:58:59'),(2308,'http://img1.izuqun.com/fastdfs/M00/00/11/dD4ZgFnfL4aARV0QAAZASqOwuys085.png?width=3286&height=1080',5,0,'2017-10-12 17:01:58'),(2309,'http://img1.izuqun.com/fastdfs/M00/00/11/dD4ZgFnfL4eARrHNAAOtee1cY8Y426.png?width=3286&height=1080',5,0,'2017-10-12 17:01:59'),(2310,'http://img1.izuqun.com/fastdfs/M00/00/11/dD4ZgFnfL4eAA-hNAALAMHT_a-k942.png?width=1911&height=536',5,0,'2017-10-12 17:01:59'),(2311,'http://img1.izuqun.com/fastdfs/M00/00/11/dD4ZgFnfL_WATdq6AAAQ938Tj4Q535.png?width=574&height=73',5,0,'2017-10-12 17:03:49'),(2312,'http://img1.izuqun.com/fastdfs/M00/00/11/dD4ZgFnfL_aAE3lMAAbPTANESXY594.png?width=3286&height=1080',5,0,'2017-10-12 17:03:50'),(2313,'http://img1.izuqun.com/fastdfs/M00/00/11/dD4ZgFnfL_eASq4cAAZASqOwuys369.png?width=3286&height=1080',5,0,'2017-10-12 17:03:51'),(2314,'http://img1.izuqun.com/fastdfs/M00/00/11/dD4ZgFnfL_iACGjLAAOtee1cY8Y518.png?width=3286&height=1080',5,0,'2017-10-12 17:03:52'),(2315,'http://img1.izuqun.com/fastdfs/M00/00/11/dD4ZgFnfL_mANfQ8AAZAFTkjxZA479.png?width=3286&height=1080',5,0,'2017-10-12 17:03:53'),(2316,'http://img1.izuqun.com/fastdfs/M00/00/11/dD4ZgFnfNTGAAM5bAACBwgX9CRo548.png?width=750&height=1334',5,0,'2017-10-12 17:26:09'),(2317,'http://img1.izuqun.com/fastdfs/M00/00/11/dD4ZgFnfNTWAb4z1AACBwgX9CRo099.png?width=750&height=1334',5,0,'2017-10-12 17:26:13'),(2318,'http://img1.izuqun.com/fastdfs/M00/00/11/dD4ZgFnfNTqAZjotAACBwgX9CRo661.png?width=750&height=1334',5,0,'2017-10-12 17:26:18'),(2319,'http://img1.izuqun.com/fastdfs/M00/00/11/dD4ZgFnfNT-AZDDTAACBwgX9CRo000.png?width=750&height=1334',5,0,'2017-10-12 17:26:23'),(2320,'http://img1.izuqun.com/fastdfs/M00/00/11/dD4ZgFnfNUaAUMDCAACBwgX9CRo366.png?width=750&height=1334',5,0,'2017-10-12 17:26:30'),(2321,'http://img1.izuqun.com/fastdfs/M00/00/11/dD4ZgFnfNUyAPaccAACBwgX9CRo780.png?width=750&height=1334',5,0,'2017-10-12 17:26:36'),(2322,'http://img1.izuqun.com/fastdfs/M00/00/11/dD4ZgFnfNVKAQLs6AACBwgX9CRo593.png?width=750&height=1334',5,0,'2017-10-12 17:26:42'),(2323,'http://img1.izuqun.com/fastdfs/M00/00/11/dD4ZgFnfNVeAOhLRAACBwgX9CRo012.png?width=750&height=1334',5,0,'2017-10-12 17:26:47'),(2324,'http://img1.izuqun.com/fastdfs/M00/00/11/dD4ZgFnfNVyAbubcAACBwgX9CRo067.png?width=750&height=1334',5,0,'2017-10-12 17:26:52'),(2325,'http://img1.izuqun.com/fastdfs/M00/00/11/dD4ZgFnfNfKAXJHLABGEHMR_syM986.png?width=828&height=552',10,0,'2017-10-12 17:29:22'),(2326,'http://img1.izuqun.com/fastdfs/M00/00/11/dD4ZgFnfNg-ADhUGABcZOemwJKw097.png',9,0,'2017-10-12 17:29:51'),(2327,'http://img1.izuqun.com/fastdfs/M00/00/11/dD4ZgFnfN0uAW5hZAACBwgX9CRo407.png?width=750&height=1334',5,0,'2017-10-12 17:35:07'),(2328,'http://img1.izuqun.com/fastdfs/M00/00/11/dD4ZgFnfN1GAcpbwAACBwgX9CRo463.png?width=750&height=1334',5,0,'2017-10-12 17:35:13'),(2329,'http://img1.izuqun.com/fastdfs/M00/00/11/dD4ZgFnfN1aADzxCAACBwgX9CRo487.png?width=750&height=1334',5,0,'2017-10-12 17:35:18'),(2330,'http://img1.izuqun.com/fastdfs/M00/00/11/dD4ZgFnfN1qAdNUTAACBwgX9CRo281.png?width=750&height=1334',5,0,'2017-10-12 17:35:22'),(2331,'http://img1.izuqun.com/fastdfs/M00/00/11/dD4ZgFnfN1uASDgiABNeuCTB-E0752.png?width=828&height=549',10,0,'2017-10-12 17:35:23'),(2332,'http://img1.izuqun.com/fastdfs/M00/00/11/dD4ZgFnfN1-AScHfAACBwgX9CRo207.png?width=750&height=1334',5,0,'2017-10-12 17:35:27'),(2333,'http://img1.izuqun.com/fastdfs/M00/00/11/dD4ZgFnfN2OALvK3AACBwgX9CRo229.png?width=750&height=1334',5,0,'2017-10-12 17:35:31'),(2334,'http://img1.izuqun.com/fastdfs/M00/00/11/dD4ZgFnfN2iADVAPAACBwgX9CRo646.png?width=750&height=1334',5,0,'2017-10-12 17:35:36'),(2335,'http://img1.izuqun.com/fastdfs/M00/00/11/dD4ZgFnfN2-AK98VAACBwgX9CRo583.png?width=750&height=1334',5,0,'2017-10-12 17:35:43'),(2336,'http://img1.izuqun.com/fastdfs/M00/00/11/dD4ZgFnfN3WAMxjGAACBwgX9CRo042.png?width=750&height=1334',5,0,'2017-10-12 17:35:49'),(2337,'http://img1.izuqun.com/fastdfs/M00/00/11/dD4ZgFnfOBCAe0E_AACBwgX9CRo829.png?width=750&height=1334',5,0,'2017-10-12 17:38:24'),(2338,'http://img1.izuqun.com/fastdfs/M00/00/11/dD4ZgFnfOBSAQjdhAACBwgX9CRo941.png?width=750&height=1334',5,0,'2017-10-12 17:38:28'),(2339,'http://img1.izuqun.com/fastdfs/M00/00/11/dD4ZgFnfOBmAKz-YAACBwgX9CRo674.png?width=750&height=1334',5,0,'2017-10-12 17:38:33'),(2340,'http://img1.izuqun.com/fastdfs/M00/00/11/dD4ZgFnfOB6ACpp6AACBwgX9CRo869.png?width=750&height=1334',5,0,'2017-10-12 17:38:38'),(2341,'http://img1.izuqun.com/fastdfs/M00/00/11/dD4ZgFnfOCOAbWjTAACBwgX9CRo941.png?width=750&height=1334',5,0,'2017-10-12 17:38:43'),(2342,'http://img1.izuqun.com/fastdfs/M00/00/11/dD4ZgFnfOCiALycYAACBwgX9CRo053.png?width=750&height=1334',5,0,'2017-10-12 17:38:48'),(2343,'http://img1.izuqun.com/fastdfs/M00/00/11/dD4ZgFnfOC2AJQq3AACBwgX9CRo800.png?width=750&height=1334',5,0,'2017-10-12 17:38:53'),(2344,'http://img1.izuqun.com/fastdfs/M00/00/11/dD4ZgFnfODKAAHwhAACBwgX9CRo069.png?width=750&height=1334',5,0,'2017-10-12 17:38:58'),(2345,'http://img1.izuqun.com/fastdfs/M00/00/11/dD4ZgFnfODeACnuSAACBwgX9CRo677.png?width=750&height=1334',5,0,'2017-10-12 17:39:03'),(2346,'http://img1.izuqun.com/fastdfs/M00/00/11/dD4ZgFnfOMmAVHQ_AACYSg35JRI395.png',9,0,'2017-10-12 17:41:29'),(2347,'http://img1.izuqun.com/fastdfs/M00/00/11/dD4ZgFnfOUaAei93AAAMOEGYd-I528.bmp?width=32&height=32',5,0,'2017-10-12 17:43:34'),(2348,'http://img1.izuqun.com/fastdfs/M00/00/11/dD4ZgFnfOVyANjWwAACYSg35JRI310.png',9,0,'2017-10-12 17:43:56'),(2349,'http://img1.izuqun.com/fastdfs/M00/00/11/dD4ZgFnfOY-AG_UiAAAJgB5_R7U527.bmp?width=48&height=48',5,0,'2017-10-12 17:44:47'),(2350,'http://img1.izuqun.com/fastdfs/M00/00/11/dD4ZgFnfOZSAPWRqAAAMOEGYd-I444.bmp?width=32&height=32',5,0,'2017-10-12 17:44:52'),(2351,'http://img1.izuqun.com/fastdfs/M00/00/11/dD4ZgFnfOZaADR7rAAAJgB5_R7U343.bmp?width=48&height=48',5,0,'2017-10-12 17:44:54'),(2352,'http://img1.izuqun.com/fastdfs/M00/00/11/dD4ZgFnfOZiAUx6TAAAJgB5_R7U137.bmp?width=48&height=48',5,0,'2017-10-12 17:44:56'),(2353,'http://img1.izuqun.com/fastdfs/M00/00/11/dD4ZgFnfOZuAGdemAAAJgB5_R7U951.bmp?width=48&height=48',5,0,'2017-10-12 17:44:59'),(2354,'http://img1.izuqun.com/fastdfs/M00/00/11/dD4ZgFnfOZ2AHyu-AAAJgB5_R7U045.bmp?width=48&height=48',5,0,'2017-10-12 17:45:01'),(2355,'http://img1.izuqun.com/fastdfs/M00/00/11/dD4ZgFnfOZ-AWe4KAAAJgB5_R7U446.bmp?width=48&height=48',5,0,'2017-10-12 17:45:03'),(2356,'http://img1.izuqun.com/fastdfs/M00/00/11/dD4ZgFnfOaGAPM5jAAAJgB5_R7U301.bmp?width=48&height=48',5,0,'2017-10-12 17:45:05'),(2357,'http://img1.izuqun.com/fastdfs/M00/00/11/dD4ZgFnfOaSAe4u7AAAJgB5_R7U103.bmp?width=48&height=48',5,0,'2017-10-12 17:45:08'),(2358,'http://img1.izuqun.com/fastdfs/M00/00/11/dD4ZgFnfOi2AZ3qjAACY5n1n_rQ890.png',9,0,'2017-10-12 17:47:25'),(2359,'http://img1.izuqun.com/fastdfs/M00/00/11/dD4ZgFnfO1SAL8CLAAAJgB5_R7U203.bmp?width=48&height=48',5,0,'2017-10-12 17:52:20'),(2360,'http://img1.izuqun.com/fastdfs/M00/00/11/dD4ZgFnfO1aAMJftAAAJgB5_R7U037.bmp?width=48&height=48',5,0,'2017-10-12 17:52:22'),(2361,'http://img1.izuqun.com/fastdfs/M00/00/11/dD4ZgFnfO1mAHrOMAAAJgB5_R7U454.bmp?width=48&height=48',5,0,'2017-10-12 17:52:25'),(2362,'http://img1.izuqun.com/fastdfs/M00/00/11/dD4ZgFnfO1yAUfwnAAAJgB5_R7U634.bmp?width=48&height=48',5,0,'2017-10-12 17:52:28'),(2363,'http://img1.izuqun.com/fastdfs/M00/00/11/dD4ZgFnfO16AGjjmAAAJgB5_R7U494.bmp?width=48&height=48',5,0,'2017-10-12 17:52:30'),(2364,'http://img1.izuqun.com/fastdfs/M00/00/11/dD4ZgFnfO2GAX_2RAAAJgB5_R7U425.bmp?width=48&height=48',5,0,'2017-10-12 17:52:33'),(2365,'http://img1.izuqun.com/fastdfs/M00/00/11/dD4ZgFnfO2SARMRkAAAJgB5_R7U107.bmp?width=48&height=48',5,0,'2017-10-12 17:52:36'),(2366,'http://img1.izuqun.com/fastdfs/M00/00/11/dD4ZgFnfO2aAHLE2AAAJgB5_R7U225.bmp?width=48&height=48',5,0,'2017-10-12 17:52:38'),(2367,'http://img1.izuqun.com/fastdfs/M00/00/11/dD4ZgFnfO2iAZF8iAAAJgB5_R7U050.bmp?width=48&height=48',5,0,'2017-10-12 17:52:40'),(2368,'http://img1.izuqun.com/fastdfs/M00/00/11/dD4ZgFnfO5eAJASwABgHaBWKi3M991.png',9,0,'2017-10-12 17:53:27'),(2369,'http://img1.izuqun.com/fastdfs/M00/00/11/dD4ZgFnfPAKAXyROAAZASqOwuys982.png?width=3286&height=1080',5,0,'2017-10-12 17:55:14'),(2370,'http://img1.izuqun.com/fastdfs/M00/00/11/dD4ZgFnfPAOAL7NZAAOtee1cY8Y973.png?width=3286&height=1080',5,0,'2017-10-12 17:55:15'),(2371,'http://img1.izuqun.com/fastdfs/M00/00/11/dD4ZgFnfPAWAejgEAAOtee1cY8Y693.png?width=3286&height=1080',5,0,'2017-10-12 17:55:17'),(2372,'http://img1.izuqun.com/fastdfs/M00/00/11/dD4ZgFnfPAmATM2MAA3v8lPAJNg978.png?width=3286&height=1080',5,0,'2017-10-12 17:55:21'),(2373,'http://img1.izuqun.com/fastdfs/M00/00/11/dD4ZgFnfPAmANX4xAAAQ938Tj4Q213.png?width=574&height=73',5,0,'2017-10-12 17:55:21'),(2374,'http://img1.izuqun.com/fastdfs/M00/00/11/dD4ZgFnfPAqAPUv3AABZx67WwJU356.png?width=1200&height=301',5,0,'2017-10-12 17:55:22'),(2375,'http://img1.izuqun.com/fastdfs/M00/00/11/dD4ZgFnfPA2AUiuLAALAMHT_a-k890.png?width=1911&height=536',5,0,'2017-10-12 17:55:25'),(2376,'http://img1.izuqun.com/fastdfs/M00/00/11/dD4ZgFnfPBOAAaknAAOtee1cY8Y336.png?width=3286&height=1080',5,0,'2017-10-12 17:55:31'),(2377,'http://img1.izuqun.com/fastdfs/M00/00/11/dD4ZgFnfPBaAOZ4tAAZAFTkjxZA950.png?width=3286&height=1080',5,0,'2017-10-12 17:55:34'),(2378,'http://img1.izuqun.com/fastdfs/M00/00/11/dD4ZgFnfPBiAHYoWAAA9BqToKog174.png?width=554&height=209',5,0,'2017-10-12 17:55:36'),(2379,'http://img1.izuqun.com/fastdfs/M00/00/11/dD4ZgFnfPBuAJPBFAAZAETKfJwI246.png?width=3286&height=1080',5,0,'2017-10-12 17:55:39'),(2380,'http://img1.izuqun.com/fastdfs/M00/00/11/dD4ZgFnfPB6AYCkNAABqVWmEVKs105.png?width=1024&height=511',5,0,'2017-10-12 17:55:42'),(2381,'http://img1.izuqun.com/fastdfs/M00/00/11/dD4ZgFnfPCGAaS5VAAOtee1cY8Y955.png?width=3286&height=1080',5,0,'2017-10-12 17:55:45'),(2382,'http://img1.izuqun.com/fastdfs/M00/00/11/dD4ZgFnfPCOAAs8WAAZASqOwuys925.png?width=3286&height=1080',5,0,'2017-10-12 17:55:47'),(2383,'http://img1.izuqun.com/fastdfs/M00/00/11/dD4ZgFnfPCaAE8cbAAbPTANESXY228.png?width=3286&height=1080',5,0,'2017-10-12 17:55:50'),(2384,'http://img1.izuqun.com/fastdfs/M00/00/11/dD4ZgFnfPCiAVshtAAAQ938Tj4Q894.png?width=574&height=73',5,0,'2017-10-12 17:55:52'),(2385,'http://img1.izuqun.com/fastdfs/M00/00/11/dD4ZgFnfPuWAbeIDABiNFg4iAnc095.png',9,0,'2017-10-12 18:07:33'),(2386,'http://img1.izuqun.com/fastdfs/M00/00/11/dD4ZgFnfPwWAD36dAAZAETKfJwI803.png?width=3286&height=1080',5,0,'2017-10-12 18:08:05'),(2387,'http://img1.izuqun.com/fastdfs/M00/00/11/dD4ZgFnfPwWANSNrAAOtee1cY8Y368.png?width=3286&height=1080',5,0,'2017-10-12 18:08:05'),(2388,'http://img1.izuqun.com/fastdfs/M00/00/11/dD4ZgFnfPwaAG517AAZAFTkjxZA081.png?width=3286&height=1080',5,0,'2017-10-12 18:08:06'),(2389,'http://img1.izuqun.com/fastdfs/M00/00/11/dD4ZgFnfPwaABPewAAA66f_-ErM848.png?width=1397&height=246',5,0,'2017-10-12 18:08:06'),(2390,'http://img1.izuqun.com/fastdfs/M00/00/11/dD4ZgFnfQCKAe7bGAACY5n1n_rQ896.png',9,0,'2017-10-12 18:12:50'),(2391,'http://img1.izuqun.com/fastdfs/M00/00/11/dD4ZgFnfQIKAGA_eAAAJgB5_R7U049.bmp?width=48&height=48',5,0,'2017-10-12 18:14:26'),(2392,'http://img1.izuqun.com/fastdfs/M00/00/11/dD4ZgFnfQMuAJwSJABGEHMR_syM922.png?width=828&height=552',5,0,'2017-10-12 18:15:39'),(2393,'http://img1.izuqun.com/fastdfs/M00/00/11/dD4ZgFnfQO6AV5hOABGEHMR_syM727.png?width=828&height=552',5,0,'2017-10-12 18:16:14'),(2394,'http://img1.izuqun.com/fastdfs/M00/00/11/dD4ZgFnfQUeAaHz0AACY5n1n_rQ708.png',9,0,'2017-10-12 18:17:43'),(2395,'http://img1.izuqun.com/fastdfs/M00/00/12/dD4ZgFnfQbmAUmXXAAAMOEGYd-I307.bmp?width=32&height=32',5,0,'2017-10-12 18:19:37'),(2396,'http://img1.izuqun.com/fastdfs/M00/00/12/dD4ZgFnfQbyAZO41AAAMOEGYd-I858.bmp?width=32&height=32',5,0,'2017-10-12 18:19:40'),(2397,'http://img1.izuqun.com/fastdfs/M00/00/12/dD4ZgFnfQb6AdC9dAAAJgB5_R7U499.bmp?width=48&height=48',5,0,'2017-10-12 18:19:42'),(2398,'http://img1.izuqun.com/fastdfs/M00/00/12/dD4ZgFnfQb-AR7-lAAAJgB5_R7U544.bmp?width=48&height=48',5,0,'2017-10-12 18:19:43'),(2399,'http://img1.izuqun.com/fastdfs/M00/00/12/dD4ZgFnfQcKAf-yKAAAJgB5_R7U705.bmp?width=48&height=48',5,0,'2017-10-12 18:19:46'),(2400,'http://img1.izuqun.com/fastdfs/M00/00/12/dD4ZgFnfQcSALBsjAAAJgB5_R7U499.bmp?width=48&height=48',5,0,'2017-10-12 18:19:48'),(2401,'http://img1.izuqun.com/fastdfs/M00/00/12/dD4ZgFnfQcaAPNu5AAAJgB5_R7U679.bmp?width=48&height=48',5,0,'2017-10-12 18:19:50'),(2402,'http://img1.izuqun.com/fastdfs/M00/00/12/dD4ZgFnfQciAZSIGAAAJgB5_R7U208.bmp?width=48&height=48',5,0,'2017-10-12 18:19:52'),(2403,'http://img1.izuqun.com/fastdfs/M00/00/12/dD4ZgFnfQcuAT41UAAAJgB5_R7U339.bmp?width=48&height=48',5,0,'2017-10-12 18:19:55'),(2404,'http://img1.izuqun.com/fastdfs/M00/00/12/dD4ZgFnfQe2AQZOOAACY5n1n_rQ342.png',9,0,'2017-10-12 18:20:29'),(2405,'http://img1.izuqun.com/fastdfs/M00/00/12/dD4ZgFnfQe6ATYnBABGEHMR_syM858.png?width=828&height=552',5,0,'2017-10-12 18:20:30'),(2406,'http://img1.izuqun.com/fastdfs/M00/00/12/dD4ZgFnfQfmANdN-ABGEHMR_syM245.png?width=828&height=552',5,0,'2017-10-12 18:20:41'),(2407,'http://img1.izuqun.com/fastdfs/M00/00/12/dD4ZgFnfQhOAA-auABGEHMR_syM021.png?width=828&height=552',5,0,'2017-10-12 18:21:07'),(2408,'http://img1.izuqun.com/fastdfs/M00/00/12/dD4ZgFnfQhuAC5x1ABGEHMR_syM483.png?width=828&height=552',5,0,'2017-10-12 18:21:15'),(2409,'http://img1.izuqun.com/fastdfs/M00/00/12/dD4ZgFnfQteARhnQAAECZCstcYc605.jpg?width=600&height=600',10,0,'2017-10-12 18:24:23'),(2410,'http://img1.izuqun.com/fastdfs/M00/00/12/dD4ZgFnfQzyAem1ZAAEcLW-gx9Q871.jpg?width=600&height=600',10,0,'2017-10-12 18:26:04'),(2411,'http://img1.izuqun.com/fastdfs/M00/00/12/dD4ZgFnfQ2mASB0SAAJQHEPAKb4374.jpg?width=600&height=600',10,0,'2017-10-12 18:26:49'),(2412,'http://img1.izuqun.com/fastdfs/M00/00/12/dD4ZgFnfQ7SAGrg8AAEwYHjvLQA006.jpg?width=600&height=600',10,0,'2017-10-12 18:28:04'),(2413,'http://img1.izuqun.com/fastdfs/M00/00/12/dD4ZgFnfRviAVa_AAARNF90R2EQ070.jpg?width=900&height=600',5,0,'2017-10-12 18:42:00'),(2414,'http://img1.izuqun.com/fastdfs/M00/00/12/dD4ZgFnfSByASTCJABU07qyK6rQ596.png?width=640&height=1136',11,0,'2017-10-12 18:46:52'),(2415,'http://img1.izuqun.com/fastdfs/M00/00/12/dD4ZgFnfSCaAF2EiABU07qyK6rQ328.png?width=640&height=1136',11,0,'2017-10-12 18:47:02'),(2416,'http://img1.izuqun.com/fastdfs/M00/00/12/dD4ZgFnfSEeAHwf_ABU07qyK6rQ602.png?width=640&height=1136',11,0,'2017-10-12 18:47:35'),(2417,'http://img1.izuqun.com/fastdfs/M00/00/12/dD4ZgFnfSHCAeezVABU07qyK6rQ617.png?width=640&height=1136',11,0,'2017-10-12 18:48:16'),(2418,'http://img1.izuqun.com/fastdfs/M00/00/12/dD4ZgFnfSH-AIH1wABU07qyK6rQ585.png?width=640&height=1136',11,0,'2017-10-12 18:48:31'),(2419,'http://img1.izuqun.com/fastdfs/M00/00/12/dD4ZgFnfSO-AaUYYABU07qyK6rQ407.png?width=640&height=1136',11,0,'2017-10-12 18:50:23'),(2420,'http://img1.izuqun.com/fastdfs/M00/00/12/dD4ZgFnfUkaAW-cxABU07qyK6rQ173.png?width=640&height=1136',11,0,'2017-10-12 19:30:14'),(2421,'http://img1.izuqun.com/fastdfs/M00/00/12/dD4ZgFnfUlWAb_LZABU07qyK6rQ003.png?width=640&height=1136',11,0,'2017-10-12 19:30:29'),(2422,'http://img1.izuqun.com/fastdfs/M00/00/12/dD4ZgFnfUnGAS-xIABU07qyK6rQ130.png?width=640&height=1136',11,0,'2017-10-12 19:30:57'),(2423,'http://img1.izuqun.com/fastdfs/M00/00/12/dD4ZgFngGbaATD99AAJQHEPAKb4746.jpg?width=600&height=600',9,0,'2017-10-13 09:41:10'),(2424,'http://img1.izuqun.com/fastdfs/M00/00/12/dD4ZgFngGj6AB0xtAAC6bBbbxSw942.jpg',9,0,'2017-10-13 09:43:26'),(2425,'http://img1.izuqun.com/fastdfs/M00/00/12/dD4ZgFngH96AHCzHAAAdIrPa2vc874.png',9,0,'2017-10-13 10:07:26'),(2426,'http://img1.izuqun.com/fastdfs/M00/00/12/dD4ZgFngIEmAPRsrABGEHMR_syM488.png?width=828&height=552',11,0,'2017-10-13 10:09:13'),(2427,'http://img1.izuqun.com/fastdfs/M00/00/12/dD4ZgFngIMqAHhdgAA-DVf1eBfM629.png?width=828&height=549',5,0,'2017-10-13 10:11:22'),(2428,'http://img1.izuqun.com/fastdfs/M00/00/12/dD4ZgFngIMqAO0DJABNeuCTB-E0492.png?width=828&height=549',5,0,'2017-10-13 10:11:22'),(2429,'http://img1.izuqun.com/fastdfs/M00/00/12/dD4ZgFngIMqAb79cABE992togxs317.png?width=828&height=552',5,0,'2017-10-13 10:11:22'),(2430,'http://img1.izuqun.com/fastdfs/M00/00/12/dD4ZgFngIMqAQMGAACPS-VZizv8371.png?width=828&height=1241',5,0,'2017-10-13 10:11:22'),(2431,'http://img1.izuqun.com/fastdfs/M00/00/12/dD4ZgFngIMqAG0RKABGEHMR_syM658.png?width=828&height=552',5,0,'2017-10-13 10:11:22'),(2432,'http://img1.izuqun.com/fastdfs/M00/00/12/dD4ZgFngIOGAYAUhAA-DVf1eBfM192.png?width=828&height=549',5,0,'2017-10-13 10:11:45'),(2433,'http://img1.izuqun.com/fastdfs/M00/00/12/dD4ZgFngIOGAbwPYABNeuCTB-E0804.png?width=828&height=549',5,0,'2017-10-13 10:11:45'),(2434,'http://img1.izuqun.com/fastdfs/M00/00/12/dD4ZgFngIOGAQiQDABE992togxs258.png?width=828&height=552',5,0,'2017-10-13 10:11:45'),(2435,'http://img1.izuqun.com/fastdfs/M00/00/12/dD4ZgFngIOGACYQOACPS-VZizv8345.png?width=828&height=1241',5,0,'2017-10-13 10:11:45'),(2436,'http://img1.izuqun.com/fastdfs/M00/00/12/dD4ZgFngIOGANbbnABGEHMR_syM401.png?width=828&height=552',5,0,'2017-10-13 10:11:45'),(2437,'http://img1.izuqun.com/fastdfs/M00/00/12/dD4ZgFngIuOAd-XMAACY5n1n_rQ264.png',9,0,'2017-10-13 10:20:19'),(2438,'http://img1.izuqun.com/fastdfs/M00/00/12/dD4ZgFngJvGAdzJVAADOVb1-k00950.png',9,0,'2017-10-13 10:37:37'),(2439,'http://img1.izuqun.com/fastdfs/M00/00/12/dD4ZgFngJ4qAZ55tAACY5n1n_rQ088.png',9,0,'2017-10-13 10:40:10'),(2440,'http://img1.izuqun.com/fastdfs/M00/00/12/dD4ZgFngKdeAHWDxAADOVb1-k00624.png',9,0,'2017-10-13 10:49:59'),(2441,'http://img1.izuqun.com/fastdfs/M00/00/12/dD4ZgFngLByAAw9lAA1rIuRd3Es728.jpg?width=1024&height=768',5,0,'2017-10-13 10:59:40'),(2442,'http://img1.izuqun.com/fastdfs/M00/00/12/dD4ZgFngLB-AB-y3AAvWFkcZHjA360.jpg?width=1024&height=768',5,0,'2017-10-13 10:59:43'),(2443,'http://img1.izuqun.com/fastdfs/M00/00/12/dD4ZgFngLCGAIAsAAAiQfKHDaaQ812.jpg?width=1024&height=768',5,0,'2017-10-13 10:59:45'),(2444,'http://img1.izuqun.com/fastdfs/M00/00/12/dD4ZgFngLCOAQM18AAvqH_kipG8256.jpg?width=1024&height=768',5,0,'2017-10-13 10:59:47'),(2445,'http://img1.izuqun.com/fastdfs/M00/00/12/dD4ZgFngLCaASGJwAAvWFkcZHjA007.jpg?width=1024&height=768',5,0,'2017-10-13 10:59:50'),(2446,'http://img1.izuqun.com/fastdfs/M00/00/12/dD4ZgFngLCiAMjK8AAiQfKHDaaQ307.jpg?width=1024&height=768',5,0,'2017-10-13 10:59:52'),(2447,'http://img1.izuqun.com/fastdfs/M00/00/12/dD4ZgFngLCqAQmMeAAvea_OGt2M538.jpg?width=1024&height=768',5,0,'2017-10-13 10:59:54'),(2448,'http://img1.izuqun.com/fastdfs/M00/00/12/dD4ZgFngLC2AaYfJAAkVVGMybN8201.jpg?width=1024&height=768',5,0,'2017-10-13 10:59:57'),(2449,'http://img1.izuqun.com/fastdfs/M00/00/12/dD4ZgFngLDaAIj-CAAvea_OGt2M222.jpg?width=1024&height=768',5,0,'2017-10-13 11:00:06'),(2450,'http://img1.izuqun.com/fastdfs/M00/00/12/dD4ZgFngLR6AQLAlAADOVb1-k00437.png',9,0,'2017-10-13 11:03:58'),(2451,'http://img1.izuqun.com/fastdfs/M00/00/12/dD4ZgFngZ5KAXiE_ABGEHMR_syM730.png?width=828&height=552',11,0,'2017-10-13 15:13:22'),(2452,'http://img1.izuqun.com/fastdfs/M00/00/12/dD4ZgFngboOAbI7XAAFXe6W__A0695.jpg?width=900&height=600',5,0,'2017-10-13 15:42:59'),(2453,'http://img1.izuqun.com/fastdfs/M00/00/12/dD4ZgFngbo-Aa4FOAANrMQJ4HiY477.jpg?width=900&height=600',5,0,'2017-10-13 15:43:11'),(2454,'http://img1.izuqun.com/fastdfs/M00/00/12/dD4ZgFngcnaAJfzkAAALKg9JVFI217.png',12,0,'2017-10-13 15:59:50'),(2455,'http://img1.izuqun.com/fastdfs/M00/00/12/dD4ZgFngeQGAB267AAMSD3JDAus243.jpg',6,0,'2017-10-13 16:27:45'),(2456,'http://img1.izuqun.com/fastdfs/M00/00/14/dD4ZgFnm3YiAHGzVAAEmbdiMtiY585.jpg?width=766&height=539',5,387,'2017-10-18 12:50:16'),(2457,'http://img1.izuqun.com/fastdfs/M00/00/14/dD4ZgFnm3YiAWvqnAAEmbdiMtiY263.jpg?width=766&height=539',5,387,'2017-10-18 12:50:16'),(2458,'http://img1.izuqun.com/fastdfs/M00/00/14/dD4ZgFnm3YiATlC8AAEJXFBoJig200.jpg?width=766&height=539',5,387,'2017-10-18 12:50:16'),(2459,'http://img1.izuqun.com/fastdfs/M00/00/14/dD4ZgFnm3YiAfxKyAACLohRcmro735.jpg?width=516&height=389',5,387,'2017-10-18 12:50:16'),(2460,'http://img1.izuqun.com/fastdfs/M00/00/15/dD4ZgFnm4-GAelE2AACLohRcmro671.jpg',9,387,'2017-10-18 13:17:21'),(2461,'http://img1.izuqun.com/fastdfs/M00/00/15/dD4ZgFnm4-iAA4YIAACLohRcmro611.jpg',9,387,'2017-10-18 13:17:28'),(2462,'http://img1.izuqun.com/fastdfs/M00/00/15/dD4ZgFnm5TyAQGv9AACLohRcmro505.jpg?width=516&height=389',5,387,'2017-10-18 13:23:08'),(2463,'http://img1.izuqun.com/fastdfs/M00/00/15/dD4ZgFnm5ZyATZGWAACLohRcmro465.jpg?width=516&height=389',5,387,'2017-10-18 13:24:44'),(2464,'http://img1.izuqun.com/fastdfs/M00/00/15/dD4ZgFnm5ZyAbBrgAACLohRcmro694.jpg?width=516&height=389',5,387,'2017-10-18 13:24:44'),(2465,'http://img1.izuqun.com/fastdfs/M00/00/15/dD4ZgFnm5ZyAazJAAACLohRcmro042.jpg?width=516&height=389',5,387,'2017-10-18 13:24:44'),(2466,'http://img1.izuqun.com/fastdfs/M00/00/15/dD4ZgFnm5ZyAesqEAAE-snW-mhs394.jpg?width=766&height=539',5,387,'2017-10-18 13:24:44'),(2467,'http://img1.izuqun.com/fastdfs/M00/00/15/dD4ZgFnm5ZyAUov3AAE-snW-mhs820.jpg?width=766&height=539',5,387,'2017-10-18 13:24:44'),(2468,'http://img1.izuqun.com/fastdfs/M00/00/15/dD4ZgFnm5ZyAASA-AAEmbdiMtiY061.jpg?width=766&height=539',5,387,'2017-10-18 13:24:44'),(2469,'http://img1.izuqun.com/fastdfs/M00/00/15/dD4ZgFnm5ZyAc1v3AAEmbdiMtiY154.jpg?width=766&height=539',5,387,'2017-10-18 13:24:44'),(2470,'http://img1.izuqun.com/fastdfs/M00/00/15/dD4ZgFnm5Z2AYEcFAAEJXFBoJig145.jpg?width=766&height=539',5,387,'2017-10-18 13:24:45'),(2471,'http://img1.izuqun.com/fastdfs/M00/00/15/dD4ZgFnm5aCAJF7jAACLohRcmro718.jpg?width=516&height=389',5,387,'2017-10-18 13:24:48'),(2472,'http://img1.izuqun.com/fastdfs/M00/00/15/dD4ZgFnm5bKAcoklAACLohRcmro247.jpg?width=516&height=389',5,387,'2017-10-18 13:25:06'),(2473,'http://img1.izuqun.com/fastdfs/M00/00/15/dD4ZgFnm5bKAOadgAACLohRcmro796.jpg?width=516&height=389',5,387,'2017-10-18 13:25:06'),(2474,'http://img1.izuqun.com/fastdfs/M00/00/15/dD4ZgFnm5bKARHFEAACLohRcmro370.jpg?width=516&height=389',5,387,'2017-10-18 13:25:06'),(2475,'http://img1.izuqun.com/fastdfs/M00/00/15/dD4ZgFnm5bKASIAlAAE-snW-mhs058.jpg?width=766&height=539',5,387,'2017-10-18 13:25:06'),(2476,'http://img1.izuqun.com/fastdfs/M00/00/15/dD4ZgFnm5bKANCXGAAE-snW-mhs477.jpg?width=766&height=539',5,387,'2017-10-18 13:25:06'),(2477,'http://img1.izuqun.com/fastdfs/M00/00/15/dD4ZgFnm5bKAC8naAAEmbdiMtiY728.jpg?width=766&height=539',5,387,'2017-10-18 13:25:06'),(2478,'http://img1.izuqun.com/fastdfs/M00/00/15/dD4ZgFnm5bKAdW02AAEmbdiMtiY526.jpg?width=766&height=539',5,387,'2017-10-18 13:25:06'),(2479,'http://img1.izuqun.com/fastdfs/M00/00/15/dD4ZgFnm5bKAHkwAAAEJXFBoJig650.jpg?width=766&height=539',5,387,'2017-10-18 13:25:06'),(2480,'http://img1.izuqun.com/fastdfs/M00/00/15/dD4ZgFnm5bSAeHtjAACLohRcmro130.jpg?width=516&height=389',5,387,'2017-10-18 13:25:08'),(2481,'http://img1.izuqun.com/fastdfs/M00/00/16/dD4ZgFnpzs2AaXo3AC-dqHaZdw8791.png',9,398,'2017-10-20 18:24:13'),(2482,'http://img1.izuqun.com/fastdfs/M00/00/16/dD4ZgFnpzx2AD-lsAC-dqHaZdw8913.png',9,398,'2017-10-20 18:25:33'),(2483,'http://img1.izuqun.com/fastdfs/M00/00/16/dD4ZgFnp1OqAZR3hAABbuTNpqrk535.png',9,399,'2017-10-20 18:50:18'),(2484,'http://img1.izuqun.com/fastdfs/M00/00/16/dD4ZgFnp1rKARjpTAAAkJ3XcXw4912.png',9,399,'2017-10-20 18:57:54'),(2485,'http://img1.izuqun.com/fastdfs/M00/00/16/dD4ZgFnp1-6AL3CIAABbuTNpqrk252.png',9,399,'2017-10-20 19:03:10'),(2486,'http://img1.izuqun.com/fastdfs/M00/00/16/dD4ZgFnp2LuAbZ05AAAuCyh0YYk520.png',9,399,'2017-10-20 19:06:35'),(2487,'http://img1.izuqun.com/fastdfs/M00/00/16/dD4ZgFnp5zaAK8qrAAA0FKMMTtc674.png?width=160&height=160',10,377,'2017-10-20 20:08:22'),(2488,'http://img1.izuqun.com/fastdfs/M00/00/16/dD4ZgFnp8CaARMGDAACNf37bNn0867.jpg?width=448&height=448',9,399,'2017-10-20 20:46:30'),(2489,'http://img1.izuqun.com/fastdfs/M00/00/16/dD4ZgFnqCsGAe-mXAACsKDnwVog673.png?width=600&height=338',5,400,'2017-10-20 22:40:01'),(2490,'http://img1.izuqun.com/fastdfs/M00/00/16/dD4ZgFnq50iAXjm3AAEc_MmjTjo459.png?width=525&height=960',5,377,'2017-10-21 14:20:56');
/*!40000 ALTER TABLE `gener_file` ENABLE KEYS */;
UNLOCK TABLES;

--
-- Table structure for table `gener_grave`
--

DROP TABLE IF EXISTS `gener_grave`;
/*!40101 SET @saved_cs_client     = @@character_set_client */;
/*!40101 SET character_set_client = utf8 */;
CREATE TABLE `gener_grave` (
  `id` int(8) unsigned NOT NULL AUTO_INCREMENT,
  `personId` int(8) unsigned NOT NULL,
  `person_name` varchar(255) COLLATE utf8mb4_unicode_ci NOT NULL,
  `familyId` int(11) unsigned NOT NULL,
  `coor_x` varchar(45) COLLATE utf8mb4_unicode_ci NOT NULL,
  `coor_y` varchar(45) COLLATE utf8mb4_unicode_ci NOT NULL,
  `address` varchar(255) COLLATE utf8mb4_unicode_ci NOT NULL,
  `photo` varchar(255) COLLATE utf8mb4_unicode_ci NOT NULL,
  `description` varchar(255) COLLATE utf8mb4_unicode_ci NOT NULL,
  `create_time` datetime NOT NULL,
  `create_by` int(11) unsigned NOT NULL,
  `update_time` datetime NOT NULL,
  `update_by` int(11) unsigned NOT NULL,
  PRIMARY KEY (`id`),
  KEY `fk_gener_grave_person_idx` (`personId`),
  KEY `fk_gener_grave_family_idx` (`familyId`),
  CONSTRAINT `fk_gener_grave_family` FOREIGN KEY (`familyId`) REFERENCES `gener_family` (`id`) ON DELETE CASCADE ON UPDATE NO ACTION,
  CONSTRAINT `fk_gener_grave_person` FOREIGN KEY (`personId`) REFERENCES `gener_person` (`id`) ON DELETE CASCADE ON UPDATE NO ACTION
) ENGINE=InnoDB AUTO_INCREMENT=29 DEFAULT CHARSET=utf8mb4 COLLATE=utf8mb4_unicode_ci;
/*!40101 SET character_set_client = @saved_cs_client */;

--
-- Dumping data for table `gener_grave`
--

LOCK TABLES `gener_grave` WRITE;
/*!40000 ALTER TABLE `gener_grave` DISABLE KEYS */;
INSERT INTO `gener_grave` VALUES (28,800,'张妻',204,'121.475391','31.232733','上海市黄浦区南京东路街道西藏中路255号人民公园','http://img1.izuqun.com/fastdfs/M00/00/12/dD4ZgFngeQGAB267AAMSD3JDAus243.jpg','滴答滴答滴答滴答的','2017-10-13 16:28:02',384,'2017-10-13 16:28:02',384);
/*!40000 ALTER TABLE `gener_grave` ENABLE KEYS */;
UNLOCK TABLES;

--
-- Table structure for table `gener_invitation_code`
--

DROP TABLE IF EXISTS `gener_invitation_code`;
/*!40101 SET @saved_cs_client     = @@character_set_client */;
/*!40101 SET character_set_client = utf8 */;
CREATE TABLE `gener_invitation_code` (
  `id` int(11) NOT NULL AUTO_INCREMENT,
  `invitation_code` varchar(45) COLLATE utf8mb4_unicode_ci NOT NULL,
  `userId` int(11) NOT NULL DEFAULT '0',
  `create_time` datetime NOT NULL,
  `update_time` datetime NOT NULL,
  PRIMARY KEY (`id`),
  UNIQUE KEY `invitation_code_UNIQUE` (`invitation_code`)
) ENGINE=InnoDB AUTO_INCREMENT=146 DEFAULT CHARSET=utf8mb4 COLLATE=utf8mb4_unicode_ci;
/*!40101 SET character_set_client = @saved_cs_client */;

--
-- Dumping data for table `gener_invitation_code`
--

LOCK TABLES `gener_invitation_code` WRITE;
/*!40000 ALTER TABLE `gener_invitation_code` DISABLE KEYS */;
INSERT INTO `gener_invitation_code` VALUES (42,'Nsg9M3',388,'2017-09-29 17:54:10','2017-09-30 10:33:34'),(43,'CotmO6',0,'2017-09-29 17:54:11','2017-09-29 17:54:11'),(44,'n9VR24',0,'2017-09-29 17:54:11','2017-09-29 17:54:11'),(45,'uZyBZR',0,'2017-09-29 17:54:11','2017-09-29 17:54:11'),(46,'glVZhk',0,'2017-09-29 17:54:11','2017-09-29 17:54:11'),(47,'Qq4Gl3',0,'2017-09-29 17:54:11','2017-09-29 17:54:11'),(49,'MKPXvo',0,'2017-09-29 17:54:12','2017-09-29 17:54:12'),(50,'uDdaJz',392,'2017-09-29 17:54:12','2017-09-30 21:04:00'),(51,'Kw4Fe3',381,'2017-09-29 17:54:12','2017-09-29 19:26:12'),(52,'w5JdVp',393,'2017-09-29 17:54:12','2017-09-30 22:19:24'),(53,'68iatg',0,'2017-09-29 17:54:12','2017-09-29 17:54:12'),(54,'XL8zu7',383,'2017-09-29 17:54:13','2017-09-29 23:02:24'),(55,'KB_ZPC',382,'2017-09-29 17:54:13','2017-09-29 22:21:50'),(56,'F6Sl5e',0,'2017-09-29 17:54:13','2017-09-29 17:54:13'),(57,'GfAXpk',0,'2017-09-29 17:54:13','2017-09-29 17:54:13'),(58,'4p_yMN',0,'2017-09-29 17:54:13','2017-09-29 17:54:13'),(59,'4tn_ip',0,'2017-09-29 17:54:14','2017-09-29 17:54:14'),(60,'_Tiwsf',0,'2017-09-29 17:54:14','2017-09-29 17:54:14'),(61,'E07y_o',0,'2017-09-29 17:54:14','2017-09-29 17:54:14'),(62,'37Q7Na',0,'2017-09-29 17:54:14','2017-09-29 17:54:14'),(63,'lS_lFn',0,'2017-09-29 17:54:56','2017-09-29 17:54:56'),(64,'SK7FGC',0,'2017-09-29 17:54:56','2017-09-29 17:54:56'),(65,'bgOoqv',0,'2017-09-29 17:54:57','2017-09-29 17:54:57'),(66,'jnTo06',0,'2017-09-29 17:54:57','2017-09-29 17:54:57'),(67,'2bHLoB',0,'2017-09-29 17:54:57','2017-09-29 17:54:57'),(68,'YwDeH5',0,'2017-09-29 17:54:57','2017-09-29 17:54:57'),(69,'sXRAuj',0,'2017-09-29 17:54:57','2017-09-29 17:54:57'),(70,'87a75Z',0,'2017-09-29 17:54:57','2017-09-29 17:54:57'),(71,'vlblHg',0,'2017-09-29 17:54:58','2017-09-29 17:54:58'),(72,'I9zg4Z',0,'2017-09-29 17:54:58','2017-09-29 17:54:58'),(73,'J9nIH7',0,'2017-09-29 17:54:58','2017-09-29 17:54:58'),(74,'AMJYK0',0,'2017-09-29 17:54:58','2017-09-29 17:54:58'),(75,'A2QTzh',0,'2017-09-29 17:54:58','2017-09-29 17:54:58'),(76,'tj8BR6',0,'2017-09-29 17:54:58','2017-09-29 17:54:58'),(77,'mN7bUV',0,'2017-09-29 17:54:59','2017-09-29 17:54:59'),(78,'6V84eN',0,'2017-09-29 17:54:59','2017-09-29 17:54:59'),(79,'ZHR4lw',0,'2017-09-29 17:54:59','2017-09-29 17:54:59'),(80,'l3a7sA',0,'2017-09-29 17:54:59','2017-09-29 17:54:59'),(81,'ry8jW9',0,'2017-09-29 17:54:59','2017-09-29 17:54:59'),(82,'HnHn74',0,'2017-09-29 17:55:00','2017-09-29 17:55:00'),(83,'Co5eDN',0,'2017-09-29 17:55:00','2017-09-29 17:55:00'),(84,'pm5fXz',0,'2017-09-29 17:55:00','2017-09-29 17:55:00'),(85,'Ygb7nh',0,'2017-09-29 17:55:00','2017-09-29 17:55:00'),(86,'j66vsN',0,'2017-09-29 17:55:00','2017-09-29 17:55:00'),(87,'zDJ7TN',0,'2017-09-29 17:55:00','2017-09-29 17:55:00'),(88,'55qsO6',0,'2017-09-29 17:55:00','2017-09-29 17:55:00'),(89,'_qSHxK',0,'2017-09-29 18:28:42','2017-09-29 18:28:42'),(90,'KeY8MZ',379,'2017-09-29 19:00:56','2017-09-29 19:02:45'),(91,'07H2yr',380,'2017-09-29 19:08:05','2017-09-29 19:19:07'),(92,'fBCMcv',384,'2017-09-30 09:48:21','2017-09-30 09:48:46'),(93,'VeCUek',0,'2017-09-30 09:53:44','2017-09-30 09:53:44'),(94,'N4il6P',385,'2017-09-30 09:55:34','2017-09-30 09:56:22'),(95,'vVwajO',386,'2017-09-30 09:56:24','2017-09-30 09:59:14'),(96,'AH2zQj',387,'2017-09-30 10:21:45','2017-09-30 10:22:25'),(97,'wvuSAS',0,'2017-09-30 10:25:37','2017-09-30 10:25:37'),(98,'GnWaTS',389,'2017-09-30 10:38:56','2017-09-30 10:55:42'),(99,'HTteSO',390,'2017-09-30 11:24:31','2017-09-30 11:25:23'),(100,'LLYjbO',0,'2017-09-30 15:45:21','2017-09-30 15:45:21'),(101,'hmRVTQ',0,'2017-09-30 15:46:45','2017-09-30 15:46:45'),(102,'kLQxjd',0,'2017-09-30 15:46:50','2017-09-30 15:46:50'),(103,'6w6b0w',0,'2017-09-30 15:48:16','2017-09-30 15:48:16'),(104,'HLrZj1',0,'2017-09-30 15:49:59','2017-09-30 15:49:59'),(105,'O453NZ',0,'2017-09-30 15:50:12','2017-09-30 15:50:12'),(106,'CT93n7',0,'2017-09-30 15:50:26','2017-09-30 15:50:26'),(107,'fkGywJ',0,'2017-09-30 15:51:25','2017-09-30 15:51:25'),(108,'FXPLJ7',0,'2017-09-30 15:51:46','2017-09-30 15:51:46'),(109,'RbgfN1',0,'2017-09-30 15:51:57','2017-09-30 15:51:57'),(110,'EQWeqD',0,'2017-09-30 15:52:11','2017-09-30 15:52:11'),(111,'pGXFy_',0,'2017-09-30 15:52:20','2017-09-30 15:52:20'),(112,'gxZITH',0,'2017-09-30 15:52:23','2017-09-30 15:52:23'),(113,'5k1rro',0,'2017-09-30 15:52:25','2017-09-30 15:52:25'),(114,'UZjhU6',0,'2017-09-30 15:52:29','2017-09-30 15:52:29'),(115,'0DsYWE',0,'2017-09-30 15:52:31','2017-09-30 15:52:31'),(116,'WILNDD',0,'2017-09-30 15:55:44','2017-09-30 15:55:44'),(117,'VdSLLa',0,'2017-09-30 15:56:20','2017-09-30 15:56:20'),(118,'L2aSdb',0,'2017-09-30 15:57:05','2017-09-30 15:57:05'),(119,'Zze3C1',0,'2017-09-30 15:57:30','2017-09-30 15:57:30'),(120,'bXNlVl',391,'2017-09-30 16:56:49','2017-09-30 16:58:44'),(121,'TbX2vF',398,'2017-10-03 08:07:00','2017-10-20 18:22:55'),(122,'bZlRWk',395,'2017-10-06 14:58:56','2017-10-09 12:24:20'),(123,'B3bvpm',0,'2017-10-09 11:30:44','2017-10-09 11:30:44'),(124,'SJ9TNl',0,'2017-10-09 11:30:50','2017-10-09 11:30:50'),(125,'PtK92S',0,'2017-10-09 11:32:41','2017-10-09 11:32:41'),(126,'hSiDrB',394,'2017-10-09 11:35:35','2017-10-09 11:35:44'),(127,'vYgBR_',0,'2017-10-09 11:45:18','2017-10-09 11:45:18'),(128,'noA0Nc',0,'2017-10-09 11:45:22','2017-10-09 11:45:22'),(129,'p2XdkV',396,'2017-10-10 18:23:11','2017-10-10 18:23:36'),(130,'SVvSNU',397,'2017-10-10 18:28:29','2017-10-10 18:28:44'),(131,'F59V9E',0,'2017-10-12 16:22:17','2017-10-12 16:22:17'),(132,'7ZxsaS',0,'2017-10-12 16:22:19','2017-10-12 16:22:19'),(133,'aT6CO7',0,'2017-10-12 16:22:20','2017-10-12 16:22:20'),(134,'flsNlo',0,'2017-10-12 16:22:20','2017-10-12 16:22:20'),(135,'b1Uo3W',0,'2017-10-12 16:22:21','2017-10-12 16:22:21'),(136,'fYap6L',0,'2017-10-12 16:22:22','2017-10-12 16:22:22'),(137,'LaDPMT',0,'2017-10-12 16:22:22','2017-10-12 16:22:22'),(138,'ycvSTv',0,'2017-10-12 16:22:23','2017-10-12 16:22:23'),(139,'jtwG6T',0,'2017-10-20 18:42:14','2017-10-20 18:42:14'),(140,'XcRaXq',0,'2017-10-20 18:42:30','2017-10-20 18:42:30'),(141,'gTxXpC',0,'2017-10-20 18:42:40','2017-10-20 18:42:40'),(142,'SLJXiV',399,'2017-10-20 18:42:42','2017-10-20 18:43:19'),(143,'XVt1lc',0,'2017-10-20 18:43:39','2017-10-20 18:43:39'),(144,'z18HUe',0,'2017-10-20 21:46:25','2017-10-20 21:46:25'),(145,'K2Hfu7',400,'2017-10-20 21:46:26','2017-10-20 21:47:19');
/*!40000 ALTER TABLE `gener_invitation_code` ENABLE KEYS */;
UNLOCK TABLES;

--
-- Table structure for table `gener_job`
--

DROP TABLE IF EXISTS `gener_job`;
/*!40101 SET @saved_cs_client     = @@character_set_client */;
/*!40101 SET character_set_client = utf8 */;
CREATE TABLE `gener_job` (
  `id` int(10) unsigned NOT NULL AUTO_INCREMENT,
  `userId` varchar(45) COLLATE utf8mb4_unicode_ci DEFAULT NULL,
  `personId` varchar(45) COLLATE utf8mb4_unicode_ci DEFAULT NULL,
  `start_time` date NOT NULL,
  `end_time` date NOT NULL,
  `company` varchar(500) COLLATE utf8mb4_unicode_ci NOT NULL,
  `occupation` varchar(255) COLLATE utf8mb4_unicode_ci NOT NULL,
  `create_time` date NOT NULL,
  `create_by` int(11) NOT NULL,
  `update_time` date NOT NULL,
  `update_by` int(11) NOT NULL,
  PRIMARY KEY (`id`)
) ENGINE=InnoDB AUTO_INCREMENT=25 DEFAULT CHARSET=utf8mb4 COLLATE=utf8mb4_unicode_ci;
/*!40101 SET character_set_client = @saved_cs_client */;

--
-- Dumping data for table `gener_job`
--

LOCK TABLES `gener_job` WRITE;
/*!40000 ALTER TABLE `gener_job` DISABLE KEYS */;
INSERT INTO `gener_job` VALUES (20,'','743','2017-09-06','2017-09-30','xinhuotech','开发','2017-09-29',377,'2017-09-29',377),(21,'384','761','2017-03-03','2017-01-01','中国古古怪怪','PHP','2017-09-30',384,'2017-09-30',384),(22,'384','761','2101-11-11','0111-04-04','上海某某公司','某某职位','2017-09-30',384,'2017-09-30',384),(23,'385','762','2017-08-22','2017-09-30','鑫火信息','产品开发','2017-09-30',385,'2017-09-30',385),(24,'384','761','2022-02-22','2022-02-22','22222','2222','2017-09-30',384,'2017-09-30',384);
/*!40000 ALTER TABLE `gener_job` ENABLE KEYS */;
UNLOCK TABLES;

--
-- Table structure for table `gener_like`
--

DROP TABLE IF EXISTS `gener_like`;
/*!40101 SET @saved_cs_client     = @@character_set_client */;
/*!40101 SET character_set_client = utf8 */;
CREATE TABLE `gener_like` (
  `id` int(30) NOT NULL AUTO_INCREMENT,
  `userId` int(30) NOT NULL,
  `status` int(1) NOT NULL,
  `postId` int(30) NOT NULL,
  `module` int(30) NOT NULL,
  `create_by` int(30) NOT NULL,
  `create_time` datetime NOT NULL,
  `update_by` int(30) NOT NULL,
  `update_time` datetime NOT NULL,
  PRIMARY KEY (`id`),
  KEY `fk_gener_like_user_idx` (`userId`),
  CONSTRAINT `fk_gener_like_user` FOREIGN KEY (`userId`) REFERENCES `gener_user` (`id`) ON DELETE NO ACTION ON UPDATE NO ACTION
) ENGINE=InnoDB AUTO_INCREMENT=256 DEFAULT CHARSET=utf8mb4 COLLATE=utf8mb4_unicode_ci;
/*!40101 SET character_set_client = @saved_cs_client */;

--
-- Dumping data for table `gener_like`
--

LOCK TABLES `gener_like` WRITE;
/*!40000 ALTER TABLE `gener_like` DISABLE KEYS */;
INSERT INTO `gener_like` VALUES (240,377,1,1205,1,377,'2017-09-29 13:19:33',377,'2017-09-29 13:19:33'),(241,381,1,1208,1,381,'2017-09-29 19:42:27',381,'2017-09-29 19:42:28'),(242,381,1,1207,1,381,'2017-09-29 19:49:45',381,'2017-09-29 19:49:45'),(243,380,1,1212,1,380,'2017-09-29 20:25:58',380,'2017-09-29 20:25:58'),(244,385,1,1214,1,385,'2017-09-30 10:16:10',385,'2017-09-30 11:22:22'),(245,385,1,1215,1,385,'2017-09-30 10:21:50',385,'2017-09-30 10:21:51'),(246,384,0,1216,1,384,'2017-09-30 10:38:48',384,'2017-09-30 10:38:53'),(247,385,1,1226,1,385,'2017-09-30 11:02:49',385,'2017-09-30 14:44:32'),(248,384,1,1224,1,384,'2017-09-30 12:40:42',384,'2017-09-30 12:40:42'),(249,384,1,1222,1,384,'2017-09-30 12:44:11',384,'2017-09-30 12:44:11'),(250,384,0,1236,1,384,'2017-09-30 14:33:30',384,'2017-09-30 14:33:30'),(251,385,1,1229,1,385,'2017-09-30 14:44:34',385,'2017-09-30 14:44:34'),(252,385,1,1230,1,385,'2017-09-30 14:44:40',385,'2017-09-30 14:44:40'),(253,1,1,1253,1,1,'2017-10-01 18:50:32',1,'2017-10-01 18:50:32'),(254,1,1,1250,5,1,'2017-10-03 11:48:59',1,'2017-10-03 11:48:59'),(255,377,1,1241,1,377,'2017-10-09 17:54:50',377,'2017-10-09 17:54:51');
/*!40000 ALTER TABLE `gener_like` ENABLE KEYS */;
UNLOCK TABLES;

--
-- Table structure for table `gener_loginHistory`
--

DROP TABLE IF EXISTS `gener_loginHistory`;
/*!40101 SET @saved_cs_client     = @@character_set_client */;
/*!40101 SET character_set_client = utf8 */;
CREATE TABLE `gener_loginHistory` (
  `id` int(100) NOT NULL AUTO_INCREMENT,
  `login_name` varchar(255) CHARACTER SET utf8mb4 NOT NULL,
  `device` varchar(30) CHARACTER SET utf8mb4 NOT NULL,
  `device_code` varchar(100) COLLATE utf8mb4_unicode_ci NOT NULL,
  `userId` int(30) NOT NULL,
  `token` varchar(255) CHARACTER SET utf8 NOT NULL,
  `is_logout` int(1) NOT NULL DEFAULT '0',
  `login_ip` varchar(56) CHARACTER SET utf8 NOT NULL,
  `login_time` datetime NOT NULL,
  `success` int(1) NOT NULL COMMENT '1代表成功，0代表失败',
  PRIMARY KEY (`id`),
  KEY `fk_gener_loginHistory_user_idx` (`userId`),
  CONSTRAINT `fk_gener_loginHistory_user` FOREIGN KEY (`userId`) REFERENCES `gener_user` (`id`) ON DELETE CASCADE ON UPDATE NO ACTION
) ENGINE=InnoDB AUTO_INCREMENT=8104 DEFAULT CHARSET=utf8mb4 COLLATE=utf8mb4_unicode_ci;
/*!40101 SET character_set_client = @saved_cs_client */;

--
-- Dumping data for table `gener_loginHistory`
--

LOCK TABLES `gener_loginHistory` WRITE;
/*!40000 ALTER TABLE `gener_loginHistory` DISABLE KEYS */;
INSERT INTO `gener_loginHistory` VALUES (7863,'zhx','1','',1,'a34bce67460c31d4c663c01cb282c88ab400406acc9fc2138e7a0982ba1df354',1,'116.226.126.46','2017-09-29 12:26:37',1),(7866,'jiangpengfei@xinhuotech.com','1','',377,'d9620ef53928d5ca47566a3b9f286d68c811e46d1ea9121a5c4a68612f2a2f63',0,'116.226.126.46','2017-09-29 12:43:32',1),(7867,'jiangpengfei@xinhuotech.com','1','',377,'28feb14bad2bae493a14d4dc7317b6b2fc9dd22e97c7e8c282eb4ec465c5f4d3',1,'116.226.126.46','2017-09-29 12:43:32',1),(7868,'jiangpengfei@xinhuotech.com','1','',377,'8aca54355b8e8f672dd84e8645cd472c17812330288ea26d2ead0ffb55987b10',1,'116.226.126.46','2017-09-29 14:12:12',1),(7871,'jiangpengfei@xinhuotech.com','1','',377,'41488c98496dc4b265db0615bb7533ae4539fbd2913234e9b9f40c7d4871941a',1,'116.226.126.46','2017-09-29 14:19:11',1),(7872,'微信登录','3','',1,'52d1818ffeea8fe721303f60d97605e66d7bf2f64d7eceaffab9b4058323369e',0,'101.226.102.139','2017-09-29 18:19:28',1),(7873,'微信登录','3','',10,'4f73c1d5c3871d5a4f9ff4e18d4f2db1aa18355fd0da920e2c88df8d2a9cfea2',0,'116.226.104.178','2017-09-29 18:45:47',1),(7875,'微信登录','3','',380,'5458b52e8640fc28cee8cf7d5e5390ad92bb99e59d18bbada8ae22f9540e34ea',0,'101.226.69.109','2017-09-29 19:19:18',1),(7876,'smellytiger','1','',381,'6c4bd7809e598fb99a87f1366f9cb00bb8ccd7914b120c8ece8f819db8c7de58',0,'211.161.240.221','2017-09-29 19:26:29',1),(7877,'微信登录','3','',1,'e4ce4f00e41db5490cb3e95d3d28ff0ab831e7a095c78ecf278f258c808dd1f8',0,'116.226.126.46','2017-09-29 19:27:38',1),(7878,'smellytiger','3','',381,'b75645fe4cdfae7dca63b9c34c7aaa7b94c592b75bc0435a151a30ae07147532',0,'101.226.125.18','2017-09-29 19:28:43',1),(7879,'jiang','1','',377,'f31170ca58a3727ca05ef5fa82a0c56d7ef033ed4e76dbfd1accf0e1aa22ffa4',1,'116.226.126.46','2017-09-29 19:35:47',1),(7880,'smellytiger','1','',381,'7bb2ee7f59e47b8f35f36e6727a4c767ac3cc9204fd894a38450b907ec7fb123',0,'211.161.240.221','2017-09-29 19:59:05',1),(7881,'jiang','1','',377,'5a1c5bda9920d2954753eb4eb814f8ba32682184a89efd18775a701e121ea665',1,'116.226.126.46','2017-09-29 20:01:37',1),(7882,'微信登录','3','',1,'f89db68c66b79952fb70d7b25eb44db8d9d650cf96a70a089926530e5a97c039',0,'101.226.102.139','2017-09-29 20:26:25',1),(7883,'微信登录','3','',10,'47ec4f27aa10a4421493fd1195824a2eb65d919929ccd3f1685193c25a0318b4',0,'112.65.62.225','2017-09-29 22:16:09',1),(7884,'18019182353','1','',382,'6d3fe489dd2c2841ded8600ef17aa712239db450271eddbe25539856ea80dfe2',1,'101.90.127.104','2017-09-29 22:23:23',1),(7885,'18019182353','1','',382,'bb7cf2aa1830468711f2ca3a71e1b9259e72bcab7c8e29b5c5f1979af9a04c6d',0,'180.172.58.22','2017-09-29 22:25:12',1),(7886,'18019182353','3','',382,'4b2e267fc35c68d13d2cd7c71279750dd2101ef21b3006beebfd859ab7eb138e',0,'180.172.58.22','2017-09-29 22:26:20',1),(7887,'zhx','1','',1,'d8e1adf2dd4c1f44347fa5046e09009fdace4451e5c07141509698ad47e941f1',1,'180.172.58.22','2017-09-29 22:37:05',1),(7888,'jiang','1','',377,'cd4d7095dcb1ad98bf9746977ffbab8cf2de21531328171a0fcec69a537a63df',0,'223.167.21.168','2017-09-29 22:50:56',1),(7889,'zzr','1','',383,'',0,'112.14.86.97','2017-09-29 23:02:45',0),(7890,'13758666282','1','',383,'',0,'112.14.86.97','2017-09-29 23:02:54',0),(7891,'13758666282','1','',383,'',0,'112.14.86.97','2017-09-29 23:02:57',0),(7892,'13758666282','1','',383,'',0,'112.14.86.97','2017-09-29 23:02:58',0),(7893,'13758666282','1','',383,'',0,'112.14.86.97','2017-09-29 23:03:48',0),(7894,'zzr','1','',383,'',0,'112.14.86.97','2017-09-29 23:04:02',0),(7895,'13758666282','3','',383,'',0,'112.14.86.97','2017-09-29 23:04:31',0),(7896,'zzr','3','',383,'',0,'112.14.86.97','2017-09-29 23:04:45',0),(7897,'zzr','3','',383,'',0,'112.14.86.97','2017-09-29 23:04:47',0),(7898,'廖宇','1','',382,'fd029589e35f8a3e9e005ea6011503731ac0d9643fb9acb83f885aee6f3aae73',1,'180.172.58.22','2017-09-29 23:11:28',1),(7899,'18917741887','1','',1,'5dcd247db5cdcfa74a9cbf5f98c293bede75b76880188ab4e32efaf5c1363202',1,'180.172.58.22','2017-09-29 23:15:56',1),(7900,'zzr','3','',383,'',0,'112.14.86.97','2017-09-29 23:19:27',0),(7901,'zzr','3','',383,'',0,'112.14.86.97','2017-09-29 23:19:32',0),(7902,'13758666282','3','',383,'',0,'112.14.86.97','2017-09-29 23:20:22',0),(7903,'zzr','1','',383,'',0,'112.14.86.97','2017-09-29 23:31:13',0),(7904,'zzr','1','',383,'',0,'112.14.86.97','2017-09-29 23:31:17',0),(7905,'13758666282','1','',383,'',0,'112.14.86.97','2017-09-29 23:31:53',0),(7906,'zzr','1','',383,'',0,'180.172.58.22','2017-09-29 23:32:28',0),(7907,'13758666282','1','',383,'',0,'180.172.58.22','2017-09-29 23:32:51',0),(7908,'zzr','1','',383,'0b4f644a14f01c8655483a40f0d31cd399406ea2a922c4f2632a2ccb8b003a9a',0,'112.14.86.97','2017-09-29 23:32:51',1),(7909,'zzr','3','',383,'32f5c6bed5401789f6b924ba418ddd8ebdd060c4a9f8c9897ce0d521dd4c5d04',0,'112.14.86.97','2017-09-29 23:34:31',1),(7910,'jiang','3','',377,'1206caa91205c4435fef6a97ec32d4b2a11dd4d2474487990d6803592429f575',0,'223.167.21.168','2017-09-29 23:41:07',1),(7911,'jiang','1','',377,'07906380a66ee31dbd77a0fadb23295d718630f18a72e4f760a502372d2fbc3a',0,'223.167.21.168','2017-09-30 00:03:23',1),(7912,'jack','1','',384,'6129bc5f76e4a8c1cd585f7807c2675e272a1ffdd17b953803ef90d7b8a6da9b',1,'116.226.126.46','2017-09-30 09:49:28',1),(7913,'微信登录','3','',385,'040e1e01e82938eba3962213f299e883ef6ee20a7744dd82c2ad1d298317fbef',0,'101.226.125.115','2017-09-30 09:56:31',1),(7914,'微信登录','3','',386,'1d05f631a4849f8029bdece433f4435e7336533b90bfe1f9a25e8fccb0bc84ef',0,'116.226.126.46','2017-09-30 09:59:20',1),(7915,'zhang123','1','',387,'c7c1e8500b1c8f1ab2b0a647d2350b504a95a4a8f0da75e8e424b0d63ddad7f2',0,'116.226.126.46','2017-09-30 10:22:34',1),(7916,'江鹏飞','1','',386,'',0,'116.226.126.46','2017-09-30 10:23:00',0),(7917,'江鹏飞','1','',386,'9d145095bcfa3ddf9b3d74302466e01b97a4c1da3e7b5f4589758ecbea60b4cb',1,'116.226.126.46','2017-09-30 10:23:03',1),(7918,'微信登录','3','',388,'1e9894ff1af88cb9d9f730d6fddcc830a244e58ffad6d39f76262092c5ead1f1',0,'101.226.102.147','2017-09-30 10:33:44',1),(7919,'微信登录','3','',385,'b0eca9d890b4fc49643012c30e29671a2e3f8aacdff2722126f12a30f16e1707',0,'140.207.54.214','2017-09-30 10:37:44',1),(7920,'微信登录','3','',389,'25c743d41aab06e30d8919b8d73586c308e140c1040b1e1a679ec337b0bedbac',0,'101.226.102.139','2017-09-30 10:55:45',1),(7921,'微信登录','3','',390,'f4d570a869212ca2b760e0d71ac67f36bc374fb13b6cb8f3c310bbe8019b0302',0,'116.226.126.46','2017-09-30 11:25:24',1),(7922,'18964671109','3','',2,'',0,'116.226.126.46','2017-09-30 12:23:22',0),(7923,'18964671109','3','',2,'',0,'116.226.126.46','2017-09-30 12:23:27',0),(7924,'18964671109','3','',2,'',0,'116.226.126.46','2017-09-30 12:23:50',0),(7925,'18964671109','3','',2,'62e99510b470eb50ce117063d9fd946b34b193e89bb5d631d3f6745ef1435fff',0,'116.226.126.46','2017-09-30 12:26:17',1),(7926,'jiang','1','',377,'2e8a240914b374c02cf7ae192c7ffdd645bac0a74777690c73edb435b7c0c3ef',0,'116.226.126.46','2017-09-30 12:28:54',1),(7927,'江鹏飞','1','',386,'edc18be5a7f70acfc5b49020a2847143ea026d5fd352dedfc185574afbc13f31',1,'116.226.126.46','2017-09-30 12:33:45',1),(7928,'jiang','1','',377,'',0,'116.226.126.46','2017-09-30 12:34:34',0),(7929,'jiang','1','',377,'5244a444c54912f87c5af1d13f63703d1a47d72aca6b33182bf21c3039f5a493',1,'116.226.126.46','2017-09-30 12:34:37',1),(7930,'jack','3','',384,'cd063cdc62cc9a5b93fb156814650fe71156484d3e361fc89af779017fd8305c',0,'140.207.54.215','2017-09-30 12:40:06',1),(7931,'江鹏飞','1','',386,'35a509367e3d7f0f8b6bf7b88d39443676e2e2b26718a0d8e9c569b5579faa73',1,'116.226.126.46','2017-09-30 12:42:24',1),(7932,'zhang123','3','',387,'b3096b545f3ece2f808aef523e2f4a78650a01ec17be16937a88a5da990289c5',0,'101.226.102.140','2017-09-30 14:23:58',1),(7933,'微信登录','3','',386,'80c54ec0beac6e635996d409b3030fbee1a38358bc2d85d85f4b26bafca2c4f7',0,'116.226.126.46','2017-09-30 14:27:34',1),(7934,'jiang','2','ccadace93181da70',377,'15f43885dc0087e1b9f04abf5ffb564ebb7c879b552db1f4915f3dc7e39fb754',0,'116.226.126.46','2017-09-30 16:35:02',1),(7935,'jiang','2','ccadace93181da70',377,'e38d768a9f62b52b52700f6f3aa9b40e9d5d5898f8166586ea241dd8e2d8666a',0,'116.226.126.46','2017-09-30 16:40:08',1),(7936,'jiang','2','ccadace93181da70',377,'51e028d65ce6d4a3ede5f12af5b6078493b30f69cc43eabc61b4359e92d1dcbf',0,'116.226.126.46','2017-09-30 16:43:02',1),(7937,'jiang','2','ccadace93181da70',377,'e2144da7483520320e8b0ca484828f5ecb48183b8a57169862abec6073c7687f',0,'116.226.126.46','2017-09-30 16:58:23',1),(7938,'微信登录','3','',391,'008bc39e71c0d0210358f108116f949b5ad8c8a6b9e756d3e1c9c46ed3b55482',0,'113.108.0.14','2017-09-30 16:58:59',1),(7939,'jiang','2','ccadace93181da70',377,'4d5502eddb44c638e5663c8e734701f4ec44385ced70414460a43f2ea693fe60',0,'116.226.126.46','2017-09-30 17:02:48',1),(7940,'jiang','2','ccadace93181da70',377,'801a37d3b0edbc5cc9548c026570fc8f9adb019e8006075307cc094ae214c58e',0,'116.226.126.46','2017-09-30 17:09:33',1),(7941,'jiang','2','ccadace93181da70',377,'3b92f4bdcef3d7c9bd1eb8b11cdc33a42cb8baa5c1122f8ae80e1e0e1982d110',0,'116.226.126.46','2017-09-30 17:18:52',1),(7942,'jiang','2','b707d0c87115cdb4',377,'1265c057dec6200e3d344c39647211da6d8a9a2c91eb2d885f3a9e3821f326b5',0,'116.226.126.46','2017-09-30 17:27:38',1),(7943,'jiang','2','b707d0c87115cdb4',377,'2e245dc62c945e0ab0713d53f2b558a172b85232c798e3d5fefd2655d83bf747',0,'116.226.126.46','2017-09-30 17:33:28',1),(7944,'15000895132','2','b707d0c87115cdb4',386,'',0,'116.226.126.46','2017-09-30 17:37:27',0),(7945,'15000895132','2','b707d0c87115cdb4',386,'',0,'116.226.126.46','2017-09-30 17:37:36',0),(7946,'15000895132','2','b707d0c87115cdb4',386,'78415d538a2044328bb148d59f206a72a2431a4109ac38c275d21573da1b2148',0,'116.226.126.46','2017-09-30 17:37:43',1),(7947,'15000895132','2','b707d0c87115cdb4',386,'53ca4c529381cf763faab4428f23d5f99ad307f8ac1ee9eb054542d1caf5253c',0,'116.226.126.46','2017-09-30 17:46:17',1),(7948,'15000895132','2','b707d0c87115cdb4',386,'72f7ea43a50ee98e7b804bba9031906dc18f1b5582b594712fe02ffc2d310d15',0,'116.226.126.46','2017-09-30 18:05:44',1),(7949,'15000895132','2','b707d0c87115cdb4',386,'c8e7f66508cac9f0b3798ff26bf4579df63e66b6d9ebffa2b83bf4a344a6de75',0,'116.226.126.46','2017-09-30 18:14:31',1),(7950,'jiang','2','1337329f70c1c83c',377,'07170ce1263b89ce28f1eb1e7dd46172a4a9ed2ae01e06b5f24c73615c4f0523',0,'117.136.8.230','2017-09-30 18:29:58',1),(7951,'zhx','2','4952eb8ee6f97fa9',1,'5a3774b718ed1ed67e0326b8c2242678cc192684631a8eb09160f48ad5f75aac',0,'180.172.58.22','2017-09-30 18:52:22',1),(7952,'zhx','2','e552a021d67b1f33',1,'c55db66948fea97e7c7e87a86dd6845c3d10c44329a36bb58cfceb2516eceddd',0,'101.90.252.140','2017-09-30 19:09:43',1),(7953,'zhx','1','',1,'7c7446af2fae3c18145eefeb28e3d5dbe34be57db6840dfc052f1f65bc7f0bd9',1,'180.172.58.22','2017-09-30 20:25:32',1),(7954,'jiangrui','1','',392,'fced969e00c5ba572065433b6e3fdddf6544f4e059f18a54be30ce7bb680873c',0,'180.168.144.2','2017-09-30 21:04:12',1),(7955,'jiangrui','2','cca98e87c091ecca',392,'f55b92c029b29bb56c839272be0ff0d375ebaab0dfd2de5ea6ed5d76a2880d83',0,'180.168.144.2','2017-09-30 21:08:40',1),(7956,'微信登录','3','',393,'2387cc60aae299b6e3c50c942665a576894a71880e4fe4554a9e411925655d26',0,'117.185.27.143','2017-09-30 22:19:31',1),(7957,'15951500579','2','686c4519c3a66fd1',393,'ab4c0fdd1b84b68dc968ca1850c86794422f8d28b8274aa723d496cc1fd3bcb7',0,'122.192.14.123','2017-09-30 22:23:54',1),(7958,'18964671109','1','',2,'',0,'101.90.124.251','2017-10-01 14:29:17',0),(7959,'18964671109','1','',2,'9d8d513d9dd7b0c26319af37f3bceae536c568bf52eb0f7f5cfa7b5a1056ba07',1,'101.90.124.251','2017-10-01 14:29:27',1),(7960,'CCCC','1','',2,'fa5e07531b14f9ccad90ff20445e41d954f9275c2cc7e1dd61de488a220ee01a',0,'101.90.124.251','2017-10-01 14:30:09',1),(7961,'CCCC','1','',2,'4ee5221e5fa86ba1a9dcdebd51ecb25ec2b0b700ce396c7651e482bdfd75eb57',0,'60.251.86.253','2017-10-01 18:43:32',1),(7962,'CCCC','1','',2,'170ff36c29b46b8a0734824f4770600429227482ddbd0ed1c8fe538744ed3788',1,'60.251.86.253','2017-10-01 18:43:32',1),(7963,'zhx','1','',1,'5f7c122fe67ea0f7abcdf834794c77650b1bd0c439b10fe39cca6b3b61ff60d5',0,'60.251.86.253','2017-10-01 18:48:53',1),(7964,'zhx','1','',1,'382c372ff93eac1489d32cc955b31de51be770c45090b07192126510e9e2389f',0,'60.251.86.253','2017-10-01 18:48:53',1),(7965,'zhx','1','',1,'19ef99802214303e8874864c6829ac9a822945edde582a2aad4a65a217a8fcc5',0,'60.251.86.253','2017-10-01 18:48:53',1),(7966,'zhx','1','',1,'714a65aacd2b130672a5c729dde86cd51578d172e9d6e1c15a7128a894a9b030',0,'60.251.86.253','2017-10-01 18:48:53',1),(7967,'zhx','1','',1,'e34512d9ebac66f1810348f572df3e11a822519858d08cc04fa43564e3d511d4',0,'60.251.86.253','2017-10-01 18:48:53',1),(7968,'zhx','1','',1,'1921e44e816e7cc5aec7a25fe5f374a3fbf104c29bfda38b4344b6d2c7a7d81e',1,'60.251.86.253','2017-10-01 18:48:53',1),(7969,'zhx','1','',1,'07ea3cf1a388200348208e5539e2d7efcb8dee1b8f0107c1b45124ea10730fa3',0,'60.251.86.253','2017-10-01 18:48:53',1),(7970,'zhx','1','',1,'8849bd1c63ce845d57682d6720f2b779fcdb28501076f851de5e6311f5b16de3',0,'60.251.86.253','2017-10-01 18:48:53',1),(7971,'CCCC','1','',2,'826a8752571919bfeb1d9855f06230030f809e42ebf0911c6144eb0a3ad5ca1a',0,'60.251.86.253','2017-10-01 18:49:16',1),(7972,'zhx','1','',1,'5084df403baf41a6a526cb4a074043292d5a870ab666c27016efecccf76163d0',0,'60.251.86.253','2017-10-01 18:50:15',1),(7973,'zhx','1','',1,'e810bfb7b16945aaa6fe2df23e20ffbc5fa7a4615bfc741a6a510ac9154fe7db',0,'60.251.86.253','2017-10-01 18:50:15',1),(7974,'zhx','1','',1,'217db66fac21e66f85c50fca2cda3f143b4d7917811f487c00d292266ddbf625',0,'60.251.86.253','2017-10-01 18:50:15',1),(7975,'zhx','1','',1,'250210e2ed1b3371e0b271b87821736a61dc56206bd65b076682896e86a0d38b',0,'60.251.86.253','2017-10-01 18:50:15',1),(7976,'zhx','1','',1,'23e1a060e272fdbbd3507631ddcdbfe5c9e0554453d17ac45d0eb0ac5e82e2fc',0,'60.251.86.253','2017-10-01 18:50:15',1),(7977,'zzr','1','',383,'6440e15abe44babeae77d4b3f2d64d39f73dbdaa61897e298271400d31ae1dcb',0,'180.173.59.99','2017-10-03 11:51:51',1),(7978,'微信登录','3','',1,'34a105f2d010f0eccc8d97cb5ffb5289a9d5d36dff074f374cd51e2c5bdc5914',0,'101.226.102.139','2017-10-07 14:00:57',1),(7979,'gaoyingxin','1','',394,'b180fc1c7dea498f090a9d06aba4c224fa9518eaf439f70dfe26d032a28f2704',0,'116.226.126.46','2017-10-09 11:36:00',1),(7980,'微信登录','3','',395,'827d13b59421fc58b8e3a41aa103ca9ed1fbd9036077bd4cb400381c3e5404a5',0,'115.201.8.186','2017-10-09 12:24:23',1),(7981,'微信登录','3','',395,'d88a67376cbcfe66b78e73efea77494587e8ce7bbefdeeb60e4ed18bc06dc79f',0,'115.201.8.186','2017-10-09 12:36:31',1),(7982,'CCCC','1','',2,'7aa92f4de31a316a284ea248afd04a900584a8a6c29cf5c11c8da0625097747b',1,'116.226.126.46','2017-10-09 12:37:55',1),(7983,'jiang','1','',377,'592b6db23f6e90181243a5d28b7b1636b9bb17aee1741649321a903da2973c7d',0,'116.226.126.46','2017-10-09 12:39:18',1),(7984,'jiang','1','',377,'e7af582c18ae16db49a81a5b19eedab77a6731691ecb45385865464e5f025206',1,'116.226.126.46','2017-10-09 12:39:18',1),(7985,'CCCC','1','',2,'738506399b8af40200cf71d7b17dc5ffe1d553de9f4293cef339620b9a181128',0,'116.226.126.46','2017-10-09 12:46:06',1),(7986,'CCCC','1','',2,'dbca99a21b51707dbd66f39cdb936cdb62abdcaea7d4553805d4878ee10dde3d',1,'116.226.126.46','2017-10-09 12:46:06',1),(7987,'CCCC','1','',2,'5084edeb5a0a163a09c22d07081fee459f4b88e8980e3a92e3ecb74b2b2a5f2e',0,'::1','2017-10-09 13:17:21',1),(7988,'CCCC','1','',2,'76e81779503ee4e6ae5b11f9675d7f14156eaec2f04e447ca62f37047fd9d46a',1,'::1','2017-10-09 13:17:21',1),(7989,'jiang','1','',377,'a5c7252f815b22f4f3bea3c41ab3ab0d8ed019ae7988cb251ddca401c34dc96d',0,'::1','2017-10-09 13:20:49',1),(7990,'jiang','1','',377,'a3f6c6e56633810f8197f671578b865260d744c3c0043f80c70fd3708d55a8da',1,'::1','2017-10-09 13:20:49',1),(7991,'jiang','1','',377,'4ed500ee031e7a2b30834749b91e7dfeee49450fb7bedc36faea3b61c480ecb1',0,'::1','2017-10-09 13:21:13',1),(7992,'jiang','1','',377,'adf9b523d89a3add326a759a899b3d2bb326abc76516e0afe4ca9e3adff82734',1,'::1','2017-10-09 13:21:13',1),(7993,'CCCC','1','',2,'65a754a3019ca26b4f73c9f9e50c149ce13dd036a20d38c333e0e2273a2aec00',0,'::1','2017-10-09 13:21:26',1),(7994,'CCCC','1','',2,'a601c66797896a2c4aed8df157783aafe468bbc859f3b01c0a87be28d47894a7',0,'::1','2017-10-09 13:21:26',1),(7995,'CCCC','1','',2,'1fb0b810174ba16064d70369a779e65d0bb56086862123ac06b22c753a8eb061',0,'::1','2017-10-09 15:15:17',1),(7996,'CCCC','1','',2,'67e01f4e06ff8a5f19ee81d0091a2fe7ba32b6c0cf709d839a0276c69f15869c',0,'::1','2017-10-09 15:15:17',1),(7997,'jiang','1','',377,'6e4c56d12666b12240db759021e26a120b59a441c198f39a619a31f518bbecdc',0,'116.226.126.46','2017-10-09 15:58:00',1),(7998,'jiang','1','',377,'ea3b52966c0219c02da64dc4bd19ace740d7cbb190a050186f89b9961d63bfa2',1,'116.226.126.46','2017-10-09 15:58:00',1),(7999,'jiang','1','',377,'6baaa7a76a00818e573cd3499b69a968d8a6a5445189d954bc4cac1ed85afbbb',0,'116.226.126.46','2017-10-09 16:17:53',1),(8000,'jiang','1','',377,'dcd985578fe2f835850b0b20ac2a14d13cd0b0eef46ec94056181bbfa9f268f8',1,'116.226.126.46','2017-10-09 17:32:47',1),(8001,'jiang','1','',377,'921fb464c8494fad44a029cdf04849d89e991bf5626114964c4457b9da5a5565',0,'116.226.126.46','2017-10-09 17:49:49',1),(8002,'江鹏飞123','1','',380,'83a79bea92067281111cb70c6c22fa10517bc161202581a70887d4c1ea7c2625',0,'116.226.126.46','2017-10-09 18:00:24',1),(8003,'jiang','3','',377,'667723a4224828c89e3287f5da106a96d55493965b523d2c49f4439bea7dc6dd',0,'223.104.213.121','2017-10-09 18:25:20',1),(8004,'jiang','3','',377,'6a43b5047696026a964cab19970b2774afe5412f32d4dafefb146e8a3538a6eb',0,'116.226.126.46','2017-10-09 18:48:17',1),(8005,'jiang','3','',377,'363fda76e4099feec8cef39c2d777cfc481e10900ae9b86bf4480309eab4aa29',0,'116.226.126.46','2017-10-10 10:06:18',1),(8006,'江鹏飞123','1','',380,'',0,'116.226.126.46','2017-10-10 10:36:26',0),(8007,'江鹏飞123','1','',380,'95f3cc9dd3e5752ab9301931963a64fb2834b20f63f7c6272c76b733f165e666',1,'116.226.126.46','2017-10-10 10:36:35',1),(8008,'jiang','1','',377,'2e843a961fab58553e128ddb661cd5447715deb92ed5ac002deb24a9e6f7d42a',0,'116.226.126.46','2017-10-10 12:06:23',1),(8009,'jiang','1','',377,'487450c6e9059321f0363c2858540e4401610b7eb521095abd48247f7681bd7d',0,'116.226.126.46','2017-10-10 15:40:32',1),(8010,'jiang','1','',377,'3f5b199bb066c76c5917d9ca74c0cd878c594818d93402210265a4821e010290',1,'116.226.126.46','2017-10-10 15:40:32',1),(8011,'江鹏飞','1','',386,'3a5ae872b3c633ae3c881e29e17528f64f28cd9405e953bb07a3d623f0166101',1,'116.226.126.46','2017-10-10 15:43:02',1),(8012,'jiang','1','',377,'aa1a3e2a8f7f9103266dcf014464e14aa54fe27d0400e7f8d7e45991b6251a65',1,'116.226.126.46','2017-10-10 15:43:23',1),(8016,'jack','1','',384,'83e374094dd5c7b30fb3604f561304bf0a5fa122a69f19a0149602c9ced50c2d',1,'116.226.126.46','2017-10-11 09:30:48',1),(8017,'jiang','1','',377,'db1bc4e6e36c80ae2058c68dfe996328e23b4abdd1c819544569180f2c29d2df',0,'116.226.126.46','2017-10-11 10:41:18',1),(8018,'jiang','1','',377,'416f797cfffd6212d3a74e900d2fc03f72a0b7e6bf20b11cb37a5e01019211b9',0,'101.226.69.109','2017-10-11 10:57:58',1),(8019,'微信登录','3','',1,'acc949faf00f5a76c03ba418f3ed2cb83cf9fcc13bd3a0468ce0a154fe4ac6b0',0,'101.226.102.139','2017-10-11 11:10:36',1),(8020,'jiang','3','',377,'',0,'116.226.126.46','2017-10-11 16:05:21',0),(8021,'jiang','3','',377,'',0,'116.226.126.46','2017-10-11 16:05:22',0),(8022,'jiang','3','',377,'',0,'116.226.126.46','2017-10-11 16:05:26',0),(8023,'jiang','3','',377,'',0,'116.226.126.46','2017-10-11 16:05:39',0),(8024,'jiang','3','',377,'f17422438cea8eab00ce72dd701337a25aabaf11270cc69c7eca4e4f2e196998',0,'116.226.126.46','2017-10-11 16:05:58',1),(8025,'jiang','3','',377,'31e1da132b47755eda7ba4179e0cfa96ec4417b0d77f4a894f81436c88045a9c',0,'112.17.77.237','2017-10-11 19:45:22',1),(8026,'微信登录','3','',391,'c56096c972bd0f3a681036b005bb377a808f6a42b5d09e1e3f22c66dbefea2ad',0,'101.226.102.139','2017-10-12 12:15:14',1),(8027,'jack','1','',384,'',0,'116.226.126.46','2017-10-12 15:40:24',0),(8028,'jack','1','',384,'38128a2a7d386ed94e55ee7c45232643e0e682a8528c6ee5eb57234ef7a9ae9b',0,'116.226.126.46','2017-10-12 15:41:35',1),(8029,'jiang','3','',377,'c4087f882ecce9c3c2d0ad8be2b18776d45d3367c1599d162fdd31e5ab730937',0,'101.226.102.146','2017-10-13 13:27:15',1),(8030,'jiang','1','',377,'333b5b9961f7d1a755b340a456b6d509e243271bb87174c9ea7ab4192a16fb88',0,'116.226.126.46','2017-10-13 13:38:15',1),(8031,'zhx','1','',1,'',0,'116.226.126.46','2017-10-13 18:03:08',0),(8032,'zhx','1','',1,'',0,'116.226.126.46','2017-10-13 18:03:18',0),(8033,'18917741887','1','',1,'',0,'116.226.126.46','2017-10-13 18:03:30',0),(8034,'zhx','1','',1,'',0,'116.226.126.46','2017-10-13 18:03:43',0),(8035,'zhx','1','',1,'',0,'116.226.126.46','2017-10-13 18:04:17',0),(8036,'jiang','1','',377,'5de1d257c9118673b1d928c29fe06dbc844b7a03b05ab834a0f5d5db3caae336',1,'116.226.126.46','2017-10-13 18:04:56',1),(8037,'zhx','1','',1,'',0,'116.226.126.46','2017-10-13 18:05:04',0),(8038,'zhx','1','',1,'',0,'116.226.126.46','2017-10-13 18:05:31',0),(8039,'zhx','1','',1,'',0,'116.226.126.46','2017-10-13 18:05:59',0),(8040,'zhx','1','',1,'6884d6a4894d4c6eb43f17a09161974e18142e0acb5a0a19c276ede9b2fe80ae',1,'116.226.126.46','2017-10-13 18:06:00',1),(8041,'zhx','1','',1,'ef9e010c9e2ff9a8618a962a9b0e44b4200d2f0b98699260379a022de11de988',0,'116.226.126.46','2017-10-13 18:10:36',1),(8042,'jiang','1','',377,'715746860bfbda918f20457dc2aea54d0568cf36cdc095b5c10c5a6fc11bca8a',1,'116.226.126.46','2017-10-13 18:31:36',1),(8043,'zhx','1','',1,'49346ee584695423128643d77d9a5ab2b6ed1f90413f185d2f6228c1894e1e1c',0,'116.226.119.187','2017-10-16 21:06:48',1),(8044,'微信登录','3','',1,'fdb9fdb22e2bb83059c0443ac4b57b6c5c0b9dcb1fae0c4efb68f26bc92297d3',0,'101.226.102.139','2017-10-16 21:09:22',1),(8045,'jiang','1','',377,'9f12c924057eb4b1e403087d580fc8fc2a9f25b34096a22438955bbcbca8e50a',1,'101.226.89.14','2017-10-17 15:39:11',1),(8046,'zhx','1','',1,'b4ac3447a9a2bf56ddb8e62d4a13735bc7511c769db82af24bbf6685301f6341',0,'116.226.124.35','2017-10-18 09:39:59',1),(8047,'zhx','1','',1,'20817cc91b1a92cb62dcbd4011e47cb6692db86179004e75f7f8d4a0421dbfe0',0,'116.226.124.35','2017-10-18 09:49:31',1),(8048,'zhang123','1','',387,'e2249d165b4a1abdeec80014848b8e238a2bf724f25713899310b22549cbd1cc',0,'116.226.124.35','2017-10-18 12:45:48',1),(8049,'zhx','1','',1,'e2caf15201a22d0b773bcbc89f30264d5bac52c2adc3f59e3b2b2c7b0534523d',0,'116.226.115.118','2017-10-18 14:06:26',1),(8050,'zhx','1','',1,'94f4f8c1a2d883849ff1299f366d8b8b84de4879811285900bbfba03526f3da2',0,'116.226.116.195','2017-10-18 15:47:30',1),(8051,'zhx','2','5d0c08a4dc9a4a00',1,'18794406c1821b9f2b1f4d7325b53712fa3a2015e2eb9e5f8e597b836f3be529',0,'116.226.116.195','2017-10-18 15:53:18',1),(8052,'jack','1','',384,'',0,'101.226.102.121','2017-10-18 17:49:32',0),(8053,'jack','2','8c1fb319ef1b1089',384,'',0,'116.226.116.195','2017-10-18 17:54:09',0),(8054,'jack','2','8c1fb319ef1b1089',384,'',0,'116.226.116.195','2017-10-18 17:54:11',0),(8055,'jack','2','8c1fb319ef1b1089',384,'',0,'116.226.116.195','2017-10-18 17:54:12',0),(8056,'jack','2','8c1fb319ef1b1089',384,'',0,'116.226.116.195','2017-10-18 17:54:12',0),(8057,'jack','2','8c1fb319ef1b1089',384,'',0,'116.226.116.195','2017-10-18 17:54:13',0),(8058,'jack','2','8c1fb319ef1b1089',384,'',0,'116.226.116.195','2017-10-18 17:54:13',0),(8059,'jack','2','8c1fb319ef1b1089',384,'',0,'116.226.116.195','2017-10-18 17:54:13',0),(8060,'jack','2','8c1fb319ef1b1089',384,'',0,'116.226.116.195','2017-10-18 17:54:13',0),(8061,'jack','2','8c1fb319ef1b1089',384,'',0,'116.226.116.195','2017-10-18 17:54:13',0),(8062,'jack','2','8c1fb319ef1b1089',384,'',0,'116.226.116.195','2017-10-18 17:54:14',0),(8063,'jack','2','8c1fb319ef1b1089',384,'',0,'116.226.116.195','2017-10-18 17:54:15',0),(8064,'jack','2','8c1fb319ef1b1089',384,'',0,'116.226.116.195','2017-10-18 17:54:47',0),(8065,'jack','2','8c1fb319ef1b1089',384,'',0,'116.226.116.195','2017-10-18 17:54:56',0),(8066,'jack','2','8c1fb319ef1b1089',384,'',0,'116.226.116.195','2017-10-18 17:54:57',0),(8067,'jack','2','8c1fb319ef1b1089',384,'',0,'116.226.116.195','2017-10-18 17:54:58',0),(8068,'jack','2','8c1fb319ef1b1089',384,'',0,'116.226.116.195','2017-10-18 17:54:58',0),(8069,'jack','2','8c1fb319ef1b1089',384,'',0,'116.226.116.195','2017-10-18 17:54:58',0),(8070,'jack','2','8c1fb319ef1b1089',384,'',0,'116.226.116.195','2017-10-18 17:54:59',0),(8071,'jack','2','8c1fb319ef1b1089',384,'',0,'116.226.116.195','2017-10-18 17:55:03',0),(8072,'jack','2','8c1fb319ef1b1089',384,'',0,'116.226.116.195','2017-10-18 17:55:04',0),(8073,'jack','2','8c1fb319ef1b1089',384,'',0,'116.226.116.195','2017-10-18 17:55:04',0),(8074,'jack','2','8c1fb319ef1b1089',384,'',0,'116.226.116.195','2017-10-18 17:55:04',0),(8075,'jack','2','8c1fb319ef1b1089',384,'',0,'116.226.116.195','2017-10-18 17:55:30',0),(8076,'zhx','1','',1,'71e3f47ca6df9eb77de67c6a8d5f93a6118e6c08123d02580197c0ab9a32e979',1,'101.226.89.14','2017-10-19 09:48:58',1),(8077,'jack','1','',384,'7ca79405c79d598ed033107c04a0b8c1844122861646089e4428225fd2e11293',0,'116.226.116.195','2017-10-19 13:43:41',1),(8078,'15738173114','2','dfb48f28f39919eb',398,'205ac619631bbf5efce08c0ff540fe1c5f1491ca616fe1078a598b8426de64a5',0,'116.226.116.195','2017-10-20 18:23:02',1),(8079,'15202166779','2','54179ffec3b7325d',391,'3822a7f76ef2b893944ef81a71da65dd1686a589ef8d36bfd88820b7c12cc326',0,'116.226.116.195','2017-10-20 18:32:15',1),(8080,'ymc321','2','ccadace93181da70',399,'ecbfd6ad5ba6c4b6976704dbab03e851f9c42809fba02551bd16d39f2b69e62e',0,'117.136.8.238','2017-10-20 18:43:33',1),(8081,'15738173114','2','dfb48f28f39919eb',398,'bba49f57061eff25a7c8ee7f13bb2e64d37c134b5e907b71208bfeacaa109423',0,'116.226.116.195','2017-10-20 18:46:35',1),(8082,'jiang','1','',377,'5c29db55414d42092003d14d37097d99b279df6a3a4a449b1272e586829929b2',0,'116.226.116.195','2017-10-20 18:47:50',1),(8083,'ymc321','2','ccadace93181da70',399,'0703179a89194aabdbf4351e5600c065b1cd035927216f3de22959c453d7bdd3',0,'117.136.8.238','2017-10-20 18:48:16',1),(8084,'ymc321','1','',399,'19c75088d8601d7df846b685eb7e8ddfab343343b5bc9d65047d653d4c116e0e',0,'116.226.116.195','2017-10-20 18:57:00',1),(8085,'jiang','2','e3bdfedccae4734f',377,'3927e69569ebcc76ff563b721034b3d0b3c57fa415896fe05d2ec4d44959978f',0,'116.226.116.195','2017-10-20 19:37:22',1),(8086,'jiang','2','1337329f70c1c83c',377,'df91172c7d2496fc6519be21688d0f939c9ff7f52c816c0f881fddf8bc0fe5ca',0,'116.226.116.195','2017-10-20 19:43:15',1),(8087,'ymc321','2','ccadace93181da70',399,'7c0878b0161c96b082210e0d88051b5dbc1de9d8ca054d754f481625da8096f5',0,'117.136.8.238','2017-10-20 20:35:37',1),(8088,'jiang','1','',377,'',0,'101.226.89.14','2017-10-20 20:51:40',0),(8089,'jiang','1','',377,'d546fef6cb3937d9c6aefe7d64a2d94f09b337911df7bc7e9bd91f76d7c12334',0,'101.226.89.14','2017-10-20 20:51:43',1),(8090,'ymc321','2','ccadace93181da70',399,'1802bae864f354f6f8ff14b751d11c7a3532a5845274328334c72ade4c65bce1',0,'117.136.8.238','2017-10-20 21:41:34',1),(8091,'18720994193','2','e3bdfedccae4734f',400,'',0,'116.226.116.195','2017-10-20 21:47:21',0),(8092,'a18720994193','2','e3bdfedccae4734f',400,'',0,'116.226.116.195','2017-10-20 21:47:29',0),(8093,'a18720994193','2','e3bdfedccae4734f',400,'8dd9d7b5612a8dd9bfa4d9e21077454a326e29dfb3130267e9b81cebaf4a7aba',0,'116.226.116.195','2017-10-20 21:47:37',1),(8094,'jiang','2','1337329f70c1c83c',377,'3edf11be7b298741f52a7200987f70e79d496e4ce0ba0a343060f87c4084eb5d',0,'116.226.116.195','2017-10-20 21:48:13',1),(8095,'a18720994193','1','',400,'bbdde41ecf708d4c9a7931875e1956f50046ad798f7b8f9c36189318100683f9',0,'101.226.102.126','2017-10-20 21:50:46',1),(8096,'zhx','2','4952eb8ee6f97fa9',1,'',0,'101.90.252.102','2017-10-21 11:06:02',0),(8097,'zhx','2','4952eb8ee6f97fa9',1,'',0,'101.90.252.102','2017-10-21 11:06:02',0),(8098,'zhx','2','4952eb8ee6f97fa9',1,'',0,'101.90.252.102','2017-10-21 11:06:02',0),(8099,'zhx','2','4952eb8ee6f97fa9',1,'',0,'101.90.252.102','2017-10-21 11:06:02',0),(8100,'zhx','2','4952eb8ee6f97fa9',1,'3a3225f0d39039b589d4e38795f1f4538edd5dd89e1197e6934af7eacaabaf0a',0,'101.90.252.102','2017-10-21 11:06:07',1),(8101,'zhx','2','4952eb8ee6f97fa9',1,'',0,'101.90.252.102','2017-10-21 11:06:07',0),(8102,'zhx','2','4952eb8ee6f97fa9',1,'',0,'101.90.252.102','2017-10-21 11:06:07',0),(8103,'zhx','2','4952eb8ee6f97fa9',1,'',0,'101.90.252.102','2017-10-21 11:06:07',0);
/*!40000 ALTER TABLE `gener_loginHistory` ENABLE KEYS */;
UNLOCK TABLES;

--
-- Table structure for table `gener_message`
--

DROP TABLE IF EXISTS `gener_message`;
/*!40101 SET @saved_cs_client     = @@character_set_client */;
/*!40101 SET character_set_client = utf8 */;
CREATE TABLE `gener_message` (
  `id` bigint(8) unsigned NOT NULL AUTO_INCREMENT,
  `message_code` varchar(100) COLLATE utf8mb4_unicode_ci NOT NULL,
  `from_user` int(8) NOT NULL,
  `to_user` int(8) NOT NULL,
  `content` varchar(100) CHARACTER SET utf8mb4 NOT NULL,
  `module` int(3) NOT NULL,
  `action` int(11) NOT NULL DEFAULT '0' COMMENT '当一个模块中有几个消息动作时，可以使用这个字段来区分',
  `recordId` int(8) NOT NULL,
  `isDelete` int(1) NOT NULL DEFAULT '0',
  `isRead` int(1) NOT NULL DEFAULT '0',
  `isAccept` int(11) NOT NULL DEFAULT '0' COMMENT '这个字段在大多数情况下没有作用，在家族邀请成员时，这个字段用来表示是否接受,0代表初始值，1代表接受，-1代表拒绝',
  `create_by` int(8) NOT NULL,
  `create_time` datetime NOT NULL,
  `update_by` int(8) NOT NULL,
  `update_time` datetime NOT NULL,
  PRIMARY KEY (`id`),
  KEY `fk_gener_message_user_idx` (`from_user`),
  KEY `fk_gener_message_toUser_idx` (`to_user`),
  CONSTRAINT `fk_gener_message_toUser` FOREIGN KEY (`to_user`) REFERENCES `gener_user` (`id`) ON DELETE CASCADE ON UPDATE NO ACTION,
  CONSTRAINT `fk_gener_message_user` FOREIGN KEY (`from_user`) REFERENCES `gener_user` (`id`) ON DELETE NO ACTION ON UPDATE NO ACTION
) ENGINE=InnoDB AUTO_INCREMENT=809 DEFAULT CHARSET=utf8mb4 COLLATE=utf8mb4_unicode_ci;
/*!40101 SET character_set_client = @saved_cs_client */;

--
-- Dumping data for table `gener_message`
--

LOCK TABLES `gener_message` WRITE;
/*!40000 ALTER TABLE `gener_message` DISABLE KEYS */;
INSERT INTO `gener_message` VALUES (772,'',380,385,'来开开',9,11,758,1,1,0,380,'2017-09-30 10:21:24',380,'2017-09-30 10:21:24'),(773,'',380,385,'来开开',9,11,758,1,1,0,380,'2017-09-30 10:21:27',380,'2017-09-30 10:21:27'),(774,'',380,385,'来开开',9,11,758,1,1,0,380,'2017-09-30 10:21:27',380,'2017-09-30 10:21:27'),(775,'',380,385,'来开开来来来',9,11,758,1,1,0,380,'2017-09-30 10:21:31',380,'2017-09-30 10:21:31'),(776,'',380,385,'来开开来来来',9,11,758,1,1,0,380,'2017-09-30 10:21:32',380,'2017-09-30 10:21:32'),(777,'',380,385,'来开开来来来',9,11,758,1,1,-1,380,'2017-09-30 10:21:32',380,'2017-09-30 10:21:32'),(778,'',380,385,'来开开来来来',9,11,758,1,1,-1,380,'2017-09-30 10:21:33',380,'2017-09-30 10:21:33'),(779,'',380,385,'来开开来来来',9,11,758,1,1,0,380,'2017-09-30 10:21:33',380,'2017-09-30 10:21:33'),(780,'',380,385,'来开开来来来',9,11,758,1,1,0,380,'2017-09-30 10:21:33',380,'2017-09-30 10:21:33'),(781,'',380,385,'来开开来来来',9,11,758,1,1,1,380,'2017-09-30 10:21:33',380,'2017-09-30 10:21:33'),(782,'',380,385,'李1俄罗斯截了图都痛木头女女挪走女没有没有没有没有没有没有没有哦我在?没有你有哦哟哟你有喔m你有m哟♀同学1宗♀♀女女欧诺',7,0,1226,0,1,0,380,'2017-09-30 11:32:18',380,'2017-09-30 11:32:18'),(783,'',380,390,'来来来',9,11,766,0,1,0,380,'2017-09-30 11:33:05',380,'2017-09-30 11:33:05'),(784,'',380,390,'来来来',9,11,766,0,1,1,380,'2017-09-30 11:33:06',380,'2017-09-30 11:33:06'),(785,'',390,386,'zzz',9,11,774,0,0,0,390,'2017-09-30 12:33:23',390,'2017-09-30 12:33:23'),(786,'',390,386,'zzz',9,11,774,0,0,0,390,'2017-09-30 12:33:24',390,'2017-09-30 12:33:24'),(787,'',390,386,'zzz',9,11,774,0,0,0,390,'2017-09-30 12:33:25',390,'2017-09-30 12:33:25'),(788,'',390,386,'hhh',9,11,774,0,0,0,390,'2017-09-30 12:33:37',390,'2017-09-30 12:33:37'),(789,'',390,386,'hhh',9,11,774,0,0,0,390,'2017-09-30 12:33:39',390,'2017-09-30 12:33:39'),(790,'',390,386,'hhh',9,11,774,0,0,0,390,'2017-09-30 12:33:39',390,'2017-09-30 12:33:39'),(791,'',390,386,'hhh',9,11,774,0,0,0,390,'2017-09-30 12:33:40',390,'2017-09-30 12:33:40'),(792,'',390,386,'hhh',9,11,774,0,0,0,390,'2017-09-30 12:33:40',390,'2017-09-30 12:33:40'),(793,'',390,386,'hhh',9,11,774,0,0,0,390,'2017-09-30 12:33:40',390,'2017-09-30 12:33:40'),(794,'',390,386,'hhh',9,11,774,0,0,0,390,'2017-09-30 12:33:40',390,'2017-09-30 12:33:40'),(795,'',390,386,'hhh',9,11,774,0,0,0,390,'2017-09-30 12:33:40',390,'2017-09-30 12:33:40'),(796,'',390,386,'hhh',9,11,774,0,0,0,390,'2017-09-30 12:33:41',390,'2017-09-30 12:33:41'),(797,'',390,386,'hhh',9,11,774,0,1,0,390,'2017-09-30 12:33:41',390,'2017-09-30 12:33:41'),(798,'',390,386,'hhh',9,11,774,0,1,1,390,'2017-09-30 12:33:41',390,'2017-09-30 12:33:41'),(799,'',385,380,'哈哈哈',7,0,1234,0,1,0,385,'2017-09-30 14:10:28',385,'2017-09-30 14:10:28'),(800,'',385,380,'哈哈哈',7,0,1234,0,1,0,385,'2017-09-30 14:45:05',385,'2017-09-30 14:45:05'),(801,'',390,380,'哈哈哈',7,0,1234,0,1,0,390,'2017-09-30 22:59:28',390,'2017-09-30 22:59:28'),(802,'',1,2,'廖湘',9,11,794,0,1,0,1,'2017-10-01 14:31:41',1,'2017-10-01 14:31:41'),(803,'',1,2,'廖湘',9,11,794,0,1,1,1,'2017-10-01 14:31:44',1,'2017-10-01 14:31:44'),(804,'',1,2,'到达神旺酒单，有点旧，但是很干净?',1,0,1253,0,0,0,1,'2017-10-01 18:50:32',1,'2017-10-01 18:50:32'),(805,'8lAMSQJwdThLhwak4pbLs2MI8pOsrA5AWFmO',380,377,'',9,12,198,0,1,1,380,'2017-10-09 18:00:26',377,'2017-10-09 18:02:16'),(806,'',399,377,'hahaha',9,11,1119,0,1,1,399,'2017-10-20 20:51:13',399,'2017-10-20 20:51:13'),(807,'',399,400,'lksdjflka',9,11,1120,0,1,1,399,'2017-10-20 21:49:50',399,'2017-10-20 21:49:50'),(808,'',1,2,'老婆',9,11,1123,0,1,1,1,'2017-10-21 14:00:24',1,'2017-10-21 14:00:24');
/*!40000 ALTER TABLE `gener_message` ENABLE KEYS */;
UNLOCK TABLES;

--
-- Table structure for table `gener_module`
--

DROP TABLE IF EXISTS `gener_module`;
/*!40101 SET @saved_cs_client     = @@character_set_client */;
/*!40101 SET character_set_client = utf8 */;
CREATE TABLE `gener_module` (
  `module` int(11) NOT NULL AUTO_INCREMENT,
  `name` varchar(45) COLLATE utf8mb4_unicode_ci NOT NULL,
  PRIMARY KEY (`module`),
  UNIQUE KEY `name_UNIQUE` (`name`)
) ENGINE=InnoDB AUTO_INCREMENT=10 DEFAULT CHARSET=utf8mb4 COLLATE=utf8mb4_unicode_ci;
/*!40101 SET character_set_client = @saved_cs_client */;

--
-- Dumping data for table `gener_module`
--

LOCK TABLES `gener_module` WRITE;
/*!40000 ALTER TABLE `gener_module` DISABLE KEYS */;
INSERT INTO `gener_module` VALUES (7,'COMMENT_MODULE'),(4,'EVENT_MODULE'),(9,'FAMILY_MODULE'),(6,'GRAVE_MODULE'),(1,'LIKE_MODULE'),(3,'ORDER_MODULE'),(8,'PERSON_MODULE'),(5,'POST_MODULE'),(2,'SYSTEM_MODULE');
/*!40000 ALTER TABLE `gener_module` ENABLE KEYS */;
UNLOCK TABLES;

--
-- Table structure for table `gener_person`
--

DROP TABLE IF EXISTS `gener_person`;
/*!40101 SET @saved_cs_client     = @@character_set_client */;
/*!40101 SET character_set_client = utf8 */;
CREATE TABLE `gener_person` (
  `id` int(30) unsigned NOT NULL AUTO_INCREMENT,
  `branchId` int(11) NOT NULL DEFAULT '0',
  `familyId` int(30) unsigned NOT NULL,
  `userId` int(30) NOT NULL DEFAULT '0',
  `type` int(11) NOT NULL DEFAULT '1' COMMENT '人物类型，1是代表本家族的人，则可以向外延伸，2是家族成员的配偶，不可以向外添加父母，兄弟姐妹，配偶等等',
  `is_delete` int(11) NOT NULL DEFAULT '0',
  `name` varchar(100) CHARACTER SET utf8mb4 NOT NULL,
  `birthday` date DEFAULT NULL,
  `gender` int(10) NOT NULL COMMENT '0是女性，1是男性',
  `photo` varchar(250) CHARACTER SET utf8 NOT NULL,
  `ref_familyId` int(30) unsigned DEFAULT NULL,
  `ref_personId` int(11) DEFAULT NULL,
  `share_url` varchar(250) CHARACTER SET utf8 DEFAULT NULL,
  `father` varchar(1000) CHARACTER SET utf8 DEFAULT '',
  `mother` varchar(1000) CHARACTER SET utf8 DEFAULT '',
  `son` varchar(1000) CHARACTER SET utf8 DEFAULT '',
  `daughter` varchar(1000) CHARACTER SET utf8 DEFAULT '',
  `spouse` varchar(1000) CHARACTER SET utf8 DEFAULT '',
  `sister` varchar(1000) CHARACTER SET utf8 DEFAULT '',
  `brother` varchar(100) CHARACTER SET utf8 DEFAULT '',
  `level` int(30) NOT NULL,
  `confirm` int(1) DEFAULT '0' COMMENT 'confirm表示这条记录有没有被管理员确认',
  `blood_type` int(11) DEFAULT NULL,
  `marital_status` int(11) DEFAULT NULL,
  `phone` varchar(20) COLLATE utf8mb4_unicode_ci DEFAULT NULL,
  `qq` varchar(45) COLLATE utf8mb4_unicode_ci DEFAULT NULL,
  `qrcode` varchar(255) COLLATE utf8mb4_unicode_ci DEFAULT NULL,
  `country` varchar(45) COLLATE utf8mb4_unicode_ci DEFAULT NULL,
  `province` varchar(45) COLLATE utf8mb4_unicode_ci DEFAULT '-1',
  `city` varchar(45) COLLATE utf8mb4_unicode_ci DEFAULT '-1',
  `area` int(11) DEFAULT '-1',
  `town` int(11) DEFAULT '-1',
  `address` varchar(100) CHARACTER SET utf8mb4 DEFAULT NULL,
  `create_by` int(30) NOT NULL,
  `create_time` datetime NOT NULL,
  `update_by` int(30) NOT NULL,
  `update_time` datetime NOT NULL,
  PRIMARY KEY (`id`),
  KEY `fk_gener_testPerson_family_idx` (`familyId`),
  KEY `fk_gener_testPerson_refFamily_idx` (`ref_familyId`),
  KEY `fk_gener_testPerson_user_idx` (`userId`),
  KEY `fk_gener_testPerson_is__delete` (`is_delete`),
  KEY `branchId_index` (`branchId`) USING BTREE,
  CONSTRAINT `fk_gener_testPerson_family` FOREIGN KEY (`familyId`) REFERENCES `gener_family` (`id`) ON DELETE CASCADE ON UPDATE NO ACTION,
  CONSTRAINT `fk_gener_testPerson_refFamily` FOREIGN KEY (`ref_familyId`) REFERENCES `gener_family` (`id`) ON DELETE SET NULL ON UPDATE NO ACTION
) ENGINE=InnoDB AUTO_INCREMENT=1124 DEFAULT CHARSET=utf8mb4 COLLATE=utf8mb4_unicode_ci;
/*!40101 SET character_set_client = @saved_cs_client */;

--
-- Dumping data for table `gener_person`
--

LOCK TABLES `gener_person` WRITE;
/*!40000 ALTER TABLE `gener_person` DISABLE KEYS */;
INSERT INTO `gener_person` VALUES (742,0,194,377,1,0,'江鹏飞',NULL,1,'http://img1.izuqun.com/fastdfs/M00/00/05/dD4ZgFmmIKqAXa7fAACs6ukW49U410.jpg',NULL,NULL,'e699081d891281a8b8e9d16fd921874e','','','743|','','','','742|',0,0,NULL,NULL,NULL,NULL,NULL,NULL,'-1','-1',-1,-1,'',377,'2017-09-29 13:03:46',377,'2017-09-29 13:03:46'),(743,0,194,0,1,0,'儿子','2017-09-29',1,'http://img1.izuqun.com/fastdfs/M00/00/0C/dD4ZgFnN1HaAO397AARNF90R2EQ015.jpg',NULL,NULL,'dcac5301383a1c22b3769e7ef2f33852','742|','','','','798|','','743|',1,0,3,0,'15000895132','786185931',NULL,NULL,'-1','-1',-1,-1,'儿子',377,'2017-09-29 13:10:07',377,'2017-09-29 13:10:07'),(747,0,198,377,1,0,'江鹏飞','2017-09-06',1,'http://img1.izuqun.com/fastdfs/M00/00/05/dD4ZgFmmIDKAVXKmAACCQrzaxdw195.jpg',NULL,NULL,'9c1b200d362ef8526d05aefb7c6f68cb','','','','','','','747|',0,0,NULL,NULL,NULL,NULL,NULL,NULL,'-1','-1',-1,-1,'222',377,'2017-09-29 15:58:42',377,'2017-09-29 15:58:42'),(748,0,199,1,1,0,'赵鑫烜','1986-04-28',1,'http://img1.izuqun.com/fastdfs/M00/00/05/dD4ZgFmmIPKARRmRAACMdMf2pek163.jpg',NULL,NULL,'f8511876fe74a858e0ab12a46c04e21f','749|','','','787|','794|','','748|',0,0,3,1,'18917741887','',NULL,NULL,'-1','-1',-1,-1,'上海',1,'2017-09-29 17:35:20',1,'2017-09-29 17:35:20'),(749,0,199,0,1,0,'赵贵生','1965-08-26',1,'http://img1.izuqun.com/fastdfs/M00/00/05/dD4ZgFmmIMCABqZfAACALIbo__s039.jpg',NULL,NULL,'dcb1ed4e3627f4eaae3eaec3d3f0ad04','751|','786|','748|','','','753|754|','749|750|752|',-1,0,NULL,NULL,NULL,NULL,NULL,NULL,'-1','-1',-1,-1,'宁都县',1,'2017-09-29 17:45:59',1,'2017-09-29 17:45:59'),(750,0,199,0,1,0,'赵志芳','1962-08-08',1,'http://img1.izuqun.com/fastdfs/M00/00/05/dD4ZgFmmIDKAVXKmAACCQrzaxdw195.jpg',NULL,NULL,'dbc1dd09a30f3544d971074f8cd3a1da','751|','786|','','','','753|754|','750|749|752|',-1,0,NULL,NULL,NULL,NULL,NULL,NULL,'-1','-1',-1,-1,'宁都县',1,'2017-09-29 17:46:41',1,'2017-09-29 17:46:41'),(751,0,199,0,1,0,'赵伯壎（经国）','1923-01-06',1,'http://img1.izuqun.com/fastdfs/M00/00/05/dD4ZgFmmIDKAVXKmAACCQrzaxdw195.jpg',NULL,NULL,'d18605deaa0eb7442b28f39d4d2a7518','782|','785|','749|750|752|','753|754|','786|','','751|',-2,0,NULL,NULL,NULL,NULL,NULL,NULL,'-1','-1',-1,-1,'宁都',1,'2017-09-29 17:48:26',1,'2017-09-29 17:48:26'),(752,0,199,0,1,0,'赵志刚','1960-08-08',1,'http://img1.izuqun.com/fastdfs/M00/00/05/dD4ZgFmmINWAYeU9AACYq8VNsZU967.jpg',NULL,NULL,'bb4edbd9f0eee696eedfad63a4b9d903','751|','786|','','','','753|754|','752|749|750|',-1,0,NULL,NULL,NULL,NULL,NULL,NULL,'-1','-1',-1,-1,'宁都',1,'2017-09-29 17:49:22',1,'2017-09-29 17:49:22'),(753,0,199,0,1,0,'赵翠英','1958-08-08',0,'http://img1.izuqun.com/fastdfs/M00/00/05/dD4ZgFmmINWAYeU9AACYq8VNsZU967.jpg',NULL,NULL,'160982372e1508018feab8e844aa2bbd','751|','786|','','','','753|754|','749|750|752|',-1,0,NULL,NULL,NULL,NULL,NULL,NULL,'-1','-1',-1,-1,'宁都',1,'2017-09-29 17:50:14',1,'2017-09-29 17:50:14'),(754,0,199,0,1,0,'赵英秀','1964-08-08',0,'http://img1.izuqun.com/fastdfs/M00/00/05/dD4ZgFmmIIGAHLV9AACamJVbrxQ690.jpg',NULL,NULL,'7b3624a6e52be12a44db6b5883f1beca','751|','786|','','','','754|753|','749|750|752|',-1,0,NULL,NULL,NULL,NULL,NULL,NULL,'-1','-1',-1,-1,'宁都县',1,'2017-09-29 17:50:59',1,'2017-09-29 17:50:59'),(755,0,200,1,1,0,'赵鑫烜','1986-04-28',1,'http://img1.izuqun.com/fastdfs/M00/00/05/dD4ZgFmmIGiAcC0aAABzAZZEmII488.jpg',NULL,NULL,'89d9462ac6a13cb9a7f227aa480a0be4','1121|','1122|','','','1123|','','755|',0,0,3,1,'18917741887','',NULL,NULL,'-1','-1',-1,-1,'上海',1,'2017-09-29 17:53:01',1,'2017-09-29 17:53:01'),(756,0,201,381,1,0,'Gw',NULL,1,'http://img1.izuqun.com/fastdfs/M00/00/0D/dD4ZgFnOL96ANZq1AAeiXfqJhrI319.jpg',NULL,NULL,'b8281f593d83f25c04a938b45bc25b13','','','','','','','756|',0,0,NULL,NULL,NULL,NULL,NULL,NULL,'-1','-1',-1,-1,'',381,'2017-09-29 19:35:15',381,'2017-09-29 19:35:15'),(757,0,202,380,1,0,'江鹏飞',NULL,1,'http://img1.izuqun.com/fastdfs/M00/00/0D/dD4ZgFnOO0SAX5YGAAFbdC7JUiU041.png',NULL,NULL,'d3d88eac58de0a460840ac3976412421','','765|','','','','758|','757|766|',0,0,NULL,NULL,NULL,NULL,NULL,NULL,'-1','-1',-1,-1,'',380,'2017-09-29 20:23:46',380,'2017-09-29 20:23:46'),(758,0,202,385,1,0,'测试','2017-09-29',0,'http://img1.izuqun.com/fastdfs/M00/00/05/dD4ZgFmmIGiAcC0aAABzAZZEmII488.jpg',NULL,NULL,'175b99d07a3a525fa651531af062ec9a','','765|','','','','758|','757|766|',0,0,NULL,NULL,NULL,NULL,NULL,NULL,'-1','-1',-1,-1,'明细账',380,'2017-09-29 21:11:55',380,'2017-09-29 21:11:55'),(759,0,203,383,1,0,'周志茹',NULL,0,'http://img1.izuqun.com/fastdfs/M00/00/0D/dD4ZgFnOaEOAOwgGABR-f2TB0Ro014.jpg',NULL,NULL,'eade9fa055e9093a8603ae0bf5cf0c45','','','','','','759|','760|',0,0,NULL,NULL,NULL,NULL,NULL,NULL,'-1','-1',-1,-1,'',383,'2017-09-29 23:37:32',383,'2017-09-29 23:37:32'),(760,0,203,0,1,0,'周志才','1968-09-29',1,'http://img1.izuqun.com/fastdfs/M00/00/05/dD4ZgFmmINWAYeU9AACYq8VNsZU967.jpg',NULL,NULL,'74a7948bd10a52846b037058ce3b190d','','','','','','759|','760|',0,0,NULL,NULL,NULL,NULL,NULL,NULL,'-1','-1',-1,-1,'平阳',383,'2017-09-29 23:39:01',383,'2017-09-29 23:39:01'),(761,0,204,384,1,0,'张三','1993-10-12',1,'http://img1.izuqun.com/fastdfs/M00/00/0D/dD4ZgFnPDMiALuhPAAOqaOaZzjI040.jpg?width=800&height=800',NULL,NULL,'6774caed7fc79081e65c8cd46eac26fa','','','','','','','761|771|',0,0,3,0,'17621732412','1983766950',NULL,NULL,'-1','-1',-1,-1,'上海市闵行区万科城市花园',384,'2017-09-30 09:50:31',384,'2017-09-30 09:50:31'),(762,0,205,385,1,0,'郁强强','2017-09-30',1,'http://img1.izuqun.com/fastdfs/M00/00/0D/dD4ZgFnO-m6AJhdnAEzvLXTt4eM893.jpg',NULL,NULL,'317f5344fc184e2c275edc256b9b8a7a','','','','','','764|','762|779|',0,0,3,0,'18296157063','740652497',NULL,NULL,'-1','-1',-1,-1,'上海市宝山区',385,'2017-09-30 09:59:47',385,'2017-09-30 09:59:47'),(763,0,205,0,1,1,'5粒忌口','2017-09-30',1,'http://img1.izuqun.com/fastdfs/M00/00/05/dD4ZgFmmINWAYeU9AACYq8VNsZU967.jpg',NULL,NULL,'09c3f9e0f336b12d45dac23323d87c72','','','','','','764|','762|',0,0,NULL,NULL,NULL,NULL,NULL,NULL,'-1','-1',-1,-1,'上海市宝山区',385,'2017-09-30 10:00:53',385,'2017-09-30 10:00:53'),(764,0,205,0,1,0,'把考虑考虑','2017-09-30',0,'http://img1.izuqun.com/fastdfs/M00/00/05/dD4ZgFmmIIGAHLV9AACamJVbrxQ690.jpg',NULL,NULL,'ebf4b8d14867bd43a2bc44c35eaf344d','','','','776|','','764|','762|779|',0,0,NULL,NULL,NULL,NULL,NULL,NULL,'-1','-1',-1,-1,'请轰隆隆',385,'2017-09-30 10:45:24',385,'2017-09-30 10:45:24'),(765,0,202,0,1,0,'罢了','2017-09-30',1,'http://img1.izuqun.com/fastdfs/M00/00/05/dD4ZgFmmINWAYeU9AACYq8VNsZU967.jpg',NULL,NULL,'1f0b5696afd373f3629b14af5db11cc2','','','757|766|','758|','','','765|',-1,0,NULL,NULL,NULL,NULL,NULL,NULL,'-1','-1',-1,-1,'上海市宝山区',385,'2017-09-30 10:57:02',385,'2017-09-30 10:57:02'),(766,0,202,390,1,0,'楼','2017-09-30',1,'http://img1.izuqun.com/fastdfs/M00/00/05/dD4ZgFmmIKqAXa7fAACs6ukW49U410.jpg',NULL,NULL,'1b3184d820b61c9888d048b3cd71afb0','','765|','','','','758|','766|757|',0,0,NULL,NULL,NULL,NULL,NULL,NULL,'-1','-1',-1,-1,'上次',385,'2017-09-30 11:05:40',385,'2017-09-30 11:05:40'),(767,0,205,0,1,1,'急急急','2017-09-30',0,'http://img1.izuqun.com/fastdfs/M00/00/05/dD4ZgFmmINWAYeU9AACYq8VNsZU967.jpg',NULL,NULL,'b947b22265f2af3b44c5bb6a85211bba','','764|','','','','','',1,0,NULL,NULL,NULL,NULL,NULL,NULL,'-1','-1',-1,-1,'1股踢踏舞',385,'2017-09-30 11:27:51',385,'2017-09-30 11:27:51'),(768,0,206,385,1,0,'于啊',NULL,1,'http://img1.izuqun.com/fastdfs/M00/00/0D/dD4ZgFnPD1aAboQiAAG9BtjC9zs044.png',NULL,NULL,'fa5256944287161565f892e0e296f4f5','','','','','','775|','768|',0,0,NULL,NULL,NULL,NULL,NULL,NULL,'-1','-1',-1,-1,'',385,'2017-09-30 11:29:10',385,'2017-09-30 11:29:10'),(769,0,207,385,1,0,'于啊',NULL,1,'http://img1.izuqun.com/fastdfs/M00/00/0D/dD4ZgFnPD1aAboQiAAG9BtjC9zs044.png',NULL,NULL,'ec1dd8c2b2d34d53193ef3e830bd0166','','','','773|','','','769|',0,0,NULL,NULL,NULL,NULL,NULL,NULL,'-1','-1',-1,-1,'',385,'2017-09-30 11:29:16',385,'2017-09-30 11:29:16'),(770,0,208,390,1,0,'zeo',NULL,0,'http://img1.izuqun.com/fastdfs/M00/00/0D/dD4ZgFnPD4OARF30AADPpCj2Bh8850.jpg',NULL,NULL,'0181f06599ecbd8f3ed9e6c1ef0ae53a','','','','','','770|796|','774|',0,0,NULL,NULL,NULL,NULL,NULL,NULL,'-1','-1',-1,-1,'',390,'2017-09-30 11:29:57',390,'2017-09-30 11:29:57'),(771,0,204,0,1,1,'徐xx','2018-05-31',0,'http://img1.izuqun.com/fastdfs/M00/00/05/dD4ZgFmmIIGAHLV9AACamJVbrxQ690.jpg',NULL,NULL,'4272f37857d746f98d5424e4712b29ed','','','','','','','761|',0,0,NULL,NULL,NULL,NULL,NULL,NULL,'-1','-1',-1,-1,'上海好似',384,'2017-09-30 11:31:25',384,'2017-09-30 11:31:25'),(772,0,208,0,1,1,'江鹏飞','1994-09-30',1,'http://img1.izuqun.com/fastdfs/M00/00/05/dD4ZgFmmIGiAcC0aAABzAZZEmII488.jpg',NULL,NULL,'10387b169fb984d99620d19f555fa96f','','','','','','770|','',0,0,NULL,NULL,NULL,NULL,NULL,NULL,'-1','-1',-1,-1,'',390,'2017-09-30 11:32:18',390,'2017-09-30 11:32:18'),(773,0,207,0,1,0,'推移YY','2017-09-30',0,'http://img1.izuqun.com/fastdfs/M00/00/05/dD4ZgFmmINWAYeU9AACYq8VNsZU967.jpg',NULL,NULL,'98f29868f309d087f72a230e98c734ea','769|','','','','','773|','',1,0,NULL,NULL,NULL,NULL,NULL,NULL,'-1','-1',-1,-1,'',385,'2017-09-30 11:41:11',385,'2017-09-30 11:41:11'),(774,0,208,386,1,0,'江鹏飞','2017-09-30',1,'http://img1.izuqun.com/fastdfs/M00/00/05/dD4ZgFmmIPKARRmRAACMdMf2pek163.jpg',NULL,NULL,'3df0bd6780a44ac66b3396cc5cbd21ab','','','','','','770|796|','774|',0,0,NULL,NULL,NULL,NULL,NULL,NULL,'-1','-1',-1,-1,'',390,'2017-09-30 11:46:23',390,'2017-09-30 11:46:23'),(775,0,206,0,1,0,'哦公公','2017-09-30',0,'http://img1.izuqun.com/fastdfs/M00/00/05/dD4ZgFmmIPKARRmRAACMdMf2pek163.jpg',NULL,NULL,'9d15cebf71d519eb2372c9e905ffad92','','','','','','775|','768|',0,0,NULL,NULL,NULL,NULL,NULL,NULL,'-1','-1',-1,-1,'阿里里咯破无所谓',385,'2017-09-30 11:50:08',385,'2017-09-30 11:50:08'),(776,0,205,0,1,0,'就扣了我','2017-09-30',0,'http://img1.izuqun.com/fastdfs/M00/00/05/dD4ZgFmmIMCABqZfAACALIbo__s039.jpg',NULL,NULL,'1bfed001c8f8da7d2f52d687f6f83aea','','764|','','','','776|','',1,0,NULL,NULL,NULL,NULL,NULL,NULL,'-1','-1',-1,-1,'骑宾利灵敏',385,'2017-09-30 14:12:46',385,'2017-09-30 14:12:46'),(777,0,204,0,1,1,'oooo','2017-02-22',1,'http://img1.izuqun.com/fastdfs/M00/00/0E/dD4ZgFnPOdSAK-NUAAJWy9ZcKAo605.jpg?width=440&height=440',NULL,NULL,'c097f882f26c3f52a06de1ecc7ef9e6f','','','','','','','761|771|',0,0,NULL,NULL,NULL,NULL,NULL,NULL,'-1','-1',-1,-1,'呜呜呜呜呜',384,'2017-09-30 14:29:57',384,'2017-09-30 14:29:57'),(778,0,209,386,1,0,'和经验丰富',NULL,1,'http://img1.izuqun.com/fastdfs/M00/00/0E/dD4ZgFnPOjaAA2pWAAdgYr3qoJY754.jpg',NULL,NULL,'e591d61466b9333e8f5dd85ace2af4d6','','','','','','','778|',0,0,NULL,NULL,NULL,NULL,NULL,NULL,'-1','-1',-1,-1,'',386,'2017-09-30 14:31:29',386,'2017-09-30 14:31:29'),(779,0,205,0,1,0,'我去洗洗','2017-09-30',1,'http://img1.izuqun.com/fastdfs/M00/00/05/dD4ZgFmmIGiAcC0aAABzAZZEmII488.jpg',NULL,NULL,'9f40bd3d4c3d9f472dd80e6efc1b6c72','','','','','','764|','779|762|',0,0,NULL,NULL,NULL,NULL,NULL,NULL,'-1','-1',-1,-1,'毫无意义问一下',385,'2017-09-30 14:32:47',385,'2017-09-30 14:32:47'),(780,0,204,0,1,1,'0000','2011-11-01',1,'http://img1.izuqun.com/fastdfs/M00/00/0E/dD4ZgFnPPfyANKLjAAVam3nu_-k329.jpg?width=600&height=600',NULL,NULL,'31b1811154a279a7e82fb43c956b2c33','','','','','','','761|771|',0,0,NULL,NULL,NULL,NULL,NULL,NULL,'-1','-1',-1,-1,'0000000000000',384,'2017-09-30 14:47:36',384,'2017-09-30 14:47:36'),(781,0,204,0,1,1,'儿子','2017-09-15',1,'http://img1.izuqun.com/fastdfs/M00/00/0E/dD4ZgFnPUq6AfwJ2AAf_kPQW8OY845.jpg?width=800&height=800',NULL,NULL,'818126147644b006996cc6457a0e722f','761|','','','','','','',1,0,NULL,NULL,NULL,NULL,NULL,NULL,'-1','-1',-1,-1,'阿斯达斯',384,'2017-09-30 16:15:44',384,'2017-09-30 16:15:44'),(782,0,199,0,1,0,'赵池沼（子沼）','1893-09-10',1,'http://img1.izuqun.com/fastdfs/M00/00/05/dD4ZgFmmIPKARRmRAACMdMf2pek163.jpg',NULL,NULL,'76e16c6ce2ae1036774fa3d48225b36c','783|','784|','751|','','785|','','782|',-3,0,NULL,NULL,NULL,NULL,NULL,NULL,'-1','-1',-1,-1,'宁都县湛田乡',1,'2017-09-30 20:40:29',1,'2017-09-30 20:40:29'),(783,0,199,0,1,0,'趙令煌','1859-04-28',1,'http://img1.izuqun.com/fastdfs/M00/00/05/dD4ZgFmmINWAYeU9AACYq8VNsZU967.jpg',NULL,NULL,'ba13b746735ee04271a3262b591b2308','801|','806|','782|','','784|','','783|',-4,0,NULL,NULL,NULL,NULL,NULL,NULL,'-1','-1',-1,-1,'宁都县会同乡',1,'2017-09-30 20:46:08',1,'2017-09-30 20:46:08'),(784,0,199,0,2,0,'李梅','1859-11-08',0,'http://img1.izuqun.com/fastdfs/M00/00/05/dD4ZgFmmIMCABqZfAACALIbo__s039.jpg',NULL,NULL,'df22c5c1b4693d929a10d6b916db4327','','','782|','','783|','784|','',-4,0,NULL,NULL,NULL,NULL,NULL,NULL,'-1','-1',-1,-1,'宁都县会同乡',1,'2017-09-30 20:50:58',1,'2017-09-30 20:50:58'),(785,0,199,0,2,0,'傅羅','1893-09-10',0,'http://img1.izuqun.com/fastdfs/M00/00/05/dD4ZgFmmINWAYeU9AACYq8VNsZU967.jpg',NULL,NULL,'f7c97b081f2b36a161790935e5764b97','','','751|','','782|','785|','',-3,0,NULL,NULL,NULL,NULL,NULL,NULL,'-1','-1',-1,-1,'宁都县湛田乡',1,'2017-09-30 21:06:12',1,'2017-09-30 21:06:12'),(786,0,199,0,2,0,'饶观音','1926-01-15',0,'http://img1.izuqun.com/fastdfs/M00/00/05/dD4ZgFmmIMCABqZfAACALIbo__s039.jpg',NULL,NULL,'88a1d491ff94f945ea86099be2ef70c1','','','749|750|752|','753|754|','751|','786|','',-2,0,NULL,NULL,NULL,NULL,NULL,NULL,'-1','-1',-1,-1,'宁都县湛田乡',1,'2017-09-30 22:03:57',1,'2017-09-30 22:03:57'),(787,0,199,0,1,0,'赵祎涵','2014-04-21',0,'http://img1.izuqun.com/fastdfs/M00/00/05/dD4ZgFmmIDKAVXKmAACCQrzaxdw195.jpg',NULL,NULL,'8a181f9e4fd98261dd7e131020b331e7','748|','794|','','','','787|','',1,0,NULL,NULL,NULL,NULL,NULL,NULL,'-1','-1',-1,-1,'上海',1,'2017-09-30 22:08:38',1,'2017-09-30 22:08:38'),(788,0,210,393,1,0,'罗勇',NULL,1,'',NULL,NULL,'e6741d8ac19487867f9c132a81e9f5ba','','','','','','','788|',0,0,NULL,NULL,NULL,NULL,NULL,NULL,'-1','-1',-1,-1,'',393,'2017-09-30 22:36:17',393,'2017-09-30 22:36:17'),(789,0,211,393,1,0,'罗勇',NULL,1,'',NULL,NULL,'99464410a373240d68922a9bf396349a','790|','791|','','793|','792|','','789|',0,0,NULL,NULL,NULL,NULL,NULL,NULL,'-1','-1',-1,-1,'',393,'2017-09-30 22:36:18',393,'2017-09-30 22:36:18'),(790,0,211,0,1,0,'罗科安','1955-02-21',1,'http://img1.izuqun.com/fastdfs/M00/00/05/dD4ZgFmmIMCABqZfAACALIbo__s039.jpg',NULL,NULL,'181f41cd6014dbe525926e70b067f161','','','789|','','791|','','790|',-1,0,NULL,NULL,NULL,NULL,NULL,NULL,'-1','-1',-1,-1,'',393,'2017-09-30 22:37:45',393,'2017-09-30 22:37:45'),(791,0,211,0,1,0,'廖义秀','1954-05-14',0,'http://img1.izuqun.com/fastdfs/M00/00/05/dD4ZgFmmIKqAXa7fAACs6ukW49U410.jpg',NULL,NULL,'a51c1428d792be4fe3863f6eb9f06f30','','','789|','','790|','791|','',-1,0,NULL,NULL,NULL,NULL,NULL,NULL,'-1','-1',-1,-1,'',393,'2017-09-30 22:38:27',393,'2017-09-30 22:38:27'),(792,0,211,0,2,0,'吴君芳','1980-08-17',0,'http://img1.izuqun.com/fastdfs/M00/00/05/dD4ZgFmmIKqAXa7fAACs6ukW49U410.jpg',NULL,NULL,'8ce9a746aa09c96203eebbe34c00ae13','','','','793|','789|','792|','',0,0,NULL,NULL,NULL,NULL,NULL,NULL,'-1','-1',-1,-1,'',393,'2017-09-30 22:39:41',393,'2017-09-30 22:39:41'),(793,0,211,0,1,0,'罗勖文','2011-02-14',0,'http://img1.izuqun.com/fastdfs/M00/00/05/dD4ZgFmmIPKARRmRAACMdMf2pek163.jpg',NULL,NULL,'87a15bbdfbbda3efd8f6e9f3ef619d20','789|','792|','','','','793|','',1,0,NULL,NULL,NULL,NULL,NULL,NULL,'-1','-1',-1,-1,'',393,'2017-09-30 22:40:21',393,'2017-09-30 22:40:21'),(794,0,199,2,2,0,'廖湘','1986-11-09',0,'http://img1.izuqun.com/fastdfs/M00/00/05/dD4ZgFmmIJeAL8eWAABn4qH1djY697.jpg',NULL,NULL,'7fcc1e886b7459b689a80f1d93de29fa','','','','787|','748|','794|','',0,0,NULL,NULL,NULL,NULL,NULL,NULL,'-1','-1',-1,-1,'上海',1,'2017-10-01 14:27:25',1,'2017-10-01 14:27:25'),(795,0,212,394,1,0,'gyx',NULL,0,'http://img1.izuqun.com/fastdfs/M00/00/05/dD4ZgFmmIPKARRmRAACMdMf2pek163.jpg',NULL,NULL,'4161aec8d1e97917ae06cc478bd60532','','','','','','795|','',0,0,NULL,NULL,NULL,NULL,NULL,NULL,'-1','-1',-1,-1,'',394,'2017-10-09 11:38:22',394,'2017-10-09 11:38:22'),(796,0,208,0,1,0,'gaoyingxin','2017-10-09',0,'http://img1.izuqun.com/fastdfs/M00/00/05/dD4ZgFmmIDKAVXKmAACCQrzaxdw195.jpg',NULL,NULL,'086c92235892cfe364f1fe1ac93ca201','','','','','','796|','770|774|',0,0,NULL,NULL,NULL,NULL,NULL,NULL,'-1','-1',-1,-1,'',390,'2017-10-09 11:39:50',390,'2017-10-09 11:39:50'),(797,0,213,395,1,0,'张方华','1972-11-28',1,'http://img1.izuqun.com/fastdfs/M00/00/0E/dD4ZgFna_F2AWM5TAAU_wc2Oh0k858.jpg',NULL,NULL,'bfd4c00222d5c6b9de620d9f14933f14','','','','','','','797|',0,0,4,1,'13336781000','',NULL,NULL,'-1','-1',-1,-1,'浙江台州黄岩屿头',395,'2017-10-09 12:34:52',395,'2017-10-09 12:34:52'),(798,0,194,386,2,0,'儿媳妇','2017-10-18',0,'http://img1.izuqun.com/fastdfs/M00/00/05/dD4ZgFmmIGiAcC0aAABzAZZEmII488.jpg',NULL,NULL,'37cb57ab6fefacffc7adff7fa1daddc5','','','','','743|','798|','',1,0,NULL,NULL,NULL,NULL,NULL,NULL,'-1','-1',-1,-1,'1231231',377,'2017-10-10 15:42:33',377,'2017-10-10 15:42:33'),(799,0,204,0,1,1,'张爸','2017-10-01',1,'http://img1.izuqun.com/fastdfs/M00/00/05/dD4ZgFmmIGiAcC0aAABzAZZEmII488.jpg',NULL,NULL,'2f2aec96f613197e6b33ae1a818d14a8','','','761|771|','','','','',-1,0,NULL,NULL,NULL,NULL,NULL,NULL,'-1','-1',-1,-1,'哈哈哈',384,'2017-10-11 11:09:21',384,'2017-10-11 11:09:21'),(800,0,204,0,2,1,'张妻','2017-10-09',0,'http://img1.izuqun.com/fastdfs/M00/00/05/dD4ZgFmmIGiAcC0aAABzAZZEmII488.jpg',NULL,NULL,'3104caae46cfc253119771991bb0df4a','','','','','761|','','',0,0,NULL,NULL,NULL,NULL,NULL,NULL,'-1','-1',-1,-1,'烦烦烦烦烦',384,'2017-10-11 11:09:57',384,'2017-10-11 11:09:57'),(801,0,199,0,1,0,'赵世明','1881-05-03',1,'http://img1.izuqun.com/fastdfs/M00/00/05/dD4ZgFmmINWAYeU9AACYq8VNsZU967.jpg',NULL,NULL,'9a5ea1cdd536b7123b44d3449e20332b','802|','805|','783|','','806|','','801|',-5,0,NULL,NULL,NULL,NULL,NULL,NULL,'-1','-1',-1,-1,'光绪辛已五月初三亥殁墓湛田',1,'2017-10-13 18:34:42',1,'2017-10-13 18:34:42'),(802,0,199,0,1,0,'赵從辉','1851-09-02',1,'http://img1.izuqun.com/fastdfs/M00/00/05/dD4ZgFmmIGiAcC0aAABzAZZEmII488.jpg',NULL,NULL,'9092f2d2d228e61f57d69aedc9bc4114','803|','804|','801|','','805|','','802|',-6,0,NULL,NULL,NULL,NULL,NULL,NULL,'-1','-1',-1,-1,'咸丰辛亥九月初二辰塟麻源',1,'2017-10-13 18:40:35',1,'2017-10-13 18:40:35'),(803,0,199,0,1,0,'赵惟宣','1822-02-01',1,'http://img1.izuqun.com/fastdfs/M00/00/05/dD4ZgFmmIDKAVXKmAACCQrzaxdw195.jpg',NULL,NULL,'74d81bab263f4d41ced10819a9526630','807|','808|','802|','','804|','','803|',-7,0,NULL,NULL,NULL,NULL,NULL,NULL,'-1','-1',-1,-1,'道光壬午二月塟北门荣港',1,'2017-10-13 18:43:34',1,'2017-10-13 18:43:34'),(804,0,199,0,2,0,'黄氏','1822-02-01',0,'http://img1.izuqun.com/fastdfs/M00/00/05/dD4ZgFmmIMCABqZfAACALIbo__s039.jpg',NULL,NULL,'1bbae95bacc0d3ea0eb735a096236216','','','802|','','803|','804|','',-7,0,NULL,NULL,NULL,NULL,NULL,NULL,'-1','-1',-1,-1,'不详',1,'2017-10-13 18:45:00',1,'2017-10-13 18:45:00'),(805,0,199,0,2,0,'张氏','1864-09-28',0,'http://img1.izuqun.com/fastdfs/M00/00/05/dD4ZgFmmINWAYeU9AACYq8VNsZU967.jpg',NULL,NULL,'5fda7533bb713b392b4e8ad194c3d8fb','','','801|','','802|','805|','',-6,0,NULL,NULL,NULL,NULL,NULL,NULL,'-1','-1',-1,-1,'同治甲子九月二十八午塟宁都湛田',1,'2017-10-13 18:51:33',1,'2017-10-13 18:51:33'),(806,0,199,0,2,0,'毛氏','1881-01-01',0,'http://img1.izuqun.com/fastdfs/M00/00/05/dD4ZgFmmINWAYeU9AACYq8VNsZU967.jpg',NULL,NULL,'73d4d592e54ba17ea6baab82e972fe40','','','783|','','801|','806|','',-5,0,NULL,NULL,NULL,NULL,NULL,NULL,'-1','-1',-1,-1,'不详',1,'2017-10-13 18:56:30',1,'2017-10-13 18:56:30'),(807,0,199,0,1,0,'赵德聖','1791-01-01',1,'http://img1.izuqun.com/fastdfs/M00/00/05/dD4ZgFmmIIGAHLV9AACamJVbrxQ690.jpg',NULL,NULL,'6c9fc11bcb60a9d08085a256a8359749','809|','810|','803|','','808|','','807|',-8,0,NULL,NULL,NULL,NULL,NULL,NULL,'-1','-1',-1,-1,'塟鄧新嶺家山',1,'2017-10-13 19:03:55',1,'2017-10-13 19:03:55'),(808,0,199,0,2,0,'李氏','1791-01-01',0,'http://img1.izuqun.com/fastdfs/M00/00/05/dD4ZgFmmIIGAHLV9AACamJVbrxQ690.jpg',NULL,NULL,'3f0122778f57051c8dc83a437f0c5751','','','803|','','807|','808|','',-8,0,NULL,NULL,NULL,NULL,NULL,NULL,'-1','-1',-1,-1,'塟南関廟嶺官山',1,'2017-10-13 19:07:44',1,'2017-10-13 19:07:44'),(809,0,199,0,1,0,'赵秉盛','1741-01-01',1,'http://img1.izuqun.com/fastdfs/M00/00/05/dD4ZgFmmIDKAVXKmAACCQrzaxdw195.jpg',NULL,NULL,'9934159032b943584564354fab35fd35','811|','812|','807|','','810|','','809|',-9,0,NULL,NULL,NULL,NULL,NULL,NULL,'-1','-1',-1,-1,'鄧新嶺家山',1,'2017-10-13 19:10:30',1,'2017-10-13 19:10:30'),(810,0,199,0,2,0,'饶氏','1741-01-01',0,'http://img1.izuqun.com/fastdfs/M00/00/05/dD4ZgFmmIKqAXa7fAACs6ukW49U410.jpg',NULL,NULL,'6ff4c0f6b42a09f19980cab594ccb8b2','','','807|','','809|','810|','',-9,0,NULL,NULL,NULL,NULL,NULL,NULL,'-1','-1',-1,-1,'鄧新嶺家山',1,'2017-10-13 19:11:15',1,'2017-10-13 19:11:15'),(811,0,199,0,1,0,'赵宜求','1711-01-01',1,'http://img1.izuqun.com/fastdfs/M00/00/05/dD4ZgFmmIKqAXa7fAACs6ukW49U410.jpg',NULL,NULL,'c1ae1127d4583be67f9adebf1a1c027e','813|','814|','809|','','812|','','811|',-10,0,NULL,NULL,NULL,NULL,NULL,NULL,'-1','-1',-1,-1,'不详',1,'2017-10-13 19:13:29',1,'2017-10-13 19:13:29'),(812,0,199,0,2,0,'李氏','1711-01-01',0,'http://img1.izuqun.com/fastdfs/M00/00/05/dD4ZgFmmINWAYeU9AACYq8VNsZU967.jpg',NULL,NULL,'c3c3e65b8501889a70d24a556263f4af','','','809|','','811|','812|','',-10,0,NULL,NULL,NULL,NULL,NULL,NULL,'-1','-1',-1,-1,'不详',1,'2017-10-13 19:13:50',1,'2017-10-13 19:13:50'),(813,0,199,0,1,0,'赵由五','1681-01-01',1,'http://img1.izuqun.com/fastdfs/M00/00/05/dD4ZgFmmIMCABqZfAACALIbo__s039.jpg',NULL,NULL,'c2a79712ac6df65ae9c1808170eaaa1c','815|','816|','811|','','814|','','813|',-11,0,NULL,NULL,NULL,NULL,NULL,NULL,'-1','-1',-1,-1,'不详',1,'2017-10-13 19:14:39',1,'2017-10-13 19:14:39'),(814,0,199,0,2,0,'黄氏','1681-01-01',0,'http://img1.izuqun.com/fastdfs/M00/00/05/dD4ZgFmmIPKARRmRAACMdMf2pek163.jpg',NULL,NULL,'662c7793d553cdc6b89d5c10f9391a19','','','811|','','813|','814|','',-11,0,NULL,NULL,NULL,NULL,NULL,NULL,'-1','-1',-1,-1,'不详',1,'2017-10-13 19:15:00',1,'2017-10-13 19:15:00'),(815,0,199,0,1,0,'赵孟洲','1651-01-01',1,'http://img1.izuqun.com/fastdfs/M00/00/05/dD4ZgFmmIPKARRmRAACMdMf2pek163.jpg',NULL,NULL,'7734a2a0fae2aa36b09688b02cea29cd','817|','818|','813|','','816|','','815|',-12,0,NULL,NULL,NULL,NULL,NULL,NULL,'-1','-1',-1,-1,'鄧新嶺家山',1,'2017-10-13 19:16:57',1,'2017-10-13 19:16:57'),(816,0,199,0,2,0,'黄氏','1651-01-01',0,'http://img1.izuqun.com/fastdfs/M00/00/05/dD4ZgFmmIDKAVXKmAACCQrzaxdw195.jpg',NULL,NULL,'49c75b69b743235d625920cf5d3bb8af','','','813|','','815|','816|','',-12,0,NULL,NULL,NULL,NULL,NULL,NULL,'-1','-1',-1,-1,'塟鄧新嶺家山',1,'2017-10-13 19:17:56',1,'2017-10-13 19:17:56'),(817,0,199,0,1,0,'赵興顯','1621-01-01',1,'http://img1.izuqun.com/fastdfs/M00/00/05/dD4ZgFmmIGiAcC0aAABzAZZEmII488.jpg',NULL,NULL,'f1ecd1bd2f47958f0f048a0a575da806','819|','820|','815|','','818|','','817|',-13,0,NULL,NULL,NULL,NULL,NULL,NULL,'-1','-1',-1,-1,'不详',1,'2017-10-13 19:20:49',1,'2017-10-13 19:20:49'),(818,0,199,0,2,0,'崔氏','1621-01-01',0,'http://img1.izuqun.com/fastdfs/M00/00/05/dD4ZgFmmIGiAcC0aAABzAZZEmII488.jpg',NULL,NULL,'47826e31c90516da06f69a23a418ca13','','','815|','','817|','818|','',-13,0,NULL,NULL,NULL,NULL,NULL,NULL,'-1','-1',-1,-1,'不详',1,'2017-10-13 19:21:23',1,'2017-10-13 19:21:23'),(819,0,199,0,1,0,'赵希甯（字祥奎）','1591-01-01',1,'http://img1.izuqun.com/fastdfs/M00/00/05/dD4ZgFmmIGiAcC0aAABzAZZEmII488.jpg',NULL,NULL,'12676a21e8d96bfad495f43a20889f4c','821|','822|','817|','','820|','','819|',-14,0,NULL,NULL,NULL,NULL,NULL,NULL,'-1','-1',-1,-1,'遷居南城橙港',1,'2017-10-13 19:25:17',1,'2017-10-13 19:25:17'),(820,0,199,0,2,0,'傅氏','1591-01-01',0,'http://img1.izuqun.com/fastdfs/M00/00/05/dD4ZgFmmIJeAL8eWAABn4qH1djY697.jpg',NULL,NULL,'aaf37eecc205fc554e104f1d1ca2887a','','','817|','','819|','820|','',-14,0,NULL,NULL,NULL,NULL,NULL,NULL,'-1','-1',-1,-1,'南城城港',1,'2017-10-13 19:26:54',1,'2017-10-13 19:26:54'),(821,0,199,0,1,0,'赵師先（字羽卿）','1561-01-01',1,'http://img1.izuqun.com/fastdfs/M00/00/05/dD4ZgFmmIKqAXa7fAACs6ukW49U410.jpg',NULL,NULL,'072b12da09418cce2ef443c894105c47','823|','824|','819|','','822|','','821|',-15,0,NULL,NULL,NULL,NULL,NULL,NULL,'-1','-1',-1,-1,'不详',1,'2017-10-13 19:29:20',1,'2017-10-13 19:29:20'),(822,0,199,0,2,0,'黄氏','1561-01-01',0,'http://img1.izuqun.com/fastdfs/M00/00/05/dD4ZgFmmIMCABqZfAACALIbo__s039.jpg',NULL,NULL,'c65c16d01d4ebfe78c4cf7bc15d2b7c4','','','819|','','821|','822|','',-15,0,NULL,NULL,NULL,NULL,NULL,NULL,'-1','-1',-1,-1,'不详',1,'2017-10-13 19:29:50',1,'2017-10-13 19:29:50'),(823,0,199,0,1,0,'赵伯璜','1531-01-01',1,'http://img1.izuqun.com/fastdfs/M00/00/05/dD4ZgFmmIGiAcC0aAABzAZZEmII488.jpg',NULL,NULL,'325051a7d7c7a8ab546e49c480ade721','825|','826|','821|','','824|','','823|',-16,0,NULL,NULL,NULL,NULL,NULL,NULL,'-1','-1',-1,-1,'三十四都睡虎形',1,'2017-10-13 19:31:54',1,'2017-10-13 19:31:54'),(824,0,199,0,2,0,'傅氏','1531-01-01',0,'http://img1.izuqun.com/fastdfs/M00/00/05/dD4ZgFmmIGiAcC0aAABzAZZEmII488.jpg',NULL,NULL,'b0844f9d4b5a1e39d0157cdaafab621d','','','821|','','823|','824|','',-16,0,NULL,NULL,NULL,NULL,NULL,NULL,'-1','-1',-1,-1,'三十四都睡虎形',1,'2017-10-13 19:32:36',1,'2017-10-13 19:32:36'),(825,0,199,0,1,0,'赵子棕','1501-01-01',1,'http://img1.izuqun.com/fastdfs/M00/00/05/dD4ZgFmmIPKARRmRAACMdMf2pek163.jpg',NULL,NULL,'e8f032da52f7ab897b9b531834278b1c','827|','828|','823|','','826|','','825|',-17,0,NULL,NULL,NULL,NULL,NULL,NULL,'-1','-1',-1,-1,'迁居三十四都下河塟三十四都睡虎形',1,'2017-10-13 19:34:09',1,'2017-10-13 19:34:09'),(826,0,199,0,2,0,'钱氏','1501-01-01',0,'http://img1.izuqun.com/fastdfs/M00/00/05/dD4ZgFmmINWAYeU9AACYq8VNsZU967.jpg',NULL,NULL,'9b8b56b340762f99dece50e89d24a9bc','','','823|','','825|','826|','',-17,0,NULL,NULL,NULL,NULL,NULL,NULL,'-1','-1',-1,-1,'三十四都睡虎形',1,'2017-10-13 19:34:53',1,'2017-10-13 19:34:53'),(827,0,199,0,1,0,'赵令賽','1471-01-01',1,'http://img1.izuqun.com/fastdfs/M00/00/05/dD4ZgFmmIMCABqZfAACALIbo__s039.jpg',NULL,NULL,'e768737644fa02a6939bb8c4c9b1f5e0','829|','830|','825|','','828|','','827|',-18,0,NULL,NULL,NULL,NULL,NULL,NULL,'-1','-1',-1,-1,'葬毛家園',1,'2017-10-13 19:42:06',1,'2017-10-13 19:42:06'),(828,0,199,0,2,0,'范氏','1471-01-01',0,'http://img1.izuqun.com/fastdfs/M00/00/05/dD4ZgFmmINWAYeU9AACYq8VNsZU967.jpg',NULL,NULL,'fcaa03da376bd5a41999f63d3a05b36b','','','825|','','827|','828|','',-18,0,NULL,NULL,NULL,NULL,NULL,NULL,'-1','-1',-1,-1,'葬毛家園',1,'2017-10-13 19:42:47',1,'2017-10-13 19:42:47'),(829,0,199,0,1,0,'赵世瑁（字良维）','1441-01-01',1,'http://img1.izuqun.com/fastdfs/M00/00/05/dD4ZgFmmIGiAcC0aAABzAZZEmII488.jpg',NULL,NULL,'90f0767479b3d8cda7305178403eab32','831|','832|833|','827|','','830|','','829|',-19,0,NULL,NULL,NULL,NULL,NULL,NULL,'-1','-1',-1,-1,'（王日月）從龍次子',1,'2017-10-13 19:50:52',1,'2017-10-13 19:50:52'),(830,0,199,0,2,0,'李氏','1441-01-01',0,'http://img1.izuqun.com/fastdfs/M00/00/05/dD4ZgFmmIPKARRmRAACMdMf2pek163.jpg',NULL,NULL,'6bb5f409b7b81489a12159714771fb72','','','827|','','829|','830|','',-19,0,NULL,NULL,NULL,NULL,NULL,NULL,'-1','-1',-1,-1,'不详',1,'2017-10-13 19:51:18',1,'2017-10-13 19:51:18'),(831,0,199,0,1,0,'赵從龍（字尚隆）','1411-01-01',1,'http://img1.izuqun.com/fastdfs/M00/00/05/dD4ZgFmmIJeAL8eWAABn4qH1djY697.jpg',NULL,NULL,'1c1ea81c7306095e1a619fd70722f9de','834|','835|','829|','','832|833|','','831|',-20,0,NULL,NULL,NULL,NULL,NULL,NULL,'-1','-1',-1,-1,'惟倍三字取妻钱氏继娶盧氏塟十四五都毛家園',1,'2017-10-13 19:53:57',1,'2017-10-13 19:53:57'),(832,0,199,0,2,0,'钱氏','1411-01-01',0,'http://img1.izuqun.com/fastdfs/M00/00/05/dD4ZgFmmIKqAXa7fAACs6ukW49U410.jpg',NULL,NULL,'923c8d532e83f89933647fe24d27ace7','','','829|','','831|','832|','',-20,0,NULL,NULL,NULL,NULL,NULL,NULL,'-1','-1',-1,-1,'惟倍三字取妻钱氏继娶盧氏塟十四五都毛家園',1,'2017-10-13 19:54:39',1,'2017-10-13 19:54:39'),(833,0,199,0,2,0,'盧氏','1411-01-01',0,'http://img1.izuqun.com/fastdfs/M00/00/05/dD4ZgFmmIIGAHLV9AACamJVbrxQ690.jpg',NULL,NULL,'5fd0aa25b0bf6167e670f7aeba85eac2','','','829|','','831|','833|','',-20,0,NULL,NULL,NULL,NULL,NULL,NULL,'-1','-1',-1,-1,'惟倍三字取妻钱氏继娶盧氏塟十四五都毛家園',1,'2017-10-13 19:55:01',1,'2017-10-13 19:55:01'),(834,0,199,0,1,0,'赵惟倍（字文益）','1381-01-01',1,'http://img1.izuqun.com/fastdfs/M00/00/05/dD4ZgFmmIJeAL8eWAABn4qH1djY697.jpg',NULL,NULL,'8eb9188a8dace0a81b94ba02c363b317','836|','837|','831|','','835|','','834|',-21,0,NULL,NULL,NULL,NULL,NULL,NULL,'-1','-1',-1,-1,'德清幼子合葬考盤嶺',1,'2017-10-13 19:57:26',1,'2017-10-13 19:57:26'),(835,0,199,0,2,0,'周氏','1381-01-01',0,'http://img1.izuqun.com/fastdfs/M00/00/05/dD4ZgFmmIPKARRmRAACMdMf2pek163.jpg',NULL,NULL,'fae3726763b52685031a392561c31655','','','831|','','834|','835|','',-21,0,NULL,NULL,NULL,NULL,NULL,NULL,'-1','-1',-1,-1,'德清幼子合葬考盤嶺',1,'2017-10-13 19:58:06',1,'2017-10-13 19:58:06'),(836,0,199,0,1,0,'赵德清（思正）','1351-01-01',1,'http://img1.izuqun.com/fastdfs/M00/00/05/dD4ZgFmmIGiAcC0aAABzAZZEmII488.jpg',NULL,NULL,'7af303b912f46f03fe4ca918561172f0','838|','839|','834|','','837|','','836|',-22,0,NULL,NULL,NULL,NULL,NULL,NULL,'-1','-1',-1,-1,'秉廷次子取刘氏合葬二都翠麓園',1,'2017-10-13 20:01:49',1,'2017-10-13 20:01:49'),(837,0,199,0,2,0,'劉氏','1351-01-01',0,'http://img1.izuqun.com/fastdfs/M00/00/05/dD4ZgFmmINWAYeU9AACYq8VNsZU967.jpg',NULL,NULL,'f6b6c9015bbb3fc87ccbd766c8d05341','','','834|','','836|','837|','',-22,0,NULL,NULL,NULL,NULL,NULL,NULL,'-1','-1',-1,-1,'秉廷次子取刘氏合葬二都翠麓園',1,'2017-10-13 20:02:25',1,'2017-10-13 20:02:25'),(838,0,199,0,1,0,'赵秉廷（字九軾）','1321-01-01',1,'http://img1.izuqun.com/fastdfs/M00/00/05/dD4ZgFmmINWAYeU9AACYq8VNsZU967.jpg',NULL,NULL,'d9934ad04ed97dd5f0b25df18f87392e','840|','841|','836|','','839|','','838|1112|1113|',-23,0,NULL,NULL,NULL,NULL,NULL,NULL,'-1','-1',-1,-1,'宜賽幼子授文林朗興族參政，秉濟冠帶秉衡秉玉同修家譜壽九十三娶鄧氏合葬二都翠麓園',1,'2017-10-13 20:12:04',1,'2017-10-13 20:12:04'),(839,0,199,0,2,0,'鄧氏','1321-01-01',0,'http://img1.izuqun.com/fastdfs/M00/00/05/dD4ZgFmmIJeAL8eWAABn4qH1djY697.jpg',NULL,NULL,'682804142374db4ebd5fd2552096a12e','','','836|','','838|','839|','',-23,0,NULL,NULL,NULL,NULL,NULL,NULL,'-1','-1',-1,-1,'宜賽幼子授文林朗興族參政，秉濟冠帶秉衡秉玉同修家譜壽九十三娶鄧氏合葬二都翠麓園',1,'2017-10-13 20:12:27',1,'2017-10-13 20:12:27'),(840,0,199,0,1,0,'趙宜賽（字元讓）','1291-01-01',1,'http://img1.izuqun.com/fastdfs/M00/00/05/dD4ZgFmmINWAYeU9AACYq8VNsZU967.jpg',NULL,NULL,'5f2530b648433f8c36bbdd8643c2e273','842|','843|','838|1112|1113|','','841|','','840|1111|1107|',-24,0,NULL,NULL,NULL,NULL,NULL,NULL,'-1','-1',-1,-1,'由璯長子字元讓明恩賜冠帶有修譜懷古律詩塟六都考坑娶朱氏塟二都翠麓園',1,'2017-10-13 20:16:44',1,'2017-10-13 20:16:44'),(841,0,199,0,2,0,'朱氏','1291-01-01',0,'http://img1.izuqun.com/fastdfs/M00/00/05/dD4ZgFmmIDKAVXKmAACCQrzaxdw195.jpg',NULL,NULL,'5f31355faa0da6248eb00b23f56d0f14','','','838|1112|1113|','','840|','841|','',-24,0,NULL,NULL,NULL,NULL,NULL,NULL,'-1','-1',-1,-1,'由璯長子字元讓明恩賜冠帶有修譜懷古律詩塟六都考坑娶朱氏塟二都翠麓園',1,'2017-10-13 20:17:16',1,'2017-10-13 20:17:16'),(842,0,199,0,1,0,'趙由璯（字季海號碧山）','1261-01-01',1,'http://img1.izuqun.com/fastdfs/M00/00/05/dD4ZgFmmIJeAL8eWAABn4qH1djY697.jpg',NULL,NULL,'a8fc3ee10a8111964428a343b237c3f7','844|','845|846|','840|1111|1107|','','843|','','842|1098|1086|',-25,0,NULL,NULL,NULL,NULL,NULL,NULL,'-1','-1',-1,-1,'蒙沁幼子授本縣將仕朗力學好古有述祖思親詩塟六都考坑娶李氏塟七都冷水坑王宅屋皆空',1,'2017-10-13 20:21:31',1,'2017-10-13 20:21:31'),(843,0,199,0,2,0,'李氏','1261-01-01',0,'http://img1.izuqun.com/fastdfs/M00/00/05/dD4ZgFmmIJeAL8eWAABn4qH1djY697.jpg',NULL,NULL,'72d6aed7214b8a83e3472e85f8917fbe','','','840|1111|1107|','','842|','843|','',-25,0,NULL,NULL,NULL,NULL,NULL,NULL,'-1','-1',-1,-1,'蒙沁幼子授本縣將仕朗力學好古有述祖思親詩塟六都考坑娶李氏塟七都冷水坑王宅屋皆空',1,'2017-10-13 20:22:01',1,'2017-10-13 20:22:01'),(844,0,199,0,1,0,'趙孟沁（字至善號石塘）','1231-01-01',1,'http://img1.izuqun.com/fastdfs/M00/00/05/dD4ZgFmmIIGAHLV9AACamJVbrxQ690.jpg',NULL,NULL,'ef41c2fb625ae21af3d82451dc89705d','847|','848|849|850|','842|1098|1086|','','845|846|','','844|',-26,0,NULL,NULL,NULL,NULL,NULL,NULL,'-1','-1',-1,-1,'興訪繼子字至善號石塘',1,'2017-10-13 20:25:33',1,'2017-10-13 20:25:33'),(845,0,199,0,2,0,'林氏','1231-01-01',0,'http://img1.izuqun.com/fastdfs/M00/00/05/dD4ZgFmmIKqAXa7fAACs6ukW49U410.jpg',NULL,NULL,'43d3d1799b9ef158a4e5e5803eb65954','','','842|1098|1086|','','844|','845|','',-26,0,NULL,NULL,NULL,NULL,NULL,NULL,'-1','-1',-1,-1,'塟一都龍蔭陂樟樹坪',1,'2017-10-13 20:27:52',1,'2017-10-13 20:27:52'),(846,0,199,0,2,0,'曾氏','1231-01-01',0,'http://img1.izuqun.com/fastdfs/M00/00/05/dD4ZgFmmIDKAVXKmAACCQrzaxdw195.jpg',NULL,NULL,'c55569f028553535a8b03625dcc25873','','','842|1098|1086|','','844|','846|','',-26,0,NULL,NULL,NULL,NULL,NULL,NULL,'-1','-1',-1,-1,'塟五都甘山',1,'2017-10-13 20:29:13',1,'2017-10-13 20:29:13'),(847,0,199,0,1,0,'趙興訪（號松澗）','1201-01-01',1,'http://img1.izuqun.com/fastdfs/M00/00/05/dD4ZgFmmIKqAXa7fAACs6ukW49U410.jpg',NULL,NULL,'b105f6c0d348682d77018afeda405a7e','851|','852|','844|','','848|849|850|','','847|',-27,0,NULL,NULL,NULL,NULL,NULL,NULL,'-1','-1',-1,-1,'牒生宋淳祐壬子二月十五塟六都考盤嶺下石山嘴上娶劉氏，陳氏，李氏，立胞兄興謚次子孟沁為嗣',1,'2017-10-13 20:45:24',1,'2017-10-13 20:45:24'),(848,0,199,0,2,0,'劉氏','1201-01-01',0,'http://img1.izuqun.com/fastdfs/M00/00/05/dD4ZgFmmIGiAcC0aAABzAZZEmII488.jpg',NULL,NULL,'643c7e920466898ed5cb77316e124b5a','','','844|','','847|','848|','',-27,0,NULL,NULL,NULL,NULL,NULL,NULL,'-1','-1',-1,-1,'牒生宋淳祐壬子二月十五塟六都考盤嶺下石山嘴上娶劉氏，陳氏，李氏，立胞兄興謚次子孟沁為嗣',1,'2017-10-13 20:45:52',1,'2017-10-13 20:45:52'),(849,0,199,0,2,0,'陳氏','1201-01-01',0,'http://img1.izuqun.com/fastdfs/M00/00/05/dD4ZgFmmINWAYeU9AACYq8VNsZU967.jpg',NULL,NULL,'716c9d4d08d52e950bbc88f803c2fdaa','','','844|','','847|','849|','',-27,0,NULL,NULL,NULL,NULL,NULL,NULL,'-1','-1',-1,-1,'牒生宋淳祐壬子二月十五塟六都考盤嶺下石山嘴上娶劉氏，陳氏，李氏，立胞兄興謚次子孟沁為嗣',1,'2017-10-13 20:46:11',1,'2017-10-13 20:46:11'),(850,0,199,0,2,0,'李氏','1201-01-01',0,'http://img1.izuqun.com/fastdfs/M00/00/05/dD4ZgFmmIGiAcC0aAABzAZZEmII488.jpg',NULL,NULL,'538c3b7157e6adffab8a0edd19c0ae4c','','','844|','','847|','850|','',-27,0,NULL,NULL,NULL,NULL,NULL,NULL,'-1','-1',-1,-1,'牒生宋淳祐壬子二月十五塟六都考盤嶺下石山嘴上娶劉氏，陳氏，李氏，立胞兄興謚次子孟沁為嗣',1,'2017-10-13 20:46:37',1,'2017-10-13 20:46:37'),(851,0,199,0,1,0,'趙希康','1181-01-01',1,'http://img1.izuqun.com/fastdfs/M00/00/05/dD4ZgFmmIJeAL8eWAABn4qH1djY697.jpg',NULL,NULL,'2b0a17235357365c5c89e8087ce798d3','853|','854|855|','847|','','852|','','851|1043|1044|',-28,0,NULL,NULL,NULL,NULL,NULL,NULL,'-1','-1',-1,-1,'師齊幼子',1,'2017-10-13 20:48:25',1,'2017-10-13 20:48:25'),(852,0,199,0,2,0,'朱氏','1181-01-01',0,'http://img1.izuqun.com/fastdfs/M00/00/05/dD4ZgFmmIGiAcC0aAABzAZZEmII488.jpg',NULL,NULL,'f6cd793e2e1a7a60d3cbe88b77dee0c6','','','847|','','851|','852|','',-28,0,NULL,NULL,NULL,NULL,NULL,NULL,'-1','-1',-1,-1,'塟九都寶坊寺背',1,'2017-10-13 20:49:56',1,'2017-10-13 20:49:56'),(853,0,199,0,1,0,'趙師齊','1151-01-01',1,'http://img1.izuqun.com/fastdfs/M00/00/05/dD4ZgFmmINWAYeU9AACYq8VNsZU967.jpg',NULL,NULL,'4d77c70f0839a2b758292e2b5a08716f','856|','857|','851|1043|1044|','','854|855|','','853|1034|',-29,0,NULL,NULL,NULL,NULL,NULL,NULL,'-1','-1',-1,-1,'伯靖幼子',1,'2017-10-13 20:53:18',1,'2017-10-13 20:53:18'),(854,0,199,0,2,0,'鄧氏','1151-01-01',0,'http://img1.izuqun.com/fastdfs/M00/00/05/dD4ZgFmmINWAYeU9AACYq8VNsZU967.jpg',NULL,NULL,'f8c822b56cfec0e64960636596d84996','','','851|1043|1044|','','853|','854|','',-29,0,NULL,NULL,NULL,NULL,NULL,NULL,'-1','-1',-1,-1,'封恭人塟三十三都淨戒寺前',1,'2017-10-13 20:55:14',1,'2017-10-13 20:55:14'),(855,0,199,0,2,0,'崔氏','1151-01-01',0,'http://img1.izuqun.com/fastdfs/M00/00/05/dD4ZgFmmIIGAHLV9AACamJVbrxQ690.jpg',NULL,NULL,'3f6e203fb10ee498ae30f74416604f69','','','851|1043|1044|','','853|','855|','',-29,0,NULL,NULL,NULL,NULL,NULL,NULL,'-1','-1',-1,-1,'塟三十六都九坡東山日月湖',1,'2017-10-13 20:56:11',1,'2017-10-13 20:56:11'),(856,0,199,0,1,0,'趙伯靖','1121-01-01',1,'http://img1.izuqun.com/fastdfs/M00/00/05/dD4ZgFmmINWAYeU9AACYq8VNsZU967.jpg',NULL,NULL,'354a6c871a27a7f69c81d4691198bf31','858|','','853|1034|','','857|','','856|950|951|952|953|954|955|956|',-30,0,NULL,NULL,NULL,NULL,NULL,NULL,'-1','-1',-1,-1,'子奕幼子遷南豐',1,'2017-10-13 20:57:43',1,'2017-10-13 20:57:43'),(857,0,199,0,2,0,'鄧氏','1121-01-01',0,'http://img1.izuqun.com/fastdfs/M00/00/05/dD4ZgFmmIDKAVXKmAACCQrzaxdw195.jpg',NULL,NULL,'ddd17a1469a0e8438db4a817c34a5a7b','','','853|1034|','','856|','857|','',-30,0,NULL,NULL,NULL,NULL,NULL,NULL,'-1','-1',-1,-1,'封恭人塟三十六都楓嶺上',1,'2017-10-13 20:59:35',1,'2017-10-13 20:59:35'),(858,0,199,0,1,0,'趙子奕','1091-01-01',1,'http://img1.izuqun.com/fastdfs/M00/00/05/dD4ZgFmmIJeAL8eWAABn4qH1djY697.jpg',NULL,NULL,'65f2bb9dd439f4e88bbc2db295519b3d','859|','','856|950|951|952|953|954|955|956|','','','','858|942|943|944|945|946|947|948|',-31,0,NULL,NULL,NULL,NULL,NULL,NULL,'-1','-1',-1,-1,'不詳',1,'2017-10-13 21:02:43',1,'2017-10-13 21:02:43'),(859,0,199,0,1,0,'趙令璁','1051-01-01',1,'http://img1.izuqun.com/fastdfs/M00/00/05/dD4ZgFmmINWAYeU9AACYq8VNsZU967.jpg',NULL,NULL,'7027905dd4a17c496808ff13cb0a6672','860|','','858|942|943|944|945|946|947|948|','','','','859|873|874|875|',-32,0,NULL,NULL,NULL,NULL,NULL,NULL,'-1','-1',-1,-1,'不詳',1,'2017-10-13 21:04:11',1,'2017-10-13 21:04:11'),(860,0,199,0,1,0,'趙世堯','1021-01-01',1,'http://img1.izuqun.com/fastdfs/M00/00/05/dD4ZgFmmIMCABqZfAACALIbo__s039.jpg',NULL,NULL,'f76dde023a01dd1ebd389d57ad65f747','861|','','859|873|874|875|','','','','860|870|871|872|',-33,0,NULL,NULL,NULL,NULL,NULL,NULL,'-1','-1',-1,-1,'宋英國公',1,'2017-10-13 21:08:13',1,'2017-10-13 21:08:13'),(861,0,199,0,1,0,'趙從溥','0931-01-01',1,'http://img1.izuqun.com/fastdfs/M00/00/05/dD4ZgFmmINWAYeU9AACYq8VNsZU967.jpg',NULL,NULL,'280c12e747bdf48b80207d63c055c6da','862|','','860|870|871|872|','','','','861|869|',-34,0,NULL,NULL,NULL,NULL,NULL,NULL,'-1','-1',-1,-1,'宋武陽侯',1,'2017-10-13 21:10:47',1,'2017-10-13 21:10:47'),(862,0,199,0,1,0,'趙惟敘','0997-01-01',1,'http://img1.izuqun.com/fastdfs/M00/00/05/dD4ZgFmmIGiAcC0aAABzAZZEmII488.jpg',NULL,NULL,'ffccb8d3ed433abc7076a1d99145afbf','863|','','861|869|','','','','862|866|867|',-35,0,NULL,NULL,NULL,NULL,NULL,NULL,'-1','-1',-1,-1,'高平郡王',1,'2017-10-13 21:12:22',1,'2017-10-13 21:12:22'),(863,0,199,0,1,0,'趙德芳','0959-01-01',1,'http://img1.izuqun.com/fastdfs/M00/00/05/dD4ZgFmmIPKARRmRAACMdMf2pek163.jpg',NULL,NULL,'c1674fd0acbfcca0aec354be674d5837','864|','','862|866|867|','','','','863|865|',-36,0,NULL,NULL,NULL,NULL,NULL,NULL,'-1','-1',-1,-1,'岐王',1,'2017-10-13 21:14:21',1,'2017-10-13 21:14:21'),(864,0,199,0,1,0,'趙匡胤','0927-03-21',1,'http://img1.izuqun.com/fastdfs/M00/00/05/dD4ZgFmmIPKARRmRAACMdMf2pek163.jpg',NULL,NULL,'137a4d991d515b9ceba2962dffb1a469','','','863|865|','','','','864|',-37,0,NULL,NULL,NULL,NULL,NULL,NULL,'-1','-1',-1,-1,'宋太祖',1,'2017-10-13 21:15:54',1,'2017-10-13 21:15:54'),(865,0,199,0,1,0,'赵德昭','0951-01-01',1,'http://img1.izuqun.com/fastdfs/M00/00/05/dD4ZgFmmIMCABqZfAACALIbo__s039.jpg',NULL,NULL,'0dc265e145266410093dadebc8fe64e6','864|','','','','','','865|863|',-36,0,NULL,NULL,NULL,NULL,NULL,NULL,'-1','-1',-1,-1,'不詳',1,'2017-10-16 16:11:09',1,'2017-10-16 16:11:09'),(866,0,199,0,1,0,'趙惟憲','0979-01-01',1,'http://img1.izuqun.com/fastdfs/M00/00/05/dD4ZgFmmINWAYeU9AACYq8VNsZU967.jpg',NULL,NULL,'66afb5070d5a2ee6f8903deb1778d500','863|','','868|882|885|','','','','866|862|867|',-35,0,NULL,NULL,NULL,NULL,NULL,NULL,'-1','-1',-1,-1,'不詳',1,'2017-10-16 16:14:37',1,'2017-10-16 16:14:37'),(867,0,199,0,1,0,'趙惟能','0979-01-01',1,'http://img1.izuqun.com/fastdfs/M00/00/05/dD4ZgFmmIIGAHLV9AACamJVbrxQ690.jpg',NULL,NULL,'b0a75c98b1a58447c8b04ab6a8ab7f8a','863|','','889|904|','','','','867|862|866|',-35,0,NULL,NULL,NULL,NULL,NULL,NULL,'-1','-1',-1,-1,'不詳',1,'2017-10-16 16:18:25',1,'2017-10-16 16:18:25'),(868,0,199,0,1,0,'趙從郁','0998-01-01',1,'http://img1.izuqun.com/fastdfs/M00/00/05/dD4ZgFmmINWAYeU9AACYq8VNsZU967.jpg',NULL,NULL,'968bdd6e48cf0f5fc5f0b679e155d825','866|','','876|','','','','868|882|885|',-34,0,NULL,NULL,NULL,NULL,NULL,NULL,'-1','-1',-1,-1,'不詳',1,'2017-10-16 16:20:10',1,'2017-10-16 16:20:10'),(869,0,199,0,1,0,'趙從照','0999-01-01',1,'http://img1.izuqun.com/fastdfs/M00/00/05/dD4ZgFmmIPKARRmRAACMdMf2pek163.jpg',NULL,NULL,'e36d90fa0d78f408d9d6dbe9790d5121','862|','','','','','','869|861|',-34,0,NULL,NULL,NULL,NULL,NULL,NULL,'-1','-1',-1,-1,'不詳',1,'2017-10-16 16:32:07',1,'2017-10-16 16:32:07'),(870,0,199,0,1,0,'趙世居','1000-01-01',1,'http://img1.izuqun.com/fastdfs/M00/00/05/dD4ZgFmmIDKAVXKmAACCQrzaxdw195.jpg',NULL,NULL,'060b76f5b1501d6ad5cfdce0ae0dbebd','861|','','880|','','','','870|860|871|872|',-33,0,NULL,NULL,NULL,NULL,NULL,NULL,'-1','-1',-1,-1,'不詳',1,'2017-10-16 16:40:20',1,'2017-10-16 16:40:20'),(871,0,199,0,1,0,'趙世復','1000-01-01',1,'http://img1.izuqun.com/fastdfs/M00/00/05/dD4ZgFmmIJeAL8eWAABn4qH1djY697.jpg',NULL,NULL,'c653d909ac7101589393e2c89d88d1d2','861|','','877|878|879|907|','','','','871|860|870|872|',-33,0,NULL,NULL,NULL,NULL,NULL,NULL,'-1','-1',-1,-1,'不詳',1,'2017-10-16 16:41:21',1,'2017-10-16 16:41:21'),(872,0,199,0,1,0,'趙世略','1000-01-01',1,'http://img1.izuqun.com/fastdfs/M00/00/05/dD4ZgFmmIIGAHLV9AACamJVbrxQ690.jpg',NULL,NULL,'5a667a71005acbbc2c99b33e529f6819','861|','','','','','','872|860|870|871|',-33,0,NULL,NULL,NULL,NULL,NULL,NULL,'-1','-1',-1,-1,'不詳',1,'2017-10-16 16:41:49',1,'2017-10-16 16:41:49'),(873,0,199,0,1,0,'趙令玟','1020-01-01',1,'http://img1.izuqun.com/fastdfs/M00/00/05/dD4ZgFmmIPKARRmRAACMdMf2pek163.jpg',NULL,NULL,'25e7b768757316a32e764fae6f6f20a7','860|','','929|933|','','','','873|859|874|875|',-32,0,NULL,NULL,NULL,NULL,NULL,NULL,'-1','-1',-1,-1,'不詳',1,'2017-10-16 16:43:18',1,'2017-10-16 16:43:18'),(874,0,199,0,1,0,'趙令瑜','1000-01-01',1,'http://img1.izuqun.com/fastdfs/M00/00/05/dD4ZgFmmIPKARRmRAACMdMf2pek163.jpg',NULL,NULL,'96a4404ff98e9548efb7d3f92a6528b3','860|','','938|','','','','874|859|873|875|',-32,0,NULL,NULL,NULL,NULL,NULL,NULL,'-1','-1',-1,-1,'不詳',1,'2017-10-16 16:44:12',1,'2017-10-16 16:44:12'),(875,0,199,0,1,0,'趙令璩','1000-01-01',1,'http://img1.izuqun.com/fastdfs/M00/00/05/dD4ZgFmmIIGAHLV9AACamJVbrxQ690.jpg',NULL,NULL,'ae6d5ffd6ce3cc5a86668ec51b8a1f76','860|','','','','','','875|859|873|874|',-32,0,NULL,NULL,NULL,NULL,NULL,NULL,'-1','-1',-1,-1,'不詳',1,'2017-10-16 16:46:32',1,'2017-10-16 16:46:32'),(876,0,199,0,1,0,'趙世將','1049-01-01',1,'http://img1.izuqun.com/fastdfs/M00/00/05/dD4ZgFmmIGiAcC0aAABzAZZEmII488.jpg',NULL,NULL,'42628a2fa27a79d3f9a86a524e7265d7','868|','','881|966|','','','','876|',-33,0,NULL,NULL,NULL,NULL,NULL,NULL,'-1','-1',-1,-1,'不詳',1,'2017-10-16 16:55:50',1,'2017-10-16 16:55:50'),(877,0,199,0,1,0,'趙令正','1050-01-01',1,'http://img1.izuqun.com/fastdfs/M00/00/05/dD4ZgFmmINWAYeU9AACYq8VNsZU967.jpg',NULL,NULL,'1e71a09a13fcfd073e2c5397584824b8','871|','','','','','','877|878|879|907|',-32,0,NULL,NULL,NULL,NULL,NULL,NULL,'-1','-1',-1,-1,'不詳',1,'2017-10-16 16:57:28',1,'2017-10-16 16:57:28'),(878,0,199,0,1,0,'趙令冷','1000-01-01',1,'http://img1.izuqun.com/fastdfs/M00/00/05/dD4ZgFmmINWAYeU9AACYq8VNsZU967.jpg',NULL,NULL,'095bd847e95dd0f087c732c9b7e171ec','871|','','913|914|915|','','','','878|877|879|907|',-32,0,NULL,NULL,NULL,NULL,NULL,NULL,'-1','-1',-1,-1,'不詳',1,'2017-10-16 16:58:53',1,'2017-10-16 16:58:53'),(879,0,199,0,1,0,'趙令㝉','1000-01-01',1,'http://img1.izuqun.com/fastdfs/M00/00/05/dD4ZgFmmIMCABqZfAACALIbo__s039.jpg',NULL,NULL,'d7c9b58b423a8e09415970d2b58da0c9','871|','','918|919|920|921|922|923|','','','','879|877|878|907|',-32,0,NULL,NULL,NULL,NULL,NULL,NULL,'-1','-1',-1,-1,'不詳',1,'2017-10-16 16:59:27',1,'2017-10-16 16:59:27'),(880,0,199,0,1,0,'趙令少','1000-01-01',1,'http://img1.izuqun.com/fastdfs/M00/00/05/dD4ZgFmmIJeAL8eWAABn4qH1djY697.jpg',NULL,NULL,'d6ad1b56e12a3338885537665ca44307','870|','','','','','','880|',-32,0,NULL,NULL,NULL,NULL,NULL,NULL,'-1','-1',-1,-1,'不詳',1,'2017-10-16 17:00:08',1,'2017-10-16 17:00:08'),(881,0,199,0,1,0,'趙令譮','1000-01-01',1,'http://img1.izuqun.com/fastdfs/M00/00/05/dD4ZgFmmINWAYeU9AACYq8VNsZU967.jpg',NULL,NULL,'6049c279c455e0dfac676bf38fc9ebf3','876|','','957|','','','','881|966|',-32,0,NULL,NULL,NULL,NULL,NULL,NULL,'-1','-1',-1,-1,'不詳',1,'2017-10-16 17:02:44',1,'2017-10-16 17:02:44'),(882,0,199,0,1,0,'趙從式','1000-01-01',1,'http://img1.izuqun.com/fastdfs/M00/00/05/dD4ZgFmmIPKARRmRAACMdMf2pek163.jpg',NULL,NULL,'c0d4b9ad84e4d280998613f3d1ca4b9a','866|','','883|','','','','882|868|885|',-34,0,NULL,NULL,NULL,NULL,NULL,NULL,'-1','-1',-1,-1,'不詳',1,'2017-10-16 17:03:39',1,'2017-10-16 17:03:39'),(883,0,199,0,1,0,'趙世奕','1000-01-01',1,'http://img1.izuqun.com/fastdfs/M00/00/05/dD4ZgFmmINWAYeU9AACYq8VNsZU967.jpg',NULL,NULL,'df633ff872e94f39934577fd35b09b33','882|','','884|','','','','883|',-33,0,NULL,NULL,NULL,NULL,NULL,NULL,'-1','-1',-1,-1,'不詳',1,'2017-10-16 17:04:15',1,'2017-10-16 17:04:15'),(884,0,199,0,1,0,'趙令禴','0001-01-01',1,'http://img1.izuqun.com/fastdfs/M00/00/05/dD4ZgFmmIPKARRmRAACMdMf2pek163.jpg',NULL,NULL,'903c34ce4bb4e80797ee8a0053884167','883|','','976|','','','','884|',-32,0,NULL,NULL,NULL,NULL,NULL,NULL,'-1','-1',-1,-1,'不詳',1,'2017-10-16 17:06:03',1,'2017-10-16 17:06:03'),(885,0,199,0,1,0,'趙從賁','0001-01-01',1,'http://img1.izuqun.com/fastdfs/M00/00/05/dD4ZgFmmIJeAL8eWAABn4qH1djY697.jpg',NULL,NULL,'228c954ba89ce1d2004e04840817a0a7','866|','','886|','','','','885|868|882|',-34,0,NULL,NULL,NULL,NULL,NULL,NULL,'-1','-1',-1,-1,'不詳',1,'2017-10-16 17:08:40',1,'2017-10-16 17:08:40'),(886,0,199,0,1,0,'趙世䛊','0001-01-01',1,'http://img1.izuqun.com/fastdfs/M00/00/05/dD4ZgFmmIKqAXa7fAACs6ukW49U410.jpg',NULL,NULL,'b8455b39a453eb0969178232bf9fa991','885|','','887|888|','','','','886|',-33,0,NULL,NULL,NULL,NULL,NULL,NULL,'-1','-1',-1,-1,'不詳',1,'2017-10-16 17:10:28',1,'2017-10-16 17:10:28'),(887,0,199,0,1,0,'趙令荿','0001-01-01',1,'http://img1.izuqun.com/fastdfs/M00/00/05/dD4ZgFmmIJeAL8eWAABn4qH1djY697.jpg',NULL,NULL,'7d2fa0537fd4df212d1e8275d044d43a','886|','','','','','','887|888|',-32,0,NULL,NULL,NULL,NULL,NULL,NULL,'-1','-1',-1,-1,'不詳',1,'2017-10-16 17:11:29',1,'2017-10-16 17:11:29'),(888,0,199,0,1,0,'趙令蒧','0001-01-01',1,'http://img1.izuqun.com/fastdfs/M00/00/05/dD4ZgFmmINWAYeU9AACYq8VNsZU967.jpg',NULL,NULL,'973b3a72d86f8d8edeebad754828dfa9','886|','','980|','','','','888|887|',-32,0,NULL,NULL,NULL,NULL,NULL,NULL,'-1','-1',-1,-1,'不詳',1,'2017-10-16 17:12:19',1,'2017-10-16 17:12:19'),(889,0,199,0,1,0,'趙從贄','0001-01-01',1,'http://img1.izuqun.com/fastdfs/M00/00/05/dD4ZgFmmIKqAXa7fAACs6ukW49U410.jpg',NULL,NULL,'4f7ed0607af574788156baa62de93be0','867|','','890|895|','','','','889|904|',-34,0,NULL,NULL,NULL,NULL,NULL,NULL,'-1','-1',-1,-1,'不詳',1,'2017-10-16 18:13:50',1,'2017-10-16 18:13:50'),(890,0,199,0,1,0,'趙世澤','0001-01-01',1,'http://img1.izuqun.com/fastdfs/M00/00/05/dD4ZgFmmIGiAcC0aAABzAZZEmII488.jpg',NULL,NULL,'6087742f3ac5f0f9b3e7ff991ddd5f86','889|','','891|892|894|','','','','890|895|',-33,0,NULL,NULL,NULL,NULL,NULL,NULL,'-1','-1',-1,-1,'不詳',1,'2017-10-16 18:14:14',1,'2017-10-16 18:14:14'),(891,0,199,0,1,0,'趙令似','0001-01-01',1,'http://img1.izuqun.com/fastdfs/M00/00/05/dD4ZgFmmINWAYeU9AACYq8VNsZU967.jpg',NULL,NULL,'0a52b661eeb29abc3030079bb278e839','890|','','984|','','','','891|892|894|',-32,0,NULL,NULL,NULL,NULL,NULL,NULL,'-1','-1',-1,-1,'不詳',1,'2017-10-16 18:14:45',1,'2017-10-16 18:14:45'),(892,0,199,0,1,0,'趙令佳','0001-01-01',1,'http://img1.izuqun.com/fastdfs/M00/00/05/dD4ZgFmmIJeAL8eWAABn4qH1djY697.jpg',NULL,NULL,'24f15c80f99741fb0aa68c5d9a78d452','890|','','893|','','','','892|891|894|',-32,0,NULL,NULL,NULL,NULL,NULL,NULL,'-1','-1',-1,-1,'不詳',1,'2017-10-16 18:15:17',1,'2017-10-16 18:15:17'),(893,0,199,0,1,0,'趙子鑠','0001-01-01',1,'http://img1.izuqun.com/fastdfs/M00/00/05/dD4ZgFmmIKqAXa7fAACs6ukW49U410.jpg',NULL,NULL,'83eb25d2c1d868b915aa8ae3ef86a508','892|','','988|','','','','893|',-31,0,NULL,NULL,NULL,NULL,NULL,NULL,'-1','-1',-1,-1,'不詳',1,'2017-10-16 18:15:33',1,'2017-10-16 18:15:33'),(894,0,199,0,1,0,'趙令德','0001-01-01',1,'http://img1.izuqun.com/fastdfs/M00/00/05/dD4ZgFmmIJeAL8eWAABn4qH1djY697.jpg',NULL,NULL,'f76f394d516b8ca70516f265f6681189','890|','','989|','','','','894|892|891|',-32,0,NULL,NULL,NULL,NULL,NULL,NULL,'-1','-1',-1,-1,'不詳',1,'2017-10-16 18:18:05',1,'2017-10-16 18:18:05'),(895,0,199,0,1,0,'世經','0001-01-01',1,'http://img1.izuqun.com/fastdfs/M00/00/05/dD4ZgFmmIIGAHLV9AACamJVbrxQ690.jpg',NULL,NULL,'47ad0d19eb0f2f15d00723769cedc987','889|','','896|897|898|899|900|901|902|903|','','','','895|890|',-33,0,NULL,NULL,NULL,NULL,NULL,NULL,'-1','-1',-1,-1,'不詳',1,'2017-10-16 18:18:59',1,'2017-10-16 18:18:59'),(896,0,199,0,1,0,'趙令穰','0001-01-01',1,'http://img1.izuqun.com/fastdfs/M00/00/05/dD4ZgFmmIDKAVXKmAACCQrzaxdw195.jpg',NULL,NULL,'e374513f929db7f5de88536d3bd97d34','895|','','990|991|1001|','','','','896|897|898|899|900|901|902|903|',-32,0,NULL,NULL,NULL,NULL,NULL,NULL,'-1','-1',-1,-1,'不詳',1,'2017-10-16 18:19:44',1,'2017-10-16 18:19:44'),(897,0,199,0,1,0,'趙令匹','0001-01-01',1,'http://img1.izuqun.com/fastdfs/M00/00/05/dD4ZgFmmINWAYeU9AACYq8VNsZU967.jpg',NULL,NULL,'40208ee119fed2713a35bfde1ae57bb8','895|','','1002|1003|1004|1005|','','','','897|896|898|899|900|901|902|903|',-32,0,NULL,NULL,NULL,NULL,NULL,NULL,'-1','-1',-1,-1,'不詳',1,'2017-10-16 18:20:09',1,'2017-10-16 18:20:09'),(898,0,199,0,1,0,'趙令松','0001-01-01',1,'http://img1.izuqun.com/fastdfs/M00/00/05/dD4ZgFmmIPKARRmRAACMdMf2pek163.jpg',NULL,NULL,'97973a6d2a3e66b1a5cab1b6c5eaec13','895|','','1006|1007|','','','','898|896|897|899|900|901|902|903|',-32,0,NULL,NULL,NULL,NULL,NULL,NULL,'-1','-1',-1,-1,'不詳',1,'2017-10-16 18:21:08',1,'2017-10-16 18:21:08'),(899,0,199,0,1,0,'趙令戛','0001-01-01',1,'http://img1.izuqun.com/fastdfs/M00/00/05/dD4ZgFmmIPKARRmRAACMdMf2pek163.jpg',NULL,NULL,'387d151714dc1ddb3b7fe0171d3f7513','895|','','1010|','','','','899|896|897|898|900|901|902|903|',-32,0,NULL,NULL,NULL,NULL,NULL,NULL,'-1','-1',-1,-1,'不詳',1,'2017-10-16 18:21:47',1,'2017-10-16 18:21:47'),(900,0,199,0,1,0,'趙令宵','0001-01-01',1,'http://img1.izuqun.com/fastdfs/M00/00/05/dD4ZgFmmINWAYeU9AACYq8VNsZU967.jpg',NULL,NULL,'387802125cfeaa28142d7740f4d0131e','895|','','1015|1018|1019|','','','','900|896|897|898|899|901|902|903|',-32,0,NULL,NULL,NULL,NULL,NULL,NULL,'-1','-1',-1,-1,'不詳',1,'2017-10-16 18:22:21',1,'2017-10-16 18:22:21'),(901,0,199,0,1,0,'趙令勛','0001-01-01',1,'http://img1.izuqun.com/fastdfs/M00/00/05/dD4ZgFmmIKqAXa7fAACs6ukW49U410.jpg',NULL,NULL,'bf8c39d67d32178568df2c5775cd9a6d','895|','','1023|','','','','901|896|897|898|899|900|902|903|',-32,0,NULL,NULL,NULL,NULL,NULL,NULL,'-1','-1',-1,-1,'不詳',1,'2017-10-16 18:22:37',1,'2017-10-16 18:22:37'),(902,0,199,0,1,0,'趙令語','0001-01-01',1,'http://img1.izuqun.com/fastdfs/M00/00/05/dD4ZgFmmIJeAL8eWAABn4qH1djY697.jpg',NULL,NULL,'43c9e321c28d2095dde94f8b92fcabd1','895|','','1027|1029|1030|1031|','','','','902|896|897|898|899|900|901|903|',-32,0,NULL,NULL,NULL,NULL,NULL,NULL,'-1','-1',-1,-1,'不詳',1,'2017-10-16 18:23:10',1,'2017-10-16 18:23:10'),(903,0,199,0,1,0,'趙令話','0001-01-01',1,'http://img1.izuqun.com/fastdfs/M00/00/05/dD4ZgFmmINWAYeU9AACYq8VNsZU967.jpg',NULL,NULL,'dd629fa782b17f519406ec2481acc661','895|','','','','','','903|896|897|898|899|900|901|902|',-32,0,NULL,NULL,NULL,NULL,NULL,NULL,'-1','-1',-1,-1,'不詳',1,'2017-10-16 18:23:26',1,'2017-10-16 18:23:26'),(904,0,199,0,1,0,'趙從古','0001-01-01',1,'http://img1.izuqun.com/fastdfs/M00/00/05/dD4ZgFmmINWAYeU9AACYq8VNsZU967.jpg',NULL,NULL,'a59d7ca07d463e1b4d089a5e6e6e0026','867|','','905|','','','','904|889|',-34,0,NULL,NULL,NULL,NULL,NULL,NULL,'-1','-1',-1,-1,'不詳',1,'2017-10-16 18:24:04',1,'2017-10-16 18:24:04'),(905,0,199,0,1,0,'趙世期','0001-01-01',1,'http://img1.izuqun.com/fastdfs/M00/00/05/dD4ZgFmmIGiAcC0aAABzAZZEmII488.jpg',NULL,NULL,'d294d89c2eaf16d8206742e62369b878','904|','','906|','','','','905|',-33,0,NULL,NULL,NULL,NULL,NULL,NULL,'-1','-1',-1,-1,'不詳',1,'2017-10-16 18:24:31',1,'2017-10-16 18:24:31'),(906,0,199,0,1,0,'趙令譔','0001-01-01',1,'http://img1.izuqun.com/fastdfs/M00/00/05/dD4ZgFmmIIGAHLV9AACamJVbrxQ690.jpg',NULL,NULL,'35aeeebd6bd0919032012600a282fc3a','905|','','1032|','','','','906|',-32,0,NULL,NULL,NULL,NULL,NULL,NULL,'-1','-1',-1,-1,'不詳',1,'2017-10-16 18:25:08',1,'2017-10-16 18:25:08'),(907,0,199,0,1,0,'趙令逭','0001-01-01',1,'http://img1.izuqun.com/fastdfs/M00/00/05/dD4ZgFmmIJeAL8eWAABn4qH1djY697.jpg',NULL,NULL,'79767f1c97cca0b1012a8fa535d0ac3f','871|','','908|909|','','','','907|877|878|879|',-32,0,NULL,NULL,NULL,NULL,NULL,NULL,'-1','-1',-1,-1,'次子',1,'2017-10-16 18:26:56',1,'2017-10-16 18:26:56'),(908,0,199,0,1,0,'趙子宻','0001-01-01',1,'http://img1.izuqun.com/fastdfs/M00/00/05/dD4ZgFmmINWAYeU9AACYq8VNsZU967.jpg',NULL,NULL,'03f0d7363066349604febf5b2d4e02d0','907|','','','','','','908|909|',-31,0,NULL,NULL,NULL,NULL,NULL,NULL,'-1','-1',-1,-1,'不詳',1,'2017-10-16 18:28:26',1,'2017-10-16 18:28:26'),(909,0,199,0,1,0,'趙子安','0001-01-01',1,'http://img1.izuqun.com/fastdfs/M00/00/05/dD4ZgFmmIMCABqZfAACALIbo__s039.jpg',NULL,NULL,'0deafe7e6f191dea5cf67d5c5af9a8cf','907|','','910|911|912|','','','','909|908|',-31,0,NULL,NULL,NULL,NULL,NULL,NULL,'-1','-1',-1,-1,'不詳',1,'2017-10-16 18:29:00',1,'2017-10-16 18:29:00'),(910,0,199,0,1,0,'趙伯椿','0001-01-01',1,'http://img1.izuqun.com/fastdfs/M00/00/05/dD4ZgFmmIGiAcC0aAABzAZZEmII488.jpg',NULL,NULL,'2d1916789e0c7765febe2e7cb121efb1','909|','','','','','','910|911|912|',-30,0,NULL,NULL,NULL,NULL,NULL,NULL,'-1','-1',-1,-1,'不詳',1,'2017-10-16 18:29:37',1,'2017-10-16 18:29:37'),(911,0,199,0,1,0,'趙伯相','0001-01-01',1,'http://img1.izuqun.com/fastdfs/M00/00/05/dD4ZgFmmIIGAHLV9AACamJVbrxQ690.jpg',NULL,NULL,'271700b840f3e080df88eb793a3a835b','909|','','','','','','911|910|912|',-30,0,NULL,NULL,NULL,NULL,NULL,NULL,'-1','-1',-1,-1,'不詳',1,'2017-10-16 18:30:25',1,'2017-10-16 18:30:25'),(912,0,199,0,1,0,'趙伯操','0001-01-01',1,'http://img1.izuqun.com/fastdfs/M00/00/05/dD4ZgFmmIPKARRmRAACMdMf2pek163.jpg',NULL,NULL,'e9979a0b5a47297e6d633e900622b701','909|','','','','','','912|910|911|',-30,0,NULL,NULL,NULL,NULL,NULL,NULL,'-1','-1',-1,-1,'不詳',1,'2017-10-16 18:30:48',1,'2017-10-16 18:30:48'),(913,0,199,0,1,0,'趙子紳','0001-01-01',1,'http://img1.izuqun.com/fastdfs/M00/00/05/dD4ZgFmmINWAYeU9AACYq8VNsZU967.jpg',NULL,NULL,'69f4a5c858ea0ac16084ca4d88b13766','878|','','916|','','','','913|914|915|',-31,0,NULL,NULL,NULL,NULL,NULL,NULL,'-1','-1',-1,-1,'不詳',1,'2017-10-16 18:31:52',1,'2017-10-16 18:31:52'),(914,0,199,0,1,0,'趙子純','0001-01-01',1,'http://img1.izuqun.com/fastdfs/M00/00/05/dD4ZgFmmIJeAL8eWAABn4qH1djY697.jpg',NULL,NULL,'3ed2fb36ddd4c917a0c6b2844585dd20','878|','','','','','','914|913|915|',-31,0,NULL,NULL,NULL,NULL,NULL,NULL,'-1','-1',-1,-1,'不詳',1,'2017-10-16 18:32:22',1,'2017-10-16 18:32:22'),(915,0,199,0,1,0,'趙子紀','0001-01-01',1,'http://img1.izuqun.com/fastdfs/M00/00/05/dD4ZgFmmIGiAcC0aAABzAZZEmII488.jpg',NULL,NULL,'d5c4286b71458b9254efeaac23673245','878|','','917|','','','','915|913|914|',-31,0,NULL,NULL,NULL,NULL,NULL,NULL,'-1','-1',-1,-1,'不詳',1,'2017-10-16 18:33:30',1,'2017-10-16 18:33:30'),(916,0,199,0,1,0,'趙伯麻','0001-01-01',1,'http://img1.izuqun.com/fastdfs/M00/00/05/dD4ZgFmmIIGAHLV9AACamJVbrxQ690.jpg',NULL,NULL,'94ccdb3a1befa71850ed61bbaab1ce60','913|','','','','','','916|',-30,0,NULL,NULL,NULL,NULL,NULL,NULL,'-1','-1',-1,-1,'不詳',1,'2017-10-16 18:34:00',1,'2017-10-16 18:34:00'),(917,0,199,0,1,0,'趙伯遼','0001-01-01',1,'http://img1.izuqun.com/fastdfs/M00/00/05/dD4ZgFmmIDKAVXKmAACCQrzaxdw195.jpg',NULL,NULL,'54042fdca6bb467176f08bb0a6a4272a','915|','','','','','','917|',-30,0,NULL,NULL,NULL,NULL,NULL,NULL,'-1','-1',-1,-1,'不詳',1,'2017-10-16 18:34:29',1,'2017-10-16 18:34:29'),(918,0,199,0,1,0,'趙子俅','0001-01-01',1,'http://img1.izuqun.com/fastdfs/M00/00/05/dD4ZgFmmIGiAcC0aAABzAZZEmII488.jpg',NULL,NULL,'8ee86364f145346f415a889ad0e9a06f','879|','','','','','','918|919|920|921|922|923|',-31,0,NULL,NULL,NULL,NULL,NULL,NULL,'-1','-1',-1,-1,'不詳',1,'2017-10-16 18:35:02',1,'2017-10-16 18:35:02'),(919,0,199,0,1,0,'趙子仁','0001-01-01',1,'http://img1.izuqun.com/fastdfs/M00/00/05/dD4ZgFmmIMCABqZfAACALIbo__s039.jpg',NULL,NULL,'b0be9df6a99a010b0ac0ca389e3b4e39','879|','','','','','','919|918|920|921|922|923|',-31,0,NULL,NULL,NULL,NULL,NULL,NULL,'-1','-1',-1,-1,'不詳',1,'2017-10-16 18:35:42',1,'2017-10-16 18:35:42'),(920,0,199,0,1,0,'趙子儔','0001-01-01',1,'http://img1.izuqun.com/fastdfs/M00/00/05/dD4ZgFmmIKqAXa7fAACs6ukW49U410.jpg',NULL,NULL,'aae714b5760cf23925d0b55310fa10f1','879|','','','','','','920|918|919|921|922|923|',-31,0,NULL,NULL,NULL,NULL,NULL,NULL,'-1','-1',-1,-1,'不詳',1,'2017-10-16 18:36:20',1,'2017-10-16 18:36:20'),(921,0,199,0,1,0,'趙子傑','0001-01-01',1,'http://img1.izuqun.com/fastdfs/M00/00/05/dD4ZgFmmIPKARRmRAACMdMf2pek163.jpg',NULL,NULL,'cbe24af409b0f80ff939bb0c49d8927e','879|','','','','','','921|918|919|920|922|923|',-31,0,NULL,NULL,NULL,NULL,NULL,NULL,'-1','-1',-1,-1,'不詳',1,'2017-10-16 18:36:47',1,'2017-10-16 18:36:47'),(922,0,199,0,1,0,'趙子倚','0001-01-01',1,'http://img1.izuqun.com/fastdfs/M00/00/05/dD4ZgFmmIKqAXa7fAACs6ukW49U410.jpg',NULL,NULL,'8d03babccfe378a10ebac44d23e30d48','879|','','','','','','922|918|919|920|921|923|',-31,0,NULL,NULL,NULL,NULL,NULL,NULL,'-1','-1',-1,-1,'不詳',1,'2017-10-16 18:37:09',1,'2017-10-16 18:37:09'),(923,0,199,0,1,0,'趙子俊','0001-01-01',1,'http://img1.izuqun.com/fastdfs/M00/00/05/dD4ZgFmmIGiAcC0aAABzAZZEmII488.jpg',NULL,NULL,'3750627c3f7bd9952efee3fc13cff9ec','879|','','924|925|926|927|928|','','','','923|918|919|920|921|922|',-31,0,NULL,NULL,NULL,NULL,NULL,NULL,'-1','-1',-1,-1,'不詳',1,'2017-10-16 18:37:33',1,'2017-10-16 18:37:33'),(924,0,199,0,1,0,'趙伯浯','0001-01-01',1,'http://img1.izuqun.com/fastdfs/M00/00/05/dD4ZgFmmIJeAL8eWAABn4qH1djY697.jpg',NULL,NULL,'fbbb6c804279e69e6cc7ad2fd909c90f','923|','','','','','','924|925|926|927|928|',-30,0,NULL,NULL,NULL,NULL,NULL,NULL,'-1','-1',-1,-1,'不詳',1,'2017-10-16 18:38:13',1,'2017-10-16 18:38:13'),(925,0,199,0,1,0,'趙伯城','0001-01-01',1,'http://img1.izuqun.com/fastdfs/M00/00/05/dD4ZgFmmIIGAHLV9AACamJVbrxQ690.jpg',NULL,NULL,'cd561a0f5d9c1c6d56d3ab1cbecd4a28','923|','','','','','','925|924|926|927|928|',-30,0,NULL,NULL,NULL,NULL,NULL,NULL,'-1','-1',-1,-1,'不詳',1,'2017-10-16 18:39:08',1,'2017-10-16 18:39:08'),(926,0,199,0,1,0,'趙伯任','0001-01-01',1,'http://img1.izuqun.com/fastdfs/M00/00/05/dD4ZgFmmIPKARRmRAACMdMf2pek163.jpg',NULL,NULL,'2a7d23dd92398471e2eb31679cb6c345','923|','','','','','','926|924|925|927|928|',-30,0,NULL,NULL,NULL,NULL,NULL,NULL,'-1','-1',-1,-1,'不詳',1,'2017-10-16 18:39:34',1,'2017-10-16 18:39:34'),(927,0,199,0,1,0,'趙伯戢','0001-01-01',1,'http://img1.izuqun.com/fastdfs/M00/00/05/dD4ZgFmmINWAYeU9AACYq8VNsZU967.jpg',NULL,NULL,'3a22512a75b126d74d08f553d74d4641','923|','','','','','','927|924|925|926|928|',-30,0,NULL,NULL,NULL,NULL,NULL,NULL,'-1','-1',-1,-1,'不詳',1,'2017-10-16 18:40:07',1,'2017-10-16 18:40:07'),(928,0,199,0,1,0,'趙伯亻叐','0001-01-01',1,'http://img1.izuqun.com/fastdfs/M00/00/05/dD4ZgFmmIJeAL8eWAABn4qH1djY697.jpg',NULL,NULL,'8ddc5e2b3362d91aa1e263d0ef89b8f2','923|','','','','','','928|924|925|926|927|',-30,0,NULL,NULL,NULL,NULL,NULL,NULL,'-1','-1',-1,-1,'不詳',1,'2017-10-16 18:43:17',1,'2017-10-16 18:43:17'),(929,0,199,0,1,0,'趙子昌','0001-01-01',1,'http://img1.izuqun.com/fastdfs/M00/00/05/dD4ZgFmmIPKARRmRAACMdMf2pek163.jpg',NULL,NULL,'5221efcadada462608c5f464df8f60ce','873|','','930|931|932|','','','','929|933|',-31,0,NULL,NULL,NULL,NULL,NULL,NULL,'-1','-1',-1,-1,'不詳',1,'2017-10-16 18:54:01',1,'2017-10-16 18:54:01'),(930,0,199,0,1,0,'趙伯好','0001-01-01',1,'http://img1.izuqun.com/fastdfs/M00/00/05/dD4ZgFmmIIGAHLV9AACamJVbrxQ690.jpg',NULL,NULL,'b6ae2637e3fced410cd920170d8e761f','929|','','','','','','930|931|932|',-30,0,NULL,NULL,NULL,NULL,NULL,NULL,'-1','-1',-1,-1,'不詳',1,'2017-10-16 18:54:19',1,'2017-10-16 18:54:19'),(931,0,199,0,1,0,'趙伯有','0001-01-01',1,'http://img1.izuqun.com/fastdfs/M00/00/05/dD4ZgFmmIDKAVXKmAACCQrzaxdw195.jpg',NULL,NULL,'11e407a3a704c9a7ce6520148ef30ca1','929|','','','','','','931|930|932|',-30,0,NULL,NULL,NULL,NULL,NULL,NULL,'-1','-1',-1,-1,'不詳',1,'2017-10-16 18:54:44',1,'2017-10-16 18:54:44'),(932,0,199,0,1,0,'趙伯存','0001-01-01',1,'http://img1.izuqun.com/fastdfs/M00/00/05/dD4ZgFmmIIGAHLV9AACamJVbrxQ690.jpg',NULL,NULL,'92ad066ed1337bdc60402ce9230def70','929|','','','','','','932|930|931|',-30,0,NULL,NULL,NULL,NULL,NULL,NULL,'-1','-1',-1,-1,'不詳',1,'2017-10-16 18:55:07',1,'2017-10-16 18:55:07'),(933,0,199,0,1,0,'趙子乙','0001-01-01',1,'http://img1.izuqun.com/fastdfs/M00/00/05/dD4ZgFmmIIGAHLV9AACamJVbrxQ690.jpg',NULL,NULL,'9409cc4c101d44f24e9fb5fc393f6338','873|','','934|935|936|937|','','','','933|929|',-31,0,NULL,NULL,NULL,NULL,NULL,NULL,'-1','-1',-1,-1,'不詳',1,'2017-10-16 18:55:24',1,'2017-10-16 18:55:24'),(934,0,199,0,1,0,'趙伯韶','0001-01-01',1,'http://img1.izuqun.com/fastdfs/M00/00/05/dD4ZgFmmIGiAcC0aAABzAZZEmII488.jpg',NULL,NULL,'bab12f2bda82080391a3d652a812d4ef','933|','','','','','','934|935|936|937|',-30,0,NULL,NULL,NULL,NULL,NULL,NULL,'-1','-1',-1,-1,'不詳',1,'2017-10-16 18:55:46',1,'2017-10-16 18:55:46'),(935,0,199,0,1,0,'趙伯愚','0001-01-01',1,'http://img1.izuqun.com/fastdfs/M00/00/05/dD4ZgFmmIPKARRmRAACMdMf2pek163.jpg',NULL,NULL,'958850cab860c48ea24ff308d2feb8cd','933|','','','','','','935|934|936|937|',-30,0,NULL,NULL,NULL,NULL,NULL,NULL,'-1','-1',-1,-1,'不詳',1,'2017-10-16 18:56:12',1,'2017-10-16 18:56:12'),(936,0,199,0,1,0,'趙伯竺','0001-01-01',1,'http://img1.izuqun.com/fastdfs/M00/00/05/dD4ZgFmmIPKARRmRAACMdMf2pek163.jpg',NULL,NULL,'1a1b46ba37704c618f8eb214545f2463','933|','','','','','','936|934|935|937|',-30,0,NULL,NULL,NULL,NULL,NULL,NULL,'-1','-1',-1,-1,'不詳',1,'2017-10-16 18:56:30',1,'2017-10-16 18:56:30'),(937,0,199,0,1,0,'趙伯達','0001-01-01',1,'http://img1.izuqun.com/fastdfs/M00/00/05/dD4ZgFmmIKqAXa7fAACs6ukW49U410.jpg',NULL,NULL,'a05b336e756b541322a108140d3c2f95','933|','','','','','','937|934|935|936|',-30,0,NULL,NULL,NULL,NULL,NULL,NULL,'-1','-1',-1,-1,'不詳',1,'2017-10-16 18:57:04',1,'2017-10-16 18:57:04'),(938,0,199,0,1,0,'趙子旦','0001-01-01',1,'http://img1.izuqun.com/fastdfs/M00/00/05/dD4ZgFmmIKqAXa7fAACs6ukW49U410.jpg',NULL,NULL,'945bbd8672a2058b5a1ac4d4cca608a3','874|','','941|','','','','938|',-31,0,NULL,NULL,NULL,NULL,NULL,NULL,'-1','-1',-1,-1,'不詳',1,'2017-10-16 18:57:55',1,'2017-10-16 18:57:55'),(941,0,199,0,1,0,'趙伯襟','0001-01-01',1,'http://img1.izuqun.com/fastdfs/M00/00/05/dD4ZgFmmIKqAXa7fAACs6ukW49U410.jpg',NULL,NULL,'b6e90ab625d3a7012b0f7ae1d7cad7b2','938|','','','','','','941|',-30,0,NULL,NULL,NULL,NULL,NULL,NULL,'-1','-1',-1,-1,'不詳',1,'2017-10-16 19:02:36',1,'2017-10-16 19:02:36'),(942,0,199,0,1,0,'趙子景','0001-01-01',1,'http://img1.izuqun.com/fastdfs/M00/00/05/dD4ZgFmmIMCABqZfAACALIbo__s039.jpg',NULL,NULL,'120ce29c53f267b2d86dd489274b7e50','859|','','','','','','942|858|943|944|945|946|947|948|',-31,0,NULL,NULL,NULL,NULL,NULL,NULL,'-1','-1',-1,-1,'不詳',1,'2017-10-16 19:04:02',1,'2017-10-16 19:04:02'),(943,0,199,0,1,0,'趙子旦','0001-01-01',1,'http://img1.izuqun.com/fastdfs/M00/00/05/dD4ZgFmmIJeAL8eWAABn4qH1djY697.jpg',NULL,NULL,'397dfbf82431193f2a20b5d9abc0750c','859|','','','','','','943|858|942|944|945|946|947|948|',-31,0,NULL,NULL,NULL,NULL,NULL,NULL,'-1','-1',-1,-1,'不詳',1,'2017-10-16 19:04:32',1,'2017-10-16 19:04:32'),(944,0,199,0,1,0,'趙子忠','0001-01-01',1,'http://img1.izuqun.com/fastdfs/M00/00/05/dD4ZgFmmIKqAXa7fAACs6ukW49U410.jpg',NULL,NULL,'d109c1a01f2cc0f72ddabccf5e55234b','859|','','949|','','','','944|858|942|943|945|946|947|948|',-31,0,NULL,NULL,NULL,NULL,NULL,NULL,'-1','-1',-1,-1,'不詳',1,'2017-10-16 19:05:03',1,'2017-10-16 19:05:03'),(945,0,199,0,1,0,'趙子永','0001-01-01',1,'http://img1.izuqun.com/fastdfs/M00/00/05/dD4ZgFmmIIGAHLV9AACamJVbrxQ690.jpg',NULL,NULL,'812f7c2f3d2d612fd2b7a5a778d0dde6','859|','','','','','','945|858|942|943|944|946|947|948|',-31,0,NULL,NULL,NULL,NULL,NULL,NULL,'-1','-1',-1,-1,'不詳',1,'2017-10-16 19:05:25',1,'2017-10-16 19:05:25'),(946,0,199,0,1,0,'趙子建','0001-01-01',1,'http://img1.izuqun.com/fastdfs/M00/00/05/dD4ZgFmmINWAYeU9AACYq8VNsZU967.jpg',NULL,NULL,'5e18a802482c71311250bc5d4fa66490','859|','','','','','','946|858|942|943|944|945|947|948|',-31,0,NULL,NULL,NULL,NULL,NULL,NULL,'-1','-1',-1,-1,'不詳',1,'2017-10-16 19:05:59',1,'2017-10-16 19:05:59'),(947,0,199,0,1,0,'趙子褒','0001-01-01',1,'http://img1.izuqun.com/fastdfs/M00/00/05/dD4ZgFmmIIGAHLV9AACamJVbrxQ690.jpg',NULL,NULL,'6f5d84661bee817e30790c16ce4727d9','859|','','','','','','947|858|942|943|944|945|946|948|',-31,0,NULL,NULL,NULL,NULL,NULL,NULL,'-1','-1',-1,-1,'不詳',1,'2017-10-16 19:07:07',1,'2017-10-16 19:07:07'),(948,0,199,0,1,0,'趙子亨','0001-01-01',1,'http://img1.izuqun.com/fastdfs/M00/00/05/dD4ZgFmmIIGAHLV9AACamJVbrxQ690.jpg',NULL,NULL,'db349926a17e2a6e413b8cea9f350556','859|','','','','','','948|858|942|943|944|945|946|947|',-31,0,NULL,NULL,NULL,NULL,NULL,NULL,'-1','-1',-1,-1,'不詳',1,'2017-10-16 19:07:34',1,'2017-10-16 19:07:34'),(949,0,199,0,1,0,'趙伯文','0001-01-01',1,'http://img1.izuqun.com/fastdfs/M00/00/05/dD4ZgFmmIMCABqZfAACALIbo__s039.jpg',NULL,NULL,'c1f0e39b51939bef8d4d7ef8a5458647','944|','','','','','','949|',-30,0,NULL,NULL,NULL,NULL,NULL,NULL,'-1','-1',-1,-1,'不詳',1,'2017-10-16 19:09:48',1,'2017-10-16 19:09:48'),(950,0,199,0,1,0,'趙伯維','0001-01-01',1,'http://img1.izuqun.com/fastdfs/M00/00/05/dD4ZgFmmINWAYeU9AACYq8VNsZU967.jpg',NULL,NULL,'cfe03a674ef42c19b98d5cc8e5f9aa97','858|','','','','','','950|856|951|952|953|954|955|956|',-30,0,NULL,NULL,NULL,NULL,NULL,NULL,'-1','-1',-1,-1,'不詳',1,'2017-10-16 19:10:34',1,'2017-10-16 19:10:34'),(951,0,199,0,1,0,'趙伯吝','0001-01-01',1,'http://img1.izuqun.com/fastdfs/M00/00/05/dD4ZgFmmIGiAcC0aAABzAZZEmII488.jpg',NULL,NULL,'398214c17efbc52a67d4a5150b8ea53d','858|','','','','','','951|856|950|952|953|954|955|956|',-30,0,NULL,NULL,NULL,NULL,NULL,NULL,'-1','-1',-1,-1,'不詳',1,'2017-10-16 19:11:02',1,'2017-10-16 19:11:02'),(952,0,199,0,1,0,'趙伯第','0001-01-01',1,'http://img1.izuqun.com/fastdfs/M00/00/05/dD4ZgFmmINWAYeU9AACYq8VNsZU967.jpg',NULL,NULL,'bf0e21df6077240a40eea5bf0ad5b32c','858|','','','','','','952|856|950|951|953|954|955|956|',-30,0,NULL,NULL,NULL,NULL,NULL,NULL,'-1','-1',-1,-1,'不詳',1,'2017-10-16 19:11:32',1,'2017-10-16 19:11:32'),(953,0,199,0,1,0,'趙伯薇','0001-01-01',1,'http://img1.izuqun.com/fastdfs/M00/00/05/dD4ZgFmmINWAYeU9AACYq8VNsZU967.jpg',NULL,NULL,'51438db9a1ddafd3fe368e36f7ff985a','858|','','','','','','953|856|950|951|952|954|955|956|',-30,0,NULL,NULL,NULL,NULL,NULL,NULL,'-1','-1',-1,-1,'不詳',1,'2017-10-16 19:11:49',1,'2017-10-16 19:11:49'),(954,0,199,0,1,0,'趙伯芊','0001-01-01',1,'http://img1.izuqun.com/fastdfs/M00/00/05/dD4ZgFmmIGiAcC0aAABzAZZEmII488.jpg',NULL,NULL,'36a2fc7166fdd9f7007312565be53854','858|','','','','','','954|856|950|951|952|953|955|956|',-30,0,NULL,NULL,NULL,NULL,NULL,NULL,'-1','-1',-1,-1,'不詳',1,'2017-10-16 19:12:04',1,'2017-10-16 19:12:04'),(955,0,199,0,1,0,'趙伯芭','0001-01-01',1,'http://img1.izuqun.com/fastdfs/M00/00/05/dD4ZgFmmIJeAL8eWAABn4qH1djY697.jpg',NULL,NULL,'595597e96b77a3676ca7b5d96cb83352','858|','','','','','','955|856|950|951|952|953|954|956|',-30,0,NULL,NULL,NULL,NULL,NULL,NULL,'-1','-1',-1,-1,'不詳',1,'2017-10-16 19:12:20',1,'2017-10-16 19:12:20'),(956,0,199,0,1,0,'趙伯義','0001-01-01',1,'http://img1.izuqun.com/fastdfs/M00/00/05/dD4ZgFmmIMCABqZfAACALIbo__s039.jpg',NULL,NULL,'bae84ba8b4a277df2099d211b04a32fb','858|','','','','','','956|856|950|951|952|953|954|955|',-30,0,NULL,NULL,NULL,NULL,NULL,NULL,'-1','-1',-1,-1,'不詳',1,'2017-10-16 19:12:46',1,'2017-10-16 19:12:46'),(957,0,199,0,1,0,'趙子偁','0001-01-01',1,'http://img1.izuqun.com/fastdfs/M00/00/05/dD4ZgFmmIKqAXa7fAACs6ukW49U410.jpg',NULL,NULL,'7b0b250d8f07ebb843e1e2afc9c8503f','881|','','958|959|960|961|962|963|964|965|','','','','957|',-31,0,NULL,NULL,NULL,NULL,NULL,NULL,'-1','-1',-1,-1,'不詳',1,'2017-10-16 19:17:11',1,'2017-10-16 19:17:11'),(958,0,199,0,1,0,'趙伯珪','0001-01-01',1,'http://img1.izuqun.com/fastdfs/M00/00/05/dD4ZgFmmINWAYeU9AACYq8VNsZU967.jpg',NULL,NULL,'c749bc53e45bbd4f75556e83c764ca90','957|','','','','','','958|959|960|961|962|963|964|965|',-30,0,NULL,NULL,NULL,NULL,NULL,NULL,'-1','-1',-1,-1,'不詳',1,'2017-10-16 19:17:43',1,'2017-10-16 19:17:43'),(959,0,199,0,1,0,'趙伯','0001-01-01',1,'http://img1.izuqun.com/fastdfs/M00/00/05/dD4ZgFmmIMCABqZfAACALIbo__s039.jpg',NULL,NULL,'504a6039d921674a353ae192e4ef2020','957|','','','','','','959|958|960|961|962|963|964|965|',-30,0,NULL,NULL,NULL,NULL,NULL,NULL,'-1','-1',-1,-1,'不詳',1,'2017-10-16 19:18:18',1,'2017-10-16 19:18:18'),(960,0,199,0,1,0,'趙伯王保','0001-01-01',1,'http://img1.izuqun.com/fastdfs/M00/00/05/dD4ZgFmmIMCABqZfAACALIbo__s039.jpg',NULL,NULL,'41e18d3bcfdabd04bd2f925096d3d4ec','957|','','','','','','960|958|959|961|962|963|964|965|',-30,0,NULL,NULL,NULL,NULL,NULL,NULL,'-1','-1',-1,-1,'不詳',1,'2017-10-16 19:21:32',1,'2017-10-16 19:21:32'),(961,0,199,0,1,0,'趙伯璉','0001-01-01',1,'http://img1.izuqun.com/fastdfs/M00/00/05/dD4ZgFmmIKqAXa7fAACs6ukW49U410.jpg',NULL,NULL,'0120ee0c5ebf5ef0ebdea4518733fef1','957|','','','','','','961|958|959|960|962|963|964|965|',-30,0,NULL,NULL,NULL,NULL,NULL,NULL,'-1','-1',-1,-1,'不詳',1,'2017-10-16 19:21:50',1,'2017-10-16 19:21:50'),(962,0,199,0,1,0,'趙伯琦','0001-01-01',1,'http://img1.izuqun.com/fastdfs/M00/00/05/dD4ZgFmmIMCABqZfAACALIbo__s039.jpg',NULL,NULL,'1ea1125ef4aeaf8f657e242ebcc96a62','957|','','','','','','962|958|959|960|961|963|964|965|',-30,0,NULL,NULL,NULL,NULL,NULL,NULL,'-1','-1',-1,-1,'不詳',1,'2017-10-16 19:22:16',1,'2017-10-16 19:22:16'),(963,0,199,0,1,0,'趙伯環','0001-01-01',1,'http://img1.izuqun.com/fastdfs/M00/00/05/dD4ZgFmmIJeAL8eWAABn4qH1djY697.jpg',NULL,NULL,'29e819e13331408699bf75f62665e121','957|','','','','','','963|958|959|960|961|962|964|965|',-30,0,NULL,NULL,NULL,NULL,NULL,NULL,'-1','-1',-1,-1,'不詳',1,'2017-10-16 19:22:32',1,'2017-10-16 19:22:32'),(964,0,199,0,1,0,'趙伯琳','0001-01-01',1,'http://img1.izuqun.com/fastdfs/M00/00/05/dD4ZgFmmIGiAcC0aAABzAZZEmII488.jpg',NULL,NULL,'dd5630669e3d55a04d8142ce869ad915','957|','','','','','','964|958|959|960|961|962|963|965|',-30,0,NULL,NULL,NULL,NULL,NULL,NULL,'-1','-1',-1,-1,'不詳',1,'2017-10-16 19:22:46',1,'2017-10-16 19:22:46'),(965,0,199,0,1,0,'趙伯璘','0001-01-01',1,'http://img1.izuqun.com/fastdfs/M00/00/05/dD4ZgFmmIIGAHLV9AACamJVbrxQ690.jpg',NULL,NULL,'2cdbc296e096d81d2970e772c20737b9','957|','','','','','','965|958|959|960|961|962|963|964|',-30,0,NULL,NULL,NULL,NULL,NULL,NULL,'-1','-1',-1,-1,'不詳',1,'2017-10-16 19:23:05',1,'2017-10-16 19:23:05'),(966,0,199,0,1,0,'趙令確','0001-01-01',1,'http://img1.izuqun.com/fastdfs/M00/00/05/dD4ZgFmmINWAYeU9AACYq8VNsZU967.jpg',NULL,NULL,'228eb7fa05c6ec36b02b370b9c678a5f','876|','','967|','','','','966|881|',-32,0,NULL,NULL,NULL,NULL,NULL,NULL,'-1','-1',-1,-1,'次子',1,'2017-10-16 19:24:39',1,'2017-10-16 19:24:39'),(967,0,199,0,1,0,'趙子佺','0001-01-01',1,'http://img1.izuqun.com/fastdfs/M00/00/05/dD4ZgFmmIIGAHLV9AACamJVbrxQ690.jpg',NULL,NULL,'82be73bd58e9b0d46fd9a974ed094f3c','966|','','968|969|970|971|972|973|974|975|','','','','967|',-31,0,NULL,NULL,NULL,NULL,NULL,NULL,'-1','-1',-1,-1,'不詳',1,'2017-10-16 19:25:02',1,'2017-10-16 19:25:02'),(968,0,199,0,1,0,'趙伯伏','0001-01-01',1,'http://img1.izuqun.com/fastdfs/M00/00/05/dD4ZgFmmIJeAL8eWAABn4qH1djY697.jpg',NULL,NULL,'809ac0cccd76200564fad583d1fd546e','967|','','','','','','968|969|970|971|972|973|974|975|',-30,0,NULL,NULL,NULL,NULL,NULL,NULL,'-1','-1',-1,-1,'不詳',1,'2017-10-16 19:25:21',1,'2017-10-16 19:25:21'),(969,0,199,0,1,0,'趙伯儒','0001-01-01',1,'http://img1.izuqun.com/fastdfs/M00/00/05/dD4ZgFmmINWAYeU9AACYq8VNsZU967.jpg',NULL,NULL,'35193358f25b2af3d8e439f73dfd7dcc','967|','','','','','','969|968|970|971|972|973|974|975|',-30,0,NULL,NULL,NULL,NULL,NULL,NULL,'-1','-1',-1,-1,'不詳',1,'2017-10-16 19:25:38',1,'2017-10-16 19:25:38'),(970,0,199,0,1,0,'趙伯佃','0001-01-01',1,'http://img1.izuqun.com/fastdfs/M00/00/05/dD4ZgFmmIKqAXa7fAACs6ukW49U410.jpg',NULL,NULL,'7c3cf454ed17d490665ab5e1c2ed5838','967|','','','','','','970|968|969|971|972|973|974|975|',-30,0,NULL,NULL,NULL,NULL,NULL,NULL,'-1','-1',-1,-1,'不詳',1,'2017-10-16 19:25:56',1,'2017-10-16 19:25:56'),(971,0,199,0,1,0,'趙伯備','0001-01-01',1,'http://img1.izuqun.com/fastdfs/M00/00/05/dD4ZgFmmIMCABqZfAACALIbo__s039.jpg',NULL,NULL,'d6bbabac0cd545a9b7540f9b93de73fb','967|','','','','','','971|968|969|970|972|973|974|975|',-30,0,NULL,NULL,NULL,NULL,NULL,NULL,'-1','-1',-1,-1,'不詳',1,'2017-10-16 19:26:10',1,'2017-10-16 19:26:10'),(972,0,199,0,1,0,'趙伯侯','0001-01-01',1,'http://img1.izuqun.com/fastdfs/M00/00/05/dD4ZgFmmIPKARRmRAACMdMf2pek163.jpg',NULL,NULL,'0d0b9d7c5b5d9538b6cd09b6c892debf','967|','','','','','','972|968|969|970|971|973|974|975|',-30,0,NULL,NULL,NULL,NULL,NULL,NULL,'-1','-1',-1,-1,'不詳',1,'2017-10-16 19:26:26',1,'2017-10-16 19:26:26'),(973,0,199,0,1,0,'趙伯倣','0001-01-01',1,'http://img1.izuqun.com/fastdfs/M00/00/05/dD4ZgFmmIKqAXa7fAACs6ukW49U410.jpg',NULL,NULL,'32f8d48868bae69de6f7d18f6f01654b','967|','','','','','','973|968|969|970|971|972|974|975|',-30,0,NULL,NULL,NULL,NULL,NULL,NULL,'-1','-1',-1,-1,'不詳',1,'2017-10-16 19:27:24',1,'2017-10-16 19:27:24'),(974,0,199,0,1,0,'趙伯保','0001-01-01',1,'http://img1.izuqun.com/fastdfs/M00/00/05/dD4ZgFmmIGiAcC0aAABzAZZEmII488.jpg',NULL,NULL,'7e39ad4fd1bf43c20f5124b3b68579b7','967|','','','','','','974|968|969|970|971|972|973|975|',-30,0,NULL,NULL,NULL,NULL,NULL,NULL,'-1','-1',-1,-1,'不詳',1,'2017-10-16 19:27:45',1,'2017-10-16 19:27:45'),(975,0,199,0,1,0,'趙伯僼','0001-01-01',1,'http://img1.izuqun.com/fastdfs/M00/00/05/dD4ZgFmmIPKARRmRAACMdMf2pek163.jpg',NULL,NULL,'d12a18e9dbee416b12749f84bc03e090','967|','','','','','','975|968|969|970|971|972|973|974|',-30,0,NULL,NULL,NULL,NULL,NULL,NULL,'-1','-1',-1,-1,'不詳',1,'2017-10-16 19:28:08',1,'2017-10-16 19:28:08'),(976,0,199,0,1,0,'趙子噩','0001-01-01',1,'http://img1.izuqun.com/fastdfs/M00/00/05/dD4ZgFmmIIGAHLV9AACamJVbrxQ690.jpg',NULL,NULL,'9532683bd9774e9616fde622305505c6','884|','','977|978|979|','','','','976|',-31,0,NULL,NULL,NULL,NULL,NULL,NULL,'-1','-1',-1,-1,'不詳',1,'2017-10-16 19:29:26',1,'2017-10-16 19:29:26'),(977,0,199,0,1,0,'趙伯通','0001-01-01',1,'http://img1.izuqun.com/fastdfs/M00/00/05/dD4ZgFmmIJeAL8eWAABn4qH1djY697.jpg',NULL,NULL,'1251586b72656caf0167edd6e98fb185','976|','','','','','','977|978|979|',-30,0,NULL,NULL,NULL,NULL,NULL,NULL,'-1','-1',-1,-1,'不詳',1,'2017-10-16 19:30:09',1,'2017-10-16 19:30:09'),(978,0,199,0,1,0,'趙伯達','0001-01-01',1,'http://img1.izuqun.com/fastdfs/M00/00/05/dD4ZgFmmIKqAXa7fAACs6ukW49U410.jpg',NULL,NULL,'b71adb2196bd83c6498778f2a65c65b1','976|','','','','','','978|977|979|',-30,0,NULL,NULL,NULL,NULL,NULL,NULL,'-1','-1',-1,-1,'不詳',1,'2017-10-16 19:30:32',1,'2017-10-16 19:30:32'),(979,0,199,0,1,0,'趙伯逵','0001-01-01',1,'http://img1.izuqun.com/fastdfs/M00/00/05/dD4ZgFmmIPKARRmRAACMdMf2pek163.jpg',NULL,NULL,'7360c68a2f617e25f81bec913110131f','976|','','','','','','979|977|978|',-30,0,NULL,NULL,NULL,NULL,NULL,NULL,'-1','-1',-1,-1,'不詳',1,'2017-10-16 19:31:02',1,'2017-10-16 19:31:02'),(980,0,199,0,1,0,'趙子鼎','0001-01-01',1,'http://img1.izuqun.com/fastdfs/M00/00/05/dD4ZgFmmIPKARRmRAACMdMf2pek163.jpg',NULL,NULL,'db567360416a9b6389b6760c41d78662','888|','','981|982|983|','','','','980|',-31,0,NULL,NULL,NULL,NULL,NULL,NULL,'-1','-1',-1,-1,'不詳',1,'2017-10-16 19:31:28',1,'2017-10-16 19:31:28'),(981,0,199,0,1,0,'趙伯忠','0001-01-01',1,'http://img1.izuqun.com/fastdfs/M00/00/05/dD4ZgFmmINWAYeU9AACYq8VNsZU967.jpg',NULL,NULL,'84a4ad4e04553d6235e3828e7e265d5f','980|','','','','','','981|982|983|',-30,0,NULL,NULL,NULL,NULL,NULL,NULL,'-1','-1',-1,-1,'不詳',1,'2017-10-16 19:31:44',1,'2017-10-16 19:31:44'),(982,0,199,0,1,0,'趙伯振','0001-01-01',1,'http://img1.izuqun.com/fastdfs/M00/00/05/dD4ZgFmmIDKAVXKmAACCQrzaxdw195.jpg',NULL,NULL,'4ddcd0e4c13c2797d94c835fa92fa44a','980|','','','','','','982|981|983|',-30,0,NULL,NULL,NULL,NULL,NULL,NULL,'-1','-1',-1,-1,'不詳',1,'2017-10-16 19:32:07',1,'2017-10-16 19:32:07'),(983,0,199,0,1,0,'趙伯操','0001-01-01',1,'http://img1.izuqun.com/fastdfs/M00/00/05/dD4ZgFmmIDKAVXKmAACCQrzaxdw195.jpg',NULL,NULL,'62f5bbd12371081188c6ae93854a8fa9','980|','','','','','','983|981|982|',-30,0,NULL,NULL,NULL,NULL,NULL,NULL,'-1','-1',-1,-1,'不詳',1,'2017-10-16 19:32:24',1,'2017-10-16 19:32:24'),(984,0,199,0,1,0,'趙子麾','0001-01-01',1,'http://img1.izuqun.com/fastdfs/M00/00/05/dD4ZgFmmIPKARRmRAACMdMf2pek163.jpg',NULL,NULL,'7a0f1b55d3466b4961828c2b03d1a6e4','891|','','985|986|987|','','','','984|',-31,0,NULL,NULL,NULL,NULL,NULL,NULL,'-1','-1',-1,-1,'不詳',1,'2017-10-16 19:33:15',1,'2017-10-16 19:33:15'),(985,0,199,0,1,0,'趙伯琥','0001-01-01',1,'http://img1.izuqun.com/fastdfs/M00/00/05/dD4ZgFmmIMCABqZfAACALIbo__s039.jpg',NULL,NULL,'3b35565f9ebd6f8b7875c2cf38716b7b','984|','','','','','','985|986|987|',-30,0,NULL,NULL,NULL,NULL,NULL,NULL,'-1','-1',-1,-1,'不詳',1,'2017-10-16 19:33:36',1,'2017-10-16 19:33:36'),(986,0,199,0,1,0,'趙伯王谷','0001-01-01',1,'http://img1.izuqun.com/fastdfs/M00/00/05/dD4ZgFmmINWAYeU9AACYq8VNsZU967.jpg',NULL,NULL,'a2c5d6802830d6ac6e2376925c3aa04c','984|','','','','','','986|985|987|',-30,0,NULL,NULL,NULL,NULL,NULL,NULL,'-1','-1',-1,-1,'不詳',1,'2017-10-16 19:35:27',1,'2017-10-16 19:35:27'),(987,0,199,0,1,0,'趙伯王崇','0001-01-01',1,'http://img1.izuqun.com/fastdfs/M00/00/05/dD4ZgFmmIMCABqZfAACALIbo__s039.jpg',NULL,NULL,'b5aac59684905c64db276ced8bbf3e58','984|','','','','','','987|985|986|',-30,0,NULL,NULL,NULL,NULL,NULL,NULL,'-1','-1',-1,-1,'不詳',1,'2017-10-16 19:36:37',1,'2017-10-16 19:36:37'),(988,0,199,0,1,0,'趙伯珝','0001-01-01',1,'http://img1.izuqun.com/fastdfs/M00/00/05/dD4ZgFmmIGiAcC0aAABzAZZEmII488.jpg',NULL,NULL,'77948091e2f5de88a980efdf121dcf06','893|','','','','','','988|',-30,0,NULL,NULL,NULL,NULL,NULL,NULL,'-1','-1',-1,-1,'不詳',1,'2017-10-16 19:37:18',1,'2017-10-16 19:37:18'),(989,0,199,0,1,0,'趙子濤','0001-01-01',1,'http://img1.izuqun.com/fastdfs/M00/00/05/dD4ZgFmmIDKAVXKmAACCQrzaxdw195.jpg',NULL,NULL,'9738f2f474198d37c996b25e7d4c78a0','894|','','','','','','989|',-31,0,NULL,NULL,NULL,NULL,NULL,NULL,'-1','-1',-1,-1,'不詳',1,'2017-10-16 19:37:48',1,'2017-10-16 19:37:48'),(990,0,199,0,1,0,'趙子竢','0001-01-01',1,'http://img1.izuqun.com/fastdfs/M00/00/05/dD4ZgFmmIDKAVXKmAACCQrzaxdw195.jpg',NULL,NULL,'ee588a00f38b587305fbf681cb72747e','896|','','','','','','990|991|1001|',-31,0,NULL,NULL,NULL,NULL,NULL,NULL,'-1','-1',-1,-1,'不詳',1,'2017-10-16 19:38:16',1,'2017-10-16 19:38:16'),(991,0,199,0,1,0,'趙子靖','0001-01-01',1,'http://img1.izuqun.com/fastdfs/M00/00/05/dD4ZgFmmIGiAcC0aAABzAZZEmII488.jpg',NULL,NULL,'c493c05821d662f26a1c6dbe170eb8a6','896|','','992|993|994|995|996|997|998|999|1000|','','','','991|990|1001|',-31,0,NULL,NULL,NULL,NULL,NULL,NULL,'-1','-1',-1,-1,'不詳',1,'2017-10-16 19:38:38',1,'2017-10-16 19:38:38'),(992,0,199,0,1,0,'趙伯述','0001-01-01',1,'http://img1.izuqun.com/fastdfs/M00/00/05/dD4ZgFmmINWAYeU9AACYq8VNsZU967.jpg',NULL,NULL,'bf7a5f8259e74224505afc8072923eb4','991|','','','','','','992|993|994|995|996|997|998|999|1000|',-30,0,NULL,NULL,NULL,NULL,NULL,NULL,'-1','-1',-1,-1,'不詳',1,'2017-10-16 19:39:00',1,'2017-10-16 19:39:00'),(993,0,199,0,1,0,'趙伯彥','0001-01-01',1,'http://img1.izuqun.com/fastdfs/M00/00/05/dD4ZgFmmIKqAXa7fAACs6ukW49U410.jpg',NULL,NULL,'3479b031f4029606317be20e628af7d1','991|','','','','','','993|992|994|995|996|997|998|999|1000|',-30,0,NULL,NULL,NULL,NULL,NULL,NULL,'-1','-1',-1,-1,'不詳',1,'2017-10-16 19:39:17',1,'2017-10-16 19:39:17'),(994,0,199,0,1,0,'趙伯林','0001-01-01',1,'http://img1.izuqun.com/fastdfs/M00/00/05/dD4ZgFmmINWAYeU9AACYq8VNsZU967.jpg',NULL,NULL,'ce98ea041569846d534cb07f7bb85010','991|','','','','','','994|992|993|995|996|997|998|999|1000|',-30,0,NULL,NULL,NULL,NULL,NULL,NULL,'-1','-1',-1,-1,'不詳',1,'2017-10-16 19:39:33',1,'2017-10-16 19:39:33'),(995,0,199,0,1,0,'趙伯成','0001-01-01',1,'http://img1.izuqun.com/fastdfs/M00/00/05/dD4ZgFmmIPKARRmRAACMdMf2pek163.jpg',NULL,NULL,'36bca13ada4769677aacc3e3f004973b','991|','','','','','','995|992|993|994|996|997|998|999|1000|',-30,0,NULL,NULL,NULL,NULL,NULL,NULL,'-1','-1',-1,-1,'不詳',1,'2017-10-16 19:39:46',1,'2017-10-16 19:39:46'),(996,0,199,0,1,0,'趙伯玉','0001-01-01',1,'http://img1.izuqun.com/fastdfs/M00/00/05/dD4ZgFmmIGiAcC0aAABzAZZEmII488.jpg',NULL,NULL,'45fbfaf4f8e222175d786ba01e8db6a2','991|','','','','','','996|992|993|994|995|997|998|999|1000|',-30,0,NULL,NULL,NULL,NULL,NULL,NULL,'-1','-1',-1,-1,'不詳',1,'2017-10-16 19:40:00',1,'2017-10-16 19:40:00'),(997,0,199,0,1,0,'趙伯汀','0001-01-01',1,'http://img1.izuqun.com/fastdfs/M00/00/05/dD4ZgFmmIMCABqZfAACALIbo__s039.jpg',NULL,NULL,'b20954aa7d444db6037df69bd146546d','991|','','','','','','997|992|993|994|995|996|998|999|1000|',-30,0,NULL,NULL,NULL,NULL,NULL,NULL,'-1','-1',-1,-1,'不詳',1,'2017-10-16 19:40:32',1,'2017-10-16 19:40:32'),(998,0,199,0,1,0,'趙伯貢','0001-01-01',1,'http://img1.izuqun.com/fastdfs/M00/00/05/dD4ZgFmmIMCABqZfAACALIbo__s039.jpg',NULL,NULL,'8ee14e3e399c18507ec794930310e3b7','991|','','','','','','998|992|993|994|995|996|997|999|1000|',-30,0,NULL,NULL,NULL,NULL,NULL,NULL,'-1','-1',-1,-1,'不詳',1,'2017-10-16 19:40:49',1,'2017-10-16 19:40:49'),(999,0,199,0,1,0,'趙伯訴','0001-01-01',1,'http://img1.izuqun.com/fastdfs/M00/00/05/dD4ZgFmmIPKARRmRAACMdMf2pek163.jpg',NULL,NULL,'25f266e69f8919246fa38e85cc6a7853','991|','','','','','','999|992|993|994|995|996|997|998|1000|',-30,0,NULL,NULL,NULL,NULL,NULL,NULL,'-1','-1',-1,-1,'不詳',1,'2017-10-16 19:41:06',1,'2017-10-16 19:41:06'),(1000,0,199,0,1,0,'趙伯秀','0001-01-01',1,'http://img1.izuqun.com/fastdfs/M00/00/05/dD4ZgFmmIJeAL8eWAABn4qH1djY697.jpg',NULL,NULL,'77cbe0619466c3c99c43418efd3a75e2','991|','','','','','','1000|992|993|994|995|996|997|998|999|',-30,0,NULL,NULL,NULL,NULL,NULL,NULL,'-1','-1',-1,-1,'不詳',1,'2017-10-16 19:41:20',1,'2017-10-16 19:41:20'),(1001,0,199,0,1,0,'趙子立屈','0001-01-01',1,'http://img1.izuqun.com/fastdfs/M00/00/05/dD4ZgFmmIJeAL8eWAABn4qH1djY697.jpg',NULL,NULL,'43a93252fa9350f2d85fbd44ecee2cbf','896|','','','','','','1001|990|991|',-31,0,NULL,NULL,NULL,NULL,NULL,NULL,'-1','-1',-1,-1,'不詳',1,'2017-10-16 19:42:57',1,'2017-10-16 19:42:57'),(1002,0,199,0,1,0,'趙子竬','0001-01-01',1,'http://img1.izuqun.com/fastdfs/M00/00/05/dD4ZgFmmIPKARRmRAACMdMf2pek163.jpg',NULL,NULL,'0edf0581627ecf6b6beec47d009cef0b','897|','','','','','','1002|1003|1004|1005|',-31,0,NULL,NULL,NULL,NULL,NULL,NULL,'-1','-1',-1,-1,'不詳',1,'2017-10-16 19:43:48',1,'2017-10-16 19:43:48'),(1003,0,199,0,1,0,'趙子䇍','0001-01-01',1,'http://img1.izuqun.com/fastdfs/M00/00/05/dD4ZgFmmIDKAVXKmAACCQrzaxdw195.jpg',NULL,NULL,'e9cfdb66e4296b6f8f2b38cc397e193e','897|','','','','','','1003|1002|1004|1005|',-31,0,NULL,NULL,NULL,NULL,NULL,NULL,'-1','-1',-1,-1,'不詳',1,'2017-10-16 19:44:04',1,'2017-10-16 19:44:04'),(1004,0,199,0,1,0,'趙子䇐','0001-01-01',1,'http://img1.izuqun.com/fastdfs/M00/00/05/dD4ZgFmmIKqAXa7fAACs6ukW49U410.jpg',NULL,NULL,'0a79d3654c300bf6cac5bf1578d5760d','897|','','','','','','1004|1002|1003|1005|',-31,0,NULL,NULL,NULL,NULL,NULL,NULL,'-1','-1',-1,-1,'不詳',1,'2017-10-16 19:44:29',1,'2017-10-16 19:44:29'),(1005,0,199,0,1,0,'趙子立尃','0001-01-01',1,'http://img1.izuqun.com/fastdfs/M00/00/05/dD4ZgFmmIJeAL8eWAABn4qH1djY697.jpg',NULL,NULL,'ddc0e1ff0585ac263f43feaecf431e74','897|','','','','','','1005|1002|1003|1004|',-31,0,NULL,NULL,NULL,NULL,NULL,NULL,'-1','-1',-1,-1,'不詳',1,'2017-10-16 19:46:52',1,'2017-10-16 19:46:52'),(1006,0,199,0,1,0,'趙子竦','0001-01-01',1,'http://img1.izuqun.com/fastdfs/M00/00/05/dD4ZgFmmIPKARRmRAACMdMf2pek163.jpg',NULL,NULL,'d92f869207777c73221cd2c9c13163cf','898|','','','','','','1006|1007|',-31,0,NULL,NULL,NULL,NULL,NULL,NULL,'-1','-1',-1,-1,'不詳',1,'2017-10-16 19:48:59',1,'2017-10-16 19:48:59'),(1007,0,199,0,1,0,'趙子竝','0001-01-01',1,'http://img1.izuqun.com/fastdfs/M00/00/05/dD4ZgFmmIIGAHLV9AACamJVbrxQ690.jpg',NULL,NULL,'95b9c194dc3c140e22a65151f91aad3c','898|','','1008|1009|','','','','1007|1006|',-31,0,NULL,NULL,NULL,NULL,NULL,NULL,'-1','-1',-1,-1,'不詳',1,'2017-10-16 19:49:24',1,'2017-10-16 19:49:24'),(1008,0,199,0,1,0,'趙伯惠','0001-01-01',1,'http://img1.izuqun.com/fastdfs/M00/00/05/dD4ZgFmmIGiAcC0aAABzAZZEmII488.jpg',NULL,NULL,'a3172a6f5d6f8226ae710bece42e0c43','1007|','','','','','','1008|1009|',-30,0,NULL,NULL,NULL,NULL,NULL,NULL,'-1','-1',-1,-1,'不詳',1,'2017-10-16 19:49:41',1,'2017-10-16 19:49:41'),(1009,0,199,0,1,0,'趙伯愿','0001-01-01',1,'http://img1.izuqun.com/fastdfs/M00/00/05/dD4ZgFmmIPKARRmRAACMdMf2pek163.jpg',NULL,NULL,'e4075665d4446c4e0f9dd52dd7641e49','1007|','','','','','','1009|1008|',-30,0,NULL,NULL,NULL,NULL,NULL,NULL,'-1','-1',-1,-1,'不詳',1,'2017-10-16 19:50:17',1,'2017-10-16 19:50:17'),(1010,0,199,0,1,0,'趙子端','0001-01-01',1,'http://img1.izuqun.com/fastdfs/M00/00/05/dD4ZgFmmIKqAXa7fAACs6ukW49U410.jpg',NULL,NULL,'5d4563e21f085ff685bfe6cc7abb365c','899|','','1011|1012|1013|1014|','','','','1010|',-31,0,NULL,NULL,NULL,NULL,NULL,NULL,'-1','-1',-1,-1,'不詳',1,'2017-10-16 19:52:56',1,'2017-10-16 19:52:56'),(1011,0,199,0,1,0,'趙伯忈','0001-01-01',1,'http://img1.izuqun.com/fastdfs/M00/00/05/dD4ZgFmmINWAYeU9AACYq8VNsZU967.jpg',NULL,NULL,'a6ea81594e04e79ca91a52f318bb4d3b','1010|','','','','','','1011|1012|1013|1014|',-30,0,NULL,NULL,NULL,NULL,NULL,NULL,'-1','-1',-1,-1,'不詳',1,'2017-10-16 19:53:14',1,'2017-10-16 19:53:14'),(1012,0,199,0,1,0,'趙伯急','0001-01-01',1,'http://img1.izuqun.com/fastdfs/M00/00/05/dD4ZgFmmIDKAVXKmAACCQrzaxdw195.jpg',NULL,NULL,'57ffe4cda98be4d77086fd5a957ab811','1010|','','','','','','1012|1011|1013|1014|',-30,0,NULL,NULL,NULL,NULL,NULL,NULL,'-1','-1',-1,-1,'不詳',1,'2017-10-16 19:54:21',1,'2017-10-16 19:54:21'),(1013,0,199,0,1,0,'趙伯恩','0001-01-01',1,'http://img1.izuqun.com/fastdfs/M00/00/05/dD4ZgFmmIDKAVXKmAACCQrzaxdw195.jpg',NULL,NULL,'06ef8b4d8d7b684acff31da041d11d92','1010|','','','','','','1013|1011|1012|1014|',-30,0,NULL,NULL,NULL,NULL,NULL,NULL,'-1','-1',-1,-1,'不詳',1,'2017-10-16 19:54:37',1,'2017-10-16 19:54:37'),(1014,0,199,0,1,0,'趙伯忞','0001-01-01',1,'http://img1.izuqun.com/fastdfs/M00/00/05/dD4ZgFmmIDKAVXKmAACCQrzaxdw195.jpg',NULL,NULL,'2c0959dd18f451e891ef23c73c8567aa','1010|','','','','','','1014|1011|1012|1013|',-30,0,NULL,NULL,NULL,NULL,NULL,NULL,'-1','-1',-1,-1,'不詳',1,'2017-10-16 19:54:59',1,'2017-10-16 19:54:59'),(1015,0,199,0,1,0,'趙子竘','0001-01-01',1,'http://img1.izuqun.com/fastdfs/M00/00/05/dD4ZgFmmIMCABqZfAACALIbo__s039.jpg',NULL,NULL,'765726ee4dad6ca5cd6a594d21bf02be','900|','','1016|1017|','','','','1015|1018|1019|',-31,0,NULL,NULL,NULL,NULL,NULL,NULL,'-1','-1',-1,-1,'不詳',1,'2017-10-16 19:55:25',1,'2017-10-16 19:55:25'),(1016,0,199,0,1,0,'趙伯易','0001-01-01',1,'http://img1.izuqun.com/fastdfs/M00/00/05/dD4ZgFmmIIGAHLV9AACamJVbrxQ690.jpg',NULL,NULL,'adfe05590f6a70630d84f893135195f5','1015|','','','','','','1016|1017|',-30,0,NULL,NULL,NULL,NULL,NULL,NULL,'-1','-1',-1,-1,'不詳',1,'2017-10-16 19:55:43',1,'2017-10-16 19:55:43'),(1017,0,199,0,1,0,'趙伯賜','0001-01-01',1,'http://img1.izuqun.com/fastdfs/M00/00/05/dD4ZgFmmIMCABqZfAACALIbo__s039.jpg',NULL,NULL,'bcd2be3bff9baf492aae3d77e794fdd4','1015|','','','','','','1017|1016|',-30,0,NULL,NULL,NULL,NULL,NULL,NULL,'-1','-1',-1,-1,'不詳',1,'2017-10-16 19:55:59',1,'2017-10-16 19:55:59'),(1018,0,199,0,1,0,'趙子立義','0001-01-01',1,'http://img1.izuqun.com/fastdfs/M00/00/05/dD4ZgFmmIIGAHLV9AACamJVbrxQ690.jpg',NULL,NULL,'3c77fbfc40e58c53884993b38b993df3','900|','','1020|','','','','1018|1015|1019|',-31,0,NULL,NULL,NULL,NULL,NULL,NULL,'-1','-1',-1,-1,'不詳',1,'2017-10-16 19:57:08',1,'2017-10-16 19:57:08'),(1019,0,199,0,1,0,'趙立章','0001-01-01',1,'http://img1.izuqun.com/fastdfs/M00/00/05/dD4ZgFmmIKqAXa7fAACs6ukW49U410.jpg',NULL,NULL,'7174cbeb7bcc167e136860feb9e45ce4','900|','','1021|1022|','','','','1019|1015|1018|',-31,0,NULL,NULL,NULL,NULL,NULL,NULL,'-1','-1',-1,-1,'不詳',1,'2017-10-16 19:57:40',1,'2017-10-16 19:57:40'),(1020,0,199,0,1,0,'趙伯仁','0001-01-01',1,'http://img1.izuqun.com/fastdfs/M00/00/05/dD4ZgFmmIIGAHLV9AACamJVbrxQ690.jpg',NULL,NULL,'a833842eb77aa1d1cb87e94fe605bc2f','1018|','','','','','','1020|',-30,0,NULL,NULL,NULL,NULL,NULL,NULL,'-1','-1',-1,-1,'不詳',1,'2017-10-16 19:58:07',1,'2017-10-16 19:58:07'),(1021,0,199,0,1,0,'趙伯璣','0001-01-01',1,'http://img1.izuqun.com/fastdfs/M00/00/05/dD4ZgFmmIKqAXa7fAACs6ukW49U410.jpg',NULL,NULL,'dea2bb9957a6d9d648888ea396e892dd','1019|','','','','','','1021|1022|',-30,0,NULL,NULL,NULL,NULL,NULL,NULL,'-1','-1',-1,-1,'不詳',1,'2017-10-16 19:58:30',1,'2017-10-16 19:58:30'),(1022,0,199,0,1,0,'趙伯璿','0001-01-01',1,'http://img1.izuqun.com/fastdfs/M00/00/05/dD4ZgFmmINWAYeU9AACYq8VNsZU967.jpg',NULL,NULL,'a29c990201c5935c677060138c2083c7','1019|','','','','','','1022|1021|',-30,0,NULL,NULL,NULL,NULL,NULL,NULL,'-1','-1',-1,-1,'不詳',1,'2017-10-16 20:00:51',1,'2017-10-16 20:00:51'),(1023,0,199,0,1,0,'趙子彥','0001-01-01',1,'http://img1.izuqun.com/fastdfs/M00/00/05/dD4ZgFmmIDKAVXKmAACCQrzaxdw195.jpg',NULL,NULL,'0fd3f7f38cd2709db7a3c67a278e9fb4','901|','','1024|1025|1026|','','','','1023|',-31,0,NULL,NULL,NULL,NULL,NULL,NULL,'-1','-1',-1,-1,'不詳',1,'2017-10-16 20:01:18',1,'2017-10-16 20:01:18'),(1024,0,199,0,1,0,'趙伯瑀','0001-01-01',1,'http://img1.izuqun.com/fastdfs/M00/00/05/dD4ZgFmmIJeAL8eWAABn4qH1djY697.jpg',NULL,NULL,'ec51f33503b64618955f0a7766e43add','1023|','','','','','','1024|1025|1026|',-30,0,NULL,NULL,NULL,NULL,NULL,NULL,'-1','-1',-1,-1,'不詳',1,'2017-10-16 20:01:44',1,'2017-10-16 20:01:44'),(1025,0,199,0,1,0,'趙伯瑜','0001-01-01',1,'http://img1.izuqun.com/fastdfs/M00/00/05/dD4ZgFmmIKqAXa7fAACs6ukW49U410.jpg',NULL,NULL,'9a6b633fb07e986e578c480175b3922b','1023|','','','','','','1025|1024|1026|',-30,0,NULL,NULL,NULL,NULL,NULL,NULL,'-1','-1',-1,-1,'不詳',1,'2017-10-16 20:02:16',1,'2017-10-16 20:02:16'),(1026,0,199,0,1,0,'趙伯璩','0001-01-01',1,'http://img1.izuqun.com/fastdfs/M00/00/05/dD4ZgFmmINWAYeU9AACYq8VNsZU967.jpg',NULL,NULL,'47cdb4b2f9cd56423172b8fdabe9ef25','1023|','','','','','','1026|1024|1025|',-30,0,NULL,NULL,NULL,NULL,NULL,NULL,'-1','-1',-1,-1,'不詳',1,'2017-10-16 20:02:44',1,'2017-10-16 20:02:44'),(1027,0,199,0,1,0,'趙子意','0001-01-01',1,'http://img1.izuqun.com/fastdfs/M00/00/05/dD4ZgFmmIKqAXa7fAACs6ukW49U410.jpg',NULL,NULL,'50da195b8e81ac6fc9dfe90bc56fe8a4','902|','','1028|','','','','1027|1029|1030|1031|',-31,0,NULL,NULL,NULL,NULL,NULL,NULL,'-1','-1',-1,-1,'不詳',1,'2017-10-16 20:03:03',1,'2017-10-16 20:03:03'),(1028,0,199,0,1,0,'趙伯攄','0001-01-01',1,'http://img1.izuqun.com/fastdfs/M00/00/05/dD4ZgFmmIIGAHLV9AACamJVbrxQ690.jpg',NULL,NULL,'adbeca236d1b0eefd45f8f8b8a159d0c','1027|','','','','','','1028|',-30,0,NULL,NULL,NULL,NULL,NULL,NULL,'-1','-1',-1,-1,'不詳',1,'2017-10-16 20:03:25',1,'2017-10-16 20:03:25'),(1029,0,199,0,1,0,'趙子新','0001-01-01',1,'http://img1.izuqun.com/fastdfs/M00/00/05/dD4ZgFmmIDKAVXKmAACCQrzaxdw195.jpg',NULL,NULL,'f817d8a901d403acc4e3662d0215c0a7','902|','','','','','','1029|1027|1030|1031|',-31,0,NULL,NULL,NULL,NULL,NULL,NULL,'-1','-1',-1,-1,'不詳',1,'2017-10-16 20:03:44',1,'2017-10-16 20:03:44'),(1030,0,199,0,1,0,'趙子立孛','0001-01-01',1,'http://img1.izuqun.com/fastdfs/M00/00/05/dD4ZgFmmIGiAcC0aAABzAZZEmII488.jpg',NULL,NULL,'112c15b775174f61ae0a2c5a8bf37eae','902|','','','','','','1030|1027|1029|1031|',-31,0,NULL,NULL,NULL,NULL,NULL,NULL,'-1','-1',-1,-1,'不詳',1,'2017-10-16 20:05:04',1,'2017-10-16 20:05:04'),(1031,0,199,0,1,0,'趙子翊','0001-01-01',1,'http://img1.izuqun.com/fastdfs/M00/00/05/dD4ZgFmmIIGAHLV9AACamJVbrxQ690.jpg',NULL,NULL,'bb4e6cc5523c1405a4745726756e455e','902|','','','','','','1031|1027|1029|1030|',-31,0,NULL,NULL,NULL,NULL,NULL,NULL,'-1','-1',-1,-1,'不詳',1,'2017-10-16 20:05:21',1,'2017-10-16 20:05:21'),(1032,0,199,0,1,0,'趙子崇','0001-01-01',1,'http://img1.izuqun.com/fastdfs/M00/00/05/dD4ZgFmmIGiAcC0aAABzAZZEmII488.jpg',NULL,NULL,'08d4556181224b109bfb179fa47e8ed3','906|','','1033|','','','','1032|',-31,0,NULL,NULL,NULL,NULL,NULL,NULL,'-1','-1',-1,-1,'不詳',1,'2017-10-16 20:06:12',1,'2017-10-16 20:06:12'),(1033,0,199,0,1,0,'趙伯彥','0001-01-01',1,'http://img1.izuqun.com/fastdfs/M00/00/05/dD4ZgFmmIDKAVXKmAACCQrzaxdw195.jpg',NULL,NULL,'3d98288f711225b53e26c604000a078e','1032|','','','','','','1033|',-30,0,NULL,NULL,NULL,NULL,NULL,NULL,'-1','-1',-1,-1,'不詳',1,'2017-10-16 20:06:25',1,'2017-10-16 20:06:25'),(1034,0,199,0,1,0,'趙師文','0001-01-01',1,'http://img1.izuqun.com/fastdfs/M00/00/05/dD4ZgFmmIJeAL8eWAABn4qH1djY697.jpg',NULL,NULL,'47f4ea12130c55831cccb10bd5940457','856|','857|','1035|1036|1037|1038|','','','','1034|853|',-29,0,NULL,NULL,NULL,NULL,NULL,NULL,'-1','-1',-1,-1,'不詳',1,'2017-10-16 20:08:25',1,'2017-10-16 20:08:25'),(1035,0,199,0,1,0,'趙希岑','0001-01-01',1,'http://img1.izuqun.com/fastdfs/M00/00/05/dD4ZgFmmIDKAVXKmAACCQrzaxdw195.jpg',NULL,NULL,'af8903547067c5facc5f252077ef0f70','1034|','','1039|','','','','1035|1036|1037|1038|',-28,0,NULL,NULL,NULL,NULL,NULL,NULL,'-1','-1',-1,-1,'不詳',1,'2017-10-16 20:09:16',1,'2017-10-16 20:09:16'),(1036,0,199,0,1,0,'趙希俌','0001-01-01',1,'http://img1.izuqun.com/fastdfs/M00/00/05/dD4ZgFmmIJeAL8eWAABn4qH1djY697.jpg',NULL,NULL,'7f0ef7aae51f6fd3c9dbb02477db5e80','1034|','','1040|','','','','1036|1035|1037|1038|',-28,0,NULL,NULL,NULL,NULL,NULL,NULL,'-1','-1',-1,-1,'不詳',1,'2017-10-16 20:10:16',1,'2017-10-16 20:10:16'),(1037,0,199,0,1,0,'趙希僑','0001-01-01',1,'http://img1.izuqun.com/fastdfs/M00/00/05/dD4ZgFmmINWAYeU9AACYq8VNsZU967.jpg',NULL,NULL,'5e3fd5104e4f0f771cacc7ea15fdb4e6','1034|','','1041|','','','','1037|1035|1036|1038|',-28,0,NULL,NULL,NULL,NULL,NULL,NULL,'-1','-1',-1,-1,'不詳',1,'2017-10-16 20:10:50',1,'2017-10-16 20:10:50'),(1038,0,199,0,1,0,'趙希秸','0001-01-01',1,'http://img1.izuqun.com/fastdfs/M00/00/05/dD4ZgFmmIKqAXa7fAACs6ukW49U410.jpg',NULL,NULL,'06459ae8d89d6f49b2b6e8abd7c12c7f','1034|','','1042|','','','','1038|1035|1036|1037|',-28,0,NULL,NULL,NULL,NULL,NULL,NULL,'-1','-1',-1,-1,'不詳',1,'2017-10-16 20:11:07',1,'2017-10-16 20:11:07'),(1039,0,199,0,1,0,'趙興偮','0001-01-01',1,'http://img1.izuqun.com/fastdfs/M00/00/05/dD4ZgFmmIMCABqZfAACALIbo__s039.jpg',NULL,NULL,'e212ef656e0a7c7e7a940387e928288b','1035|','','','','','','1039|',-27,0,NULL,NULL,NULL,NULL,NULL,NULL,'-1','-1',-1,-1,'不詳',1,'2017-10-16 20:12:37',1,'2017-10-16 20:12:37'),(1040,0,199,0,1,0,'趙興亻舀','0001-01-01',1,'http://img1.izuqun.com/fastdfs/M00/00/05/dD4ZgFmmIGiAcC0aAABzAZZEmII488.jpg',NULL,NULL,'36cc14fde219282019d9abeb45eeebd8','1036|','','','','','','1040|',-27,0,NULL,NULL,NULL,NULL,NULL,NULL,'-1','-1',-1,-1,'不詳',1,'2017-10-16 20:13:04',1,'2017-10-16 20:13:04'),(1041,0,199,0,1,0,'趙興伳','0001-01-01',1,'http://img1.izuqun.com/fastdfs/M00/00/05/dD4ZgFmmIPKARRmRAACMdMf2pek163.jpg',NULL,NULL,'992727b394bc8f5e7f8e4b999d2e2b85','1037|','','','','','','1041|',-27,0,NULL,NULL,NULL,NULL,NULL,NULL,'-1','-1',-1,-1,'不詳',1,'2017-10-16 20:13:45',1,'2017-10-16 20:13:45'),(1042,0,199,0,1,0,'趙興伫','0001-01-01',1,'http://img1.izuqun.com/fastdfs/M00/00/05/dD4ZgFmmIIGAHLV9AACamJVbrxQ690.jpg',NULL,NULL,'1fe2a0b246d5b2c1ad07dedfc922c725','1038|','','','','','','1042|',-27,0,NULL,NULL,NULL,NULL,NULL,NULL,'-1','-1',-1,-1,'不詳',1,'2017-10-16 20:16:06',1,'2017-10-16 20:16:06'),(1043,0,199,0,1,0,'趙希崇','0001-01-01',1,'http://img1.izuqun.com/fastdfs/M00/00/05/dD4ZgFmmIGiAcC0aAABzAZZEmII488.jpg',NULL,NULL,'6293ffa7ec2e839d3bd8cd8f9d66aeec','853|','854|855|','1045|','','','','1043|851|1044|',-28,0,NULL,NULL,NULL,NULL,NULL,NULL,'-1','-1',-1,-1,'不詳',1,'2017-10-16 20:17:07',1,'2017-10-16 20:17:07'),(1044,0,199,0,1,0,'趙希登','0001-01-01',1,'http://img1.izuqun.com/fastdfs/M00/00/05/dD4ZgFmmIKqAXa7fAACs6ukW49U410.jpg',NULL,NULL,'dcde1abe9c15f317e43ac473ace3ddb6','853|','854|855|','','','','','1044|1043|851|',-28,0,NULL,NULL,NULL,NULL,NULL,NULL,'-1','-1',-1,-1,'不詳',1,'2017-10-16 20:17:26',1,'2017-10-16 20:17:26'),(1045,0,199,0,1,0,'趙興謚','0001-01-01',1,'http://img1.izuqun.com/fastdfs/M00/00/05/dD4ZgFmmINWAYeU9AACYq8VNsZU967.jpg',NULL,NULL,'e0217ead5f8ac168004f2d9d64e21ea9','1043|','','1046|1047|1048|','','','','1045|',-27,0,NULL,NULL,NULL,NULL,NULL,NULL,'-1','-1',-1,-1,'不詳',1,'2017-10-16 20:18:22',1,'2017-10-16 20:18:22'),(1046,0,199,0,1,0,'趙孟岊','0001-01-01',1,'http://img1.izuqun.com/fastdfs/M00/00/05/dD4ZgFmmINWAYeU9AACYq8VNsZU967.jpg',NULL,NULL,'2dcca5770559d34db2ce6f4b6c6a0b97','1045|','','1049|','','','','1046|1047|1048|',-26,0,NULL,NULL,NULL,NULL,NULL,NULL,'-1','-1',-1,-1,'不詳',1,'2017-10-16 20:18:39',1,'2017-10-16 20:18:39'),(1047,0,199,0,1,0,'趙孟沁','0001-01-01',1,'http://img1.izuqun.com/fastdfs/M00/00/05/dD4ZgFmmIPKARRmRAACMdMf2pek163.jpg',NULL,NULL,'e966e91e689176d03afe637269be1373','1045|','','','','','','1047|1046|1048|',-26,0,NULL,NULL,NULL,NULL,NULL,NULL,'-1','-1',-1,-1,'不詳',1,'2017-10-16 20:19:15',1,'2017-10-16 20:19:15'),(1048,0,199,0,1,0,'趙孟爕','0001-01-01',1,'http://img1.izuqun.com/fastdfs/M00/00/05/dD4ZgFmmIDKAVXKmAACCQrzaxdw195.jpg',NULL,NULL,'38c22af1dc66c0369e817d4b9f48432b','1045|','','1056|1063|1072|1078|','','','','1048|1046|1047|',-26,0,NULL,NULL,NULL,NULL,NULL,NULL,'-1','-1',-1,-1,'不詳',1,'2017-10-16 20:22:07',1,'2017-10-16 20:22:07'),(1049,0,199,0,1,0,'趙由仁','0001-01-01',1,'http://img1.izuqun.com/fastdfs/M00/00/05/dD4ZgFmmIIGAHLV9AACamJVbrxQ690.jpg',NULL,NULL,'18e313ce58b7c38bb869aa4a70a6c81c','1046|','','1050|1051|1052|','','','','1049|',-25,0,NULL,NULL,NULL,NULL,NULL,NULL,'-1','-1',-1,-1,'不詳',1,'2017-10-16 20:25:03',1,'2017-10-16 20:25:03'),(1050,0,199,0,1,0,'趙宜華','0001-01-01',1,'http://img1.izuqun.com/fastdfs/M00/00/05/dD4ZgFmmIIGAHLV9AACamJVbrxQ690.jpg',NULL,NULL,'e4d70f6ab4048e088c87b645fb6a4850','1049|','','','','','','1050|1051|1052|',-24,0,NULL,NULL,NULL,NULL,NULL,NULL,'-1','-1',-1,-1,'不詳',1,'2017-10-16 20:25:26',1,'2017-10-16 20:25:26'),(1051,0,199,0,1,0,'趙宜賢','0001-01-01',1,'http://img1.izuqun.com/fastdfs/M00/00/05/dD4ZgFmmIDKAVXKmAACCQrzaxdw195.jpg',NULL,NULL,'477f2df379166625f41d3ac35563baba','1049|','','','','','','1051|1050|1052|',-24,0,NULL,NULL,NULL,NULL,NULL,NULL,'-1','-1',-1,-1,'不詳',1,'2017-10-16 20:25:50',1,'2017-10-16 20:25:50'),(1052,0,199,0,1,0,'趙宜日常','0001-01-01',1,'http://img1.izuqun.com/fastdfs/M00/00/05/dD4ZgFmmINWAYeU9AACYq8VNsZU967.jpg',NULL,NULL,'56307b330748f46c17b8119dce8e494a','1049|','','1053|1054|1055|','','','','1052|1050|1051|',-24,0,NULL,NULL,NULL,NULL,NULL,NULL,'-1','-1',-1,-1,'繼子',1,'2017-10-16 20:28:27',1,'2017-10-16 20:28:27'),(1053,0,199,0,1,0,'趙秉宏','0001-01-01',1,'http://img1.izuqun.com/fastdfs/M00/00/05/dD4ZgFmmIPKARRmRAACMdMf2pek163.jpg',NULL,NULL,'4e88a7fa84d6db387aa203a2dc685c8f','1052|','','','','','','1053|1054|1055|',-23,0,NULL,NULL,NULL,NULL,NULL,NULL,'-1','-1',-1,-1,'不詳',1,'2017-10-16 20:28:45',1,'2017-10-16 20:28:45'),(1054,0,199,0,1,0,'趙秉玉','0001-01-01',1,'http://img1.izuqun.com/fastdfs/M00/00/05/dD4ZgFmmIMCABqZfAACALIbo__s039.jpg',NULL,NULL,'1d830fef06e53b8aafb895dd497d6e9d','1052|','','','','','','1054|1053|1055|',-23,0,NULL,NULL,NULL,NULL,NULL,NULL,'-1','-1',-1,-1,'繼給趙宜暉',1,'2017-10-16 20:29:24',1,'2017-10-16 20:29:24'),(1055,0,199,0,1,0,'趙秉祥','0001-01-01',1,'http://img1.izuqun.com/fastdfs/M00/00/05/dD4ZgFmmIPKARRmRAACMdMf2pek163.jpg',NULL,NULL,'0b530e250d2203582cf6c4140d2ce645','1052|','','','','','','1055|1053|1054|',-23,0,NULL,NULL,NULL,NULL,NULL,NULL,'-1','-1',-1,-1,'不詳',1,'2017-10-16 20:29:43',1,'2017-10-16 20:29:43'),(1056,0,199,0,1,0,'趙由義','0001-01-01',1,'http://img1.izuqun.com/fastdfs/M00/00/05/dD4ZgFmmIDKAVXKmAACCQrzaxdw195.jpg',NULL,NULL,'94b9d8ab1a52522b7a485d3924c823cb','1048|','','1057|1058|1060|1061|1064|','','','','1056|1063|1072|1078|',-25,0,NULL,NULL,NULL,NULL,NULL,NULL,'-1','-1',-1,-1,'不詳',1,'2017-10-16 20:30:09',1,'2017-10-16 20:30:09'),(1057,0,199,0,1,0,'趙宜日叐','0001-01-01',1,'http://img1.izuqun.com/fastdfs/M00/00/05/dD4ZgFmmIPKARRmRAACMdMf2pek163.jpg',NULL,NULL,'a47898012b2c97338a585c9d190cea26','1056|','','','','','','1057|1058|1060|1061|1064|',-24,0,NULL,NULL,NULL,NULL,NULL,NULL,'-1','-1',-1,-1,'不詳',1,'2017-10-16 20:31:18',1,'2017-10-16 20:31:18'),(1058,0,199,0,1,0,'趙宜昭','0001-01-01',1,'http://img1.izuqun.com/fastdfs/M00/00/05/dD4ZgFmmINWAYeU9AACYq8VNsZU967.jpg',NULL,NULL,'bce873e40c65d9cfca2c8feec06498c1','1056|','','1059|','','','','1058|1057|1060|1061|1064|',-24,0,NULL,NULL,NULL,NULL,NULL,NULL,'-1','-1',-1,-1,'不詳',1,'2017-10-16 20:31:43',1,'2017-10-16 20:31:43'),(1059,0,199,0,1,0,'趙秉道','0001-01-01',1,'http://img1.izuqun.com/fastdfs/M00/00/05/dD4ZgFmmIMCABqZfAACALIbo__s039.jpg',NULL,NULL,'3cff8fcb5492c8d784163d46da6713d7','1058|','','','','','','1059|',-23,0,NULL,NULL,NULL,NULL,NULL,NULL,'-1','-1',-1,-1,'不詳',1,'2017-10-16 20:31:59',1,'2017-10-16 20:31:59'),(1060,0,199,0,1,0,'趙宜晧','0001-01-01',1,'http://img1.izuqun.com/fastdfs/M00/00/05/dD4ZgFmmIPKARRmRAACMdMf2pek163.jpg',NULL,NULL,'6b24b3868716f229f668769a36eec53c','1056|','','','','','','1060|1057|1058|1061|1064|',-24,0,NULL,NULL,NULL,NULL,NULL,NULL,'-1','-1',-1,-1,'不詳',1,'2017-10-16 20:32:53',1,'2017-10-16 20:32:53'),(1061,0,199,0,1,0,'趙宜暉','0001-01-01',1,'http://img1.izuqun.com/fastdfs/M00/00/05/dD4ZgFmmIPKARRmRAACMdMf2pek163.jpg',NULL,NULL,'5d245b7bc3632e7f24a60676cb1124a1','1056|','','1062|','','','','1061|1057|1058|1060|1064|',-24,0,NULL,NULL,NULL,NULL,NULL,NULL,'-1','-1',-1,-1,'不詳',1,'2017-10-16 20:33:12',1,'2017-10-16 20:33:12'),(1062,0,199,0,1,0,'趙秉玉','0001-01-01',1,'http://img1.izuqun.com/fastdfs/M00/00/05/dD4ZgFmmIKqAXa7fAACs6ukW49U410.jpg',NULL,NULL,'e86a45587c97badbaed1d59c59e3d387','1061|','','','','','','1062|',-23,0,NULL,NULL,NULL,NULL,NULL,NULL,'-1','-1',-1,-1,'繼子',1,'2017-10-16 20:33:31',1,'2017-10-16 20:33:31'),(1063,0,199,0,1,0,'趙由禮','0001-01-01',1,'http://img1.izuqun.com/fastdfs/M00/00/05/dD4ZgFmmIGiAcC0aAABzAZZEmII488.jpg',NULL,NULL,'8553c811a06330b8e882d2e88fb35ca7','1048|','','1065|1068|1069|1070|1071|','','','','1063|1056|1072|1078|',-25,0,NULL,NULL,NULL,NULL,NULL,NULL,'-1','-1',-1,-1,'不詳',1,'2017-10-16 20:34:14',1,'2017-10-16 20:34:14'),(1064,0,199,0,1,0,'趙宜日常','0001-01-01',1,'http://img1.izuqun.com/fastdfs/M00/00/05/dD4ZgFmmIPKARRmRAACMdMf2pek163.jpg',NULL,NULL,'31f663b5651dd4ef84c1a99c5de00c23','1056|','','','','','','1064|1057|1058|1060|1061|',-24,0,NULL,NULL,NULL,NULL,NULL,NULL,'-1','-1',-1,-1,'出繼由仁',1,'2017-10-16 20:35:25',1,'2017-10-16 20:35:25'),(1065,0,199,0,1,0,'趙宜文','0001-01-01',1,'http://img1.izuqun.com/fastdfs/M00/00/05/dD4ZgFmmIPKARRmRAACMdMf2pek163.jpg',NULL,NULL,'dae4f7aa37065649e7543bf1de2986ba','1063|','','1066|1067|','','','','1065|1068|1069|1070|1071|',-24,0,NULL,NULL,NULL,NULL,NULL,NULL,'-1','-1',-1,-1,'不詳',1,'2017-10-16 20:36:16',1,'2017-10-16 20:36:16'),(1066,0,199,0,1,0,'趙秉樞','0001-01-01',1,'http://img1.izuqun.com/fastdfs/M00/00/05/dD4ZgFmmINWAYeU9AACYq8VNsZU967.jpg',NULL,NULL,'7e08ddf9077cddc99349f5519efc9867','1065|','','','','','','1066|1067|',-23,0,NULL,NULL,NULL,NULL,NULL,NULL,'-1','-1',-1,-1,'不詳',1,'2017-10-16 20:36:40',1,'2017-10-16 20:36:40'),(1067,0,199,0,1,0,'趙秉芳','0001-01-01',1,'http://img1.izuqun.com/fastdfs/M00/00/05/dD4ZgFmmINWAYeU9AACYq8VNsZU967.jpg',NULL,NULL,'7007d172600890d51e49c4fd16fe954d','1065|','','','','','','1067|1066|',-23,0,NULL,NULL,NULL,NULL,NULL,NULL,'-1','-1',-1,-1,'不詳',1,'2017-10-16 20:36:54',1,'2017-10-16 20:36:54'),(1068,0,199,0,1,0,'趙宜獻','0001-01-01',1,'http://img1.izuqun.com/fastdfs/M00/00/05/dD4ZgFmmIJeAL8eWAABn4qH1djY697.jpg',NULL,NULL,'9a3629a1f6a059661a0668ad9277137d','1063|','','','','','','1068|1065|1069|1070|1071|',-24,0,NULL,NULL,NULL,NULL,NULL,NULL,'-1','-1',-1,-1,'不詳',1,'2017-10-16 20:38:32',1,'2017-10-16 20:38:32'),(1069,0,199,0,1,0,'趙宜達','0001-01-01',1,'http://img1.izuqun.com/fastdfs/M00/00/05/dD4ZgFmmIPKARRmRAACMdMf2pek163.jpg',NULL,NULL,'94d4276f0d41ff8c7b9288ed825ea9ed','1063|','','','','','','1069|1065|1068|1070|1071|',-24,0,NULL,NULL,NULL,NULL,NULL,NULL,'-1','-1',-1,-1,'不詳',1,'2017-10-16 20:38:58',1,'2017-10-16 20:38:58'),(1070,0,199,0,1,0,'趙宜崇','0001-01-01',1,'http://img1.izuqun.com/fastdfs/M00/00/05/dD4ZgFmmIKqAXa7fAACs6ukW49U410.jpg',NULL,NULL,'802ab19482818af4e0fc24de7bfeb04e','1063|','','','','','','1070|1065|1068|1069|1071|',-24,0,NULL,NULL,NULL,NULL,NULL,NULL,'-1','-1',-1,-1,'不詳',1,'2017-10-16 20:39:14',1,'2017-10-16 20:39:14'),(1071,0,199,0,1,0,'趙宜立','0001-01-01',1,'http://img1.izuqun.com/fastdfs/M00/00/05/dD4ZgFmmIPKARRmRAACMdMf2pek163.jpg',NULL,NULL,'718c1d3602192577428e1293e844d4ca','1063|','','','','','','1071|1065|1068|1069|1070|',-24,0,NULL,NULL,NULL,NULL,NULL,NULL,'-1','-1',-1,-1,'不詳',1,'2017-10-16 20:39:29',1,'2017-10-16 20:39:29'),(1072,0,199,0,1,0,'趙由智','0001-01-01',1,'http://img1.izuqun.com/fastdfs/M00/00/05/dD4ZgFmmIJeAL8eWAABn4qH1djY697.jpg',NULL,NULL,'d40126c0b9b92613637c6eaf51f80033','1048|','','1073|1075|1077|','','','','1072|1056|1063|1078|',-25,0,NULL,NULL,NULL,NULL,NULL,NULL,'-1','-1',-1,-1,'不詳',1,'2017-10-16 20:39:55',1,'2017-10-16 20:39:55'),(1073,0,199,0,1,0,'趙宜任','0001-01-01',1,'http://img1.izuqun.com/fastdfs/M00/00/05/dD4ZgFmmIIGAHLV9AACamJVbrxQ690.jpg',NULL,NULL,'0e3a7df68714247dc7735f19b522dc9d','1072|','','1074|','','','','1073|1075|1077|',-24,0,NULL,NULL,NULL,NULL,NULL,NULL,'-1','-1',-1,-1,'不詳',1,'2017-10-16 20:40:12',1,'2017-10-16 20:40:12'),(1074,0,199,0,1,0,'趙秉芳','0001-01-01',1,'http://img1.izuqun.com/fastdfs/M00/00/05/dD4ZgFmmIJeAL8eWAABn4qH1djY697.jpg',NULL,NULL,'ee54830a521b6262bfb45e7f10180f54','1073|','','','','','','1074|',-23,0,NULL,NULL,NULL,NULL,NULL,NULL,'-1','-1',-1,-1,'繼子',1,'2017-10-16 20:40:35',1,'2017-10-16 20:40:35'),(1075,0,199,0,1,0,'趙宜傑','0001-01-01',1,'http://img1.izuqun.com/fastdfs/M00/00/05/dD4ZgFmmIMCABqZfAACALIbo__s039.jpg',NULL,NULL,'355b62c7ca555c99649263a7d73e9f92','1072|','','1076|','','','','1075|1073|1077|',-24,0,NULL,NULL,NULL,NULL,NULL,NULL,'-1','-1',-1,-1,'不詳',1,'2017-10-16 20:40:58',1,'2017-10-16 20:40:58'),(1076,0,199,0,1,0,'趙秉成','0001-01-01',1,'http://img1.izuqun.com/fastdfs/M00/00/05/dD4ZgFmmIDKAVXKmAACCQrzaxdw195.jpg',NULL,NULL,'1c7340b147a89dc3c07e5bb71705f696','1075|','','','','','','1076|',-23,0,NULL,NULL,NULL,NULL,NULL,NULL,'-1','-1',-1,-1,'不詳',1,'2017-10-16 20:41:15',1,'2017-10-16 20:41:15'),(1077,0,199,0,1,0,'趙宜佋','0001-01-01',1,'http://img1.izuqun.com/fastdfs/M00/00/05/dD4ZgFmmIPKARRmRAACMdMf2pek163.jpg',NULL,NULL,'c3e4ad6151d0fe49d92ca3900dc8a716','1072|','','','','','','1077|1073|1075|',-24,0,NULL,NULL,NULL,NULL,NULL,NULL,'-1','-1',-1,-1,'不詳',1,'2017-10-16 20:41:37',1,'2017-10-16 20:41:37'),(1078,0,199,0,1,0,'趙由信','0001-01-01',1,'http://img1.izuqun.com/fastdfs/M00/00/05/dD4ZgFmmINWAYeU9AACYq8VNsZU967.jpg',NULL,NULL,'faeac7168baefd13edc2819427dc79dd','1048|','','1079|1081|1083|','','','','1078|1056|1063|1072|',-25,0,NULL,NULL,NULL,NULL,NULL,NULL,'-1','-1',-1,-1,'不詳',1,'2017-10-16 20:42:13',1,'2017-10-16 20:42:13'),(1079,0,199,0,1,0,'趙宜琳','0001-01-01',1,'http://img1.izuqun.com/fastdfs/M00/00/05/dD4ZgFmmIDKAVXKmAACCQrzaxdw195.jpg',NULL,NULL,'1a0bbaeaad22b7f19265977158df5ad0','1078|','','1080|','','','','1079|1081|1083|',-24,0,NULL,NULL,NULL,NULL,NULL,NULL,'-1','-1',-1,-1,'不詳',1,'2017-10-16 20:42:26',1,'2017-10-16 20:42:26'),(1080,0,199,0,1,0,'趙秉開','0001-01-01',1,'http://img1.izuqun.com/fastdfs/M00/00/05/dD4ZgFmmIIGAHLV9AACamJVbrxQ690.jpg',NULL,NULL,'4d1cacb4b87e80195224e88f6e0aa1ae','1079|','','','','','','1080|',-23,0,NULL,NULL,NULL,NULL,NULL,NULL,'-1','-1',-1,-1,'不詳',1,'2017-10-16 20:42:43',1,'2017-10-16 20:42:43'),(1081,0,199,0,1,0,'趙宜瑺','0001-01-01',1,'http://img1.izuqun.com/fastdfs/M00/00/05/dD4ZgFmmIIGAHLV9AACamJVbrxQ690.jpg',NULL,NULL,'80388a348e54ae5149032ee9300c912e','1078|','','1082|','','','','1081|1079|1083|',-24,0,NULL,NULL,NULL,NULL,NULL,NULL,'-1','-1',-1,-1,'不詳',1,'2017-10-16 20:43:12',1,'2017-10-16 20:43:12'),(1082,0,199,0,1,0,'趙秉輝','0001-01-01',1,'http://img1.izuqun.com/fastdfs/M00/00/05/dD4ZgFmmIGiAcC0aAABzAZZEmII488.jpg',NULL,NULL,'dacc21d8a8ccfa85421dbce83ae3ad31','1081|','','','','','','1082|',-23,0,NULL,NULL,NULL,NULL,NULL,NULL,'-1','-1',-1,-1,'繼子',1,'2017-10-16 20:43:35',1,'2017-10-16 20:43:35'),(1083,0,199,0,1,0,'趙宜珉','0001-01-01',1,'http://img1.izuqun.com/fastdfs/M00/00/05/dD4ZgFmmIIGAHLV9AACamJVbrxQ690.jpg',NULL,NULL,'2521a369b8e2af6b61012c8e3aead433','1078|','','1084|1085|','','','','1083|1079|1081|',-24,0,NULL,NULL,NULL,NULL,NULL,NULL,'-1','-1',-1,-1,'不詳',1,'2017-10-16 20:44:15',1,'2017-10-16 20:44:15'),(1084,0,199,0,1,0,'趙秉嵩','0001-01-01',1,'http://img1.izuqun.com/fastdfs/M00/00/05/dD4ZgFmmINWAYeU9AACYq8VNsZU967.jpg',NULL,NULL,'c550409f7ddd19669c035e24e37bc6fc','1083|','','','','','','1084|1085|',-23,0,NULL,NULL,NULL,NULL,NULL,NULL,'-1','-1',-1,-1,'不詳',1,'2017-10-16 20:44:34',1,'2017-10-16 20:44:34'),(1085,0,199,0,1,0,'趙秉輝','0001-01-01',1,'http://img1.izuqun.com/fastdfs/M00/00/05/dD4ZgFmmIDKAVXKmAACCQrzaxdw195.jpg',NULL,NULL,'358017ee8d53618c1b140c09cd9dc34c','1083|','','','','','','1085|1084|',-23,0,NULL,NULL,NULL,NULL,NULL,NULL,'-1','-1',-1,-1,'出繼宜瑺',1,'2017-10-16 20:44:59',1,'2017-10-16 20:44:59'),(1086,0,199,0,1,0,'趙由王普','0001-01-01',1,'http://img1.izuqun.com/fastdfs/M00/00/05/dD4ZgFmmIKqAXa7fAACs6ukW49U410.jpg',NULL,NULL,'8a5facf600e1aee0ecc9cc0de184f008','844|','845|846|','1087|1090|1091|1092|1093|','','','','1086|1098|842|',-25,0,NULL,NULL,NULL,NULL,NULL,NULL,'-1','-1',-1,-1,'不詳',1,'2017-10-16 20:46:12',1,'2017-10-16 20:46:12'),(1087,0,199,0,1,0,'趙宜椿','0001-01-01',1,'http://img1.izuqun.com/fastdfs/M00/00/05/dD4ZgFmmIKqAXa7fAACs6ukW49U410.jpg',NULL,NULL,'dabeb50f9c02951dcb61c4536c1ed468','1086|','','1088|1089|','','','','1087|1090|1091|1092|1093|',-24,0,NULL,NULL,NULL,NULL,NULL,NULL,'-1','-1',-1,-1,'不詳',1,'2017-10-16 20:46:47',1,'2017-10-16 20:46:47'),(1088,0,199,0,1,0,'趙秉元','0001-01-01',1,'http://img1.izuqun.com/fastdfs/M00/00/05/dD4ZgFmmIIGAHLV9AACamJVbrxQ690.jpg',NULL,NULL,'3088a4025d113cbde5abe416a63eab43','1087|','','','','','','1088|1089|',-23,0,NULL,NULL,NULL,NULL,NULL,NULL,'-1','-1',-1,-1,'不詳',1,'2017-10-16 20:47:02',1,'2017-10-16 20:47:02'),(1089,0,199,0,1,0,'趙秉衍','0001-01-01',1,'http://img1.izuqun.com/fastdfs/M00/00/05/dD4ZgFmmIMCABqZfAACALIbo__s039.jpg',NULL,NULL,'8f9e9c6636312675c04cbfff511c471e','1087|','','','','','','1089|1088|',-23,0,NULL,NULL,NULL,NULL,NULL,NULL,'-1','-1',-1,-1,'不詳',1,'2017-10-16 20:47:28',1,'2017-10-16 20:47:28'),(1090,0,199,0,1,0,'趙宜植','0001-01-01',1,'http://img1.izuqun.com/fastdfs/M00/00/05/dD4ZgFmmIPKARRmRAACMdMf2pek163.jpg',NULL,NULL,'c45409a4368af344a00da611e9f1add4','1086|','','','','','','1090|1087|1091|1092|1093|',-24,0,NULL,NULL,NULL,NULL,NULL,NULL,'-1','-1',-1,-1,'不詳',1,'2017-10-16 20:49:16',1,'2017-10-16 20:49:16'),(1091,0,199,0,1,0,'趙宜梓','0001-01-01',1,'http://img1.izuqun.com/fastdfs/M00/00/05/dD4ZgFmmIKqAXa7fAACs6ukW49U410.jpg',NULL,NULL,'d287d2812d1c970aaa17bde5365cb744','1086|','','1094|','','','','1091|1087|1090|1092|1093|',-24,0,NULL,NULL,NULL,NULL,NULL,NULL,'-1','-1',-1,-1,'不詳',1,'2017-10-16 20:49:57',1,'2017-10-16 20:49:57'),(1092,0,199,0,1,0,'趙宜槙','0001-01-01',1,'http://img1.izuqun.com/fastdfs/M00/00/05/dD4ZgFmmIDKAVXKmAACCQrzaxdw195.jpg',NULL,NULL,'820a2eac9ac72aebb011815efb513894','1086|','','1095|1096|','','','','1092|1087|1090|1091|1093|',-24,0,NULL,NULL,NULL,NULL,NULL,NULL,'-1','-1',-1,-1,'不詳',1,'2017-10-16 20:50:24',1,'2017-10-16 20:50:24'),(1093,0,199,0,1,0,'趙宜桂','0001-01-01',1,'http://img1.izuqun.com/fastdfs/M00/00/05/dD4ZgFmmIDKAVXKmAACCQrzaxdw195.jpg',NULL,NULL,'392a1a2da102099616d70d8bb2331c10','1086|','','1097|','','','','1093|1087|1090|1091|1092|',-24,0,NULL,NULL,NULL,NULL,NULL,NULL,'-1','-1',-1,-1,'不詳',1,'2017-10-16 20:50:47',1,'2017-10-16 20:50:47'),(1094,0,199,0,1,0,'趙秉榮','0001-01-01',1,'http://img1.izuqun.com/fastdfs/M00/00/05/dD4ZgFmmIKqAXa7fAACs6ukW49U410.jpg',NULL,NULL,'33a958460b33563ed1960a4185b338b0','1091|','','','','','','1094|',-23,0,NULL,NULL,NULL,NULL,NULL,NULL,'-1','-1',-1,-1,'不詳',1,'2017-10-16 20:51:09',1,'2017-10-16 20:51:09'),(1095,0,199,0,1,0,'趙秉傅','0001-01-01',1,'http://img1.izuqun.com/fastdfs/M00/00/05/dD4ZgFmmINWAYeU9AACYq8VNsZU967.jpg',NULL,NULL,'819949e994e306a0b44def20df245334','1092|','','','','','','1095|1096|',-23,0,NULL,NULL,NULL,NULL,NULL,NULL,'-1','-1',-1,-1,'不詳',1,'2017-10-16 20:51:30',1,'2017-10-16 20:51:30'),(1096,0,199,0,1,0,'趙秉佋','0001-01-01',1,'http://img1.izuqun.com/fastdfs/M00/00/05/dD4ZgFmmIMCABqZfAACALIbo__s039.jpg',NULL,NULL,'77986fed1107d291221e372a32d0f9a2','1092|','','','','','','1096|1095|',-23,0,NULL,NULL,NULL,NULL,NULL,NULL,'-1','-1',-1,-1,'不詳',1,'2017-10-16 20:51:58',1,'2017-10-16 20:51:58'),(1097,0,199,0,1,0,'趙秉德','0001-01-01',1,'http://img1.izuqun.com/fastdfs/M00/00/05/dD4ZgFmmIDKAVXKmAACCQrzaxdw195.jpg',NULL,NULL,'ae62a984f7ac7f5d99d0986ec8af0848','1093|','','','','','','1097|',-23,0,NULL,NULL,NULL,NULL,NULL,NULL,'-1','-1',-1,-1,'不詳',1,'2017-10-16 20:52:20',1,'2017-10-16 20:52:20'),(1098,0,199,0,1,0,'趙由瑜','0001-01-01',1,'http://img1.izuqun.com/fastdfs/M00/00/05/dD4ZgFmmIDKAVXKmAACCQrzaxdw195.jpg',NULL,NULL,'90330bad4299887d879407a152c81624','844|','845|846|','1099|1100|','','','','1098|1086|842|',-25,0,NULL,NULL,NULL,NULL,NULL,NULL,'-1','-1',-1,-1,'不詳',1,'2017-10-16 20:52:44',1,'2017-10-16 20:52:44'),(1099,0,199,0,1,0,'趙宜翔','0001-01-01',1,'http://img1.izuqun.com/fastdfs/M00/00/05/dD4ZgFmmIKqAXa7fAACs6ukW49U410.jpg',NULL,NULL,'976cf6361b157fae87aefad7165bbc4e','1098|','','1101|','','','','1099|1100|',-24,0,NULL,NULL,NULL,NULL,NULL,NULL,'-1','-1',-1,-1,'不詳',1,'2017-10-16 20:53:10',1,'2017-10-16 20:53:10'),(1100,0,199,0,1,0,'趙宜珝','0001-01-01',1,'http://img1.izuqun.com/fastdfs/M00/00/05/dD4ZgFmmIIGAHLV9AACamJVbrxQ690.jpg',NULL,NULL,'65ce40058778df793c2bc17135c0deca','1098|','','','','','','1100|1099|',-24,0,NULL,NULL,NULL,NULL,NULL,NULL,'-1','-1',-1,-1,'不詳',1,'2017-10-16 20:53:29',1,'2017-10-16 20:53:29'),(1101,0,199,0,1,0,'趙秉增','0001-01-01',1,'http://img1.izuqun.com/fastdfs/M00/00/05/dD4ZgFmmIIGAHLV9AACamJVbrxQ690.jpg',NULL,NULL,'8d8cbb33d516fed8f4fe8124217e3fcd','1099|','','','','','','1101|',-23,0,NULL,NULL,NULL,NULL,NULL,NULL,'-1','-1',-1,-1,'不詳',1,'2017-10-16 20:53:50',1,'2017-10-16 20:53:50'),(1107,0,199,0,1,0,'趙宜御','0001-01-01',1,'http://img1.izuqun.com/fastdfs/M00/00/05/dD4ZgFmmIJeAL8eWAABn4qH1djY697.jpg',NULL,NULL,'b44bf9218f5155cfda51b084d1b2d275','842|','843|','1108|1109|1110|','','','','1107|840|1111|',-24,0,NULL,NULL,NULL,NULL,NULL,NULL,'-1','-1',-1,-1,'不詳',1,'2017-10-16 20:57:08',1,'2017-10-16 20:57:08'),(1108,0,199,0,1,0,'趙秉植','0001-01-01',1,'http://img1.izuqun.com/fastdfs/M00/00/05/dD4ZgFmmINWAYeU9AACYq8VNsZU967.jpg',NULL,NULL,'4e10053e13c0bf6d67f90a6aecfd8c5f','1107|','','','','','','1108|1109|1110|',-23,0,NULL,NULL,NULL,NULL,NULL,NULL,'-1','-1',-1,-1,'不詳',1,'2017-10-16 20:57:28',1,'2017-10-16 20:57:28'),(1109,0,199,0,1,0,'趙秉敬','0001-01-01',1,'http://img1.izuqun.com/fastdfs/M00/00/05/dD4ZgFmmIDKAVXKmAACCQrzaxdw195.jpg',NULL,NULL,'6286dbc1a27570ebb0d35cced90d0cf7','1107|','','','','','','1109|1108|1110|',-23,0,NULL,NULL,NULL,NULL,NULL,NULL,'-1','-1',-1,-1,'不詳',1,'2017-10-16 20:58:02',1,'2017-10-16 20:58:02'),(1110,0,199,0,1,0,'趙秉穆','0001-01-01',1,'http://img1.izuqun.com/fastdfs/M00/00/05/dD4ZgFmmIDKAVXKmAACCQrzaxdw195.jpg',NULL,NULL,'e6c8d05f48a474ff4397685dcc17e2ea','1107|','','','','','','1110|1108|1109|',-23,0,NULL,NULL,NULL,NULL,NULL,NULL,'-1','-1',-1,-1,'不詳',1,'2017-10-16 20:58:20',1,'2017-10-16 20:58:20'),(1111,0,199,0,1,0,'趙宜齊','0001-01-01',1,'http://img1.izuqun.com/fastdfs/M00/00/05/dD4ZgFmmIDKAVXKmAACCQrzaxdw195.jpg',NULL,NULL,'99ad96da9245cc4f8f4a8ca275672b6e','842|','843|','','','','','1111|840|1107|',-24,0,NULL,NULL,NULL,NULL,NULL,NULL,'-1','-1',-1,-1,'不詳',1,'2017-10-16 20:58:36',1,'2017-10-16 20:58:36'),(1112,0,199,0,1,0,'赵秉建','0001-01-01',1,'http://img1.izuqun.com/fastdfs/M00/00/05/dD4ZgFmmIPKARRmRAACMdMf2pek163.jpg',NULL,NULL,'5111b961ea7a6b9cfabf20ef5b4ffcdc','840|','841|','','','','','1112|838|1113|',-23,0,NULL,NULL,NULL,NULL,NULL,NULL,'-1','-1',-1,-1,'不详',1,'2017-10-16 21:41:50',1,'2017-10-16 21:41:50'),(1113,0,199,0,1,0,'赵秉延','0001-01-01',1,'http://img1.izuqun.com/fastdfs/M00/00/05/dD4ZgFmmIKqAXa7fAACs6ukW49U410.jpg',NULL,NULL,'bff224958d8f737aeb40f85f27bd2b4e','840|','841|','','','','','1113|1112|838|',-23,0,NULL,NULL,NULL,NULL,NULL,NULL,'-1','-1',-1,-1,'不详',1,'2017-10-16 21:42:25',1,'2017-10-16 21:42:25'),(1114,0,216,377,1,0,'江鹏飞',NULL,1,'http://img1.izuqun.com/fastdfs/M00/00/05/dD4ZgFmmIPKARRmRAACMdMf2pek163.jpg',NULL,NULL,'695f0c914228658b9ace8d684bf44e61','','','','','','','1114|',0,0,NULL,NULL,NULL,NULL,NULL,NULL,'-1','-1',-1,-1,'',377,'2017-10-20 18:48:11',377,'2017-10-20 18:48:11'),(1115,0,217,399,1,0,'哒哒哒哒','1500-01-01',0,'',NULL,NULL,'7df95fd38e8aceb4dc16fc4eb38887ff','','','','','','1115|','',0,0,NULL,NULL,NULL,NULL,NULL,NULL,'-1','-1',-1,-1,'花园',399,'2017-10-20 18:50:19',399,'2017-10-20 18:50:19'),(1116,0,218,399,1,0,'哒哒哒哒','1500-01-01',0,'',NULL,NULL,'8cd8780c53ca774ce4be8d301ec52f5f','','','','','','1116|','',0,0,NULL,NULL,NULL,NULL,NULL,NULL,'-1','-1',-1,-1,'花园',399,'2017-10-20 18:57:55',399,'2017-10-20 18:57:55'),(1117,0,219,399,1,0,'哒哒哒哒','1500-01-01',0,'',NULL,NULL,'90e5afc5f4be5e63e98bbc1168c69e17','','','','','','1117|','',0,0,NULL,NULL,NULL,NULL,NULL,NULL,'-1','-1',-1,-1,'花园',399,'2017-10-20 19:03:10',399,'2017-10-20 19:03:10'),(1118,0,220,399,1,0,'哒哒哒哒','1500-01-01',0,'',NULL,NULL,'30a6244eb54a36c2260f5bbb23b157d9','','','','','1119|1120|','1118|','',0,0,NULL,NULL,NULL,NULL,NULL,NULL,'-1','-1',-1,-1,'花园',399,'2017-10-20 19:06:36',399,'2017-10-20 19:06:36'),(1119,0,220,377,2,0,'姜子牙','2017-10-21',1,'http://img1.izuqun.com/fastdfs/M00/00/16/dD4ZgFnp8CaARMGDAACNf37bNn0867.jpg?width=448&height=448',NULL,NULL,'6811027bd24da84af33d637e58549230','','','','','1118|','','1119|',0,0,NULL,NULL,NULL,NULL,NULL,NULL,'-1','-1',-1,-1,'花园',399,'2017-10-20 20:49:52',399,'2017-10-20 20:49:52'),(1120,0,220,400,2,0,'黄荣钊','2017-10-19',1,'http://img1.izuqun.com/fastdfs/M00/00/05/dD4ZgFmmIIGAHLV9AACamJVbrxQ690.jpg',NULL,NULL,'86bdedc319aa2b318fd90559de401377','','','','','1118|','','1120|',0,0,NULL,NULL,NULL,NULL,NULL,NULL,'-1','-1',-1,-1,'华为',399,'2017-10-20 21:49:08',399,'2017-10-20 21:49:08'),(1121,0,200,0,1,0,'赵贵生','1964-08-26',1,'http://img1.izuqun.com/fastdfs/M00/00/05/dD4ZgFmmINWAYeU9AACYq8VNsZU967.jpg',NULL,NULL,'1c31f2c36ff996fb6df918770ecf2514','','','755|','','1122|','','1121|',-1,0,NULL,NULL,NULL,NULL,NULL,NULL,'-1','-1',-1,-1,'宁都',1,'2017-10-21 11:09:14',1,'2017-10-21 11:09:14'),(1122,0,200,0,1,0,'李惠英','1964-11-26',0,'http://img1.izuqun.com/fastdfs/M00/00/05/dD4ZgFmmIGiAcC0aAABzAZZEmII488.jpg',NULL,NULL,'a586389adc84284d5f47b1daa45938cb','','','755|','','1121|','1122|','',-1,0,NULL,NULL,NULL,NULL,NULL,NULL,'-1','-1',-1,-1,'宁都',1,'2017-10-21 11:18:10',1,'2017-10-21 11:18:10'),(1123,0,200,2,2,0,'廖湘','1986-11-09',0,'http://img1.izuqun.com/fastdfs/M00/00/05/dD4ZgFmmIGiAcC0aAABzAZZEmII488.jpg',NULL,NULL,'27391b8b2fd63a265a9b1e913aa76d5a','','','','','755|','1123|','',0,0,NULL,NULL,NULL,NULL,NULL,NULL,'-1','-1',-1,-1,'上海',1,'2017-10-21 13:57:14',1,'2017-10-21 13:57:14');
/*!40000 ALTER TABLE `gener_person` ENABLE KEYS */;
UNLOCK TABLES;

--
-- Table structure for table `gener_personDetail`
--

DROP TABLE IF EXISTS `gener_personDetail`;
/*!40101 SET @saved_cs_client     = @@character_set_client */;
/*!40101 SET character_set_client = utf8 */;
CREATE TABLE `gener_personDetail` (
  `id` int(10) unsigned NOT NULL AUTO_INCREMENT,
  `personId` int(11) NOT NULL,
  `userId` int(11) NOT NULL,
  `info` varchar(20) COLLATE utf8mb4_unicode_ci NOT NULL,
  `type` int(11) NOT NULL COMMENT 'type代表Info保存的信息,比如1代表技能skill,2代表爱好favorite,',
  `create_time` datetime NOT NULL,
  `create_by` int(11) NOT NULL,
  `update_time` datetime NOT NULL,
  `update_by` int(11) NOT NULL,
  PRIMARY KEY (`id`),
  UNIQUE KEY `personId` (`personId`,`info`,`type`)
) ENGINE=InnoDB AUTO_INCREMENT=86 DEFAULT CHARSET=utf8mb4 COLLATE=utf8mb4_unicode_ci;
/*!40101 SET character_set_client = @saved_cs_client */;

--
-- Dumping data for table `gener_personDetail`
--

LOCK TABLES `gener_personDetail` WRITE;
/*!40000 ALTER TABLE `gener_personDetail` DISABLE KEYS */;
INSERT INTO `gener_personDetail` VALUES (59,743,-1,'test-skill',1,'2017-09-29 13:12:11',377,'2017-09-29 13:12:11',377),(60,743,-1,'test-favorite',2,'2017-09-29 13:12:22',377,'2017-09-29 13:12:22',377),(61,761,384,'玩游戏',1,'2017-09-30 09:54:57',384,'2017-09-30 09:54:57',384),(62,761,384,'玩游戏啊',1,'2017-09-30 09:55:16',384,'2017-09-30 09:55:16',384),(63,761,384,'网吧玩玩网吧玩玩网吧玩玩',1,'2017-09-30 09:55:52',384,'2017-09-30 09:55:52',384),(64,761,384,'网吧玩玩网吧玩玩网吧玩玩网吧玩玩',1,'2017-09-30 09:55:57',384,'2017-09-30 09:55:57',384),(65,761,384,'网吧玩玩网吧玩玩网吧玩玩网吧玩玩网吧玩玩',1,'2017-09-30 09:56:02',384,'2017-09-30 09:56:02',384),(66,761,384,'1',1,'2017-09-30 09:56:27',384,'2017-09-30 09:56:27',384),(67,761,384,'12345678901234567890',1,'2017-09-30 09:56:39',384,'2017-09-30 09:56:39',384),(68,761,384,'无',2,'2017-09-30 09:56:53',384,'2017-09-30 09:56:53',384),(69,761,384,'网吧玩游戏网吧万亿偶需万份那',2,'2017-09-30 09:57:09',384,'2017-09-30 09:57:09',384),(70,761,384,'嗖嗖嗖死死死死死死死死死死死死',2,'2017-09-30 09:57:18',384,'2017-09-30 09:57:18',384),(71,761,384,'呜呜呜呜呜呜呜呜呜呜呜呜呜呜呜呜呜',2,'2017-09-30 09:57:37',384,'2017-09-30 09:57:37',384),(72,762,385,'李可口可乐了了',1,'2017-09-30 10:01:02',385,'2017-09-30 10:01:02',385),(73,762,385,'电影',2,'2017-09-30 10:01:14',385,'2017-09-30 10:01:14',385),(74,765,-1,'144',1,'2017-09-30 11:21:02',385,'2017-09-30 11:21:02',385),(75,765,-1,'玲',2,'2017-09-30 11:21:06',385,'2017-09-30 11:21:06',385),(76,770,390,'hi',1,'2017-09-30 12:31:55',390,'2017-09-30 12:31:55',390),(77,770,390,'健身',1,'2017-09-30 12:32:01',390,'2017-09-30 12:32:01',390),(78,770,390,'跑步',1,'2017-09-30 12:32:04',390,'2017-09-30 12:32:04',390),(79,770,390,'游泳',1,'2017-09-30 12:32:08',390,'2017-09-30 12:32:08',390),(80,770,390,'kol',1,'2017-09-30 12:32:13',390,'2017-09-30 12:32:13',390),(81,770,390,'hhh',1,'2017-09-30 12:32:35',390,'2017-09-30 12:32:35',390),(82,764,-1,'鸡腿',1,'2017-09-30 14:12:53',385,'2017-09-30 14:12:53',385),(83,764,-1,'体贴',2,'2017-09-30 14:12:56',385,'2017-09-30 14:12:56',385),(84,762,385,'你休息',2,'2017-09-30 14:32:56',385,'2017-09-30 14:32:56',385),(85,797,395,'建筑装饰，健康产业',1,'2017-10-09 12:48:13',395,'2017-10-09 12:48:13',395);
/*!40000 ALTER TABLE `gener_personDetail` ENABLE KEYS */;
UNLOCK TABLES;

--
-- Table structure for table `gener_significantEvent`
--

DROP TABLE IF EXISTS `gener_significantEvent`;
/*!40101 SET @saved_cs_client     = @@character_set_client */;
/*!40101 SET character_set_client = utf8 */;
CREATE TABLE `gener_significantEvent` (
  `id` int(30) NOT NULL AUTO_INCREMENT,
  `personId` int(30) NOT NULL,
  `userId` int(30) NOT NULL,
  `iconograph` varchar(255) COLLATE utf8mb4_unicode_ci NOT NULL,
  `familyId` int(30) DEFAULT NULL,
  `type` int(11) NOT NULL COMMENT '事件类型，1是大事件，2是秘密事件',
  `open_time` date DEFAULT NULL COMMENT '如果是秘密事件，则有一个公开时间的属性',
  `exp_time` date NOT NULL,
  `exp_name` varchar(100) CHARACTER SET utf8mb4 NOT NULL,
  `exp_content` text CHARACTER SET utf8mb4 NOT NULL,
  `abstract` varchar(200) COLLATE utf8mb4_unicode_ci NOT NULL,
  `write_mode` int(10) NOT NULL,
  `participate_num` int(11) NOT NULL DEFAULT '1',
  `version` int(11) NOT NULL DEFAULT '1',
  `create_time` datetime NOT NULL,
  `create_by` int(30) NOT NULL,
  `update_time` datetime NOT NULL,
  `update_by` int(30) NOT NULL,
  `is_delete` int(11) NOT NULL DEFAULT '0',
  PRIMARY KEY (`id`),
  KEY `fk_gener_significantEvent_person_idx` (`personId`)
) ENGINE=InnoDB AUTO_INCREMENT=316 DEFAULT CHARSET=utf8mb4 COLLATE=utf8mb4_unicode_ci;
/*!40101 SET character_set_client = @saved_cs_client */;

--
-- Dumping data for table `gener_significantEvent`
--

LOCK TABLES `gener_significantEvent` WRITE;
/*!40000 ALTER TABLE `gener_significantEvent` DISABLE KEYS */;
INSERT INTO `gener_significantEvent` VALUES (302,-1,377,'http://img1.izuqun.com/fastdfs/M00/00/0B/dD4ZgFnJ5iKATVT2AABLXHCOv2A692.jpg?width=1024&amp;amp;height=261',-1,1,'1970-01-01','2017-09-07','test-event','&lt;p&gt;test-eventtest-eventtest-eventtest-eventtest-eventtest-eventtest-eventtest-eventtest-eventtest-eventtest-eventtest-eventtest-eventtest-eventtest-eventtest-eventtest-eventtest-eventtest-eventtest-eventtest-eventtest-eventv&lt;/p&gt;','&lt;p&gt;test-eventtest-eventtest-eventtest-eventtest-eventtest-eventtest-eventtest-eventtest-eventtest-eventtest-eventtest-eventtest-eventtest-',0,1,1,'2017-09-29 13:39:03',377,'2017-09-29 13:39:03',377,0),(303,-1,381,'assets/topbar.jpg',-1,1,'1970-01-01','2017-09-29','厉害了','厉害的牛人哈哈哈哈哈哈哈哈哈哈哈哈哈哈哈哈哈哈','厉害的牛人哈哈哈哈哈哈哈哈哈哈哈哈哈哈哈哈哈哈',0,1,1,'2017-09-29 19:44:47',381,'2017-09-29 19:44:47',381,0),(304,-1,381,'assets/topbar.jpg',-1,1,'2017-12-29','2017-09-29','忌讳的事件','哈哈哈哈哈哈哈哈哈哈哈哈哈哈哈哈哈哈哈哈哈哈哈哈哈哈哈哈','哈哈哈哈哈哈哈哈哈哈哈哈哈哈哈哈哈哈哈哈哈哈哈哈哈哈哈哈',0,1,1,'2017-09-29 19:47:33',381,'2017-09-29 19:47:33',381,0),(305,-1,377,'http://img1.izuqun.com/fastdfs/M00/00/0B/dD4ZgFnJ5iKATVT2AABLXHCOv2A692.jpg?width=1024&amp;amp;height=261',-1,2,'2017-09-06','2017-09-07','秘密事件','&lt;p&gt;秘密事件秘密事件秘密事件秘密事件秘密事件秘密事件秘密事件秘密事件秘密事件秘密事件秘密事件秘密事件秘密事件秘密事件秘密事件秘密事件秘密事件秘密事件秘密事件秘密事件秘密事件秘密事件&lt;/p&gt;','&lt;p&gt;秘密事件秘密事件秘密事件秘密事件秘密事件秘密事件秘密事件秘密事件秘密事件秘密事件秘密事件秘',0,1,1,'2017-09-29 20:17:01',377,'2017-09-29 20:17:01',377,0),(306,-1,380,'assets/topbar.jpg',-1,2,'2017-09-29','2017-09-29','jsnsbnsns','jvjbhvjnnssnsm木工一米五一下楼欧欧欧啊磕头欧欧欧vet欧欧欧几多太多破','jvjbhvjnnssnsm木工一米五一下楼欧欧欧啊磕头欧欧欧vet欧欧欧几多太多破',0,1,1,'2017-09-29 20:21:52',380,'2017-09-29 20:21:52',380,0),(307,-1,380,'assets/topbar.jpg',-1,1,'1970-01-01','2017-09-29','公开的大世界','女女肯www睡了哦一名how有理亏我\n敏婷你听OTG醒酒会宁牛骨\n客户你就会明智哦提醒一心一意','女女肯www睡了哦一名how有理亏我\n敏婷你听OTG醒酒会宁牛骨\n客户你就会明智哦提醒一心一意',0,1,1,'2017-09-29 20:25:39',380,'2017-09-29 20:25:39',380,0),(308,-1,385,'assets/topbar.jpg',-1,1,'1970-01-01','2017-09-30','急急急','回头一笑新荣区峥嵘岁月破红十字医院墨子敏敏您名字我一摸易用性哦哦哦魔图我哦我在嘴型张艺兴一心一意星星一样一样嘻嘻我去洗澡澡嘻嘻休息一下仔仔细细9亿茜茜公主回信息资助我我英语我够一下我在哦莫文蔚知我者谓我心忧我现在我在在？我一直以为在我现在我主体性敏魔功能','回头一笑新荣区峥嵘岁月破红十字医院墨子敏敏您名字我一摸易用性哦哦哦魔图我哦我在嘴型张艺兴一心一意',0,1,8,'2017-09-30 10:06:34',385,'2017-09-30 14:27:55',385,0),(309,761,384,'http://img1.izuqun.com/fastdfs/M00/00/0B/dD4ZgFnJ5iKATVT2AABLXHCOv2A692.jpg?width=1024&amp;amp;height=261',204,1,'2022-03-03','2022-10-01','我想添加一个大事件我想添加一个大事件我想添加一个大事件','&lt;p&gt;哇哇哇我啊哇哇哇我啊哇哇哇我啊哇哇哇我啊哇哇哇我啊哇哇哇我啊哇哇哇我啊哇哇哇我啊哇哇哇我啊哇哇哇我啊哇哇哇我啊哇哇哇我啊哇哇哇我啊哇哇哇我啊哇哇哇我啊哇哇哇我啊哇哇哇我啊哇哇哇我啊哇哇哇我啊哇哇哇我啊哇哇哇我啊哇哇哇我啊哇哇哇我啊哇哇哇我啊&lt;/p&gt;','&lt;p&gt;哇哇哇我啊哇哇哇我啊哇哇哇我啊哇哇哇我啊哇哇哇我啊哇哇哇我啊哇哇哇我啊哇哇哇我啊哇哇哇我啊',0,1,2,'2017-09-30 10:07:28',384,'2017-09-30 10:08:58',384,0),(310,761,384,'http://img1.izuqun.com/fastdfs/M00/00/0B/dD4ZgFnJ5iKATVT2AABLXHCOv2A692.jpg?width=1024&amp;amp;height=261',204,2,'8022-10-22','8022-10-10','题标题标题标题标题标题标题标题标题标题标题标题标题标题','&lt;p&gt;这是文本这是文本这是文本这是文本这是文本这是文本这是文本这是文本这是文本这是文本这是文本这是文本这是文本这是文本这是文本这是文本这是文本这是文本这是文本这是文本这是文本这是文本这是文本这是文本这是文本这是文本&lt;/p&gt;','&lt;p&gt;这是文本这是文本这是文本这是文本这是文本这是文本这是文本这是文本这是文本这是文本这是文本这',1,1,1,'2017-09-30 10:28:49',384,'2017-09-30 10:28:49',384,0),(311,761,384,'http://img1.izuqun.com/fastdfs/M00/00/0B/dD4ZgFnJ5iKATVT2AABLXHCOv2A692.jpg?width=1024&amp;amp;height=261',204,1,'1949-10-01','1949-10-01','1949年新中国成立了','&lt;p&gt;新中国成立了 现在是中国人民的时代了新中国成立了 现在是中国人民的时代了新中国成立了 现在是中国人民的时代了新中国成立了 现在是中国人民的时代了新中国成立了 现在是中国人民的时代了新中国成立了 现在是中国人民的时代了新中国成立了 现在是中国人民的时代了新中国成立了 现在是中国人民的时代了新中国成立了 现在是中国人民的时代了新中国成立了 现在是中国人民的时代了新中国成立了 现在是中国人民的时代了新中国成立了 现在是中国人民的时代了&lt;/p&gt;','&lt;p&gt;新中国成立了 现在是中国人民的时代了新中国成立了 现在是中国人民的时代了新中国成立了 现在是中',1,1,1,'2017-09-30 10:37:03',384,'2017-09-30 10:37:03',384,0),(312,-1,381,'assets/topbar.jpg',-1,2,'1970-01-01','2017-09-30','黑乎乎','哈哈哈哈哈哈哈哈国企改革哈哈哈哈哈哈哈哈哈哈哈哈','哈哈哈哈哈哈哈哈国企改革哈哈哈哈哈哈哈哈哈哈哈哈',0,1,3,'2017-09-30 12:44:10',381,'2017-09-30 12:44:41',381,0),(313,743,-1,'assets/topbar.jpg',194,1,'1970-01-01','2017-09-30','iOS istest','vjhcugcugdutctdytddytdutfyfutzrtsyifhhtdkydgrkufyfshtt','vjhcugcugdutctdytddytdutfyfutzrtsyifhhtdkydgrkufyfshtt',0,1,2,'2017-09-30 13:11:28',377,'2017-10-20 17:58:15',377,0),(314,764,-1,'assets/topbar.jpg',205,1,'1970-01-01','2017-09-30','嘻嘻嘻','突然想起在一起在一起一样一样且行且珍惜生物实验室呀','突然想起在一起在一起一样一样且行且珍惜生物实验室呀',0,1,1,'2017-09-30 14:13:17',385,'2017-09-30 14:13:17',385,0),(315,-1,386,'assets/topbar.jpg',-1,1,'1970-01-01','2017-09-30','ugjguuu','hihljvkhvyjfiyfjycuycjgfuycjgcgcjycjycuyfuyfukkkk','hihljvkhvyjfiyfjycuycjgfuycjgcgcjycjycuyfuyfukkkk',0,1,2,'2017-09-30 14:28:34',386,'2017-09-30 14:28:40',386,0);
/*!40000 ALTER TABLE `gener_significantEvent` ENABLE KEYS */;
UNLOCK TABLES;

--
-- Table structure for table `gener_timeline`
--

DROP TABLE IF EXISTS `gener_timeline`;
/*!40101 SET @saved_cs_client     = @@character_set_client */;
/*!40101 SET character_set_client = utf8 */;
CREATE TABLE `gener_timeline` (
  `id` int(11) NOT NULL AUTO_INCREMENT,
  `refId` int(11) NOT NULL,
  `module` int(11) NOT NULL,
  `create_time` date NOT NULL,
  PRIMARY KEY (`id`)
) ENGINE=InnoDB AUTO_INCREMENT=6 DEFAULT CHARSET=utf8mb4 COLLATE=utf8mb4_unicode_ci;
/*!40101 SET character_set_client = @saved_cs_client */;

--
-- Dumping data for table `gener_timeline`
--

LOCK TABLES `gener_timeline` WRITE;
/*!40000 ALTER TABLE `gener_timeline` DISABLE KEYS */;
/*!40000 ALTER TABLE `gener_timeline` ENABLE KEYS */;
UNLOCK TABLES;

--
-- Table structure for table `gener_user`
--

DROP TABLE IF EXISTS `gener_user`;
/*!40101 SET @saved_cs_client     = @@character_set_client */;
/*!40101 SET character_set_client = utf8 */;
CREATE TABLE `gener_user` (
  `id` int(11) NOT NULL AUTO_INCREMENT,
  `username` varchar(255) CHARACTER SET utf8mb4 NOT NULL,
  `nickname` varchar(45) COLLATE utf8mb4_unicode_ci DEFAULT NULL,
  `phone` varchar(30) CHARACTER SET utf8 DEFAULT NULL,
  `email` varchar(255) CHARACTER SET utf8 DEFAULT NULL,
  `password` varchar(255) CHARACTER SET utf8 NOT NULL,
  `openid` varchar(255) COLLATE utf8mb4_unicode_ci DEFAULT NULL COMMENT '用户绑定微信后会有openid字段',
  `qq_openid` varchar(255) COLLATE utf8mb4_unicode_ci DEFAULT NULL,
  `wb_openid` varchar(255) COLLATE utf8mb4_unicode_ci DEFAULT NULL,
  `hx_username` varchar(255) COLLATE utf8mb4_unicode_ci DEFAULT NULL,
  `hx_password` varchar(255) COLLATE utf8mb4_unicode_ci DEFAULT NULL,
  `photo` varchar(255) CHARACTER SET utf8 DEFAULT NULL,
  `gender` int(2) NOT NULL DEFAULT '0',
  `birthday` date DEFAULT NULL,
  `country` varchar(45) COLLATE utf8mb4_unicode_ci DEFAULT NULL,
  `province` varchar(45) COLLATE utf8mb4_unicode_ci DEFAULT '-1',
  `city` varchar(45) COLLATE utf8mb4_unicode_ci DEFAULT '-1',
  `area` int(11) DEFAULT '-1',
  `town` int(11) DEFAULT '-1',
  `address` varchar(255) CHARACTER SET utf8 DEFAULT NULL,
  `create_time` datetime NOT NULL,
  `update_time` datetime NOT NULL,
  PRIMARY KEY (`id`)
) ENGINE=InnoDB AUTO_INCREMENT=401 DEFAULT CHARSET=utf8mb4 COLLATE=utf8mb4_unicode_ci;
/*!40101 SET character_set_client = @saved_cs_client */;

--
-- Dumping data for table `gener_user`
--

LOCK TABLES `gener_user` WRITE;
/*!40000 ALTER TABLE `gener_user` DISABLE KEYS */;
INSERT INTO `gener_user` VALUES (1,'zhx','zhx','18917741887','zhaoxinxuan@xinhuotech.com','44281c839d3b3a4647bbcf0b8b29597db646f4774337d1a910de038630f3861c','o_dEpt_Gw3wdOteZZOMZi7o9ZKDc',NULL,NULL,'109f5331ff13eb0b049659cd3accc4b1','NfxRDRLnQWEeIyhISoem','http://img1.izuqun.com/fastdfs/M00/00/0C/dD4ZgFnLYjaARlRiAABOKz170SE125.jpg',1,'1986-04-28',NULL,'-1','-1',-1,-1,'','2017-04-28 16:32:54','2017-09-30 18:55:59'),(2,'CCCC','CCCC','18964671109','flora1109@163.com','44281c839d3b3a4647bbcf0b8b29597db646f4774337d1a910de038630f3861c','o_dEpt7PBhO-JYj1spxfKO1ZOvfI',NULL,NULL,'d7c5fb5cf620e86c040a382112029304','dReXDydjRVq1SI_uK2A','http://img1.izuqun.com/fastdfs/M00/00/05/dD4ZgFmmH_-AIYTLAAAHLtDFCbg683.jpg',0,'1986-11-09',NULL,'-1','-1',-1,-1,'上海','2017-09-28 15:23:53','2017-10-01 14:31:03'),(3,'群群群','群群群','15970969998','617995483@qq.com','429e3f5ac675b51e94609a3d1d9a689edd090e0bcfe1493444631cf15a766fcc',NULL,NULL,NULL,'89b64791f57b03bd066314ccd9015644','XvKNNDBjiI7cYhYE135k','http://img1.izuqun.com/fastdfs/M00/00/05/dD4ZgFmmH_-AIYTLAAAHLtDFCbg683.jpg',0,NULL,NULL,'-1','-1',-1,-1,NULL,'2017-09-28 15:23:53','2017-09-28 15:23:53'),(4,'军哥哥','军哥哥','13656223275','619786636@qq.com','306a9fe771046f6eff0df1b1759e6c21c225fbfbe0f95af02199531b09cd219d',NULL,NULL,NULL,'1697303f8b8cb86381b2c74be4e48aa3','ZjShUQyH6QVgaMIL6sja','http://img1.izuqun.com/fastdfs/M00/00/05/dD4ZgFmmH_-AIYTLAAAHLtDFCbg683.jpg',0,NULL,NULL,'-1','-1',-1,-1,NULL,'2017-09-28 15:23:53','2017-09-28 15:23:53'),(5,'宁宁圈','宁宁圈','13767731618','522195100@qq.com','429e3f5ac675b51e94609a3d1d9a689edd090e0bcfe1493444631cf15a766fcc',NULL,NULL,NULL,'4546faeae4e589fc853403cea85d6c34','6ZkBZgOihe9mSrBmMz3N','http://img1.izuqun.com/fastdfs/M00/00/05/dD4ZgFmmH_-AIYTLAAAHLtDFCbg683.jpg',0,NULL,NULL,'-1','-1',-1,-1,NULL,'2017-09-28 15:23:53','2017-09-28 15:23:53'),(6,'luhui','luhui','13576725902','969817966@qq.com','bf4a2a248c0640ac6c6f293a41ebd884319dd8dae81b2008be393a4347b13f69',NULL,NULL,NULL,'1268b321ab97f668c9e10cc3d1224e6f','zDu0Ydk1rT4DifwkZI0a','http://img1.izuqun.com/fastdfs/M00/00/05/dD4ZgFmmH_-AIYTLAAAHLtDFCbg683.jpg',0,NULL,NULL,'-1','-1',-1,-1,NULL,'2017-09-28 15:23:53','2017-09-28 15:23:53'),(7,'萍淡是福','萍淡是福','15879738555','724226469@qq.com','148276d0b834e483e4200d5de440a3a2b5a5d75395fd4bbc06945f54c7db0fb3',NULL,NULL,NULL,'23db46b9b05afe171e76f27d05e4b6b7','JHtkLj5dz2cqbU2JcIcR','http://img1.izuqun.com/fastdfs/M00/00/05/dD4ZgFmmH_-AIYTLAAAHLtDFCbg683.jpg',0,NULL,NULL,'-1','-1',-1,-1,NULL,'2017-09-28 15:23:53','2017-09-28 15:23:53'),(8,'孙冰','孙冰','','sl1826@sina.com','1dcb9dea83c69b00df9a3db8d5e4f8f8ef1fb23b02ca259953661aa541c22c0d',NULL,NULL,NULL,'63907c13fa8b5b88c9955419e85d6f4c','knD3RNufZ_T9IDyjFvFB','http://img1.izuqun.com/fastdfs/M00/00/05/dD4ZgFmmH_-AIYTLAAAHLtDFCbg683.jpg',0,NULL,NULL,'-1','-1',-1,-1,NULL,'2017-09-28 15:23:53','2017-09-28 15:23:53'),(9,'上官赟','上官赟','18621129469','','44281c839d3b3a4647bbcf0b8b29597db646f4774337d1a910de038630f3861c',NULL,NULL,NULL,'88a8306899d341eb502b3a3d007a657e','ZK76wwVlAtmtadC_eODB','http://img1.izuqun.com/fastdfs/M00/00/05/dD4ZgFmmH_-AIYTLAAAHLtDFCbg683.jpg',0,NULL,NULL,'-1','-1',-1,-1,NULL,'2017-06-14 18:55:41','2017-06-14 18:55:41'),(10,'lknd62404','lknd62404','15821219311','','264c888a5fa3a31c30c3cb9aa50f48728f6dd1299600cb1669abd22f2576b930','o_dEpt2GJLASUYhZQ3yPW8ZOpfAk',NULL,NULL,'5ebffa7ae6a2552bd50979fa2d997961','jHDz6I_mycusIrOi7sKP','http://img1.izuqun.com/fastdfs/M00/00/05/dD4ZgFmmH_-AIYTLAAAHLtDFCbg683.jpg',0,NULL,NULL,'-1','-1',-1,-1,NULL,'2017-08-06 11:31:19','2017-09-29 10:35:42'),(377,'jiang','jiang','','jiangpengfei@xinhuotech.com','304f44c23fe9ad01475ef5fde6a2da57e8813a53064d6783da9217f44aa93f25','o_dEpt3gkU4zYqqEhW9elpbNzPDE',NULL,NULL,'2267940abb8f442e140a8bc99decd936','rNwW7UKUJKpiu9EMk5Hr','http://img1.izuqun.com/fastdfs/M00/00/16/dD4ZgFnp5zaAK8qrAAA0FKMMTtc674.png?width=160&height=160',1,'2017-09-06',NULL,'-1','-1',-1,-1,'上海','2017-09-29 12:43:27','2017-10-20 20:08:23'),(380,'江鹏飞123','江鹏飞123','','','44281c839d3b3a4647bbcf0b8b29597db646f4774337d1a910de038630f3861c','',NULL,NULL,'00945b79ba954d28e554e1e7f273a077','Iw5QbjQMoZ0eNLMVGjJh','http://img1.izuqun.com/fastdfs/M00/00/0D/dD4ZgFnOOv2AAYnbACWn3Gm7PtA205.jpg',1,NULL,'中国','-1','-1',-1,-1,NULL,'2017-09-29 19:19:07','2017-09-29 20:22:21'),(381,'smellytiger','smellytiger','13916337038','','44281c839d3b3a4647bbcf0b8b29597db646f4774337d1a910de038630f3861c','o_dEpt4r65Nh5aJEz3cZgVbByf9s',NULL,NULL,'e3387c4cdeca71735241396c59e51a62','imBBPqKdrT9s8NvXQK','http://img1.izuqun.com/fastdfs/M00/00/05/dD4ZgFmmH_-AIYTLAAAHLtDFCbg683.jpg',0,NULL,NULL,'-1','-1',-1,-1,NULL,'2017-09-29 19:26:12','2017-09-29 19:28:43'),(382,'廖宇','廖宇','18019182353','','44281c839d3b3a4647bbcf0b8b29597db646f4774337d1a910de038630f3861c','o_dEptx9EzN81wB85RYCfLhJDNDM',NULL,NULL,'fca63d13de331fd5ff0ecaca73a08d00','TRS3rG1KE7kJUjdUv3pp','http://img1.izuqun.com/fastdfs/M00/00/05/dD4ZgFmmH_-AIYTLAAAHLtDFCbg683.jpg',0,NULL,NULL,'-1','-1',-1,-1,NULL,'2017-09-29 22:21:50','2017-09-29 22:26:20'),(383,'zzr','zzr','13758666282','','1ea22f5bdedaa81e87c6d197c64bd8bb405dc4fcfc8e27b79a76e4c5045dad14','o_dEpt8Hsn1uWiY6yGAWmhhwe3oA',NULL,NULL,'bc9f0780ceda91f30266874ac97fd29c','V1c9SQ9swX61aaKjIBhG','http://img1.izuqun.com/fastdfs/M00/00/05/dD4ZgFmmH_-AIYTLAAAHLtDFCbg683.jpg',0,NULL,NULL,'-1','-1',-1,-1,NULL,'2017-09-29 23:02:24','2017-09-29 23:34:31'),(384,'jack','jack','17621732412','1983766950@qq.com','d15416400263a8cfe887d6f34a75d8043c7346f8d20eb8ec60ba997455292c61','o_dEpt_km-abA46GNpyNZ4lp0Kus',NULL,NULL,'92ac6d5260898068e38983255e063491','dQqrPzwbndA3176FsNqQ','http://img1.izuqun.com/fastdfs/M00/00/0D/dD4ZgFnPDWCAG0TuAAXyvyqpG-s041.jpg?width=800&height=800',0,NULL,NULL,'-1','-1',-1,-1,NULL,'2017-09-30 09:48:46','2017-09-30 12:40:06'),(385,'烟雨离殇','烟雨离殇','18296157063','','9cd7fe84a4f00545befc3ef2c673e3b4a4e3eefb55fd716c9318034d7c3af388','o_dEpt4NcZJsgDr-7-cGP0HpY1FQ',NULL,NULL,'3de2ec7df04621a104179d7ee2948f7c','7NZjabUdd0kTs6ihrnHN','http://img1.izuqun.com/fastdfs/M00/00/0D/dD4ZgFnO_vaAA9ZVAEzvLXTt4eM349.jpg',1,'2017-09-01','中国','-1','-1',-1,-1,'上海市宝山区','2017-09-30 09:56:22','2017-09-30 10:37:32'),(386,'江鹏飞','江鹏飞','','','44281c839d3b3a4647bbcf0b8b29597db646f4774337d1a910de038630f3861c','',NULL,NULL,'d936928393f04443a3899184f0951a59','khMjAWvt8ItsAWyTd_gU','http://img1.izuqun.com/fastdfs/M00/00/0D/dD4ZgFnO_vaAA9ZVAEzvLXTt4eM349.jpg',1,NULL,'中国','-1','-1',-1,-1,NULL,'2017-09-30 09:59:14','2017-09-30 09:59:14'),(387,'zhang123','zhang123','15736783901','zhanggaolei0000@163.com','44281c839d3b3a4647bbcf0b8b29597db646f4774337d1a910de038630f3861c','o_dEpt60VU-SkOpJtBnW0nGdjAP0',NULL,NULL,'b8c326558ff1ce531660e56823bb31c0','6ctq0_o5gSIIjkeY1X9j','http://img1.izuqun.com/fastdfs/M00/00/05/dD4ZgFmmH_-AIYTLAAAHLtDFCbg683.jpg',0,NULL,NULL,'-1','-1',-1,-1,NULL,'2017-09-30 10:22:25','2017-09-30 14:23:58'),(388,'尘埃','尘埃','18017220910','','44281c839d3b3a4647bbcf0b8b29597db646f4774337d1a910de038630f3861c','o_dEpt77trTZ4dcF4jxEt_5HjwBQ',NULL,NULL,'6ddfc36f2cc957672db4431947471214','Q0AgNSIitmoL43S5yQQu','http://img1.izuqun.com/fastdfs/M00/00/0D/dD4ZgFnO_vaAA9ZVAEzvLXTt4eM349.jpg',1,NULL,'中国','-1','-1',-1,-1,NULL,'2017-09-30 10:33:34','2017-09-30 10:33:34'),(389,'照耀大地','照耀大地','17740880428','','44281c839d3b3a4647bbcf0b8b29597db646f4774337d1a910de038630f3861c','o_dEpt5kkoZC3pBSVkLtZgPiXnTM',NULL,NULL,'a041309a7ccc0c3abc8affb452e80860','M0QcbC2fyzGrgZbfN8iQ','http://img1.izuqun.com/fastdfs/M00/00/0D/dD4ZgFnPB8eABwZ9AAAzR3YLZiE615.jpg',0,NULL,'','-1','-1',-1,-1,NULL,'2017-09-30 10:55:42','2017-09-30 10:56:07'),(390,'zeo','zeo','15921887068','','44281c839d3b3a4647bbcf0b8b29597db646f4774337d1a910de038630f3861c','o_dEpt9_wi4y-lKdTXxFkoQkMnTQ',NULL,NULL,'ac6cb36fa8be66b2f326818b7493152c','Z_OcaRXnPkTyGrLXZG5I','http://img1.izuqun.com/fastdfs/M00/00/0D/dD4ZgFnPD8-AIzUZAADpAVFvpbQ652.jpg',0,NULL,'中国','-1','-1',-1,-1,NULL,'2017-09-30 11:25:23','2017-09-30 11:30:23'),(391,'大学生如何早起请找我','大学生如何早起请找我','15202166779','','c47791b8c4e7f4d46819c222c0daca10e218fa44c039431d4de3a4c1ca868549','o_dEpt9qLsKLfB5nD2RphyVZ9DtI',NULL,NULL,'490044c14aa8672f90c87cdab4bdcbd0','R4GrVXJJEoss_4fvUkP2','http://img1.izuqun.com/fastdfs/M00/00/10/dD4ZgFne7LiAcs3zAAOTzEcKQPY592.jpg',1,NULL,'中国','-1','-1',-1,-1,NULL,'2017-09-30 16:58:44','2017-10-12 12:16:56'),(392,'jiangrui','jiangrui','18621832016','','2f6437493fc3ba54ea152a695c6ba22716bc1e24e1cbbdebe4850be14c6dbaac',NULL,NULL,NULL,'65d08329b4698b92a4c00dafebc278ca','IIK1zqMfH7mjQpaCTcps','http://img1.izuqun.com/fastdfs/M00/00/05/dD4ZgFmmH_-AIYTLAAAHLtDFCbg683.jpg',0,NULL,NULL,'-1','-1',-1,-1,NULL,'2017-09-30 21:04:00','2017-09-30 21:04:00'),(393,'你猜','你猜','15951500579','','9f7797203ec5a5c07faee51586178f718a6af9a6eb924a830230ec351193b4f5','o_dEpt6CC0OICFXBdn5TAnpP-Njk',NULL,NULL,'583b663d27d81e7ed34231adffe7fe7c','b_vXJs7eDZSbak8voY2S','http://img1.izuqun.com/fastdfs/M00/00/0D/dD4ZgFnO_vaAA9ZVAEzvLXTt4eM349.jpg',1,NULL,'中国','-1','-1',-1,-1,NULL,'2017-09-30 22:19:24','2017-09-30 22:19:24'),(394,'gaoyingxin','gaoyingxin','17333070823','','44281c839d3b3a4647bbcf0b8b29597db646f4774337d1a910de038630f3861c','',NULL,NULL,'afee02f44cbb8ed3c014d1c752c8049d','pGvnC4_rdXhZ6cDWFm5I','http://img1.izuqun.com/fastdfs/M00/00/05/dD4ZgFmmH_-AIYTLAAAHLtDFCbg683.jpg',0,NULL,NULL,'-1','-1',-1,-1,NULL,'2017-10-09 11:35:44','2017-10-09 11:35:44'),(395,'张方华','张方华','13336781000','','44281c839d3b3a4647bbcf0b8b29597db646f4774337d1a910de038630f3861c','o_dEpt4xjsnAtPCvXcylp7G6gArg',NULL,NULL,'066b30a669d5f4b13ed1c6eb0cf73b0c','ORmaeXb08ttzjCvwQE7W','http://img1.izuqun.com/fastdfs/M00/00/0D/dD4ZgFnO_vaAA9ZVAEzvLXTt4eM349.jpg',1,NULL,'中国','-1','-1',-1,-1,NULL,'2017-10-09 12:24:20','2017-10-09 12:24:20'),(398,'wanghekang','wanghekang','15738173114','','44281c839d3b3a4647bbcf0b8b29597db646f4774337d1a910de038630f3861c',NULL,NULL,NULL,'595a6e0979cc59f0e2cf379bb348b915','6AzQ5DQAL3j3INNBQdKA','http://img1.izuqun.com/fastdfs/M00/00/05/dD4ZgFmmH_-AIYTLAAAHLtDFCbg683.jpg',0,NULL,NULL,'-1','-1',-1,-1,NULL,'2017-10-20 18:22:55','2017-10-20 18:22:55'),(399,'ymc321','哒哒哒哒','13653800757','','304f44c23fe9ad01475ef5fde6a2da57e8813a53064d6783da9217f44aa93f25',NULL,NULL,NULL,'48cc92a961169cda205e3f8d71165a06','Q0xz2TVUO1O2cq39DUjz','http://img1.izuqun.com/fastdfs/M00/00/05/dD4ZgFmmH_-AIYTLAAAHLtDFCbg683.jpg',0,'1500-01-01',NULL,'-1','-1',-1,-1,'花园','2017-10-20 18:43:19','2017-10-20 18:49:50'),(400,'a18720994193','a18720994193','18720994193','','9f89a262b639dc8f8a4bc305802470c06203daf4dbf401200d329b1e3b3dd8ef',NULL,NULL,NULL,'2ee704f759be3c489a5603483997d6f4','pW50J9Udi3kiGjFqllFP','http://img1.izuqun.com/fastdfs/M00/00/05/dD4ZgFmmH_-AIYTLAAAHLtDFCbg683.jpg',0,NULL,NULL,'-1','-1',-1,-1,NULL,'2017-10-20 21:47:19','2017-10-20 21:47:19');
/*!40000 ALTER TABLE `gener_user` ENABLE KEYS */;
UNLOCK TABLES;

--
-- Table structure for table `gener_user_profile`
--

DROP TABLE IF EXISTS `gener_user_profile`;
/*!40101 SET @saved_cs_client     = @@character_set_client */;
/*!40101 SET character_set_client = utf8 */;
CREATE TABLE `gener_user_profile` (
  `id` int(10) unsigned NOT NULL AUTO_INCREMENT,
  `userId` int(10) unsigned NOT NULL,
  `post_num` int(10) unsigned NOT NULL,
  `collection_num` int(10) unsigned NOT NULL,
  `family_num` int(10) unsigned NOT NULL,
  `create_time` datetime NOT NULL,
  `create_by` int(10) unsigned NOT NULL,
  `update_time` datetime NOT NULL,
  `update_by` int(10) unsigned NOT NULL,
  PRIMARY KEY (`id`),
  KEY `index_userId` (`userId`)
) ENGINE=InnoDB AUTO_INCREMENT=580 DEFAULT CHARSET=utf8mb4 COLLATE=utf8mb4_unicode_ci;
/*!40101 SET character_set_client = @saved_cs_client */;

--
-- Dumping data for table `gener_user_profile`
--

LOCK TABLES `gener_user_profile` WRITE;
/*!40000 ALTER TABLE `gener_user_profile` DISABLE KEYS */;
INSERT INTO `gener_user_profile` VALUES (1,1,9,0,2,'2017-09-28 17:21:36',1,'2017-09-29 17:21:58',1),(2,2,3,0,2,'2017-09-29 17:22:54',2,'2017-09-29 17:23:12',2),(3,3,0,0,0,'2017-09-29 17:23:57',3,'2017-09-29 17:24:09',3),(4,4,0,0,0,'2017-09-29 17:24:58',4,'2017-09-29 17:25:02',4),(5,5,0,0,0,'2017-09-29 17:25:25',5,'2017-09-29 17:25:32',5),(6,6,0,0,0,'2017-09-29 17:25:48',6,'2017-09-29 17:25:53',6),(7,7,0,0,0,'2017-09-29 17:26:18',7,'2017-09-29 17:26:21',7),(8,8,0,0,0,'2017-09-29 17:26:36',8,'2017-09-29 17:26:40',8),(9,9,9,0,0,'2017-09-29 17:26:55',9,'2017-09-29 17:27:01',9),(10,10,0,0,0,'2017-09-29 17:27:26',10,'2017-09-29 17:27:35',10),(555,376,0,0,0,'2017-09-29 12:41:06',376,'2017-09-29 12:41:06',376),(556,377,9,1,5,'2017-09-29 12:43:27',377,'2017-09-29 12:43:27',377),(557,378,0,0,0,'2017-09-29 14:18:26',378,'2017-09-29 14:18:26',378),(558,379,0,0,0,'2017-09-29 19:02:45',379,'2017-09-29 19:02:45',379),(559,380,3,2,1,'2017-09-29 19:19:07',380,'2017-09-29 19:19:07',380),(560,381,3,2,1,'2017-09-29 19:26:12',381,'2017-09-29 19:26:12',381),(561,382,0,0,0,'2017-09-29 22:21:50',382,'2017-09-29 22:21:50',382),(562,383,0,0,1,'2017-09-29 23:02:24',383,'2017-09-29 23:02:24',383),(563,384,23,8,1,'2017-09-30 09:48:46',384,'2017-09-30 09:48:46',384),(564,385,7,6,4,'2017-09-30 09:56:22',385,'2017-09-30 09:56:22',385),(565,386,0,0,3,'2017-09-30 09:59:14',386,'2017-09-30 09:59:14',386),(566,387,0,0,0,'2017-09-30 10:22:25',387,'2017-09-30 10:22:25',387),(567,388,0,0,0,'2017-09-30 10:33:34',388,'2017-09-30 10:33:34',388),(568,389,0,0,0,'2017-09-30 10:55:42',389,'2017-09-30 10:55:42',389),(569,390,0,0,2,'2017-09-30 11:25:23',390,'2017-09-30 11:25:23',390),(570,391,1,0,0,'2017-09-30 16:58:44',391,'2017-09-30 16:58:44',391),(571,392,0,0,0,'2017-09-30 21:04:00',392,'2017-09-30 21:04:00',392),(572,393,2,0,2,'2017-09-30 22:19:24',393,'2017-09-30 22:19:24',393),(573,394,0,0,1,'2017-10-09 11:35:44',394,'2017-10-09 11:35:44',394),(574,395,0,0,1,'2017-10-09 12:24:20',395,'2017-10-09 12:24:20',395),(575,396,0,0,0,'2017-10-10 18:23:36',396,'2017-10-10 18:23:36',396),(576,397,0,0,0,'2017-10-10 18:28:44',397,'2017-10-10 18:28:44',397),(577,398,0,0,0,'2017-10-20 18:22:55',398,'2017-10-20 18:22:55',398),(578,399,0,0,1,'2017-10-20 18:43:19',399,'2017-10-20 18:43:19',399),(579,400,1,0,1,'2017-10-20 21:47:19',400,'2017-10-20 21:47:19',400);
/*!40000 ALTER TABLE `gener_user_profile` ENABLE KEYS */;
UNLOCK TABLES;

--
-- Table structure for table `gener_zone`
--

DROP TABLE IF EXISTS `gener_zone`;
/*!40101 SET @saved_cs_client     = @@character_set_client */;
/*!40101 SET character_set_client = utf8 */;
CREATE TABLE `gener_zone` (
  `id` int(30) NOT NULL AUTO_INCREMENT,
  `userId` int(30) NOT NULL,
  `content` varchar(255) CHARACTER SET utf8mb4 NOT NULL,
  `is_delete` int(11) NOT NULL DEFAULT '0',
  `create_time` datetime NOT NULL,
  `create_by` int(30) NOT NULL,
  `update_time` datetime NOT NULL,
  `update_by` int(30) NOT NULL,
  PRIMARY KEY (`id`),
  KEY `fk_gener_zone_userId_idx` (`userId`),
  CONSTRAINT `fk_gener_zone_userId` FOREIGN KEY (`userId`) REFERENCES `gener_user` (`id`) ON DELETE NO ACTION ON UPDATE NO ACTION
) ENGINE=InnoDB AUTO_INCREMENT=52 DEFAULT CHARSET=utf8mb4 COLLATE=utf8mb4_unicode_ci;
/*!40101 SET character_set_client = @saved_cs_client */;

--
-- Dumping data for table `gener_zone`
--

LOCK TABLES `gener_zone` WRITE;
/*!40000 ALTER TABLE `gener_zone` DISABLE KEYS */;
INSERT INTO `gener_zone` VALUES (42,377,'',0,'2017-09-29 12:49:15',377,'2017-09-29 12:49:15',377),(43,381,'',0,'2017-09-29 19:29:47',381,'2017-09-29 19:29:47',381),(44,380,'',0,'2017-09-29 20:23:19',380,'2017-09-29 20:23:19',380),(45,1,'',0,'2017-09-29 20:26:58',1,'2017-09-29 20:26:58',1),(46,385,'',0,'2017-09-30 10:16:05',385,'2017-09-30 10:16:05',385),(47,384,'',0,'2017-09-30 10:38:44',384,'2017-09-30 10:38:44',384),(48,391,'',0,'2017-09-30 17:00:43',391,'2017-09-30 17:00:43',391),(49,393,'',0,'2017-09-30 22:28:46',393,'2017-09-30 22:28:46',393),(50,2,'',0,'2017-10-01 18:00:54',2,'2017-10-01 18:00:54',2),(51,400,'',0,'2017-10-20 22:40:01',400,'2017-10-20 22:40:01',400);
/*!40000 ALTER TABLE `gener_zone` ENABLE KEYS */;
UNLOCK TABLES;

--
-- Table structure for table `gener_zoneComment`
--

DROP TABLE IF EXISTS `gener_zoneComment`;
/*!40101 SET @saved_cs_client     = @@character_set_client */;
/*!40101 SET character_set_client = utf8 */;
CREATE TABLE `gener_zoneComment` (
  `id` int(30) NOT NULL AUTO_INCREMENT,
  `postId` int(30) NOT NULL,
  `userId` int(30) NOT NULL,
  `replyto` int(11) NOT NULL,
  `replyto_userId` int(11) NOT NULL,
  `comment` varchar(255) CHARACTER SET utf8mb4 NOT NULL,
  `create_time` datetime NOT NULL,
  `create_by` int(11) NOT NULL,
  `update_time` datetime NOT NULL,
  `update_by` int(11) NOT NULL,
  PRIMARY KEY (`id`),
  KEY `fk_gener_zoneComment_post_idx` (`postId`),
  KEY `fk_gener_zoneComment_user_idx` (`userId`),
  CONSTRAINT `fk_gener_zoneComment_post` FOREIGN KEY (`postId`) REFERENCES `gener_zonePost` (`id`) ON DELETE CASCADE ON UPDATE NO ACTION,
  CONSTRAINT `fk_gener_zoneComment_user` FOREIGN KEY (`userId`) REFERENCES `gener_user` (`id`) ON DELETE NO ACTION ON UPDATE NO ACTION
) ENGINE=InnoDB AUTO_INCREMENT=248 DEFAULT CHARSET=utf8mb4 COLLATE=utf8mb4_unicode_ci;
/*!40101 SET character_set_client = @saved_cs_client */;

--
-- Dumping data for table `gener_zoneComment`
--

LOCK TABLES `gener_zoneComment` WRITE;
/*!40000 ALTER TABLE `gener_zoneComment` DISABLE KEYS */;
INSERT INTO `gener_zoneComment` VALUES (247,1262,377,-1,377,'sss','2017-10-13 18:31:51',377,'2017-10-13 18:31:51',377);
/*!40000 ALTER TABLE `gener_zoneComment` ENABLE KEYS */;
UNLOCK TABLES;

--
-- Table structure for table `gener_zonePost`
--

DROP TABLE IF EXISTS `gener_zonePost`;
/*!40101 SET @saved_cs_client     = @@character_set_client */;
/*!40101 SET character_set_client = utf8 */;
CREATE TABLE `gener_zonePost` (
  `id` int(11) NOT NULL AUTO_INCREMENT,
  `zoneId` int(11) NOT NULL,
  `userId` int(11) NOT NULL,
  `content` varchar(255) CHARACTER SET utf8mb4 NOT NULL,
  `address` varchar(45) CHARACTER SET utf8 DEFAULT NULL,
  `photo` text COLLATE utf8mb4_unicode_ci,
  `comments` int(30) NOT NULL DEFAULT '0',
  `likes` int(30) NOT NULL DEFAULT '0',
  `type` int(11) NOT NULL DEFAULT '1' COMMENT '1是代表自己发送的,2是代表系统生成',
  `create_time` datetime NOT NULL,
  `create_by` int(11) NOT NULL,
  `update_time` datetime NOT NULL,
  `update_by` int(11) NOT NULL,
  PRIMARY KEY (`id`),
  KEY `fk_gener_zonePost_zone_idx` (`zoneId`),
  KEY `fk_gener_zonePost_userId_idx` (`userId`),
  CONSTRAINT `fk_gener_zonePost_userId` FOREIGN KEY (`userId`) REFERENCES `gener_user` (`id`) ON DELETE NO ACTION ON UPDATE NO ACTION,
  CONSTRAINT `fk_gener_zonePost_zone` FOREIGN KEY (`zoneId`) REFERENCES `gener_zone` (`id`) ON DELETE NO ACTION ON UPDATE NO ACTION
) ENGINE=InnoDB AUTO_INCREMENT=1266 DEFAULT CHARSET=utf8mb4 COLLATE=utf8mb4_unicode_ci;
/*!40101 SET character_set_client = @saved_cs_client */;

--
-- Dumping data for table `gener_zonePost`
--

LOCK TABLES `gener_zonePost` WRITE;
/*!40000 ALTER TABLE `gener_zonePost` DISABLE KEYS */;
INSERT INTO `gener_zonePost` VALUES (1203,42,377,'数据库全部清空啦','','[]',0,0,1,'2017-09-29 12:49:15',377,'2017-09-29 12:49:15',377),(1204,42,377,'*测试创建活动*|*/activity/activity-detail/117*|我发起了活动%s,快来看看吧!','','[]',0,0,2,'2017-09-29 13:04:27',377,'2017-09-29 13:04:27',377),(1205,42,377,'*test-activity*|*/activity/activity-detail/118*|我发起了活动%s,快来看看吧!','','[]',1,1,2,'2017-09-29 13:13:53',377,'2017-09-29 13:13:53',377),(1206,42,377,'?????','','[]',0,0,1,'2017-09-29 16:20:44',377,'2017-09-29 16:20:44',377),(1207,43,381,'哈哈哈','','[\"http://img1.izuqun.com/fastdfs/M00/00/0C/dD4ZgFnOLqWAXSZSAAPGiCfBQGI552.jpg?width=1080&amp;height=1920\"]',1,1,1,'2017-09-29 19:29:47',381,'2017-09-29 19:29:47',381),(1208,43,381,'*上课哈哈哈*|*/activity/activity-detail/119*|我发起了活动%s,快来看看吧!','','[]',1,1,2,'2017-09-29 19:36:57',381,'2017-09-29 19:36:57',381),(1209,42,377,'ml,m.,m;,m,..,m.,m,m.,','','[\"http://img1.izuqun.com/fastdfs/M00/00/0D/dD4ZgFnOMOGAXtKIAARNF90R2EQ305.jpg?width=900&amp;height=600\"]',0,0,1,'2017-09-29 19:39:19',377,'2017-09-29 19:39:19',377),(1210,43,381,'来呀','','[\"http://img1.izuqun.com/fastdfs/M00/00/0D/dD4ZgFnOMQ-AWSzaAAc4uhpmZ6Q564.png?width=750&amp;height=1334\"]',0,0,1,'2017-09-29 19:40:05',381,'2017-09-29 19:40:05',381),(1211,44,380,'测试打推文','','[\"http://img1.izuqun.com/fastdfs/M00/00/0D/dD4ZgFnOOzaAKrqZAAFbdC7JUiU373.png?width=1080&amp;height=1920\"]',0,0,1,'2017-09-29 20:23:19',380,'2017-09-29 20:23:19',380),(1212,44,380,'*大活动*|*/activity/activity-detail/120*|我发起了活动%s,快来看看吧!','','[]',1,1,2,'2017-09-29 20:24:49',380,'2017-09-29 20:24:49',380),(1213,45,1,'第一天内测，虐虐虐','','[\"http://img1.izuqun.com/fastdfs/M00/00/0D/dD4ZgFnOPBGAQp5hAAs3dl9Xapw979.jpg?width=1334&amp;height=1000\"]',1,0,1,'2017-09-29 20:26:58',1,'2017-09-29 20:26:58',1),(1214,46,385,'救济救济','','[\"http://img1.izuqun.com/fastdfs/M00/00/0D/dD4ZgFnO_kuAIQtEAAOzJPqTXYM705.png?width=1012&amp;height=1682\",\"http://img1.izuqun.com/fastdfs/M00/00/0D/dD4ZgFnO_kyAIGK3AAOzJPqTXYM242.png?width=1012&amp;height=1682\",\"http://img1.izuqun.com/fastdfs/M00/00/0D/dD4ZgFnO_k6AcGUgAAOzJPqTXYM202.png?width=1012&amp;height=1682\",\"http://img1.izuqun.com/fastdfs/M00/00/0D/dD4ZgFnO_lGAX68iAAOzJPqTXYM905.png?width=1012&amp;height=1682\",\"http://img1.izuqun.com/fastdfs/M00/00/0D/dD4ZgFnO_lKASJ9rAAOzJPqTXYM623.png?width=1012&amp;height=1682\",\"http://img1.izuqun.com/fastdfs/M00/00/0D/dD4ZgFnO_lSAN4CJAAOzJPqTXYM896.png?width=1012&amp;height=1682\",\"http://img1.izuqun.com/fastdfs/M00/00/0D/dD4ZgFnO_laAUyF9AAG9BtjC9zs364.png?width=1068&amp;height=1009\",\"http://img1.izuqun.com/fastdfs/M00/00/0D/dD4ZgFnO_liAN9r3AAG9BtjC9zs282.png?width=1068&amp;height=1009\",\"http://img1.izuqun.com/fastdfs/M00/00/0D/dD4ZgFnO_l6AYYz4AAG9BtjC9zs463.png?width=1068&amp;height=1009\"]',1,1,1,'2017-09-30 10:16:05',385,'2017-09-30 10:16:05',385),(1215,46,385,'*鸡柳*|*/activity/activity-detail/121*|我发起了活动%s,快来看看吧!','','[]',0,1,2,'2017-09-30 10:21:44',385,'2017-09-30 10:21:44',385),(1216,47,384,'今天是2017年9月30号','','[]',0,0,1,'2017-09-30 10:38:44',384,'2017-09-30 10:38:44',384),(1217,47,384,'发图片了???','','[]',0,0,1,'2017-09-30 10:48:15',384,'2017-09-30 10:48:15',384),(1218,47,384,'发一张试试????????????????????????????????????????????????????????????????????????????????????????????????????????????????????????????????','','[\"http://img1.izuqun.com/fastdfs/M00/00/0D/dD4ZgFnPBi-AS_1ZAAgTikctKFM360.jpg?width=800&amp;height=600\"]',0,0,1,'2017-09-30 10:50:29',384,'2017-09-30 10:50:29',384),(1219,47,384,'11','','[\"http://img1.izuqun.com/fastdfs/M00/00/0D/dD4ZgFnPBoaAPZs_AANyCaGLqz8250.jpg?width=440&amp;height=737\"]',0,0,1,'2017-09-30 10:50:50',384,'2017-09-30 10:50:50',384),(1220,46,385,'*零陵路*|*/activity/activity-detail/122*|我发起了活动%s,快来看看吧!','','[]',0,0,2,'2017-09-30 10:51:26',385,'2017-09-30 10:51:26',385),(1221,47,384,'发布个秘密的','','[\"http://img1.izuqun.com/fastdfs/M00/00/0D/dD4ZgFnPBoaAPZs_AANyCaGLqz8250.jpg?width=440&amp;height=737\"]',0,0,1,'2017-09-30 10:52:29',384,'2017-09-30 10:52:29',384),(1222,47,384,'发布个属于jack的?','','[\"http://img1.izuqun.com/fastdfs/M00/00/0D/dD4ZgFnPBvyAZqHgAAMH_TYU_DA154.jpg?width=500&amp;height=750\"]',0,1,1,'2017-09-30 10:52:47',384,'2017-09-30 10:52:47',384),(1223,46,385,'*来咯垃圾*|*/activity/activity-detail/123*|我发起了活动%s,快来看看吧!','','[]',0,0,2,'2017-09-30 10:53:19',385,'2017-09-30 10:53:19',385),(1224,47,384,'*十月一活动*|*/activity/activity-detail/124*|我发起了活动%s,快来看看吧!','','[]',0,1,2,'2017-09-30 10:55:24',384,'2017-09-30 10:55:24',384),(1225,47,384,'*1111*|*/activity/activity-detail/125*|我发起了活动%s,快来看看吧!','','[]',0,0,2,'2017-09-30 10:56:51',384,'2017-09-30 10:56:51',384),(1226,46,385,'李1俄罗斯截了图都痛木头女女挪走女没有没有没有没有没有没有没有哦我在?没有你有哦哟哟你有喔m你有m哟♀同学1宗♀♀女女欧诺','','[\"http://img1.izuqun.com/fastdfs/M00/00/0D/dD4ZgFnPCVWADG3MAAOzJPqTXYM128.png?width=1012&amp;height=1682\"]',2,1,1,'2017-09-30 11:02:46',385,'2017-09-30 11:02:46',385),(1227,47,384,'*测试标题*|*/activity/activity-detail/126*|我发起了活动%s,快来看看吧!','','[]',0,0,2,'2017-09-30 11:05:52',384,'2017-09-30 11:05:52',384),(1228,47,384,'*测试标题二*|*/activity/activity-detail/127*|我发起了活动%s,快来看看吧!','','[]',0,0,2,'2017-09-30 11:07:32',384,'2017-09-30 11:07:32',384),(1229,46,385,'基金','','[\"http://img1.izuqun.com/fastdfs/M00/00/0D/dD4ZgFnPEZaAc3g6AAG9BtjC9zs044.png?width=1068&amp;height=1009\"]',0,1,1,'2017-09-30 11:37:58',385,'2017-09-30 11:37:58',385),(1230,46,385,'*急急急*|*/activity/activity-detail/128*|我发起了活动%s,快来看看吧!','','[]',0,1,2,'2017-09-30 11:39:40',385,'2017-09-30 11:39:40',385),(1231,47,384,'发几张图片','','[\"http://img1.izuqun.com/fastdfs/M00/00/0E/dD4ZgFnPIOaAMBb4AAagqItz-U8499.jpg?width=720&amp;height=1280\",\"http://img1.izuqun.com/fastdfs/M00/00/0E/dD4ZgFnPIO2AX23aAAd3fP5prr4902.jpg?width=1080&amp;height=1920\"]',0,0,1,'2017-09-30 12:43:33',384,'2017-09-30 12:43:33',384),(1232,47,384,'9999','','[\"http://img1.izuqun.com/fastdfs/M00/00/0E/dD4ZgFnPIaaAafSgAAMH_TYU_DA948.jpg?width=500&amp;height=750\",\"http://img1.izuqun.com/fastdfs/M00/00/0E/dD4ZgFnPIaqANxeCAAgTikctKFM337.jpg?width=800&amp;height=600\",\"http://img1.izuqun.com/fastdfs/M00/00/0E/dD4ZgFnPIayAdWx3AAMH_TYU_DA845.jpg?width=500&amp;height=750\",\"http://img1.izuqun.com/fastdfs/M00/00/0E/dD4ZgFnPIbCAF2iuAAhW22v9Oiw626.jpg?width=800&amp;height=1067\"]',0,0,1,'2017-09-30 12:46:45',384,'2017-09-30 12:46:45',384),(1233,47,384,'ddddddddddd','','[\"http://img1.izuqun.com/fastdfs/M00/00/0E/dD4ZgFnPJYaAa4RQAAD97r3TVH4875.jpg?width=813&amp;height=966\"]',0,0,1,'2017-09-30 13:03:06',384,'2017-09-30 13:03:06',384),(1234,44,380,'哈哈哈','','[\"http://img1.izuqun.com/fastdfs/M00/00/0E/dD4ZgFnPMpuAQ1krAAFbdC7JUiU698.png?width=1080&amp;height=1920\"]',3,0,1,'2017-09-30 13:58:52',380,'2017-09-30 13:58:52',380),(1235,47,384,'*798787987879878*|*/activity/activity-detail/129*|我发起了活动%s,快来看看吧!','','[]',0,0,2,'2017-09-30 14:16:06',384,'2017-09-30 14:16:06',384),(1236,47,384,'*123*|*/activity/activity-detail/130*|我发起了活动%s,快来看看吧!','','[]',1,0,2,'2017-09-30 14:27:02',384,'2017-09-30 14:27:02',384),(1237,47,384,'111111111111111111111111111111111111111111111111111111111111111111111111111111111111111111111111111111111111111111111111111111111111111111111111111111111111111111111111111111111111111111111111111111111111111111111111111111111111111111111111','','[]',8,0,1,'2017-09-30 15:59:09',384,'2017-09-30 15:59:09',384),(1238,47,384,'?','','[]',0,0,1,'2017-09-30 16:03:25',384,'2017-09-30 16:03:25',384),(1239,47,384,'购房人购房人购房人购房人购房人购房人购房人购房人购房人购房人购房人购房人购房人购房人购房人购房人购房人购房人购房人购房人股份认购肥嘟嘟嘟嘟嘟嘟的点点滴滴点点滴滴点点滴滴点点滴滴点点滴滴点点滴滴点点滴滴点点滴滴点点滴滴点点滴滴点点滴滴点点滴滴点点滴滴点点滴滴 盛大岁的反反复复反反复复反反复复反反复复反反复复','','[]',0,0,1,'2017-09-30 16:23:04',384,'2017-09-30 16:23:04',384),(1240,48,391,'哈哈哈哈','','[]',0,0,1,'2017-09-30 17:00:43',391,'2017-09-30 17:00:43',391),(1241,42,377,'gshhshsg','','[\"http://img1.izuqun.com/fastdfs/M00/00/0E/dD4ZgFnPXmGASGQTAAA06meSjCI630.png?width=160&amp;height=160\"]',1,1,1,'2017-09-30 17:05:38',377,'2017-09-30 17:05:38',377),(1242,45,1,'国庆节之前出包，然而基础功能没有加入进去。。。呃呃呃?','','[]',0,0,1,'2017-09-30 20:27:07',1,'2017-09-30 20:27:07',1),(1243,49,393,'回家了！','','[\"http://img1.izuqun.com/fastdfs/M00/00/0E/dD4ZgFnPqh6AftcuAANw6hJgbYs617.png?width=1920&amp;height=1080\",\"http://img1.izuqun.com/fastdfs/M00/00/0E/dD4ZgFnPqh6AOURHAAKs44PN5yU231.png?width=1920&amp;height=1080\"]',0,0,1,'2017-09-30 22:28:46',393,'2017-09-30 22:28:46',393),(1244,49,393,'回家啦','','[\"http://img1.izuqun.com/fastdfs/M00/00/0E/dD4ZgFnPqjWAHhr0AANw6hJgbYs389.png?width=1920&amp;height=1080\",\"http://img1.izuqun.com/fastdfs/M00/00/0E/dD4ZgFnPqjWAdX1WAAKs44PN5yU494.png?width=1920&amp;height=1080\"]',0,0,1,'2017-09-30 22:29:09',393,'2017-09-30 22:29:09',393),(1245,45,1,'回家了','','[\"http://img1.izuqun.com/fastdfs/M00/00/0E/dD4ZgFnPqnKAJaSQAAkJGx4FUXo004.png?width=1440&amp;height=2560\",\"http://img1.izuqun.com/fastdfs/M00/00/0E/dD4ZgFnPqnKAC_zPAAFxrH1NZVs859.png?width=480&amp;height=648\"]',0,0,1,'2017-09-30 22:30:10',1,'2017-09-30 22:30:10',1),(1246,42,377,'赛车','','[\"http://img1.izuqun.com/fastdfs/M00/00/0E/dD4ZgFnPqnWAWSI8AAAU2MO8sxU986.png?width=138&amp;height=138\"]',1,0,1,'2017-09-30 22:30:14',377,'2017-09-30 22:30:14',377),(1247,45,1,'去台北的飞机上','','[\"http://img1.izuqun.com/fastdfs/M00/00/0E/dD4ZgFnQhz2AbJY-AGRUshd1Pqg867.png?width=2976&amp;height=3968\"]',0,0,1,'2017-10-01 14:12:14',1,'2017-10-01 14:12:14',1),(1248,45,1,'照片小一点，能看得到了么？','','[\"http://img1.izuqun.com/fastdfs/M00/00/0E/dD4ZgFnQiLyAbWwzAAFPQJbXMYA549.png?width=1080&amp;height=1440\"]',0,0,1,'2017-10-01 14:18:36',1,'2017-10-01 14:18:36',1),(1249,45,1,'台北飞机上。有爱的妮妮','','[]',0,0,1,'2017-10-01 14:33:48',1,'2017-10-01 14:33:48',1),(1250,45,1,'上海飞台北桃源。准备起飞','','[]',0,1,1,'2017-10-01 14:36:51',1,'2017-10-01 14:36:51',1),(1251,45,1,'飞机上无聊测试一下','','[\"http://img1.izuqun.com/fastdfs/M00/00/0E/dD4ZgFnQjZqAR47EABQVzxzosHQ500.png?width=1440&amp;height=1440\"]',0,0,1,'2017-10-01 14:39:22',1,'2017-10-01 14:39:22',1),(1252,50,2,'台湾我来了。','','[\"http://img1.izuqun.com/fastdfs/M00/00/0E/dD4ZgFnQvNWADyR4AAi9XFEJZG460.jpeg?width=720&amp;height=1280\"]',0,0,1,'2017-10-01 18:00:54',2,'2017-10-01 18:00:54',2),(1253,50,2,'到达神旺酒单，有点旧，但是很干净?','','[]',0,1,1,'2017-10-01 18:45:31',2,'2017-10-01 18:45:31',2),(1254,45,1,'*到大姨家吃饭*|*/activity/activity-detail/131*|我发起了活动%s,快来看看吧!','','[]',0,0,2,'2017-10-07 14:16:25',1,'2017-10-07 14:16:25',1),(1255,47,384,'*活动一*|*/activity/activity-detail/132*|我发起了活动%s,快来看看吧!','','[]',0,0,2,'2017-10-09 09:58:11',384,'2017-10-09 09:58:11',384),(1256,50,2,'11112','','[]',0,0,1,'2017-10-09 12:38:07',2,'2017-10-09 12:38:07',2),(1259,47,384,'*活动一*|*/activity/activity-detail/133*|我发起了活动%s,快来看看吧!','','[]',0,0,2,'2017-10-11 09:31:57',384,'2017-10-11 09:31:57',384),(1260,47,384,'?','','[]',0,0,1,'2017-10-11 11:13:06',384,'2017-10-11 11:13:06',384),(1261,47,384,'789','','[\"http://img1.izuqun.com/fastdfs/M00/00/0F/dD4ZgFndjE2AE9cjAAF7s7Kjgn8434.jpg?width=475&amp;height=600\"]',0,0,1,'2017-10-11 11:13:23',384,'2017-10-11 11:13:23',384),(1262,42,377,'22222','','[\"http://img1.izuqun.com/fastdfs/M00/00/12/dD4ZgFnfRviAVa_AAARNF90R2EQ070.jpg?width=900&amp;height=600\"]',1,0,1,'2017-10-12 18:42:04',377,'2017-10-12 18:42:04',377),(1263,47,384,'*活动一*|*/activity/activity-detail/134*|我发起了活动%s,快来看看吧!','','[]',0,0,2,'2017-10-13 16:32:58',384,'2017-10-13 16:32:58',384),(1264,51,400,'刚果共和国哈哈哈','','[\"http://img1.izuqun.com/fastdfs/M00/00/16/dD4ZgFnqCsGAe-mXAACsKDnwVog673.png?width=600&amp;height=338\"]',0,0,1,'2017-10-20 22:40:01',400,'2017-10-20 22:40:01',400),(1265,42,377,'哈哈哈','','[\"http://img1.izuqun.com/fastdfs/M00/00/16/dD4ZgFnq50iAXjm3AAEc_MmjTjo459.png?width=525&amp;height=960\"]',0,0,1,'2017-10-21 14:20:56',377,'2017-10-21 14:20:56',377);
/*!40000 ALTER TABLE `gener_zonePost` ENABLE KEYS */;
UNLOCK TABLES;
/*!40103 SET TIME_ZONE=@OLD_TIME_ZONE */;

/*!40101 SET SQL_MODE=@OLD_SQL_MODE */;
/*!40014 SET FOREIGN_KEY_CHECKS=@OLD_FOREIGN_KEY_CHECKS */;
/*!40014 SET UNIQUE_CHECKS=@OLD_UNIQUE_CHECKS */;
/*!40101 SET CHARACTER_SET_CLIENT=@OLD_CHARACTER_SET_CLIENT */;
/*!40101 SET CHARACTER_SET_RESULTS=@OLD_CHARACTER_SET_RESULTS */;
/*!40101 SET COLLATION_CONNECTION=@OLD_COLLATION_CONNECTION */;
/*!40111 SET SQL_NOTES=@OLD_SQL_NOTES */;

-- Dump completed on 2017-10-23 10:12:27
