-- MySQL dump 10.13  Distrib 5.7.17, for Linux (x86_64)
--
-- Host: 120.26.103.174    Database: family
-- ------------------------------------------------------
-- Server version	5.5.53-0ubuntu0.12.04.1

/*!40101 SET @OLD_CHARACTER_SET_CLIENT=@@CHARACTER_SET_CLIENT */;
/*!40101 SET @OLD_CHARACTER_SET_RESULTS=@@CHARACTER_SET_RESULTS */;
/*!40101 SET @OLD_COLLATION_CONNECTION=@@COLLATION_CONNECTION */;
/*!40101 SET NAMES utf8 */;
/*!40103 SET @OLD_TIME_ZONE=@@TIME_ZONE */;
/*!40103 SET TIME_ZONE='+00:00' */;
/*!40014 SET @OLD_UNIQUE_CHECKS=@@UNIQUE_CHECKS, UNIQUE_CHECKS=0 */;
/*!40014 SET @OLD_FOREIGN_KEY_CHECKS=@@FOREIGN_KEY_CHECKS, FOREIGN_KEY_CHECKS=0 */;
/*!40101 SET @OLD_SQL_MODE=@@SQL_MODE, SQL_MODE='NO_AUTO_VALUE_ON_ZERO' */;
/*!40111 SET @OLD_SQL_NOTES=@@SQL_NOTES, SQL_NOTES=0 */;

--
-- Table structure for table `gener_eventEditHistory`
--

DROP TABLE IF EXISTS `gener_eventEditHistory`;
/*!40101 SET @saved_cs_client     = @@character_set_client */;
/*!40101 SET character_set_client = utf8 */;
CREATE TABLE `gener_eventEditHistory` (
  `id` int(50) NOT NULL AUTO_INCREMENT,
  `eventId` int(30) NOT NULL,
  `exp_time` date NOT NULL,
  `exp_name` varchar(100) NOT NULL,
  `exp_content` text NOT NULL,
  `edit_type` int(10) NOT NULL,
  `writer` int(30) NOT NULL,
  `create_by` int(30) NOT NULL,
  `create_time` datetime NOT NULL,
  `update_by` int(30) NOT NULL,
  `update_time` datetime NOT NULL,
  PRIMARY KEY (`id`)
) ENGINE=InnoDB AUTO_INCREMENT=19 DEFAULT CHARSET=utf8;
/*!40101 SET character_set_client = @saved_cs_client */;

--
-- Dumping data for table `gener_eventEditHistory`
--

LOCK TABLES `gener_eventEditHistory` WRITE;
/*!40000 ALTER TABLE `gener_eventEditHistory` DISABLE KEYS */;
INSERT INTO `gener_eventEditHistory` VALUES (1,25,'2016-02-02','','经历的内容经历的内容经历的内容经历的内容经历的内容经历的内容经历的内容经历的内容',0,2,2,'2016-12-17 18:25:06',2,'2016-12-17 18:25:06'),(2,26,'2016-02-02','','经历的内容经历的内容经历的内容经历的内容经历的内容经历的内容经历的内容经历的内容',0,2,2,'2016-12-17 18:25:17',2,'2016-12-17 18:25:17'),(3,18,'2016-01-09','','更改事件内容更改事件内容更改事件内容更改事件内容',1,2,2,'2016-12-17 18:30:54',2,'2016-12-17 18:30:54'),(4,27,'2016-02-02','','经历的内容经历的内容经历的内容经历的内容经历的内容经历的内容经历的内容经历的内容',0,2,2,'2017-01-12 15:23:33',2,'2017-01-12 15:23:33'),(5,27,'2016-01-09','','更改事件内容更改事件内容更改事件内容更改事件内容',1,2,2,'2017-01-12 15:26:21',2,'2017-01-12 15:26:21'),(6,27,'2016-02-02','经历标题','经历的内容经历的内容经历的内容经历的内容经历的内容经历的内容经历的内容经历的内容',0,2,2,'2017-02-10 11:11:21',2,'2017-02-10 11:11:21'),(7,27,'2016-01-09','更改事件内容更改事件内容更改事件内容更改事件内容','0',1,0,0,'0000-00-00 00:00:00',0,'0000-00-00 00:00:00'),(8,27,'2016-01-09','','更改事件内容更改事件内容更改事件内容更改事件内容',1,2,2,'2017-02-10 11:14:02',2,'2017-02-10 11:14:02'),(9,27,'2016-01-09','','更改事件内容更改事件内容更改事件内容更改事件内容',1,2,2,'2017-02-10 11:14:20',2,'2017-02-10 11:14:20'),(10,27,'2016-01-09','事件标题1111','更改事件内容更改事件内容更改事件内容更改事件内容',1,2,2,'2017-02-10 11:16:24',2,'2017-02-10 11:16:24'),(11,28,'2017-01-01','111','111',0,171,171,'2017-02-22 17:01:32',171,'2017-02-22 17:01:32'),(12,29,'2017-05-05','vgvt','gvt',0,171,171,'2017-02-28 10:06:53',171,'2017-02-28 10:06:53'),(13,30,'2017-01-01','1','1',0,171,171,'2017-02-28 15:37:01',171,'2017-02-28 15:37:01'),(14,31,'2017-01-01','tdtxt','dtdtxr',0,171,171,'2017-02-28 15:55:47',171,'2017-02-28 15:55:47'),(15,32,'2017-02-02','2','2',0,171,171,'2017-02-28 17:27:01',171,'2017-02-28 17:27:01'),(16,32,'2017-02-02','fgcgdg2','2',1,171,171,'2017-03-01 14:45:20',171,'2017-03-01 14:45:20'),(17,32,'2017-04-02','fgcgdg2','dyfgdg',1,171,171,'2017-03-01 15:52:56',171,'2017-03-01 15:52:56'),(18,33,'2017-01-01','十年后购房团','吃太多飞车',0,171,171,'2017-03-01 16:50:46',171,'2017-03-01 16:50:46');
/*!40000 ALTER TABLE `gener_eventEditHistory` ENABLE KEYS */;
UNLOCK TABLES;

--
-- Table structure for table `gener_familyAdmin`
--

DROP TABLE IF EXISTS `gener_familyAdmin`;
/*!40101 SET @saved_cs_client     = @@character_set_client */;
/*!40101 SET character_set_client = utf8 */;
CREATE TABLE `gener_familyAdmin` (
  `id` int(30) NOT NULL AUTO_INCREMENT,
  `familyId` int(30) NOT NULL,
  `adminId` int(30) NOT NULL,
  `create_by` int(30) NOT NULL,
  `create_time` datetime NOT NULL,
  `update_by` int(30) NOT NULL,
  `update_time` datetime NOT NULL,
  PRIMARY KEY (`id`)
) ENGINE=InnoDB AUTO_INCREMENT=17 DEFAULT CHARSET=utf8;
/*!40101 SET character_set_client = @saved_cs_client */;

--
-- Dumping data for table `gener_familyAdmin`
--

LOCK TABLES `gener_familyAdmin` WRITE;
/*!40000 ALTER TABLE `gener_familyAdmin` DISABLE KEYS */;
INSERT INTO `gener_familyAdmin` VALUES (1,29,4,2,'2017-02-08 13:12:54',2,'2017-02-08 13:12:54'),(3,29,3,2,'2017-02-08 12:36:32',2,'2017-02-08 12:36:32'),(4,97,2,2,'2017-02-08 12:54:59',2,'2017-02-08 12:54:59'),(5,29,2,2,'2017-02-08 12:54:59',2,'2017-02-08 12:54:59'),(7,98,2,2,'2017-02-13 16:03:46',2,'2017-02-13 16:03:46'),(8,99,200,200,'2017-02-13 16:05:38',200,'2017-02-13 16:05:38'),(9,100,185,185,'2017-02-17 14:12:30',185,'2017-02-17 14:12:30'),(10,101,171,171,'2017-02-17 17:09:52',171,'2017-02-17 17:09:52'),(11,68,3,3,'2017-02-08 13:12:54',3,'2017-02-08 13:12:54'),(12,68,192,3,'0000-00-00 00:00:00',3,'2017-02-08 13:12:54'),(13,102,3,3,'2017-02-17 17:39:18',3,'2017-02-17 17:39:18'),(14,103,171,171,'2017-02-21 18:16:09',171,'2017-02-21 18:16:09'),(15,104,171,171,'2017-02-22 14:43:35',171,'2017-02-22 14:43:35'),(16,105,171,171,'2017-02-28 11:03:59',171,'2017-02-28 11:03:59');
/*!40000 ALTER TABLE `gener_familyAdmin` ENABLE KEYS */;
UNLOCK TABLES;

--
-- Table structure for table `gener_familyNews`
--

DROP TABLE IF EXISTS `gener_familyNews`;
/*!40101 SET @saved_cs_client     = @@character_set_client */;
/*!40101 SET character_set_client = utf8 */;
CREATE TABLE `gener_familyNews` (
  `id` int(11) NOT NULL AUTO_INCREMENT,
  `familyId` int(30) NOT NULL,
  `module` varchar(100) NOT NULL,
  `operatorId` int(30) NOT NULL,
  `thingId` int(30) NOT NULL COMMENT '存储的是被操作的事物的id',
  `thing_name` varchar(100) NOT NULL,
  `extra_info1` varchar(255) DEFAULT NULL COMMENT '额外信息1，例如某人为某人增加了照片，可以在这里存放照片的路径',
  `extra_info2` varchar(255) DEFAULT NULL COMMENT '额外信息2',
  `create_by` int(30) NOT NULL,
  `create_time` datetime NOT NULL,
  `update_by` int(30) NOT NULL,
  `update_time` datetime NOT NULL,
  PRIMARY KEY (`id`)
) ENGINE=InnoDB AUTO_INCREMENT=961 DEFAULT CHARSET=utf8;
/*!40101 SET character_set_client = @saved_cs_client */;

--
-- Dumping data for table `gener_familyNews`
--

LOCK TABLES `gener_familyNews` WRITE;
/*!40000 ALTER TABLE `gener_familyNews` DISABLE KEYS */;
INSERT INTO `gener_familyNews` VALUES (1,29,'MODULE_PERSON_ADDPHOTO',2,211,'祖父','/images/upload/14866934992017-01-06 18-26-03屏幕截图.png','',2,'2017-02-10 10:24:59',2,'2017-02-10 10:24:59'),(2,29,'MODULE_PERSON_ADDRELATEPERSON',2,369,'祖父配偶','','',2,'2017-02-10 10:28:28',2,'2017-02-10 10:28:28'),(3,29,'MODULE_PERSON_EDITPERSON',2,369,'祖父的配偶','','',2,'2017-02-10 10:29:34',2,'2017-02-10 10:29:34'),(4,29,'MODULE_PERSON_EDITPERSON',2,369,'祖父的配偶','','',2,'2017-02-10 10:29:42',2,'2017-02-10 10:29:42'),(8,29,'MODULE_PERSON_DELETEPERSON',2,150,'姐妹3','','',2,'2017-02-10 10:33:22',2,'2017-02-10 10:33:22'),(9,29,'MODULE_PERSON_ADDEVENT',2,27,'经历标题','','',2,'2017-02-10 11:11:21',2,'2017-02-10 11:11:21'),(10,29,'MODULE_PERSON_UPDATEEVENT',2,27,'经历标题','','',2,'2017-02-10 11:12:35',2,'2017-02-10 11:12:35'),(13,29,'MODULE_PERSON_UPDATEEVENT',2,27,'事件标题1111','','',2,'2017-02-10 11:16:24',2,'2017-02-10 11:16:24'),(14,29,'MODULE_PERSON_DELETEEVENT',2,27,'事件标题1111','','',2,'2017-02-10 11:16:56',2,'2017-02-10 11:16:56'),(15,29,'MODULE_ZONE_ADDZONE',2,8,'空间描述','','',2,'2017-02-10 11:50:21',2,'2017-02-10 11:50:21'),(16,73,'MODULE_ZONE_ADDZONE',2,8,'空间描述','','',2,'2017-02-10 11:50:21',2,'2017-02-10 11:50:21'),(18,84,'MODULE_ZONE_ADDZONE',2,8,'空间描述','','',2,'2017-02-10 11:50:21',2,'2017-02-10 11:50:21'),(19,85,'MODULE_ZONE_ADDZONE',2,8,'空间描述','','',2,'2017-02-10 11:50:21',2,'2017-02-10 11:50:21'),(20,97,'MODULE_ZONE_ADDZONE',2,8,'空间描述','','',2,'2017-02-10 11:50:21',2,'2017-02-10 11:50:21'),(27,29,'MODULE_ZONE_ADDPOST',2,16,'内容','地址','',2,'2017-02-10 11:55:30',2,'2017-02-10 11:55:30'),(28,73,'MODULE_ZONE_ADDPOST',2,16,'内容','地址','',2,'2017-02-10 11:55:30',2,'2017-02-10 11:55:30'),(29,83,'MODULE_ZONE_ADDPOST',2,16,'内容','地址','',2,'2017-02-10 11:55:30',2,'2017-02-10 11:55:30'),(30,84,'MODULE_ZONE_ADDPOST',2,16,'内容','地址','',2,'2017-02-10 11:55:30',2,'2017-02-10 11:55:30'),(31,85,'MODULE_ZONE_ADDPOST',2,16,'内容','地址','',2,'2017-02-10 11:55:30',2,'2017-02-10 11:55:30'),(32,97,'MODULE_ZONE_ADDPOST',2,16,'内容','地址','',2,'2017-02-10 11:55:30',2,'2017-02-10 11:55:30'),(33,29,'MODULE_ZONE_UPDATEPOST',2,16,'推文内容修改','修改地址','',2,'2017-02-10 11:56:10',2,'2017-02-10 11:56:10'),(34,73,'MODULE_ZONE_UPDATEPOST',2,16,'推文内容修改','修改地址','',2,'2017-02-10 11:56:10',2,'2017-02-10 11:56:10'),(35,83,'MODULE_ZONE_UPDATEPOST',2,16,'推文内容修改','修改地址','',2,'2017-02-10 11:56:10',2,'2017-02-10 11:56:10'),(36,84,'MODULE_ZONE_UPDATEPOST',2,16,'推文内容修改','修改地址','',2,'2017-02-10 11:56:10',2,'2017-02-10 11:56:10'),(37,85,'MODULE_ZONE_UPDATEPOST',2,16,'推文内容修改','修改地址','',2,'2017-02-10 11:56:10',2,'2017-02-10 11:56:10'),(38,97,'MODULE_ZONE_UPDATEPOST',2,16,'推文内容修改','修改地址','',2,'2017-02-10 11:56:10',2,'2017-02-10 11:56:10'),(39,73,'MODULE_PERSON_ADDRELATEPERSON',2,370,'配偶','','',2,'2017-02-13 16:00:36',2,'2017-02-13 16:00:36'),(40,98,'MODULE_PERSON_ADDPHOTO',2,371,'测试','/images/upload/14869730442017-01-06 18-26-03屏幕截图.png','',2,'2017-02-13 16:04:04',2,'2017-02-13 16:04:04'),(41,98,'MODULE_PERSON_ADDPHOTO',2,371,'测试','/images/upload/14869730472017-01-06 18-26-03屏幕截图.png','',2,'2017-02-13 16:04:07',2,'2017-02-13 16:04:07'),(42,99,'MODULE_PERSON_ADDRELATEPERSON',200,373,'儿子','','',200,'2017-02-13 16:05:56',200,'2017-02-13 16:05:56'),(43,99,'MODULE_PERSON_ADDPHOTO',200,372,'江','/images/upload/14869731632017-01-06 18-26-03屏幕截图.png','',200,'2017-02-13 16:06:03',200,'2017-02-13 16:06:03'),(44,29,'MODULE_PERSON_ADDPHOTO',2,369,'祖父的配偶','/images/upload/14869766452017-01-06 18-26-03屏幕截图.png','',2,'2017-02-13 17:04:05',2,'2017-02-13 17:04:05'),(45,29,'MODULE_PERSON_ADDPHOTO',2,369,'祖父的配偶','/images/upload/14869767642017-01-06 18-26-03屏幕截图.png','',2,'2017-02-13 17:06:04',2,'2017-02-13 17:06:04'),(46,29,'MODULE_PERSON_ADDPHOTO',2,369,'祖父的配偶','/images/upload/14869767682017-01-06 18-26-03屏幕截图.png','',2,'2017-02-13 17:06:08',2,'2017-02-13 17:06:08'),(47,29,'MODULE_PERSON_ADDPHOTO',2,211,'祖父','/images/upload/14869768602017-01-06 18-26-03屏幕截图.png','',2,'2017-02-13 17:07:40',2,'2017-02-13 17:07:40'),(48,29,'MODULE_PERSON_ADDPHOTO',2,142,'父亲','/images/upload/14869768932017-01-06 18-26-03屏幕截图.png','',2,'2017-02-13 17:08:13',2,'2017-02-13 17:08:13'),(49,29,'MODULE_PERSON_ADDPHOTO',2,142,'父亲','/images/upload/14869769212017-01-06 18-26-03屏幕截图.png','',2,'2017-02-13 17:08:41',2,'2017-02-13 17:08:41'),(50,29,'MODULE_PERSON_ADDPHOTO',2,144,'母亲','/images/upload/14869769322017-01-06 18-26-03屏幕截图.png','',2,'2017-02-13 17:08:52',2,'2017-02-13 17:08:52'),(53,73,'MODULE_PERSON_ADDRELATEPERSON',2,374,'父亲的父亲','','',2,'2017-02-14 17:10:02',2,'2017-02-14 17:10:02'),(54,93,'MODULE_PERSON_ADDPHOTO',171,322,'周爸','/images/upload/1487064153rrgaos29.jpg','',171,'2017-02-14 17:22:33',171,'2017-02-14 17:22:33'),(55,93,'MODULE_PERSON_ADDRELATEPERSON',171,375,'子2','','',171,'2017-02-14 17:24:18',171,'2017-02-14 17:24:18'),(56,73,'MODULE_PERSON_ADDRELATEPERSON',2,376,'父亲的父亲的父亲','','',2,'2017-02-14 17:36:50',2,'2017-02-14 17:36:50'),(57,73,'MODULE_PERSON_ADDRELATEPERSON',2,377,'测试同性','','',2,'2017-02-15 13:58:30',2,'2017-02-15 13:58:30'),(58,29,'MODULE_PERSON_ADDRELATEPERSON',2,378,'兄弟','','',2,'2017-02-15 16:31:36',2,'2017-02-15 16:31:36'),(59,29,'MODULE_PERSON_ADDPHOTO',2,211,'祖父','/images/upload/14872117502017-02-14 14-18-42屏幕截图.png','',2,'2017-02-16 10:22:30',2,'2017-02-16 10:22:30'),(60,29,'MODULE_PERSON_ADDPHOTO',2,369,'祖父的配偶','/images/upload/14872118182017-01-06 14-30-49屏幕截图.png','',2,'2017-02-16 10:23:38',2,'2017-02-16 10:23:38'),(62,29,'MODULE_PERSON_ADDPHOTO',2,142,'父亲','/images/upload/14872128832017-02-14 14-18-42屏幕截图.png','',2,'2017-02-16 10:41:23',2,'2017-02-16 10:41:23'),(63,29,'MODULE_PERSON_ADDPHOTO',2,144,'母亲','/images/upload/14872133262017-02-14 14-18-42屏幕截图.png','',2,'2017-02-16 10:48:46',2,'2017-02-16 10:48:46'),(64,29,'MODULE_PERSON_ADDPHOTO',2,145,'兄弟1','/images/upload/14872134372017-02-14 14-18-42屏幕截图.png','',2,'2017-02-16 10:50:37',2,'2017-02-16 10:50:37'),(65,29,'MODULE_PERSON_ADDPHOTO',2,213,'配偶','/images/upload/14872134662017-02-14 14-18-42屏幕截图.png','',2,'2017-02-16 10:51:06',2,'2017-02-16 10:51:06'),(66,91,'MODULE_PERSON_ADDPHOTO',171,310,'周妈','/images/upload/1487219590test.jpg','',171,'2017-02-16 12:33:10',171,'2017-02-16 12:33:10'),(67,91,'MODULE_PERSON_ADDPHOTO',171,310,'周妈','/images/upload/1487219795test.jpg','',171,'2017-02-16 12:36:35',171,'2017-02-16 12:36:35'),(68,93,'MODULE_PERSON_ADDPHOTO',171,322,'周爸','/images/upload/1487224888test.jpg','',171,'2017-02-16 14:01:28',171,'2017-02-16 14:01:28'),(69,29,'MODULE_PERSON_ADDPHOTO',2,142,'父亲','/images/upload/14872286301.png','',2,'2017-02-16 15:03:50',2,'2017-02-16 15:03:50'),(70,93,'MODULE_PERSON_ADDPHOTO',171,322,'周爸','/images/upload/1487228963rrgaos29.jpg','',171,'2017-02-16 15:09:23',171,'2017-02-16 15:09:23'),(71,93,'MODULE_PERSON_ADDPHOTO',171,322,'周爸','/images/upload/1487229019rrgaos29.jpg','',171,'2017-02-16 15:10:19',171,'2017-02-16 15:10:19'),(72,93,'MODULE_PERSON_ADDPHOTO',171,323,'周妈','/images/upload/1487229707test.jpg','',171,'2017-02-16 15:21:47',171,'2017-02-16 15:21:47'),(73,93,'MODULE_PERSON_ADDPHOTO',171,323,'周妈','/images/upload/1487230270test.jpg','',171,'2017-02-16 15:31:10',171,'2017-02-16 15:31:10'),(74,29,'MODULE_PERSON_ADDPHOTO',2,211,'祖父','/images/upload/14872310741.png','',2,'2017-02-16 15:44:34',2,'2017-02-16 15:44:34'),(76,29,'MODULE_PERSON_ADDPHOTO',2,211,'祖父','/images/upload/1487231158hahahahahahahahahahh.png','',2,'2017-02-16 15:45:58',2,'2017-02-16 15:45:58'),(77,29,'MODULE_PERSON_ADDPHOTO',2,211,'祖父','/images/upload/1487231206hahahahahahahahahahh.png','',2,'2017-02-16 15:46:46',2,'2017-02-16 15:46:46'),(78,29,'MODULE_PERSON_ADDPHOTO',2,211,'祖父','/images/upload/1487231255hahahahahahahahahahh.png','',2,'2017-02-16 15:47:35',2,'2017-02-16 15:47:35'),(79,29,'MODULE_PERSON_ADDPHOTO',2,211,'祖父','/images/upload/1487231370hahahahahahahahahahh.png','',2,'2017-02-16 15:49:29',2,'2017-02-16 15:49:29'),(83,29,'MODULE_PERSON_EDITPERSON',2,378,'兄弟','','',2,'2017-02-16 16:29:07',2,'2017-02-16 16:29:07'),(84,93,'MODULE_PERSON_ADDPHOTO',171,321,'周','/images/upload/1487237605test.jpg','',171,'2017-02-16 17:33:25',171,'2017-02-16 17:33:25'),(85,93,'MODULE_PERSON_ADDPHOTO',171,325,'周姐','/images/upload/1487237619test.jpg','',171,'2017-02-16 17:33:39',171,'2017-02-16 17:33:39'),(87,81,'MODULE_PERSON_EDITPERSON',171,258,'周兄','','',171,'2017-02-17 12:31:21',171,'2017-02-17 12:31:21'),(89,77,'MODULE_ZONE_ADDZONE',171,9,'gfgdg','','',171,'2017-02-17 13:13:41',171,'2017-02-17 13:13:41'),(91,79,'MODULE_ZONE_ADDZONE',171,9,'gfgdg','','',171,'2017-02-17 13:13:41',171,'2017-02-17 13:13:41'),(92,80,'MODULE_ZONE_ADDZONE',171,9,'gfgdg','','',171,'2017-02-17 13:13:41',171,'2017-02-17 13:13:41'),(94,82,'MODULE_ZONE_ADDZONE',171,9,'gfgdg','','',171,'2017-02-17 13:13:41',171,'2017-02-17 13:13:41'),(95,87,'MODULE_ZONE_ADDZONE',171,9,'gfgdg','','',171,'2017-02-17 13:13:41',171,'2017-02-17 13:13:41'),(97,90,'MODULE_ZONE_ADDZONE',171,9,'gfgdg','','',171,'2017-02-17 13:13:41',171,'2017-02-17 13:13:41'),(98,91,'MODULE_ZONE_ADDZONE',171,9,'gfgdg','','',171,'2017-02-17 13:13:41',171,'2017-02-17 13:13:41'),(99,93,'MODULE_ZONE_ADDZONE',171,9,'gfgdg','','',171,'2017-02-17 13:13:41',171,'2017-02-17 13:13:41'),(100,93,'MODULE_PERSON_EDITPERSON',171,321,'周','','',171,'2017-02-17 14:46:38',171,'2017-02-17 14:46:38'),(101,93,'MODULE_PERSON_DELETEPERSON',171,321,'周','','',171,'2017-02-17 14:46:44',171,'2017-02-17 14:46:44'),(102,93,'MODULE_PERSON_DELETEPERSON',171,375,'子2','','',171,'2017-02-17 14:46:59',171,'2017-02-17 14:46:59'),(103,79,'MODULE_PERSON_DELETEPERSON',171,304,'周妈','','',171,'2017-02-17 14:47:30',171,'2017-02-17 14:47:30'),(104,79,'MODULE_PERSON_DELETEPERSON',171,305,'周爸','','',171,'2017-02-17 14:47:40',171,'2017-02-17 14:47:40'),(105,79,'MODULE_PERSON_DELETEPERSON',171,247,'周','','',171,'2017-02-17 14:47:49',171,'2017-02-17 14:47:49'),(106,77,'MODULE_PERSON_DELETEPERSON',171,242,'子','','',171,'2017-02-17 15:03:54',171,'2017-02-17 15:03:54'),(107,101,'MODULE_PERSON_ADDRELATEPERSON',171,381,'周爸','','',171,'2017-02-17 17:10:39',171,'2017-02-17 17:10:39'),(108,101,'MODULE_PERSON_ADDRELATEPERSON',171,382,'周妈','','',171,'2017-02-17 17:10:54',171,'2017-02-17 17:10:54'),(109,101,'MODULE_PERSON_ADDRELATEPERSON',171,383,'周兄','','',171,'2017-02-17 17:11:00',171,'2017-02-17 17:11:00'),(110,101,'MODULE_PERSON_ADDRELATEPERSON',171,384,'周弟','','',171,'2017-02-17 17:11:11',171,'2017-02-17 17:11:11'),(111,101,'MODULE_PERSON_DELETEPERSON',171,383,'周兄','','',171,'2017-02-17 17:11:24',171,'2017-02-17 17:11:24'),(112,101,'MODULE_PERSON_ADDRELATEPERSON',171,385,'周兄','','',171,'2017-02-17 17:11:37',171,'2017-02-17 17:11:37'),(113,101,'MODULE_PERSON_ADDRELATEPERSON',171,386,'周姐','','',171,'2017-02-17 17:11:45',171,'2017-02-17 17:11:45'),(114,101,'MODULE_PERSON_ADDRELATEPERSON',171,387,'周妹','','',171,'2017-02-17 17:11:57',171,'2017-02-17 17:11:57'),(115,101,'MODULE_PERSON_ADDRELATEPERSON',171,388,'妻','','',171,'2017-02-17 17:12:21',171,'2017-02-17 17:12:21'),(116,101,'MODULE_PERSON_ADDRELATEPERSON',171,389,'子','','',171,'2017-02-17 17:13:50',171,'2017-02-17 17:13:50'),(117,101,'MODULE_PERSON_ADDRELATEPERSON',171,390,'女儿','','',171,'2017-02-17 17:22:30',171,'2017-02-17 17:22:30'),(118,102,'MODULE_PERSON_ADDRELATEPERSON',3,392,'赵贵生','','',3,'2017-02-17 17:39:59',3,'2017-02-17 17:39:59'),(119,101,'MODULE_PERSON_ADDPHOTO',171,388,'妻','/images/upload/1487324462test.jpg','',171,'2017-02-17 17:41:02',171,'2017-02-17 17:41:02'),(120,102,'MODULE_PERSON_ADDRELATEPERSON',3,393,'赵经国','','',3,'2017-02-17 17:42:17',3,'2017-02-17 17:42:17'),(121,101,'MODULE_PERSON_EDITPERSON',171,380,'周','','',171,'2017-02-17 18:08:34',171,'2017-02-17 18:08:34'),(122,101,'MODULE_PERSON_EDITPERSON',171,381,'周爸','','',171,'2017-02-17 18:08:42',171,'2017-02-17 18:08:42'),(123,101,'MODULE_PERSON_ADDPHOTO',171,380,'周','/images/upload/1487326211test.jpg','',171,'2017-02-17 18:10:11',171,'2017-02-17 18:10:11'),(124,101,'MODULE_PERSON_DELETEPERSON',171,380,'周','','',171,'2017-02-17 18:10:26',171,'2017-02-17 18:10:26'),(125,91,'MODULE_PERSON_DELETEPERSON',171,313,'兄','','',171,'2017-02-17 18:22:19',171,'2017-02-17 18:22:19'),(126,29,'MODULE_PERSON_ADDRELATEPERSON',2,394,'配偶2','','',2,'2017-02-17 18:30:45',2,'2017-02-17 18:30:45'),(127,29,'MODULE_PERSON_DELETEPERSON',2,394,'配偶2','','',2,'2017-02-17 18:31:38',2,'2017-02-17 18:31:38'),(128,91,'MODULE_PERSON_ADDPHOTO',171,319,'夫','/images/upload/1487327563test.jpg','',171,'2017-02-17 18:32:43',171,'2017-02-17 18:32:43'),(129,91,'MODULE_PERSON_ADDPHOTO',171,309,'周爸','/images/upload/1487327737rrgaos29.jpg','',171,'2017-02-17 18:35:37',171,'2017-02-17 18:35:37'),(130,89,'MODULE_PERSON_ADDRELATEPERSON',185,395,'胡家玉','','',185,'2017-02-19 17:30:20',185,'2017-02-19 17:30:20'),(132,77,'MODULE_ZONE_ADDPOST',171,18,'%gct','address','',171,'2017-02-21 10:55:23',171,'2017-02-21 10:55:23'),(134,80,'MODULE_ZONE_ADDPOST',171,18,'%gct','address','',171,'2017-02-21 10:55:23',171,'2017-02-21 10:55:23'),(135,81,'MODULE_ZONE_ADDPOST',171,18,'%gct','address','',171,'2017-02-21 10:55:23',171,'2017-02-21 10:55:23'),(137,87,'MODULE_ZONE_ADDPOST',171,18,'%gct','address','',171,'2017-02-21 10:55:23',171,'2017-02-21 10:55:23'),(138,88,'MODULE_ZONE_ADDPOST',171,18,'%gct','address','',171,'2017-02-21 10:55:23',171,'2017-02-21 10:55:23'),(140,91,'MODULE_ZONE_ADDPOST',171,18,'%gct','address','',171,'2017-02-21 10:55:23',171,'2017-02-21 10:55:23'),(141,81,'MODULE_PERSON_ADDPHOTO',171,261,'兄子','/images/upload/1487663560test.jpg','',171,'2017-02-21 15:52:40',171,'2017-02-21 15:52:40'),(143,103,'MODULE_PERSON_ADDRELATEPERSON',171,398,'周妈','','',171,'2017-02-21 18:16:32',171,'2017-02-21 18:16:32'),(144,103,'MODULE_PERSON_ADDRELATEPERSON',171,399,'周兄','','',171,'2017-02-21 18:16:43',171,'2017-02-21 18:16:43'),(145,103,'MODULE_PERSON_ADDRELATEPERSON',171,400,'周姐','','',171,'2017-02-21 18:16:52',171,'2017-02-21 18:16:52'),(146,103,'MODULE_PERSON_ADDRELATEPERSON',171,401,'妻','','',171,'2017-02-21 18:17:37',171,'2017-02-21 18:17:37'),(147,103,'MODULE_PERSON_ADDRELATEPERSON',171,402,'子','','',171,'2017-02-21 18:18:17',171,'2017-02-21 18:18:17'),(148,103,'MODULE_PERSON_ADDRELATEPERSON',171,403,'夫','','',171,'2017-02-21 18:19:52',171,'2017-02-21 18:19:52'),(149,29,'MODULE_PERSON_ADDPHOTO',2,144,'母亲','/images/upload/1487729663hahahahahahahahahahh.png','',2,'2017-02-22 10:14:23',2,'2017-02-22 10:14:23'),(150,29,'MODULE_PERSON_ADDPHOTO',2,369,'祖父的配偶','/images/upload/1487729683hahahahahahahahahahh.png','',2,'2017-02-22 10:14:43',2,'2017-02-22 10:14:43'),(151,80,'MODULE_PERSON_ADDRELATEPERSON',171,404,'画江湖','','',171,'2017-02-22 10:36:19',171,'2017-02-22 10:36:19'),(152,103,'MODULE_PERSON_ADDRELATEPERSON',171,405,'周2','','',171,'2017-02-22 10:43:18',171,'2017-02-22 10:43:18'),(153,103,'MODULE_PERSON_ADDRELATEPERSON',171,406,'周3','','',171,'2017-02-22 10:43:27',171,'2017-02-22 10:43:27'),(154,103,'MODULE_PERSON_ADDRELATEPERSON',171,407,'周4','','',171,'2017-02-22 10:43:36',171,'2017-02-22 10:43:36'),(155,103,'MODULE_PERSON_ADDRELATEPERSON',171,408,'周5','','',171,'2017-02-22 10:43:45',171,'2017-02-22 10:43:45'),(156,103,'MODULE_PERSON_ADDRELATEPERSON',171,409,'周6','','',171,'2017-02-22 10:43:59',171,'2017-02-22 10:43:59'),(157,103,'MODULE_PERSON_ADDRELATEPERSON',171,410,'周7','','',171,'2017-02-22 10:44:07',171,'2017-02-22 10:44:07'),(158,103,'MODULE_PERSON_ADDRELATEPERSON',171,411,'周10','','',171,'2017-02-22 11:27:14',171,'2017-02-22 11:27:14'),(159,29,'MODULE_PERSON_ADDPHOTO',2,145,'兄弟1','/images/upload/1487745290hahahahahahahahahahh.png','',2,'2017-02-22 14:34:50',2,'2017-02-22 14:34:50'),(160,29,'MODULE_PERSON_ADDPHOTO',2,145,'兄弟1','/images/upload/14877453012017-01-06 14-30-49屏幕截图.png','',2,'2017-02-22 14:35:01',2,'2017-02-22 14:35:01'),(161,104,'MODULE_PERSON_ADDRELATEPERSON',171,413,'周','','',171,'2017-02-22 14:43:48',171,'2017-02-22 14:43:48'),(162,104,'MODULE_PERSON_ADDRELATEPERSON',171,414,'周1','','',171,'2017-02-22 14:44:10',171,'2017-02-22 14:44:10'),(163,104,'MODULE_PERSON_ADDRELATEPERSON',171,415,'周2','','',171,'2017-02-22 14:44:20',171,'2017-02-22 14:44:20'),(164,104,'MODULE_PERSON_ADDRELATEPERSON',171,416,'周3','','',171,'2017-02-22 14:44:45',171,'2017-02-22 14:44:45'),(165,104,'MODULE_PERSON_ADDRELATEPERSON',171,417,'周4','','',171,'2017-02-22 14:45:14',171,'2017-02-22 14:45:14'),(166,104,'MODULE_PERSON_ADDRELATEPERSON',171,418,'周5','','',171,'2017-02-22 14:45:27',171,'2017-02-22 14:45:27'),(167,104,'MODULE_PERSON_ADDEVENT',171,28,'111','','',171,'2017-02-22 17:01:32',171,'2017-02-22 17:01:32'),(168,29,'MODULE_PERSON_ADDPHOTO',2,145,'兄弟1','/images/upload/1487754239hahahahahahahahahahh.png','',2,'2017-02-22 17:03:59',2,'2017-02-22 17:03:59'),(169,29,'MODULE_ZONE_ADDPOST',2,19,'还白','address','',2,'2017-02-22 19:04:13',2,'2017-02-22 19:04:13'),(170,73,'MODULE_ZONE_ADDPOST',2,19,'还白','address','',2,'2017-02-22 19:04:13',2,'2017-02-22 19:04:13'),(171,83,'MODULE_ZONE_ADDPOST',2,19,'还白','address','',2,'2017-02-22 19:04:13',2,'2017-02-22 19:04:13'),(172,84,'MODULE_ZONE_ADDPOST',2,19,'还白','address','',2,'2017-02-22 19:04:13',2,'2017-02-22 19:04:13'),(173,85,'MODULE_ZONE_ADDPOST',2,19,'还白','address','',2,'2017-02-22 19:04:13',2,'2017-02-22 19:04:13'),(174,97,'MODULE_ZONE_ADDPOST',2,19,'还白','address','',2,'2017-02-22 19:04:13',2,'2017-02-22 19:04:13'),(175,98,'MODULE_ZONE_ADDPOST',2,19,'还白','address','',2,'2017-02-22 19:04:13',2,'2017-02-22 19:04:13'),(176,29,'MODULE_ZONE_ADDPOST',2,20,'246461','address','',2,'2017-02-22 19:04:41',2,'2017-02-22 19:04:41'),(177,73,'MODULE_ZONE_ADDPOST',2,20,'246461','address','',2,'2017-02-22 19:04:41',2,'2017-02-22 19:04:41'),(178,83,'MODULE_ZONE_ADDPOST',2,20,'246461','address','',2,'2017-02-22 19:04:41',2,'2017-02-22 19:04:41'),(179,84,'MODULE_ZONE_ADDPOST',2,20,'246461','address','',2,'2017-02-22 19:04:41',2,'2017-02-22 19:04:41'),(180,85,'MODULE_ZONE_ADDPOST',2,20,'246461','address','',2,'2017-02-22 19:04:41',2,'2017-02-22 19:04:41'),(181,97,'MODULE_ZONE_ADDPOST',2,20,'246461','address','',2,'2017-02-22 19:04:41',2,'2017-02-22 19:04:41'),(182,98,'MODULE_ZONE_ADDPOST',2,20,'246461','address','',2,'2017-02-22 19:04:41',2,'2017-02-22 19:04:41'),(183,29,'MODULE_ZONE_ADDPOST',2,21,'jsvsiw','address','',2,'2017-02-22 19:04:47',2,'2017-02-22 19:04:47'),(184,73,'MODULE_ZONE_ADDPOST',2,21,'jsvsiw','address','',2,'2017-02-22 19:04:47',2,'2017-02-22 19:04:47'),(185,83,'MODULE_ZONE_ADDPOST',2,21,'jsvsiw','address','',2,'2017-02-22 19:04:47',2,'2017-02-22 19:04:47'),(186,84,'MODULE_ZONE_ADDPOST',2,21,'jsvsiw','address','',2,'2017-02-22 19:04:47',2,'2017-02-22 19:04:47'),(187,85,'MODULE_ZONE_ADDPOST',2,21,'jsvsiw','address','',2,'2017-02-22 19:04:47',2,'2017-02-22 19:04:47'),(188,97,'MODULE_ZONE_ADDPOST',2,21,'jsvsiw','address','',2,'2017-02-22 19:04:47',2,'2017-02-22 19:04:47'),(189,98,'MODULE_ZONE_ADDPOST',2,21,'jsvsiw','address','',2,'2017-02-22 19:04:47',2,'2017-02-22 19:04:47'),(190,29,'MODULE_PERSON_ADDPHOTO',2,209,'重孙','/images/upload/1488084080test.jpg','',2,'2017-02-26 12:41:20',2,'2017-02-26 12:41:20'),(191,29,'MODULE_ZONE_ADDPOST',2,22,'内容','地址','',2,'2017-02-27 18:23:43',2,'2017-02-27 18:23:43'),(192,73,'MODULE_ZONE_ADDPOST',2,22,'内容','地址','',2,'2017-02-27 18:23:43',2,'2017-02-27 18:23:43'),(193,83,'MODULE_ZONE_ADDPOST',2,22,'内容','地址','',2,'2017-02-27 18:23:43',2,'2017-02-27 18:23:43'),(194,84,'MODULE_ZONE_ADDPOST',2,22,'内容','地址','',2,'2017-02-27 18:23:43',2,'2017-02-27 18:23:43'),(195,85,'MODULE_ZONE_ADDPOST',2,22,'内容','地址','',2,'2017-02-27 18:23:43',2,'2017-02-27 18:23:43'),(196,97,'MODULE_ZONE_ADDPOST',2,22,'内容','地址','',2,'2017-02-27 18:23:43',2,'2017-02-27 18:23:43'),(197,98,'MODULE_ZONE_ADDPOST',2,22,'内容','地址','',2,'2017-02-27 18:23:43',2,'2017-02-27 18:23:43'),(198,29,'MODULE_ZONE_ADDPOST',2,23,'内容','地址','',2,'2017-02-27 18:23:44',2,'2017-02-27 18:23:44'),(199,73,'MODULE_ZONE_ADDPOST',2,23,'内容','地址','',2,'2017-02-27 18:23:44',2,'2017-02-27 18:23:44'),(200,83,'MODULE_ZONE_ADDPOST',2,23,'内容','地址','',2,'2017-02-27 18:23:44',2,'2017-02-27 18:23:44'),(201,84,'MODULE_ZONE_ADDPOST',2,23,'内容','地址','',2,'2017-02-27 18:23:44',2,'2017-02-27 18:23:44'),(202,85,'MODULE_ZONE_ADDPOST',2,23,'内容','地址','',2,'2017-02-27 18:23:44',2,'2017-02-27 18:23:44'),(203,97,'MODULE_ZONE_ADDPOST',2,23,'内容','地址','',2,'2017-02-27 18:23:44',2,'2017-02-27 18:23:44'),(204,98,'MODULE_ZONE_ADDPOST',2,23,'内容','地址','',2,'2017-02-27 18:23:44',2,'2017-02-27 18:23:44'),(205,29,'MODULE_ZONE_ADDPOST',2,24,'内容','地址','',2,'2017-02-27 18:23:45',2,'2017-02-27 18:23:45'),(206,73,'MODULE_ZONE_ADDPOST',2,24,'内容','地址','',2,'2017-02-27 18:23:45',2,'2017-02-27 18:23:45'),(207,83,'MODULE_ZONE_ADDPOST',2,24,'内容','地址','',2,'2017-02-27 18:23:45',2,'2017-02-27 18:23:45'),(208,84,'MODULE_ZONE_ADDPOST',2,24,'内容','地址','',2,'2017-02-27 18:23:45',2,'2017-02-27 18:23:45'),(209,85,'MODULE_ZONE_ADDPOST',2,24,'内容','地址','',2,'2017-02-27 18:23:45',2,'2017-02-27 18:23:45'),(210,97,'MODULE_ZONE_ADDPOST',2,24,'内容','地址','',2,'2017-02-27 18:23:45',2,'2017-02-27 18:23:45'),(211,98,'MODULE_ZONE_ADDPOST',2,24,'内容','地址','',2,'2017-02-27 18:23:45',2,'2017-02-27 18:23:45'),(212,29,'MODULE_ZONE_ADDPOST',2,25,'内容','地址','',2,'2017-02-27 18:23:45',2,'2017-02-27 18:23:45'),(213,73,'MODULE_ZONE_ADDPOST',2,25,'内容','地址','',2,'2017-02-27 18:23:45',2,'2017-02-27 18:23:45'),(214,83,'MODULE_ZONE_ADDPOST',2,25,'内容','地址','',2,'2017-02-27 18:23:45',2,'2017-02-27 18:23:45'),(215,84,'MODULE_ZONE_ADDPOST',2,25,'内容','地址','',2,'2017-02-27 18:23:45',2,'2017-02-27 18:23:45'),(216,85,'MODULE_ZONE_ADDPOST',2,25,'内容','地址','',2,'2017-02-27 18:23:45',2,'2017-02-27 18:23:45'),(217,97,'MODULE_ZONE_ADDPOST',2,25,'内容','地址','',2,'2017-02-27 18:23:45',2,'2017-02-27 18:23:45'),(218,98,'MODULE_ZONE_ADDPOST',2,25,'内容','地址','',2,'2017-02-27 18:23:45',2,'2017-02-27 18:23:45'),(219,29,'MODULE_ZONE_ADDPOST',2,26,'内容','地址','',2,'2017-02-27 18:23:45',2,'2017-02-27 18:23:45'),(220,73,'MODULE_ZONE_ADDPOST',2,26,'内容','地址','',2,'2017-02-27 18:23:45',2,'2017-02-27 18:23:45'),(221,83,'MODULE_ZONE_ADDPOST',2,26,'内容','地址','',2,'2017-02-27 18:23:45',2,'2017-02-27 18:23:45'),(222,84,'MODULE_ZONE_ADDPOST',2,26,'内容','地址','',2,'2017-02-27 18:23:45',2,'2017-02-27 18:23:45'),(223,85,'MODULE_ZONE_ADDPOST',2,26,'内容','地址','',2,'2017-02-27 18:23:45',2,'2017-02-27 18:23:45'),(224,97,'MODULE_ZONE_ADDPOST',2,26,'内容','地址','',2,'2017-02-27 18:23:45',2,'2017-02-27 18:23:45'),(225,98,'MODULE_ZONE_ADDPOST',2,26,'内容','地址','',2,'2017-02-27 18:23:45',2,'2017-02-27 18:23:45'),(226,29,'MODULE_ZONE_ADDPOST',2,27,'这是一条很认真的测试数据这是一条很认真的测试数据这是一条很认真的测试数据这是一条很认真的测试数据这是一条很认真的测试数据这是一条很认真的测试数据这是一条很认真的测试数据这是一条很认真的测试数据','闵行','',2,'2017-02-27 18:24:54',2,'2017-02-27 18:24:54'),(227,73,'MODULE_ZONE_ADDPOST',2,27,'这是一条很认真的测试数据这是一条很认真的测试数据这是一条很认真的测试数据这是一条很认真的测试数据这是一条很认真的测试数据这是一条很认真的测试数据这是一条很认真的测试数据这是一条很认真的测试数据','闵行','',2,'2017-02-27 18:24:54',2,'2017-02-27 18:24:54'),(228,83,'MODULE_ZONE_ADDPOST',2,27,'这是一条很认真的测试数据这是一条很认真的测试数据这是一条很认真的测试数据这是一条很认真的测试数据这是一条很认真的测试数据这是一条很认真的测试数据这是一条很认真的测试数据这是一条很认真的测试数据','闵行','',2,'2017-02-27 18:24:54',2,'2017-02-27 18:24:54'),(229,84,'MODULE_ZONE_ADDPOST',2,27,'这是一条很认真的测试数据这是一条很认真的测试数据这是一条很认真的测试数据这是一条很认真的测试数据这是一条很认真的测试数据这是一条很认真的测试数据这是一条很认真的测试数据这是一条很认真的测试数据','闵行','',2,'2017-02-27 18:24:54',2,'2017-02-27 18:24:54'),(230,85,'MODULE_ZONE_ADDPOST',2,27,'这是一条很认真的测试数据这是一条很认真的测试数据这是一条很认真的测试数据这是一条很认真的测试数据这是一条很认真的测试数据这是一条很认真的测试数据这是一条很认真的测试数据这是一条很认真的测试数据','闵行','',2,'2017-02-27 18:24:54',2,'2017-02-27 18:24:54'),(231,97,'MODULE_ZONE_ADDPOST',2,27,'这是一条很认真的测试数据这是一条很认真的测试数据这是一条很认真的测试数据这是一条很认真的测试数据这是一条很认真的测试数据这是一条很认真的测试数据这是一条很认真的测试数据这是一条很认真的测试数据','闵行','',2,'2017-02-27 18:24:54',2,'2017-02-27 18:24:54'),(232,98,'MODULE_ZONE_ADDPOST',2,27,'这是一条很认真的测试数据这是一条很认真的测试数据这是一条很认真的测试数据这是一条很认真的测试数据这是一条很认真的测试数据这是一条很认真的测试数据这是一条很认真的测试数据这是一条很认真的测试数据','闵行','',2,'2017-02-27 18:24:54',2,'2017-02-27 18:24:54'),(233,29,'MODULE_ZONE_ADDPOST',2,28,'这是一条很认真的测试数据这是一条很认真的测试数据这是一条很认真的测试数据这是一条很认真的测试数据这是一条很认真的测试数据这是一条很认真的测试数据这是一条很认真的测试数据这是一条很认真的测试数据','闵行','',2,'2017-02-27 18:24:55',2,'2017-02-27 18:24:55'),(234,73,'MODULE_ZONE_ADDPOST',2,28,'这是一条很认真的测试数据这是一条很认真的测试数据这是一条很认真的测试数据这是一条很认真的测试数据这是一条很认真的测试数据这是一条很认真的测试数据这是一条很认真的测试数据这是一条很认真的测试数据','闵行','',2,'2017-02-27 18:24:55',2,'2017-02-27 18:24:55'),(235,83,'MODULE_ZONE_ADDPOST',2,28,'这是一条很认真的测试数据这是一条很认真的测试数据这是一条很认真的测试数据这是一条很认真的测试数据这是一条很认真的测试数据这是一条很认真的测试数据这是一条很认真的测试数据这是一条很认真的测试数据','闵行','',2,'2017-02-27 18:24:55',2,'2017-02-27 18:24:55'),(236,84,'MODULE_ZONE_ADDPOST',2,28,'这是一条很认真的测试数据这是一条很认真的测试数据这是一条很认真的测试数据这是一条很认真的测试数据这是一条很认真的测试数据这是一条很认真的测试数据这是一条很认真的测试数据这是一条很认真的测试数据','闵行','',2,'2017-02-27 18:24:55',2,'2017-02-27 18:24:55'),(237,85,'MODULE_ZONE_ADDPOST',2,28,'这是一条很认真的测试数据这是一条很认真的测试数据这是一条很认真的测试数据这是一条很认真的测试数据这是一条很认真的测试数据这是一条很认真的测试数据这是一条很认真的测试数据这是一条很认真的测试数据','闵行','',2,'2017-02-27 18:24:55',2,'2017-02-27 18:24:55'),(238,97,'MODULE_ZONE_ADDPOST',2,28,'这是一条很认真的测试数据这是一条很认真的测试数据这是一条很认真的测试数据这是一条很认真的测试数据这是一条很认真的测试数据这是一条很认真的测试数据这是一条很认真的测试数据这是一条很认真的测试数据','闵行','',2,'2017-02-27 18:24:55',2,'2017-02-27 18:24:55'),(239,98,'MODULE_ZONE_ADDPOST',2,28,'这是一条很认真的测试数据这是一条很认真的测试数据这是一条很认真的测试数据这是一条很认真的测试数据这是一条很认真的测试数据这是一条很认真的测试数据这是一条很认真的测试数据这是一条很认真的测试数据','闵行','',2,'2017-02-27 18:24:55',2,'2017-02-27 18:24:55'),(240,29,'MODULE_ZONE_ADDPOST',2,29,'这是一条很认真的测试数据这是一条很认真的测试数据这是一条很认真的测试数据这是一条很认真的测试数据这是一条很认真的测试数据这是一条很认真的测试数据这是一条很认真的测试数据这是一条很认真的测试数据','闵行','',2,'2017-02-27 18:24:55',2,'2017-02-27 18:24:55'),(241,73,'MODULE_ZONE_ADDPOST',2,29,'这是一条很认真的测试数据这是一条很认真的测试数据这是一条很认真的测试数据这是一条很认真的测试数据这是一条很认真的测试数据这是一条很认真的测试数据这是一条很认真的测试数据这是一条很认真的测试数据','闵行','',2,'2017-02-27 18:24:55',2,'2017-02-27 18:24:55'),(242,83,'MODULE_ZONE_ADDPOST',2,29,'这是一条很认真的测试数据这是一条很认真的测试数据这是一条很认真的测试数据这是一条很认真的测试数据这是一条很认真的测试数据这是一条很认真的测试数据这是一条很认真的测试数据这是一条很认真的测试数据','闵行','',2,'2017-02-27 18:24:55',2,'2017-02-27 18:24:55'),(243,84,'MODULE_ZONE_ADDPOST',2,29,'这是一条很认真的测试数据这是一条很认真的测试数据这是一条很认真的测试数据这是一条很认真的测试数据这是一条很认真的测试数据这是一条很认真的测试数据这是一条很认真的测试数据这是一条很认真的测试数据','闵行','',2,'2017-02-27 18:24:55',2,'2017-02-27 18:24:55'),(244,85,'MODULE_ZONE_ADDPOST',2,29,'这是一条很认真的测试数据这是一条很认真的测试数据这是一条很认真的测试数据这是一条很认真的测试数据这是一条很认真的测试数据这是一条很认真的测试数据这是一条很认真的测试数据这是一条很认真的测试数据','闵行','',2,'2017-02-27 18:24:55',2,'2017-02-27 18:24:55'),(245,97,'MODULE_ZONE_ADDPOST',2,29,'这是一条很认真的测试数据这是一条很认真的测试数据这是一条很认真的测试数据这是一条很认真的测试数据这是一条很认真的测试数据这是一条很认真的测试数据这是一条很认真的测试数据这是一条很认真的测试数据','闵行','',2,'2017-02-27 18:24:55',2,'2017-02-27 18:24:55'),(246,98,'MODULE_ZONE_ADDPOST',2,29,'这是一条很认真的测试数据这是一条很认真的测试数据这是一条很认真的测试数据这是一条很认真的测试数据这是一条很认真的测试数据这是一条很认真的测试数据这是一条很认真的测试数据这是一条很认真的测试数据','闵行','',2,'2017-02-27 18:24:55',2,'2017-02-27 18:24:55'),(247,29,'MODULE_ZONE_ADDPOST',2,30,'这是一条很认真的测试数据这是一条很认真的测试数据这是一条很认真的测试数据这是一条很认真的测试数据这是一条很认真的测试数据这是一条很认真的测试数据这是一条很认真的测试数据这是一条很认真的测试数据','闵行','',2,'2017-02-27 18:24:55',2,'2017-02-27 18:24:55'),(248,73,'MODULE_ZONE_ADDPOST',2,30,'这是一条很认真的测试数据这是一条很认真的测试数据这是一条很认真的测试数据这是一条很认真的测试数据这是一条很认真的测试数据这是一条很认真的测试数据这是一条很认真的测试数据这是一条很认真的测试数据','闵行','',2,'2017-02-27 18:24:55',2,'2017-02-27 18:24:55'),(249,83,'MODULE_ZONE_ADDPOST',2,30,'这是一条很认真的测试数据这是一条很认真的测试数据这是一条很认真的测试数据这是一条很认真的测试数据这是一条很认真的测试数据这是一条很认真的测试数据这是一条很认真的测试数据这是一条很认真的测试数据','闵行','',2,'2017-02-27 18:24:55',2,'2017-02-27 18:24:55'),(250,84,'MODULE_ZONE_ADDPOST',2,30,'这是一条很认真的测试数据这是一条很认真的测试数据这是一条很认真的测试数据这是一条很认真的测试数据这是一条很认真的测试数据这是一条很认真的测试数据这是一条很认真的测试数据这是一条很认真的测试数据','闵行','',2,'2017-02-27 18:24:55',2,'2017-02-27 18:24:55'),(251,85,'MODULE_ZONE_ADDPOST',2,30,'这是一条很认真的测试数据这是一条很认真的测试数据这是一条很认真的测试数据这是一条很认真的测试数据这是一条很认真的测试数据这是一条很认真的测试数据这是一条很认真的测试数据这是一条很认真的测试数据','闵行','',2,'2017-02-27 18:24:55',2,'2017-02-27 18:24:55'),(252,97,'MODULE_ZONE_ADDPOST',2,30,'这是一条很认真的测试数据这是一条很认真的测试数据这是一条很认真的测试数据这是一条很认真的测试数据这是一条很认真的测试数据这是一条很认真的测试数据这是一条很认真的测试数据这是一条很认真的测试数据','闵行','',2,'2017-02-27 18:24:55',2,'2017-02-27 18:24:55'),(253,98,'MODULE_ZONE_ADDPOST',2,30,'这是一条很认真的测试数据这是一条很认真的测试数据这是一条很认真的测试数据这是一条很认真的测试数据这是一条很认真的测试数据这是一条很认真的测试数据这是一条很认真的测试数据这是一条很认真的测试数据','闵行','',2,'2017-02-27 18:24:55',2,'2017-02-27 18:24:55'),(254,29,'MODULE_ZONE_ADDPOST',2,31,'这是一条很认真的测试数据这是一条很认真的测试数据这是一条很认真的测试数据这是一条很认真的测试数据这是一条很认真的测试数据这是一条很认真的测试数据这是一条很认真的测试数据这是一条很认真的测试数据','闵行','',2,'2017-02-27 18:24:55',2,'2017-02-27 18:24:55'),(255,73,'MODULE_ZONE_ADDPOST',2,31,'这是一条很认真的测试数据这是一条很认真的测试数据这是一条很认真的测试数据这是一条很认真的测试数据这是一条很认真的测试数据这是一条很认真的测试数据这是一条很认真的测试数据这是一条很认真的测试数据','闵行','',2,'2017-02-27 18:24:55',2,'2017-02-27 18:24:55'),(256,83,'MODULE_ZONE_ADDPOST',2,31,'这是一条很认真的测试数据这是一条很认真的测试数据这是一条很认真的测试数据这是一条很认真的测试数据这是一条很认真的测试数据这是一条很认真的测试数据这是一条很认真的测试数据这是一条很认真的测试数据','闵行','',2,'2017-02-27 18:24:55',2,'2017-02-27 18:24:55'),(257,84,'MODULE_ZONE_ADDPOST',2,31,'这是一条很认真的测试数据这是一条很认真的测试数据这是一条很认真的测试数据这是一条很认真的测试数据这是一条很认真的测试数据这是一条很认真的测试数据这是一条很认真的测试数据这是一条很认真的测试数据','闵行','',2,'2017-02-27 18:24:55',2,'2017-02-27 18:24:55'),(258,85,'MODULE_ZONE_ADDPOST',2,31,'这是一条很认真的测试数据这是一条很认真的测试数据这是一条很认真的测试数据这是一条很认真的测试数据这是一条很认真的测试数据这是一条很认真的测试数据这是一条很认真的测试数据这是一条很认真的测试数据','闵行','',2,'2017-02-27 18:24:55',2,'2017-02-27 18:24:55'),(259,97,'MODULE_ZONE_ADDPOST',2,31,'这是一条很认真的测试数据这是一条很认真的测试数据这是一条很认真的测试数据这是一条很认真的测试数据这是一条很认真的测试数据这是一条很认真的测试数据这是一条很认真的测试数据这是一条很认真的测试数据','闵行','',2,'2017-02-27 18:24:55',2,'2017-02-27 18:24:55'),(260,98,'MODULE_ZONE_ADDPOST',2,31,'这是一条很认真的测试数据这是一条很认真的测试数据这是一条很认真的测试数据这是一条很认真的测试数据这是一条很认真的测试数据这是一条很认真的测试数据这是一条很认真的测试数据这是一条很认真的测试数据','闵行','',2,'2017-02-27 18:24:55',2,'2017-02-27 18:24:55'),(261,29,'MODULE_ZONE_ADDPOST',2,32,'这是一条很认真的测试数据这是一条很认真的测试数据这是一条很认真的测试数据这是一条很认真的测试数据这是一条很认真的测试数据这是一条很认真的测试数据这是一条很认真的测试数据这是一条很认真的测试数据','闵行','',2,'2017-02-27 18:24:56',2,'2017-02-27 18:24:56'),(262,73,'MODULE_ZONE_ADDPOST',2,32,'这是一条很认真的测试数据这是一条很认真的测试数据这是一条很认真的测试数据这是一条很认真的测试数据这是一条很认真的测试数据这是一条很认真的测试数据这是一条很认真的测试数据这是一条很认真的测试数据','闵行','',2,'2017-02-27 18:24:56',2,'2017-02-27 18:24:56'),(263,83,'MODULE_ZONE_ADDPOST',2,32,'这是一条很认真的测试数据这是一条很认真的测试数据这是一条很认真的测试数据这是一条很认真的测试数据这是一条很认真的测试数据这是一条很认真的测试数据这是一条很认真的测试数据这是一条很认真的测试数据','闵行','',2,'2017-02-27 18:24:56',2,'2017-02-27 18:24:56'),(264,84,'MODULE_ZONE_ADDPOST',2,32,'这是一条很认真的测试数据这是一条很认真的测试数据这是一条很认真的测试数据这是一条很认真的测试数据这是一条很认真的测试数据这是一条很认真的测试数据这是一条很认真的测试数据这是一条很认真的测试数据','闵行','',2,'2017-02-27 18:24:56',2,'2017-02-27 18:24:56'),(265,85,'MODULE_ZONE_ADDPOST',2,32,'这是一条很认真的测试数据这是一条很认真的测试数据这是一条很认真的测试数据这是一条很认真的测试数据这是一条很认真的测试数据这是一条很认真的测试数据这是一条很认真的测试数据这是一条很认真的测试数据','闵行','',2,'2017-02-27 18:24:56',2,'2017-02-27 18:24:56'),(266,97,'MODULE_ZONE_ADDPOST',2,32,'这是一条很认真的测试数据这是一条很认真的测试数据这是一条很认真的测试数据这是一条很认真的测试数据这是一条很认真的测试数据这是一条很认真的测试数据这是一条很认真的测试数据这是一条很认真的测试数据','闵行','',2,'2017-02-27 18:24:56',2,'2017-02-27 18:24:56'),(267,98,'MODULE_ZONE_ADDPOST',2,32,'这是一条很认真的测试数据这是一条很认真的测试数据这是一条很认真的测试数据这是一条很认真的测试数据这是一条很认真的测试数据这是一条很认真的测试数据这是一条很认真的测试数据这是一条很认真的测试数据','闵行','',2,'2017-02-27 18:24:56',2,'2017-02-27 18:24:56'),(268,29,'MODULE_ZONE_ADDPOST',2,33,'这是一条很认真的测试数据这是一条很认真的测试数据这是一条很认真的测试数据这是一条很认真的测试数据这是一条很认真的测试数据这是一条很认真的测试数据这是一条很认真的测试数据这是一条很认真的测试数据','闵行','',2,'2017-02-27 18:24:56',2,'2017-02-27 18:24:56'),(269,73,'MODULE_ZONE_ADDPOST',2,33,'这是一条很认真的测试数据这是一条很认真的测试数据这是一条很认真的测试数据这是一条很认真的测试数据这是一条很认真的测试数据这是一条很认真的测试数据这是一条很认真的测试数据这是一条很认真的测试数据','闵行','',2,'2017-02-27 18:24:56',2,'2017-02-27 18:24:56'),(270,83,'MODULE_ZONE_ADDPOST',2,33,'这是一条很认真的测试数据这是一条很认真的测试数据这是一条很认真的测试数据这是一条很认真的测试数据这是一条很认真的测试数据这是一条很认真的测试数据这是一条很认真的测试数据这是一条很认真的测试数据','闵行','',2,'2017-02-27 18:24:56',2,'2017-02-27 18:24:56'),(271,84,'MODULE_ZONE_ADDPOST',2,33,'这是一条很认真的测试数据这是一条很认真的测试数据这是一条很认真的测试数据这是一条很认真的测试数据这是一条很认真的测试数据这是一条很认真的测试数据这是一条很认真的测试数据这是一条很认真的测试数据','闵行','',2,'2017-02-27 18:24:56',2,'2017-02-27 18:24:56'),(272,85,'MODULE_ZONE_ADDPOST',2,33,'这是一条很认真的测试数据这是一条很认真的测试数据这是一条很认真的测试数据这是一条很认真的测试数据这是一条很认真的测试数据这是一条很认真的测试数据这是一条很认真的测试数据这是一条很认真的测试数据','闵行','',2,'2017-02-27 18:24:56',2,'2017-02-27 18:24:56'),(273,97,'MODULE_ZONE_ADDPOST',2,33,'这是一条很认真的测试数据这是一条很认真的测试数据这是一条很认真的测试数据这是一条很认真的测试数据这是一条很认真的测试数据这是一条很认真的测试数据这是一条很认真的测试数据这是一条很认真的测试数据','闵行','',2,'2017-02-27 18:24:56',2,'2017-02-27 18:24:56'),(274,98,'MODULE_ZONE_ADDPOST',2,33,'这是一条很认真的测试数据这是一条很认真的测试数据这是一条很认真的测试数据这是一条很认真的测试数据这是一条很认真的测试数据这是一条很认真的测试数据这是一条很认真的测试数据这是一条很认真的测试数据','闵行','',2,'2017-02-27 18:24:56',2,'2017-02-27 18:24:56'),(275,29,'MODULE_ZONE_ADDPOST',2,34,'这是一条很认真的测试数据这是一条很认真的测试数据这是一条很认真的测试数据这是一条很认真的测试数据这是一条很认真的测试数据这是一条很认真的测试数据这是一条很认真的测试数据这是一条很认真的测试数据','闵行','',2,'2017-02-27 18:24:56',2,'2017-02-27 18:24:56'),(276,73,'MODULE_ZONE_ADDPOST',2,34,'这是一条很认真的测试数据这是一条很认真的测试数据这是一条很认真的测试数据这是一条很认真的测试数据这是一条很认真的测试数据这是一条很认真的测试数据这是一条很认真的测试数据这是一条很认真的测试数据','闵行','',2,'2017-02-27 18:24:56',2,'2017-02-27 18:24:56'),(277,83,'MODULE_ZONE_ADDPOST',2,34,'这是一条很认真的测试数据这是一条很认真的测试数据这是一条很认真的测试数据这是一条很认真的测试数据这是一条很认真的测试数据这是一条很认真的测试数据这是一条很认真的测试数据这是一条很认真的测试数据','闵行','',2,'2017-02-27 18:24:56',2,'2017-02-27 18:24:56'),(278,84,'MODULE_ZONE_ADDPOST',2,34,'这是一条很认真的测试数据这是一条很认真的测试数据这是一条很认真的测试数据这是一条很认真的测试数据这是一条很认真的测试数据这是一条很认真的测试数据这是一条很认真的测试数据这是一条很认真的测试数据','闵行','',2,'2017-02-27 18:24:56',2,'2017-02-27 18:24:56'),(279,85,'MODULE_ZONE_ADDPOST',2,34,'这是一条很认真的测试数据这是一条很认真的测试数据这是一条很认真的测试数据这是一条很认真的测试数据这是一条很认真的测试数据这是一条很认真的测试数据这是一条很认真的测试数据这是一条很认真的测试数据','闵行','',2,'2017-02-27 18:24:56',2,'2017-02-27 18:24:56'),(280,97,'MODULE_ZONE_ADDPOST',2,34,'这是一条很认真的测试数据这是一条很认真的测试数据这是一条很认真的测试数据这是一条很认真的测试数据这是一条很认真的测试数据这是一条很认真的测试数据这是一条很认真的测试数据这是一条很认真的测试数据','闵行','',2,'2017-02-27 18:24:56',2,'2017-02-27 18:24:56'),(281,98,'MODULE_ZONE_ADDPOST',2,34,'这是一条很认真的测试数据这是一条很认真的测试数据这是一条很认真的测试数据这是一条很认真的测试数据这是一条很认真的测试数据这是一条很认真的测试数据这是一条很认真的测试数据这是一条很认真的测试数据','闵行','',2,'2017-02-27 18:24:56',2,'2017-02-27 18:24:56'),(282,29,'MODULE_ZONE_ADDPOST',2,35,'这是一条很认真的测试数据这是一条很认真的测试数据这是一条很认真的测试数据这是一条很认真的测试数据这是一条很认真的测试数据这是一条很认真的测试数据这是一条很认真的测试数据这是一条很认真的测试数据','闵行','',2,'2017-02-27 18:24:56',2,'2017-02-27 18:24:56'),(283,73,'MODULE_ZONE_ADDPOST',2,35,'这是一条很认真的测试数据这是一条很认真的测试数据这是一条很认真的测试数据这是一条很认真的测试数据这是一条很认真的测试数据这是一条很认真的测试数据这是一条很认真的测试数据这是一条很认真的测试数据','闵行','',2,'2017-02-27 18:24:56',2,'2017-02-27 18:24:56'),(284,83,'MODULE_ZONE_ADDPOST',2,35,'这是一条很认真的测试数据这是一条很认真的测试数据这是一条很认真的测试数据这是一条很认真的测试数据这是一条很认真的测试数据这是一条很认真的测试数据这是一条很认真的测试数据这是一条很认真的测试数据','闵行','',2,'2017-02-27 18:24:56',2,'2017-02-27 18:24:56'),(285,84,'MODULE_ZONE_ADDPOST',2,35,'这是一条很认真的测试数据这是一条很认真的测试数据这是一条很认真的测试数据这是一条很认真的测试数据这是一条很认真的测试数据这是一条很认真的测试数据这是一条很认真的测试数据这是一条很认真的测试数据','闵行','',2,'2017-02-27 18:24:56',2,'2017-02-27 18:24:56'),(286,85,'MODULE_ZONE_ADDPOST',2,35,'这是一条很认真的测试数据这是一条很认真的测试数据这是一条很认真的测试数据这是一条很认真的测试数据这是一条很认真的测试数据这是一条很认真的测试数据这是一条很认真的测试数据这是一条很认真的测试数据','闵行','',2,'2017-02-27 18:24:56',2,'2017-02-27 18:24:56'),(287,97,'MODULE_ZONE_ADDPOST',2,35,'这是一条很认真的测试数据这是一条很认真的测试数据这是一条很认真的测试数据这是一条很认真的测试数据这是一条很认真的测试数据这是一条很认真的测试数据这是一条很认真的测试数据这是一条很认真的测试数据','闵行','',2,'2017-02-27 18:24:56',2,'2017-02-27 18:24:56'),(288,98,'MODULE_ZONE_ADDPOST',2,35,'这是一条很认真的测试数据这是一条很认真的测试数据这是一条很认真的测试数据这是一条很认真的测试数据这是一条很认真的测试数据这是一条很认真的测试数据这是一条很认真的测试数据这是一条很认真的测试数据','闵行','',2,'2017-02-27 18:24:56',2,'2017-02-27 18:24:56'),(289,29,'MODULE_ZONE_ADDPOST',2,36,'这是一条很认真的测试数据这是一条很认真的测试数据这是一条很认真的测试数据这是一条很认真的测试数据这是一条很认真的测试数据这是一条很认真的测试数据这是一条很认真的测试数据这是一条很认真的测试数据','闵行','',2,'2017-02-27 18:24:57',2,'2017-02-27 18:24:57'),(290,73,'MODULE_ZONE_ADDPOST',2,36,'这是一条很认真的测试数据这是一条很认真的测试数据这是一条很认真的测试数据这是一条很认真的测试数据这是一条很认真的测试数据这是一条很认真的测试数据这是一条很认真的测试数据这是一条很认真的测试数据','闵行','',2,'2017-02-27 18:24:57',2,'2017-02-27 18:24:57'),(291,83,'MODULE_ZONE_ADDPOST',2,36,'这是一条很认真的测试数据这是一条很认真的测试数据这是一条很认真的测试数据这是一条很认真的测试数据这是一条很认真的测试数据这是一条很认真的测试数据这是一条很认真的测试数据这是一条很认真的测试数据','闵行','',2,'2017-02-27 18:24:57',2,'2017-02-27 18:24:57'),(292,84,'MODULE_ZONE_ADDPOST',2,36,'这是一条很认真的测试数据这是一条很认真的测试数据这是一条很认真的测试数据这是一条很认真的测试数据这是一条很认真的测试数据这是一条很认真的测试数据这是一条很认真的测试数据这是一条很认真的测试数据','闵行','',2,'2017-02-27 18:24:57',2,'2017-02-27 18:24:57'),(293,85,'MODULE_ZONE_ADDPOST',2,36,'这是一条很认真的测试数据这是一条很认真的测试数据这是一条很认真的测试数据这是一条很认真的测试数据这是一条很认真的测试数据这是一条很认真的测试数据这是一条很认真的测试数据这是一条很认真的测试数据','闵行','',2,'2017-02-27 18:24:57',2,'2017-02-27 18:24:57'),(294,97,'MODULE_ZONE_ADDPOST',2,36,'这是一条很认真的测试数据这是一条很认真的测试数据这是一条很认真的测试数据这是一条很认真的测试数据这是一条很认真的测试数据这是一条很认真的测试数据这是一条很认真的测试数据这是一条很认真的测试数据','闵行','',2,'2017-02-27 18:24:57',2,'2017-02-27 18:24:57'),(295,98,'MODULE_ZONE_ADDPOST',2,36,'这是一条很认真的测试数据这是一条很认真的测试数据这是一条很认真的测试数据这是一条很认真的测试数据这是一条很认真的测试数据这是一条很认真的测试数据这是一条很认真的测试数据这是一条很认真的测试数据','闵行','',2,'2017-02-27 18:24:57',2,'2017-02-27 18:24:57'),(296,29,'MODULE_ZONE_ADDPOST',2,37,'这是一条很认真的测试数据这是一条很认真的测试数据这是一条很认真的测试数据这是一条很认真的测试数据这是一条很认真的测试数据这是一条很认真的测试数据这是一条很认真的测试数据这是一条很认真的测试数据','闵行','',2,'2017-02-27 18:24:57',2,'2017-02-27 18:24:57'),(297,73,'MODULE_ZONE_ADDPOST',2,37,'这是一条很认真的测试数据这是一条很认真的测试数据这是一条很认真的测试数据这是一条很认真的测试数据这是一条很认真的测试数据这是一条很认真的测试数据这是一条很认真的测试数据这是一条很认真的测试数据','闵行','',2,'2017-02-27 18:24:57',2,'2017-02-27 18:24:57'),(298,83,'MODULE_ZONE_ADDPOST',2,37,'这是一条很认真的测试数据这是一条很认真的测试数据这是一条很认真的测试数据这是一条很认真的测试数据这是一条很认真的测试数据这是一条很认真的测试数据这是一条很认真的测试数据这是一条很认真的测试数据','闵行','',2,'2017-02-27 18:24:57',2,'2017-02-27 18:24:57'),(299,84,'MODULE_ZONE_ADDPOST',2,37,'这是一条很认真的测试数据这是一条很认真的测试数据这是一条很认真的测试数据这是一条很认真的测试数据这是一条很认真的测试数据这是一条很认真的测试数据这是一条很认真的测试数据这是一条很认真的测试数据','闵行','',2,'2017-02-27 18:24:57',2,'2017-02-27 18:24:57'),(300,85,'MODULE_ZONE_ADDPOST',2,37,'这是一条很认真的测试数据这是一条很认真的测试数据这是一条很认真的测试数据这是一条很认真的测试数据这是一条很认真的测试数据这是一条很认真的测试数据这是一条很认真的测试数据这是一条很认真的测试数据','闵行','',2,'2017-02-27 18:24:57',2,'2017-02-27 18:24:57'),(301,97,'MODULE_ZONE_ADDPOST',2,37,'这是一条很认真的测试数据这是一条很认真的测试数据这是一条很认真的测试数据这是一条很认真的测试数据这是一条很认真的测试数据这是一条很认真的测试数据这是一条很认真的测试数据这是一条很认真的测试数据','闵行','',2,'2017-02-27 18:24:57',2,'2017-02-27 18:24:57'),(302,98,'MODULE_ZONE_ADDPOST',2,37,'这是一条很认真的测试数据这是一条很认真的测试数据这是一条很认真的测试数据这是一条很认真的测试数据这是一条很认真的测试数据这是一条很认真的测试数据这是一条很认真的测试数据这是一条很认真的测试数据','闵行','',2,'2017-02-27 18:24:57',2,'2017-02-27 18:24:57'),(303,29,'MODULE_ZONE_ADDPOST',2,38,'这是一条很认真的测试数据这是一条很认真的测试数据这是一条很认真的测试数据这是一条很认真的测试数据这是一条很认真的测试数据这是一条很认真的测试数据这是一条很认真的测试数据这是一条很认真的测试数据','闵行','',2,'2017-02-27 18:24:57',2,'2017-02-27 18:24:57'),(304,73,'MODULE_ZONE_ADDPOST',2,38,'这是一条很认真的测试数据这是一条很认真的测试数据这是一条很认真的测试数据这是一条很认真的测试数据这是一条很认真的测试数据这是一条很认真的测试数据这是一条很认真的测试数据这是一条很认真的测试数据','闵行','',2,'2017-02-27 18:24:57',2,'2017-02-27 18:24:57'),(305,83,'MODULE_ZONE_ADDPOST',2,38,'这是一条很认真的测试数据这是一条很认真的测试数据这是一条很认真的测试数据这是一条很认真的测试数据这是一条很认真的测试数据这是一条很认真的测试数据这是一条很认真的测试数据这是一条很认真的测试数据','闵行','',2,'2017-02-27 18:24:57',2,'2017-02-27 18:24:57'),(306,84,'MODULE_ZONE_ADDPOST',2,38,'这是一条很认真的测试数据这是一条很认真的测试数据这是一条很认真的测试数据这是一条很认真的测试数据这是一条很认真的测试数据这是一条很认真的测试数据这是一条很认真的测试数据这是一条很认真的测试数据','闵行','',2,'2017-02-27 18:24:57',2,'2017-02-27 18:24:57'),(307,85,'MODULE_ZONE_ADDPOST',2,38,'这是一条很认真的测试数据这是一条很认真的测试数据这是一条很认真的测试数据这是一条很认真的测试数据这是一条很认真的测试数据这是一条很认真的测试数据这是一条很认真的测试数据这是一条很认真的测试数据','闵行','',2,'2017-02-27 18:24:57',2,'2017-02-27 18:24:57'),(308,97,'MODULE_ZONE_ADDPOST',2,38,'这是一条很认真的测试数据这是一条很认真的测试数据这是一条很认真的测试数据这是一条很认真的测试数据这是一条很认真的测试数据这是一条很认真的测试数据这是一条很认真的测试数据这是一条很认真的测试数据','闵行','',2,'2017-02-27 18:24:57',2,'2017-02-27 18:24:57'),(309,98,'MODULE_ZONE_ADDPOST',2,38,'这是一条很认真的测试数据这是一条很认真的测试数据这是一条很认真的测试数据这是一条很认真的测试数据这是一条很认真的测试数据这是一条很认真的测试数据这是一条很认真的测试数据这是一条很认真的测试数据','闵行','',2,'2017-02-27 18:24:57',2,'2017-02-27 18:24:57'),(310,29,'MODULE_ZONE_ADDPOST',2,39,'这是一条很认真的测试数据这是一条很认真的测试数据这是一条很认真的测试数据这是一条很认真的测试数据这是一条很认真的测试数据这是一条很认真的测试数据这是一条很认真的测试数据这是一条很认真的测试数据','闵行','',2,'2017-02-27 18:24:57',2,'2017-02-27 18:24:57'),(311,73,'MODULE_ZONE_ADDPOST',2,39,'这是一条很认真的测试数据这是一条很认真的测试数据这是一条很认真的测试数据这是一条很认真的测试数据这是一条很认真的测试数据这是一条很认真的测试数据这是一条很认真的测试数据这是一条很认真的测试数据','闵行','',2,'2017-02-27 18:24:57',2,'2017-02-27 18:24:57'),(312,83,'MODULE_ZONE_ADDPOST',2,39,'这是一条很认真的测试数据这是一条很认真的测试数据这是一条很认真的测试数据这是一条很认真的测试数据这是一条很认真的测试数据这是一条很认真的测试数据这是一条很认真的测试数据这是一条很认真的测试数据','闵行','',2,'2017-02-27 18:24:57',2,'2017-02-27 18:24:57'),(313,84,'MODULE_ZONE_ADDPOST',2,39,'这是一条很认真的测试数据这是一条很认真的测试数据这是一条很认真的测试数据这是一条很认真的测试数据这是一条很认真的测试数据这是一条很认真的测试数据这是一条很认真的测试数据这是一条很认真的测试数据','闵行','',2,'2017-02-27 18:24:57',2,'2017-02-27 18:24:57'),(314,85,'MODULE_ZONE_ADDPOST',2,39,'这是一条很认真的测试数据这是一条很认真的测试数据这是一条很认真的测试数据这是一条很认真的测试数据这是一条很认真的测试数据这是一条很认真的测试数据这是一条很认真的测试数据这是一条很认真的测试数据','闵行','',2,'2017-02-27 18:24:57',2,'2017-02-27 18:24:57'),(315,97,'MODULE_ZONE_ADDPOST',2,39,'这是一条很认真的测试数据这是一条很认真的测试数据这是一条很认真的测试数据这是一条很认真的测试数据这是一条很认真的测试数据这是一条很认真的测试数据这是一条很认真的测试数据这是一条很认真的测试数据','闵行','',2,'2017-02-27 18:24:57',2,'2017-02-27 18:24:57'),(316,98,'MODULE_ZONE_ADDPOST',2,39,'这是一条很认真的测试数据这是一条很认真的测试数据这是一条很认真的测试数据这是一条很认真的测试数据这是一条很认真的测试数据这是一条很认真的测试数据这是一条很认真的测试数据这是一条很认真的测试数据','闵行','',2,'2017-02-27 18:24:57',2,'2017-02-27 18:24:57'),(317,29,'MODULE_ZONE_ADDPOST',2,40,'这是一条很认真的测试数据这是一条很认真的测试数据这是一条很认真的测试数据这是一条很认真的测试数据这是一条很认真的测试数据这是一条很认真的测试数据这是一条很认真的测试数据这是一条很认真的测试数据','闵行','',2,'2017-02-27 18:24:57',2,'2017-02-27 18:24:57'),(318,73,'MODULE_ZONE_ADDPOST',2,40,'这是一条很认真的测试数据这是一条很认真的测试数据这是一条很认真的测试数据这是一条很认真的测试数据这是一条很认真的测试数据这是一条很认真的测试数据这是一条很认真的测试数据这是一条很认真的测试数据','闵行','',2,'2017-02-27 18:24:57',2,'2017-02-27 18:24:57'),(319,83,'MODULE_ZONE_ADDPOST',2,40,'这是一条很认真的测试数据这是一条很认真的测试数据这是一条很认真的测试数据这是一条很认真的测试数据这是一条很认真的测试数据这是一条很认真的测试数据这是一条很认真的测试数据这是一条很认真的测试数据','闵行','',2,'2017-02-27 18:24:57',2,'2017-02-27 18:24:57'),(320,84,'MODULE_ZONE_ADDPOST',2,40,'这是一条很认真的测试数据这是一条很认真的测试数据这是一条很认真的测试数据这是一条很认真的测试数据这是一条很认真的测试数据这是一条很认真的测试数据这是一条很认真的测试数据这是一条很认真的测试数据','闵行','',2,'2017-02-27 18:24:57',2,'2017-02-27 18:24:57'),(321,85,'MODULE_ZONE_ADDPOST',2,40,'这是一条很认真的测试数据这是一条很认真的测试数据这是一条很认真的测试数据这是一条很认真的测试数据这是一条很认真的测试数据这是一条很认真的测试数据这是一条很认真的测试数据这是一条很认真的测试数据','闵行','',2,'2017-02-27 18:24:57',2,'2017-02-27 18:24:57'),(322,97,'MODULE_ZONE_ADDPOST',2,40,'这是一条很认真的测试数据这是一条很认真的测试数据这是一条很认真的测试数据这是一条很认真的测试数据这是一条很认真的测试数据这是一条很认真的测试数据这是一条很认真的测试数据这是一条很认真的测试数据','闵行','',2,'2017-02-27 18:24:57',2,'2017-02-27 18:24:57'),(323,98,'MODULE_ZONE_ADDPOST',2,40,'这是一条很认真的测试数据这是一条很认真的测试数据这是一条很认真的测试数据这是一条很认真的测试数据这是一条很认真的测试数据这是一条很认真的测试数据这是一条很认真的测试数据这是一条很认真的测试数据','闵行','',2,'2017-02-27 18:24:57',2,'2017-02-27 18:24:57'),(324,29,'MODULE_ZONE_ADDPOST',2,41,'这是一条很认真的测试数据这是一条很认真的测试数据这是一条很认真的测试数据这是一条很认真的测试数据这是一条很认真的测试数据这是一条很认真的测试数据这是一条很认真的测试数据这是一条很认真的测试数据','闵行','',2,'2017-02-27 18:24:58',2,'2017-02-27 18:24:58'),(325,73,'MODULE_ZONE_ADDPOST',2,41,'这是一条很认真的测试数据这是一条很认真的测试数据这是一条很认真的测试数据这是一条很认真的测试数据这是一条很认真的测试数据这是一条很认真的测试数据这是一条很认真的测试数据这是一条很认真的测试数据','闵行','',2,'2017-02-27 18:24:58',2,'2017-02-27 18:24:58'),(326,83,'MODULE_ZONE_ADDPOST',2,41,'这是一条很认真的测试数据这是一条很认真的测试数据这是一条很认真的测试数据这是一条很认真的测试数据这是一条很认真的测试数据这是一条很认真的测试数据这是一条很认真的测试数据这是一条很认真的测试数据','闵行','',2,'2017-02-27 18:24:58',2,'2017-02-27 18:24:58'),(327,84,'MODULE_ZONE_ADDPOST',2,41,'这是一条很认真的测试数据这是一条很认真的测试数据这是一条很认真的测试数据这是一条很认真的测试数据这是一条很认真的测试数据这是一条很认真的测试数据这是一条很认真的测试数据这是一条很认真的测试数据','闵行','',2,'2017-02-27 18:24:58',2,'2017-02-27 18:24:58'),(328,85,'MODULE_ZONE_ADDPOST',2,41,'这是一条很认真的测试数据这是一条很认真的测试数据这是一条很认真的测试数据这是一条很认真的测试数据这是一条很认真的测试数据这是一条很认真的测试数据这是一条很认真的测试数据这是一条很认真的测试数据','闵行','',2,'2017-02-27 18:24:58',2,'2017-02-27 18:24:58'),(329,97,'MODULE_ZONE_ADDPOST',2,41,'这是一条很认真的测试数据这是一条很认真的测试数据这是一条很认真的测试数据这是一条很认真的测试数据这是一条很认真的测试数据这是一条很认真的测试数据这是一条很认真的测试数据这是一条很认真的测试数据','闵行','',2,'2017-02-27 18:24:58',2,'2017-02-27 18:24:58'),(330,98,'MODULE_ZONE_ADDPOST',2,41,'这是一条很认真的测试数据这是一条很认真的测试数据这是一条很认真的测试数据这是一条很认真的测试数据这是一条很认真的测试数据这是一条很认真的测试数据这是一条很认真的测试数据这是一条很认真的测试数据','闵行','',2,'2017-02-27 18:24:58',2,'2017-02-27 18:24:58'),(331,29,'MODULE_ZONE_ADDPOST',2,42,'这是一条很认真的测试数据这是一条很认真的测试数据这是一条很认真的测试数据这是一条很认真的测试数据这是一条很认真的测试数据这是一条很认真的测试数据这是一条很认真的测试数据这是一条很认真的测试数据','闵行','',2,'2017-02-27 18:24:58',2,'2017-02-27 18:24:58'),(332,73,'MODULE_ZONE_ADDPOST',2,42,'这是一条很认真的测试数据这是一条很认真的测试数据这是一条很认真的测试数据这是一条很认真的测试数据这是一条很认真的测试数据这是一条很认真的测试数据这是一条很认真的测试数据这是一条很认真的测试数据','闵行','',2,'2017-02-27 18:24:58',2,'2017-02-27 18:24:58'),(333,83,'MODULE_ZONE_ADDPOST',2,42,'这是一条很认真的测试数据这是一条很认真的测试数据这是一条很认真的测试数据这是一条很认真的测试数据这是一条很认真的测试数据这是一条很认真的测试数据这是一条很认真的测试数据这是一条很认真的测试数据','闵行','',2,'2017-02-27 18:24:58',2,'2017-02-27 18:24:58'),(334,84,'MODULE_ZONE_ADDPOST',2,42,'这是一条很认真的测试数据这是一条很认真的测试数据这是一条很认真的测试数据这是一条很认真的测试数据这是一条很认真的测试数据这是一条很认真的测试数据这是一条很认真的测试数据这是一条很认真的测试数据','闵行','',2,'2017-02-27 18:24:58',2,'2017-02-27 18:24:58'),(335,85,'MODULE_ZONE_ADDPOST',2,42,'这是一条很认真的测试数据这是一条很认真的测试数据这是一条很认真的测试数据这是一条很认真的测试数据这是一条很认真的测试数据这是一条很认真的测试数据这是一条很认真的测试数据这是一条很认真的测试数据','闵行','',2,'2017-02-27 18:24:58',2,'2017-02-27 18:24:58'),(336,97,'MODULE_ZONE_ADDPOST',2,42,'这是一条很认真的测试数据这是一条很认真的测试数据这是一条很认真的测试数据这是一条很认真的测试数据这是一条很认真的测试数据这是一条很认真的测试数据这是一条很认真的测试数据这是一条很认真的测试数据','闵行','',2,'2017-02-27 18:24:58',2,'2017-02-27 18:24:58'),(337,98,'MODULE_ZONE_ADDPOST',2,42,'这是一条很认真的测试数据这是一条很认真的测试数据这是一条很认真的测试数据这是一条很认真的测试数据这是一条很认真的测试数据这是一条很认真的测试数据这是一条很认真的测试数据这是一条很认真的测试数据','闵行','',2,'2017-02-27 18:24:58',2,'2017-02-27 18:24:58'),(338,29,'MODULE_ZONE_ADDPOST',2,43,'这是一条很认真的测试数据这是一条很认真的测试数据这是一条很认真的测试数据这是一条很认真的测试数据这是一条很认真的测试数据这是一条很认真的测试数据这是一条很认真的测试数据这是一条很认真的测试数据','闵行','',2,'2017-02-27 18:24:58',2,'2017-02-27 18:24:58'),(339,73,'MODULE_ZONE_ADDPOST',2,43,'这是一条很认真的测试数据这是一条很认真的测试数据这是一条很认真的测试数据这是一条很认真的测试数据这是一条很认真的测试数据这是一条很认真的测试数据这是一条很认真的测试数据这是一条很认真的测试数据','闵行','',2,'2017-02-27 18:24:58',2,'2017-02-27 18:24:58'),(340,83,'MODULE_ZONE_ADDPOST',2,43,'这是一条很认真的测试数据这是一条很认真的测试数据这是一条很认真的测试数据这是一条很认真的测试数据这是一条很认真的测试数据这是一条很认真的测试数据这是一条很认真的测试数据这是一条很认真的测试数据','闵行','',2,'2017-02-27 18:24:58',2,'2017-02-27 18:24:58'),(341,84,'MODULE_ZONE_ADDPOST',2,43,'这是一条很认真的测试数据这是一条很认真的测试数据这是一条很认真的测试数据这是一条很认真的测试数据这是一条很认真的测试数据这是一条很认真的测试数据这是一条很认真的测试数据这是一条很认真的测试数据','闵行','',2,'2017-02-27 18:24:58',2,'2017-02-27 18:24:58'),(342,85,'MODULE_ZONE_ADDPOST',2,43,'这是一条很认真的测试数据这是一条很认真的测试数据这是一条很认真的测试数据这是一条很认真的测试数据这是一条很认真的测试数据这是一条很认真的测试数据这是一条很认真的测试数据这是一条很认真的测试数据','闵行','',2,'2017-02-27 18:24:58',2,'2017-02-27 18:24:58'),(343,97,'MODULE_ZONE_ADDPOST',2,43,'这是一条很认真的测试数据这是一条很认真的测试数据这是一条很认真的测试数据这是一条很认真的测试数据这是一条很认真的测试数据这是一条很认真的测试数据这是一条很认真的测试数据这是一条很认真的测试数据','闵行','',2,'2017-02-27 18:24:58',2,'2017-02-27 18:24:58'),(344,98,'MODULE_ZONE_ADDPOST',2,43,'这是一条很认真的测试数据这是一条很认真的测试数据这是一条很认真的测试数据这是一条很认真的测试数据这是一条很认真的测试数据这是一条很认真的测试数据这是一条很认真的测试数据这是一条很认真的测试数据','闵行','',2,'2017-02-27 18:24:58',2,'2017-02-27 18:24:58'),(345,29,'MODULE_ZONE_ADDPOST',2,44,'这是一条很认真的测试数据这是一条很认真的测试数据这是一条很认真的测试数据这是一条很认真的测试数据这是一条很认真的测试数据这是一条很认真的测试数据这是一条很认真的测试数据这是一条很认真的测试数据','闵行','',2,'2017-02-27 18:24:58',2,'2017-02-27 18:24:58'),(346,73,'MODULE_ZONE_ADDPOST',2,44,'这是一条很认真的测试数据这是一条很认真的测试数据这是一条很认真的测试数据这是一条很认真的测试数据这是一条很认真的测试数据这是一条很认真的测试数据这是一条很认真的测试数据这是一条很认真的测试数据','闵行','',2,'2017-02-27 18:24:58',2,'2017-02-27 18:24:58'),(347,83,'MODULE_ZONE_ADDPOST',2,44,'这是一条很认真的测试数据这是一条很认真的测试数据这是一条很认真的测试数据这是一条很认真的测试数据这是一条很认真的测试数据这是一条很认真的测试数据这是一条很认真的测试数据这是一条很认真的测试数据','闵行','',2,'2017-02-27 18:24:58',2,'2017-02-27 18:24:58'),(348,84,'MODULE_ZONE_ADDPOST',2,44,'这是一条很认真的测试数据这是一条很认真的测试数据这是一条很认真的测试数据这是一条很认真的测试数据这是一条很认真的测试数据这是一条很认真的测试数据这是一条很认真的测试数据这是一条很认真的测试数据','闵行','',2,'2017-02-27 18:24:58',2,'2017-02-27 18:24:58'),(349,85,'MODULE_ZONE_ADDPOST',2,44,'这是一条很认真的测试数据这是一条很认真的测试数据这是一条很认真的测试数据这是一条很认真的测试数据这是一条很认真的测试数据这是一条很认真的测试数据这是一条很认真的测试数据这是一条很认真的测试数据','闵行','',2,'2017-02-27 18:24:58',2,'2017-02-27 18:24:58'),(350,97,'MODULE_ZONE_ADDPOST',2,44,'这是一条很认真的测试数据这是一条很认真的测试数据这是一条很认真的测试数据这是一条很认真的测试数据这是一条很认真的测试数据这是一条很认真的测试数据这是一条很认真的测试数据这是一条很认真的测试数据','闵行','',2,'2017-02-27 18:24:58',2,'2017-02-27 18:24:58'),(351,98,'MODULE_ZONE_ADDPOST',2,44,'这是一条很认真的测试数据这是一条很认真的测试数据这是一条很认真的测试数据这是一条很认真的测试数据这是一条很认真的测试数据这是一条很认真的测试数据这是一条很认真的测试数据这是一条很认真的测试数据','闵行','',2,'2017-02-27 18:24:58',2,'2017-02-27 18:24:58'),(352,29,'MODULE_ZONE_ADDPOST',2,45,'这是一条很认真的测试数据这是一条很认真的测试数据这是一条很认真的测试数据这是一条很认真的测试数据这是一条很认真的测试数据这是一条很认真的测试数据这是一条很认真的测试数据这是一条很认真的测试数据','闵行','',2,'2017-02-27 18:24:59',2,'2017-02-27 18:24:59'),(353,73,'MODULE_ZONE_ADDPOST',2,45,'这是一条很认真的测试数据这是一条很认真的测试数据这是一条很认真的测试数据这是一条很认真的测试数据这是一条很认真的测试数据这是一条很认真的测试数据这是一条很认真的测试数据这是一条很认真的测试数据','闵行','',2,'2017-02-27 18:24:59',2,'2017-02-27 18:24:59'),(354,83,'MODULE_ZONE_ADDPOST',2,45,'这是一条很认真的测试数据这是一条很认真的测试数据这是一条很认真的测试数据这是一条很认真的测试数据这是一条很认真的测试数据这是一条很认真的测试数据这是一条很认真的测试数据这是一条很认真的测试数据','闵行','',2,'2017-02-27 18:24:59',2,'2017-02-27 18:24:59'),(355,84,'MODULE_ZONE_ADDPOST',2,45,'这是一条很认真的测试数据这是一条很认真的测试数据这是一条很认真的测试数据这是一条很认真的测试数据这是一条很认真的测试数据这是一条很认真的测试数据这是一条很认真的测试数据这是一条很认真的测试数据','闵行','',2,'2017-02-27 18:24:59',2,'2017-02-27 18:24:59'),(356,85,'MODULE_ZONE_ADDPOST',2,45,'这是一条很认真的测试数据这是一条很认真的测试数据这是一条很认真的测试数据这是一条很认真的测试数据这是一条很认真的测试数据这是一条很认真的测试数据这是一条很认真的测试数据这是一条很认真的测试数据','闵行','',2,'2017-02-27 18:24:59',2,'2017-02-27 18:24:59'),(357,97,'MODULE_ZONE_ADDPOST',2,45,'这是一条很认真的测试数据这是一条很认真的测试数据这是一条很认真的测试数据这是一条很认真的测试数据这是一条很认真的测试数据这是一条很认真的测试数据这是一条很认真的测试数据这是一条很认真的测试数据','闵行','',2,'2017-02-27 18:24:59',2,'2017-02-27 18:24:59'),(358,98,'MODULE_ZONE_ADDPOST',2,45,'这是一条很认真的测试数据这是一条很认真的测试数据这是一条很认真的测试数据这是一条很认真的测试数据这是一条很认真的测试数据这是一条很认真的测试数据这是一条很认真的测试数据这是一条很认真的测试数据','闵行','',2,'2017-02-27 18:24:59',2,'2017-02-27 18:24:59'),(359,29,'MODULE_ZONE_ADDPOST',2,46,'这是一条很认真的测试数据这是一条很认真的测试数据这是一条很认真的测试数据这是一条很认真的测试数据这是一条很认真的测试数据这是一条很认真的测试数据这是一条很认真的测试数据这是一条很认真的测试数据','闵行','',2,'2017-02-27 18:24:59',2,'2017-02-27 18:24:59'),(360,73,'MODULE_ZONE_ADDPOST',2,46,'这是一条很认真的测试数据这是一条很认真的测试数据这是一条很认真的测试数据这是一条很认真的测试数据这是一条很认真的测试数据这是一条很认真的测试数据这是一条很认真的测试数据这是一条很认真的测试数据','闵行','',2,'2017-02-27 18:24:59',2,'2017-02-27 18:24:59'),(361,83,'MODULE_ZONE_ADDPOST',2,46,'这是一条很认真的测试数据这是一条很认真的测试数据这是一条很认真的测试数据这是一条很认真的测试数据这是一条很认真的测试数据这是一条很认真的测试数据这是一条很认真的测试数据这是一条很认真的测试数据','闵行','',2,'2017-02-27 18:24:59',2,'2017-02-27 18:24:59'),(362,84,'MODULE_ZONE_ADDPOST',2,46,'这是一条很认真的测试数据这是一条很认真的测试数据这是一条很认真的测试数据这是一条很认真的测试数据这是一条很认真的测试数据这是一条很认真的测试数据这是一条很认真的测试数据这是一条很认真的测试数据','闵行','',2,'2017-02-27 18:24:59',2,'2017-02-27 18:24:59'),(363,85,'MODULE_ZONE_ADDPOST',2,46,'这是一条很认真的测试数据这是一条很认真的测试数据这是一条很认真的测试数据这是一条很认真的测试数据这是一条很认真的测试数据这是一条很认真的测试数据这是一条很认真的测试数据这是一条很认真的测试数据','闵行','',2,'2017-02-27 18:24:59',2,'2017-02-27 18:24:59'),(364,97,'MODULE_ZONE_ADDPOST',2,46,'这是一条很认真的测试数据这是一条很认真的测试数据这是一条很认真的测试数据这是一条很认真的测试数据这是一条很认真的测试数据这是一条很认真的测试数据这是一条很认真的测试数据这是一条很认真的测试数据','闵行','',2,'2017-02-27 18:24:59',2,'2017-02-27 18:24:59'),(365,98,'MODULE_ZONE_ADDPOST',2,46,'这是一条很认真的测试数据这是一条很认真的测试数据这是一条很认真的测试数据这是一条很认真的测试数据这是一条很认真的测试数据这是一条很认真的测试数据这是一条很认真的测试数据这是一条很认真的测试数据','闵行','',2,'2017-02-27 18:24:59',2,'2017-02-27 18:24:59'),(366,29,'MODULE_ZONE_ADDPOST',2,47,'这是一条很认真的测试数据这是一条很认真的测试数据这是一条很认真的测试数据这是一条很认真的测试数据这是一条很认真的测试数据这是一条很认真的测试数据这是一条很认真的测试数据这是一条很认真的测试数据','闵行','',2,'2017-02-27 18:24:59',2,'2017-02-27 18:24:59'),(367,73,'MODULE_ZONE_ADDPOST',2,47,'这是一条很认真的测试数据这是一条很认真的测试数据这是一条很认真的测试数据这是一条很认真的测试数据这是一条很认真的测试数据这是一条很认真的测试数据这是一条很认真的测试数据这是一条很认真的测试数据','闵行','',2,'2017-02-27 18:24:59',2,'2017-02-27 18:24:59'),(368,83,'MODULE_ZONE_ADDPOST',2,47,'这是一条很认真的测试数据这是一条很认真的测试数据这是一条很认真的测试数据这是一条很认真的测试数据这是一条很认真的测试数据这是一条很认真的测试数据这是一条很认真的测试数据这是一条很认真的测试数据','闵行','',2,'2017-02-27 18:24:59',2,'2017-02-27 18:24:59'),(369,84,'MODULE_ZONE_ADDPOST',2,47,'这是一条很认真的测试数据这是一条很认真的测试数据这是一条很认真的测试数据这是一条很认真的测试数据这是一条很认真的测试数据这是一条很认真的测试数据这是一条很认真的测试数据这是一条很认真的测试数据','闵行','',2,'2017-02-27 18:24:59',2,'2017-02-27 18:24:59'),(370,85,'MODULE_ZONE_ADDPOST',2,47,'这是一条很认真的测试数据这是一条很认真的测试数据这是一条很认真的测试数据这是一条很认真的测试数据这是一条很认真的测试数据这是一条很认真的测试数据这是一条很认真的测试数据这是一条很认真的测试数据','闵行','',2,'2017-02-27 18:24:59',2,'2017-02-27 18:24:59'),(371,97,'MODULE_ZONE_ADDPOST',2,47,'这是一条很认真的测试数据这是一条很认真的测试数据这是一条很认真的测试数据这是一条很认真的测试数据这是一条很认真的测试数据这是一条很认真的测试数据这是一条很认真的测试数据这是一条很认真的测试数据','闵行','',2,'2017-02-27 18:24:59',2,'2017-02-27 18:24:59'),(372,98,'MODULE_ZONE_ADDPOST',2,47,'这是一条很认真的测试数据这是一条很认真的测试数据这是一条很认真的测试数据这是一条很认真的测试数据这是一条很认真的测试数据这是一条很认真的测试数据这是一条很认真的测试数据这是一条很认真的测试数据','闵行','',2,'2017-02-27 18:24:59',2,'2017-02-27 18:24:59'),(373,29,'MODULE_ZONE_ADDPOST',2,48,'这是一条很认真的测试数据这是一条很认真的测试数据这是一条很认真的测试数据这是一条很认真的测试数据这是一条很认真的测试数据这是一条很认真的测试数据这是一条很认真的测试数据这是一条很认真的测试数据','闵行','',2,'2017-02-27 18:24:59',2,'2017-02-27 18:24:59'),(374,73,'MODULE_ZONE_ADDPOST',2,48,'这是一条很认真的测试数据这是一条很认真的测试数据这是一条很认真的测试数据这是一条很认真的测试数据这是一条很认真的测试数据这是一条很认真的测试数据这是一条很认真的测试数据这是一条很认真的测试数据','闵行','',2,'2017-02-27 18:24:59',2,'2017-02-27 18:24:59'),(375,83,'MODULE_ZONE_ADDPOST',2,48,'这是一条很认真的测试数据这是一条很认真的测试数据这是一条很认真的测试数据这是一条很认真的测试数据这是一条很认真的测试数据这是一条很认真的测试数据这是一条很认真的测试数据这是一条很认真的测试数据','闵行','',2,'2017-02-27 18:24:59',2,'2017-02-27 18:24:59'),(376,84,'MODULE_ZONE_ADDPOST',2,48,'这是一条很认真的测试数据这是一条很认真的测试数据这是一条很认真的测试数据这是一条很认真的测试数据这是一条很认真的测试数据这是一条很认真的测试数据这是一条很认真的测试数据这是一条很认真的测试数据','闵行','',2,'2017-02-27 18:24:59',2,'2017-02-27 18:24:59'),(377,85,'MODULE_ZONE_ADDPOST',2,48,'这是一条很认真的测试数据这是一条很认真的测试数据这是一条很认真的测试数据这是一条很认真的测试数据这是一条很认真的测试数据这是一条很认真的测试数据这是一条很认真的测试数据这是一条很认真的测试数据','闵行','',2,'2017-02-27 18:24:59',2,'2017-02-27 18:24:59'),(378,97,'MODULE_ZONE_ADDPOST',2,48,'这是一条很认真的测试数据这是一条很认真的测试数据这是一条很认真的测试数据这是一条很认真的测试数据这是一条很认真的测试数据这是一条很认真的测试数据这是一条很认真的测试数据这是一条很认真的测试数据','闵行','',2,'2017-02-27 18:24:59',2,'2017-02-27 18:24:59'),(379,98,'MODULE_ZONE_ADDPOST',2,48,'这是一条很认真的测试数据这是一条很认真的测试数据这是一条很认真的测试数据这是一条很认真的测试数据这是一条很认真的测试数据这是一条很认真的测试数据这是一条很认真的测试数据这是一条很认真的测试数据','闵行','',2,'2017-02-27 18:24:59',2,'2017-02-27 18:24:59'),(380,29,'MODULE_ZONE_ADDPOST',2,49,'这是一条很认真的测试数据这是一条很认真的测试数据这是一条很认真的测试数据这是一条很认真的测试数据这是一条很认真的测试数据这是一条很认真的测试数据这是一条很认真的测试数据这是一条很认真的测试数据','闵行','',2,'2017-02-27 18:24:59',2,'2017-02-27 18:24:59'),(381,73,'MODULE_ZONE_ADDPOST',2,49,'这是一条很认真的测试数据这是一条很认真的测试数据这是一条很认真的测试数据这是一条很认真的测试数据这是一条很认真的测试数据这是一条很认真的测试数据这是一条很认真的测试数据这是一条很认真的测试数据','闵行','',2,'2017-02-27 18:24:59',2,'2017-02-27 18:24:59'),(382,83,'MODULE_ZONE_ADDPOST',2,49,'这是一条很认真的测试数据这是一条很认真的测试数据这是一条很认真的测试数据这是一条很认真的测试数据这是一条很认真的测试数据这是一条很认真的测试数据这是一条很认真的测试数据这是一条很认真的测试数据','闵行','',2,'2017-02-27 18:24:59',2,'2017-02-27 18:24:59'),(383,84,'MODULE_ZONE_ADDPOST',2,49,'这是一条很认真的测试数据这是一条很认真的测试数据这是一条很认真的测试数据这是一条很认真的测试数据这是一条很认真的测试数据这是一条很认真的测试数据这是一条很认真的测试数据这是一条很认真的测试数据','闵行','',2,'2017-02-27 18:24:59',2,'2017-02-27 18:24:59'),(384,85,'MODULE_ZONE_ADDPOST',2,49,'这是一条很认真的测试数据这是一条很认真的测试数据这是一条很认真的测试数据这是一条很认真的测试数据这是一条很认真的测试数据这是一条很认真的测试数据这是一条很认真的测试数据这是一条很认真的测试数据','闵行','',2,'2017-02-27 18:24:59',2,'2017-02-27 18:24:59'),(385,97,'MODULE_ZONE_ADDPOST',2,49,'这是一条很认真的测试数据这是一条很认真的测试数据这是一条很认真的测试数据这是一条很认真的测试数据这是一条很认真的测试数据这是一条很认真的测试数据这是一条很认真的测试数据这是一条很认真的测试数据','闵行','',2,'2017-02-27 18:24:59',2,'2017-02-27 18:24:59'),(386,98,'MODULE_ZONE_ADDPOST',2,49,'这是一条很认真的测试数据这是一条很认真的测试数据这是一条很认真的测试数据这是一条很认真的测试数据这是一条很认真的测试数据这是一条很认真的测试数据这是一条很认真的测试数据这是一条很认真的测试数据','闵行','',2,'2017-02-27 18:24:59',2,'2017-02-27 18:24:59'),(387,29,'MODULE_ZONE_ADDPOST',2,50,'这是一条很认真的测试数据这是一条很认真的测试数据这是一条很认真的测试数据这是一条很认真的测试数据这是一条很认真的测试数据这是一条很认真的测试数据这是一条很认真的测试数据这是一条很认真的测试数据','闵行','',2,'2017-02-27 18:25:00',2,'2017-02-27 18:25:00'),(388,73,'MODULE_ZONE_ADDPOST',2,50,'这是一条很认真的测试数据这是一条很认真的测试数据这是一条很认真的测试数据这是一条很认真的测试数据这是一条很认真的测试数据这是一条很认真的测试数据这是一条很认真的测试数据这是一条很认真的测试数据','闵行','',2,'2017-02-27 18:25:00',2,'2017-02-27 18:25:00'),(389,83,'MODULE_ZONE_ADDPOST',2,50,'这是一条很认真的测试数据这是一条很认真的测试数据这是一条很认真的测试数据这是一条很认真的测试数据这是一条很认真的测试数据这是一条很认真的测试数据这是一条很认真的测试数据这是一条很认真的测试数据','闵行','',2,'2017-02-27 18:25:00',2,'2017-02-27 18:25:00'),(390,84,'MODULE_ZONE_ADDPOST',2,50,'这是一条很认真的测试数据这是一条很认真的测试数据这是一条很认真的测试数据这是一条很认真的测试数据这是一条很认真的测试数据这是一条很认真的测试数据这是一条很认真的测试数据这是一条很认真的测试数据','闵行','',2,'2017-02-27 18:25:00',2,'2017-02-27 18:25:00'),(391,85,'MODULE_ZONE_ADDPOST',2,50,'这是一条很认真的测试数据这是一条很认真的测试数据这是一条很认真的测试数据这是一条很认真的测试数据这是一条很认真的测试数据这是一条很认真的测试数据这是一条很认真的测试数据这是一条很认真的测试数据','闵行','',2,'2017-02-27 18:25:00',2,'2017-02-27 18:25:00'),(392,97,'MODULE_ZONE_ADDPOST',2,50,'这是一条很认真的测试数据这是一条很认真的测试数据这是一条很认真的测试数据这是一条很认真的测试数据这是一条很认真的测试数据这是一条很认真的测试数据这是一条很认真的测试数据这是一条很认真的测试数据','闵行','',2,'2017-02-27 18:25:00',2,'2017-02-27 18:25:00'),(393,98,'MODULE_ZONE_ADDPOST',2,50,'这是一条很认真的测试数据这是一条很认真的测试数据这是一条很认真的测试数据这是一条很认真的测试数据这是一条很认真的测试数据这是一条很认真的测试数据这是一条很认真的测试数据这是一条很认真的测试数据','闵行','',2,'2017-02-27 18:25:00',2,'2017-02-27 18:25:00'),(394,29,'MODULE_ZONE_ADDPOST',2,51,'这是一条很认真的测试数据这是一条很认真的测试数据这是一条很认真的测试数据这是一条很认真的测试数据这是一条很认真的测试数据这是一条很认真的测试数据这是一条很认真的测试数据这是一条很认真的测试数据','闵行','',2,'2017-02-27 18:25:00',2,'2017-02-27 18:25:00'),(395,73,'MODULE_ZONE_ADDPOST',2,51,'这是一条很认真的测试数据这是一条很认真的测试数据这是一条很认真的测试数据这是一条很认真的测试数据这是一条很认真的测试数据这是一条很认真的测试数据这是一条很认真的测试数据这是一条很认真的测试数据','闵行','',2,'2017-02-27 18:25:00',2,'2017-02-27 18:25:00'),(396,83,'MODULE_ZONE_ADDPOST',2,51,'这是一条很认真的测试数据这是一条很认真的测试数据这是一条很认真的测试数据这是一条很认真的测试数据这是一条很认真的测试数据这是一条很认真的测试数据这是一条很认真的测试数据这是一条很认真的测试数据','闵行','',2,'2017-02-27 18:25:00',2,'2017-02-27 18:25:00'),(397,84,'MODULE_ZONE_ADDPOST',2,51,'这是一条很认真的测试数据这是一条很认真的测试数据这是一条很认真的测试数据这是一条很认真的测试数据这是一条很认真的测试数据这是一条很认真的测试数据这是一条很认真的测试数据这是一条很认真的测试数据','闵行','',2,'2017-02-27 18:25:00',2,'2017-02-27 18:25:00'),(398,85,'MODULE_ZONE_ADDPOST',2,51,'这是一条很认真的测试数据这是一条很认真的测试数据这是一条很认真的测试数据这是一条很认真的测试数据这是一条很认真的测试数据这是一条很认真的测试数据这是一条很认真的测试数据这是一条很认真的测试数据','闵行','',2,'2017-02-27 18:25:00',2,'2017-02-27 18:25:00'),(399,97,'MODULE_ZONE_ADDPOST',2,51,'这是一条很认真的测试数据这是一条很认真的测试数据这是一条很认真的测试数据这是一条很认真的测试数据这是一条很认真的测试数据这是一条很认真的测试数据这是一条很认真的测试数据这是一条很认真的测试数据','闵行','',2,'2017-02-27 18:25:00',2,'2017-02-27 18:25:00'),(400,98,'MODULE_ZONE_ADDPOST',2,51,'这是一条很认真的测试数据这是一条很认真的测试数据这是一条很认真的测试数据这是一条很认真的测试数据这是一条很认真的测试数据这是一条很认真的测试数据这是一条很认真的测试数据这是一条很认真的测试数据','闵行','',2,'2017-02-27 18:25:00',2,'2017-02-27 18:25:00'),(401,29,'MODULE_ZONE_ADDPOST',2,52,'这是一条很认真的测试数据这是一条很认真的测试数据这是一条很认真的测试数据这是一条很认真的测试数据这是一条很认真的测试数据这是一条很认真的测试数据这是一条很认真的测试数据这是一条很认真的测试数据','闵行','',2,'2017-02-27 18:25:00',2,'2017-02-27 18:25:00'),(402,73,'MODULE_ZONE_ADDPOST',2,52,'这是一条很认真的测试数据这是一条很认真的测试数据这是一条很认真的测试数据这是一条很认真的测试数据这是一条很认真的测试数据这是一条很认真的测试数据这是一条很认真的测试数据这是一条很认真的测试数据','闵行','',2,'2017-02-27 18:25:00',2,'2017-02-27 18:25:00'),(403,83,'MODULE_ZONE_ADDPOST',2,52,'这是一条很认真的测试数据这是一条很认真的测试数据这是一条很认真的测试数据这是一条很认真的测试数据这是一条很认真的测试数据这是一条很认真的测试数据这是一条很认真的测试数据这是一条很认真的测试数据','闵行','',2,'2017-02-27 18:25:00',2,'2017-02-27 18:25:00'),(404,84,'MODULE_ZONE_ADDPOST',2,52,'这是一条很认真的测试数据这是一条很认真的测试数据这是一条很认真的测试数据这是一条很认真的测试数据这是一条很认真的测试数据这是一条很认真的测试数据这是一条很认真的测试数据这是一条很认真的测试数据','闵行','',2,'2017-02-27 18:25:00',2,'2017-02-27 18:25:00'),(405,85,'MODULE_ZONE_ADDPOST',2,52,'这是一条很认真的测试数据这是一条很认真的测试数据这是一条很认真的测试数据这是一条很认真的测试数据这是一条很认真的测试数据这是一条很认真的测试数据这是一条很认真的测试数据这是一条很认真的测试数据','闵行','',2,'2017-02-27 18:25:00',2,'2017-02-27 18:25:00'),(406,97,'MODULE_ZONE_ADDPOST',2,52,'这是一条很认真的测试数据这是一条很认真的测试数据这是一条很认真的测试数据这是一条很认真的测试数据这是一条很认真的测试数据这是一条很认真的测试数据这是一条很认真的测试数据这是一条很认真的测试数据','闵行','',2,'2017-02-27 18:25:00',2,'2017-02-27 18:25:00'),(407,98,'MODULE_ZONE_ADDPOST',2,52,'这是一条很认真的测试数据这是一条很认真的测试数据这是一条很认真的测试数据这是一条很认真的测试数据这是一条很认真的测试数据这是一条很认真的测试数据这是一条很认真的测试数据这是一条很认真的测试数据','闵行','',2,'2017-02-27 18:25:00',2,'2017-02-27 18:25:00'),(408,29,'MODULE_ZONE_ADDPOST',2,53,'这是一条很认真的测试数据这是一条很认真的测试数据这是一条很认真的测试数据这是一条很认真的测试数据这是一条很认真的测试数据这是一条很认真的测试数据这是一条很认真的测试数据这是一条很认真的测试数据','闵行','',2,'2017-02-27 18:25:00',2,'2017-02-27 18:25:00'),(409,73,'MODULE_ZONE_ADDPOST',2,53,'这是一条很认真的测试数据这是一条很认真的测试数据这是一条很认真的测试数据这是一条很认真的测试数据这是一条很认真的测试数据这是一条很认真的测试数据这是一条很认真的测试数据这是一条很认真的测试数据','闵行','',2,'2017-02-27 18:25:00',2,'2017-02-27 18:25:00'),(410,83,'MODULE_ZONE_ADDPOST',2,53,'这是一条很认真的测试数据这是一条很认真的测试数据这是一条很认真的测试数据这是一条很认真的测试数据这是一条很认真的测试数据这是一条很认真的测试数据这是一条很认真的测试数据这是一条很认真的测试数据','闵行','',2,'2017-02-27 18:25:00',2,'2017-02-27 18:25:00'),(411,84,'MODULE_ZONE_ADDPOST',2,53,'这是一条很认真的测试数据这是一条很认真的测试数据这是一条很认真的测试数据这是一条很认真的测试数据这是一条很认真的测试数据这是一条很认真的测试数据这是一条很认真的测试数据这是一条很认真的测试数据','闵行','',2,'2017-02-27 18:25:00',2,'2017-02-27 18:25:00'),(412,85,'MODULE_ZONE_ADDPOST',2,53,'这是一条很认真的测试数据这是一条很认真的测试数据这是一条很认真的测试数据这是一条很认真的测试数据这是一条很认真的测试数据这是一条很认真的测试数据这是一条很认真的测试数据这是一条很认真的测试数据','闵行','',2,'2017-02-27 18:25:00',2,'2017-02-27 18:25:00'),(413,97,'MODULE_ZONE_ADDPOST',2,53,'这是一条很认真的测试数据这是一条很认真的测试数据这是一条很认真的测试数据这是一条很认真的测试数据这是一条很认真的测试数据这是一条很认真的测试数据这是一条很认真的测试数据这是一条很认真的测试数据','闵行','',2,'2017-02-27 18:25:00',2,'2017-02-27 18:25:00'),(414,98,'MODULE_ZONE_ADDPOST',2,53,'这是一条很认真的测试数据这是一条很认真的测试数据这是一条很认真的测试数据这是一条很认真的测试数据这是一条很认真的测试数据这是一条很认真的测试数据这是一条很认真的测试数据这是一条很认真的测试数据','闵行','',2,'2017-02-27 18:25:00',2,'2017-02-27 18:25:00'),(415,29,'MODULE_ZONE_ADDPOST',2,54,'这是一条很认真的测试数据这是一条很认真的测试数据这是一条很认真的测试数据这是一条很认真的测试数据这是一条很认真的测试数据这是一条很认真的测试数据这是一条很认真的测试数据这是一条很认真的测试数据','闵行','',2,'2017-02-27 18:25:01',2,'2017-02-27 18:25:01'),(416,73,'MODULE_ZONE_ADDPOST',2,54,'这是一条很认真的测试数据这是一条很认真的测试数据这是一条很认真的测试数据这是一条很认真的测试数据这是一条很认真的测试数据这是一条很认真的测试数据这是一条很认真的测试数据这是一条很认真的测试数据','闵行','',2,'2017-02-27 18:25:01',2,'2017-02-27 18:25:01'),(417,83,'MODULE_ZONE_ADDPOST',2,54,'这是一条很认真的测试数据这是一条很认真的测试数据这是一条很认真的测试数据这是一条很认真的测试数据这是一条很认真的测试数据这是一条很认真的测试数据这是一条很认真的测试数据这是一条很认真的测试数据','闵行','',2,'2017-02-27 18:25:01',2,'2017-02-27 18:25:01'),(418,84,'MODULE_ZONE_ADDPOST',2,54,'这是一条很认真的测试数据这是一条很认真的测试数据这是一条很认真的测试数据这是一条很认真的测试数据这是一条很认真的测试数据这是一条很认真的测试数据这是一条很认真的测试数据这是一条很认真的测试数据','闵行','',2,'2017-02-27 18:25:01',2,'2017-02-27 18:25:01'),(419,85,'MODULE_ZONE_ADDPOST',2,54,'这是一条很认真的测试数据这是一条很认真的测试数据这是一条很认真的测试数据这是一条很认真的测试数据这是一条很认真的测试数据这是一条很认真的测试数据这是一条很认真的测试数据这是一条很认真的测试数据','闵行','',2,'2017-02-27 18:25:01',2,'2017-02-27 18:25:01'),(420,97,'MODULE_ZONE_ADDPOST',2,54,'这是一条很认真的测试数据这是一条很认真的测试数据这是一条很认真的测试数据这是一条很认真的测试数据这是一条很认真的测试数据这是一条很认真的测试数据这是一条很认真的测试数据这是一条很认真的测试数据','闵行','',2,'2017-02-27 18:25:01',2,'2017-02-27 18:25:01'),(421,98,'MODULE_ZONE_ADDPOST',2,54,'这是一条很认真的测试数据这是一条很认真的测试数据这是一条很认真的测试数据这是一条很认真的测试数据这是一条很认真的测试数据这是一条很认真的测试数据这是一条很认真的测试数据这是一条很认真的测试数据','闵行','',2,'2017-02-27 18:25:01',2,'2017-02-27 18:25:01'),(422,29,'MODULE_ZONE_ADDPOST',2,55,'这是一条很认真的测试数据这是一条很认真的测试数据这是一条很认真的测试数据这是一条很认真的测试数据这是一条很认真的测试数据这是一条很认真的测试数据这是一条很认真的测试数据这是一条很认真的测试数据','闵行','',2,'2017-02-27 18:25:01',2,'2017-02-27 18:25:01'),(423,73,'MODULE_ZONE_ADDPOST',2,55,'这是一条很认真的测试数据这是一条很认真的测试数据这是一条很认真的测试数据这是一条很认真的测试数据这是一条很认真的测试数据这是一条很认真的测试数据这是一条很认真的测试数据这是一条很认真的测试数据','闵行','',2,'2017-02-27 18:25:01',2,'2017-02-27 18:25:01'),(424,83,'MODULE_ZONE_ADDPOST',2,55,'这是一条很认真的测试数据这是一条很认真的测试数据这是一条很认真的测试数据这是一条很认真的测试数据这是一条很认真的测试数据这是一条很认真的测试数据这是一条很认真的测试数据这是一条很认真的测试数据','闵行','',2,'2017-02-27 18:25:01',2,'2017-02-27 18:25:01'),(425,84,'MODULE_ZONE_ADDPOST',2,55,'这是一条很认真的测试数据这是一条很认真的测试数据这是一条很认真的测试数据这是一条很认真的测试数据这是一条很认真的测试数据这是一条很认真的测试数据这是一条很认真的测试数据这是一条很认真的测试数据','闵行','',2,'2017-02-27 18:25:01',2,'2017-02-27 18:25:01'),(426,85,'MODULE_ZONE_ADDPOST',2,55,'这是一条很认真的测试数据这是一条很认真的测试数据这是一条很认真的测试数据这是一条很认真的测试数据这是一条很认真的测试数据这是一条很认真的测试数据这是一条很认真的测试数据这是一条很认真的测试数据','闵行','',2,'2017-02-27 18:25:01',2,'2017-02-27 18:25:01'),(427,97,'MODULE_ZONE_ADDPOST',2,55,'这是一条很认真的测试数据这是一条很认真的测试数据这是一条很认真的测试数据这是一条很认真的测试数据这是一条很认真的测试数据这是一条很认真的测试数据这是一条很认真的测试数据这是一条很认真的测试数据','闵行','',2,'2017-02-27 18:25:01',2,'2017-02-27 18:25:01'),(428,98,'MODULE_ZONE_ADDPOST',2,55,'这是一条很认真的测试数据这是一条很认真的测试数据这是一条很认真的测试数据这是一条很认真的测试数据这是一条很认真的测试数据这是一条很认真的测试数据这是一条很认真的测试数据这是一条很认真的测试数据','闵行','',2,'2017-02-27 18:25:01',2,'2017-02-27 18:25:01'),(429,29,'MODULE_ZONE_ADDPOST',2,56,'这是一条很认真的测试数据这是一条很认真的测试数据这是一条很认真的测试数据这是一条很认真的测试数据这是一条很认真的测试数据这是一条很认真的测试数据这是一条很认真的测试数据这是一条很认真的测试数据','闵行','',2,'2017-02-27 18:25:01',2,'2017-02-27 18:25:01'),(430,73,'MODULE_ZONE_ADDPOST',2,56,'这是一条很认真的测试数据这是一条很认真的测试数据这是一条很认真的测试数据这是一条很认真的测试数据这是一条很认真的测试数据这是一条很认真的测试数据这是一条很认真的测试数据这是一条很认真的测试数据','闵行','',2,'2017-02-27 18:25:01',2,'2017-02-27 18:25:01'),(431,83,'MODULE_ZONE_ADDPOST',2,56,'这是一条很认真的测试数据这是一条很认真的测试数据这是一条很认真的测试数据这是一条很认真的测试数据这是一条很认真的测试数据这是一条很认真的测试数据这是一条很认真的测试数据这是一条很认真的测试数据','闵行','',2,'2017-02-27 18:25:01',2,'2017-02-27 18:25:01'),(432,84,'MODULE_ZONE_ADDPOST',2,56,'这是一条很认真的测试数据这是一条很认真的测试数据这是一条很认真的测试数据这是一条很认真的测试数据这是一条很认真的测试数据这是一条很认真的测试数据这是一条很认真的测试数据这是一条很认真的测试数据','闵行','',2,'2017-02-27 18:25:01',2,'2017-02-27 18:25:01'),(433,85,'MODULE_ZONE_ADDPOST',2,56,'这是一条很认真的测试数据这是一条很认真的测试数据这是一条很认真的测试数据这是一条很认真的测试数据这是一条很认真的测试数据这是一条很认真的测试数据这是一条很认真的测试数据这是一条很认真的测试数据','闵行','',2,'2017-02-27 18:25:01',2,'2017-02-27 18:25:01'),(434,97,'MODULE_ZONE_ADDPOST',2,56,'这是一条很认真的测试数据这是一条很认真的测试数据这是一条很认真的测试数据这是一条很认真的测试数据这是一条很认真的测试数据这是一条很认真的测试数据这是一条很认真的测试数据这是一条很认真的测试数据','闵行','',2,'2017-02-27 18:25:01',2,'2017-02-27 18:25:01'),(435,98,'MODULE_ZONE_ADDPOST',2,56,'这是一条很认真的测试数据这是一条很认真的测试数据这是一条很认真的测试数据这是一条很认真的测试数据这是一条很认真的测试数据这是一条很认真的测试数据这是一条很认真的测试数据这是一条很认真的测试数据','闵行','',2,'2017-02-27 18:25:01',2,'2017-02-27 18:25:01'),(436,29,'MODULE_ZONE_ADDPOST',2,57,'这是一条很认真的测试数据这是一条很认真的测试数据这是一条很认真的测试数据这是一条很认真的测试数据这是一条很认真的测试数据这是一条很认真的测试数据这是一条很认真的测试数据这是一条很认真的测试数据','闵行','',2,'2017-02-27 18:25:01',2,'2017-02-27 18:25:01'),(437,73,'MODULE_ZONE_ADDPOST',2,57,'这是一条很认真的测试数据这是一条很认真的测试数据这是一条很认真的测试数据这是一条很认真的测试数据这是一条很认真的测试数据这是一条很认真的测试数据这是一条很认真的测试数据这是一条很认真的测试数据','闵行','',2,'2017-02-27 18:25:01',2,'2017-02-27 18:25:01'),(438,83,'MODULE_ZONE_ADDPOST',2,57,'这是一条很认真的测试数据这是一条很认真的测试数据这是一条很认真的测试数据这是一条很认真的测试数据这是一条很认真的测试数据这是一条很认真的测试数据这是一条很认真的测试数据这是一条很认真的测试数据','闵行','',2,'2017-02-27 18:25:01',2,'2017-02-27 18:25:01'),(439,84,'MODULE_ZONE_ADDPOST',2,57,'这是一条很认真的测试数据这是一条很认真的测试数据这是一条很认真的测试数据这是一条很认真的测试数据这是一条很认真的测试数据这是一条很认真的测试数据这是一条很认真的测试数据这是一条很认真的测试数据','闵行','',2,'2017-02-27 18:25:01',2,'2017-02-27 18:25:01'),(440,85,'MODULE_ZONE_ADDPOST',2,57,'这是一条很认真的测试数据这是一条很认真的测试数据这是一条很认真的测试数据这是一条很认真的测试数据这是一条很认真的测试数据这是一条很认真的测试数据这是一条很认真的测试数据这是一条很认真的测试数据','闵行','',2,'2017-02-27 18:25:01',2,'2017-02-27 18:25:01'),(441,97,'MODULE_ZONE_ADDPOST',2,57,'这是一条很认真的测试数据这是一条很认真的测试数据这是一条很认真的测试数据这是一条很认真的测试数据这是一条很认真的测试数据这是一条很认真的测试数据这是一条很认真的测试数据这是一条很认真的测试数据','闵行','',2,'2017-02-27 18:25:01',2,'2017-02-27 18:25:01'),(442,98,'MODULE_ZONE_ADDPOST',2,57,'这是一条很认真的测试数据这是一条很认真的测试数据这是一条很认真的测试数据这是一条很认真的测试数据这是一条很认真的测试数据这是一条很认真的测试数据这是一条很认真的测试数据这是一条很认真的测试数据','闵行','',2,'2017-02-27 18:25:01',2,'2017-02-27 18:25:01'),(443,29,'MODULE_ZONE_ADDPOST',2,58,'这是一条很认真的测试数据这是一条很认真的测试数据这是一条很认真的测试数据这是一条很认真的测试数据这是一条很认真的测试数据这是一条很认真的测试数据这是一条很认真的测试数据这是一条很认真的测试数据','闵行','',2,'2017-02-27 18:25:02',2,'2017-02-27 18:25:02'),(444,73,'MODULE_ZONE_ADDPOST',2,58,'这是一条很认真的测试数据这是一条很认真的测试数据这是一条很认真的测试数据这是一条很认真的测试数据这是一条很认真的测试数据这是一条很认真的测试数据这是一条很认真的测试数据这是一条很认真的测试数据','闵行','',2,'2017-02-27 18:25:02',2,'2017-02-27 18:25:02'),(445,83,'MODULE_ZONE_ADDPOST',2,58,'这是一条很认真的测试数据这是一条很认真的测试数据这是一条很认真的测试数据这是一条很认真的测试数据这是一条很认真的测试数据这是一条很认真的测试数据这是一条很认真的测试数据这是一条很认真的测试数据','闵行','',2,'2017-02-27 18:25:02',2,'2017-02-27 18:25:02'),(446,84,'MODULE_ZONE_ADDPOST',2,58,'这是一条很认真的测试数据这是一条很认真的测试数据这是一条很认真的测试数据这是一条很认真的测试数据这是一条很认真的测试数据这是一条很认真的测试数据这是一条很认真的测试数据这是一条很认真的测试数据','闵行','',2,'2017-02-27 18:25:02',2,'2017-02-27 18:25:02'),(447,85,'MODULE_ZONE_ADDPOST',2,58,'这是一条很认真的测试数据这是一条很认真的测试数据这是一条很认真的测试数据这是一条很认真的测试数据这是一条很认真的测试数据这是一条很认真的测试数据这是一条很认真的测试数据这是一条很认真的测试数据','闵行','',2,'2017-02-27 18:25:02',2,'2017-02-27 18:25:02'),(448,97,'MODULE_ZONE_ADDPOST',2,58,'这是一条很认真的测试数据这是一条很认真的测试数据这是一条很认真的测试数据这是一条很认真的测试数据这是一条很认真的测试数据这是一条很认真的测试数据这是一条很认真的测试数据这是一条很认真的测试数据','闵行','',2,'2017-02-27 18:25:02',2,'2017-02-27 18:25:02'),(449,98,'MODULE_ZONE_ADDPOST',2,58,'这是一条很认真的测试数据这是一条很认真的测试数据这是一条很认真的测试数据这是一条很认真的测试数据这是一条很认真的测试数据这是一条很认真的测试数据这是一条很认真的测试数据这是一条很认真的测试数据','闵行','',2,'2017-02-27 18:25:02',2,'2017-02-27 18:25:02'),(450,29,'MODULE_ZONE_ADDPOST',2,59,'这是一条很认真的测试数据这是一条很认真的测试数据这是一条很认真的测试数据这是一条很认真的测试数据这是一条很认真的测试数据这是一条很认真的测试数据这是一条很认真的测试数据这是一条很认真的测试数据','闵行','',2,'2017-02-27 18:25:02',2,'2017-02-27 18:25:02'),(451,73,'MODULE_ZONE_ADDPOST',2,59,'这是一条很认真的测试数据这是一条很认真的测试数据这是一条很认真的测试数据这是一条很认真的测试数据这是一条很认真的测试数据这是一条很认真的测试数据这是一条很认真的测试数据这是一条很认真的测试数据','闵行','',2,'2017-02-27 18:25:02',2,'2017-02-27 18:25:02'),(452,83,'MODULE_ZONE_ADDPOST',2,59,'这是一条很认真的测试数据这是一条很认真的测试数据这是一条很认真的测试数据这是一条很认真的测试数据这是一条很认真的测试数据这是一条很认真的测试数据这是一条很认真的测试数据这是一条很认真的测试数据','闵行','',2,'2017-02-27 18:25:02',2,'2017-02-27 18:25:02'),(453,84,'MODULE_ZONE_ADDPOST',2,59,'这是一条很认真的测试数据这是一条很认真的测试数据这是一条很认真的测试数据这是一条很认真的测试数据这是一条很认真的测试数据这是一条很认真的测试数据这是一条很认真的测试数据这是一条很认真的测试数据','闵行','',2,'2017-02-27 18:25:02',2,'2017-02-27 18:25:02'),(454,85,'MODULE_ZONE_ADDPOST',2,59,'这是一条很认真的测试数据这是一条很认真的测试数据这是一条很认真的测试数据这是一条很认真的测试数据这是一条很认真的测试数据这是一条很认真的测试数据这是一条很认真的测试数据这是一条很认真的测试数据','闵行','',2,'2017-02-27 18:25:02',2,'2017-02-27 18:25:02'),(455,97,'MODULE_ZONE_ADDPOST',2,59,'这是一条很认真的测试数据这是一条很认真的测试数据这是一条很认真的测试数据这是一条很认真的测试数据这是一条很认真的测试数据这是一条很认真的测试数据这是一条很认真的测试数据这是一条很认真的测试数据','闵行','',2,'2017-02-27 18:25:02',2,'2017-02-27 18:25:02'),(456,98,'MODULE_ZONE_ADDPOST',2,59,'这是一条很认真的测试数据这是一条很认真的测试数据这是一条很认真的测试数据这是一条很认真的测试数据这是一条很认真的测试数据这是一条很认真的测试数据这是一条很认真的测试数据这是一条很认真的测试数据','闵行','',2,'2017-02-27 18:25:02',2,'2017-02-27 18:25:02'),(457,29,'MODULE_ZONE_ADDPOST',2,60,'这是一条很认真的测试数据这是一条很认真的测试数据这是一条很认真的测试数据这是一条很认真的测试数据这是一条很认真的测试数据这是一条很认真的测试数据这是一条很认真的测试数据这是一条很认真的测试数据','闵行','',2,'2017-02-27 18:25:02',2,'2017-02-27 18:25:02'),(458,73,'MODULE_ZONE_ADDPOST',2,60,'这是一条很认真的测试数据这是一条很认真的测试数据这是一条很认真的测试数据这是一条很认真的测试数据这是一条很认真的测试数据这是一条很认真的测试数据这是一条很认真的测试数据这是一条很认真的测试数据','闵行','',2,'2017-02-27 18:25:02',2,'2017-02-27 18:25:02'),(459,83,'MODULE_ZONE_ADDPOST',2,60,'这是一条很认真的测试数据这是一条很认真的测试数据这是一条很认真的测试数据这是一条很认真的测试数据这是一条很认真的测试数据这是一条很认真的测试数据这是一条很认真的测试数据这是一条很认真的测试数据','闵行','',2,'2017-02-27 18:25:02',2,'2017-02-27 18:25:02'),(460,84,'MODULE_ZONE_ADDPOST',2,60,'这是一条很认真的测试数据这是一条很认真的测试数据这是一条很认真的测试数据这是一条很认真的测试数据这是一条很认真的测试数据这是一条很认真的测试数据这是一条很认真的测试数据这是一条很认真的测试数据','闵行','',2,'2017-02-27 18:25:02',2,'2017-02-27 18:25:02'),(461,85,'MODULE_ZONE_ADDPOST',2,60,'这是一条很认真的测试数据这是一条很认真的测试数据这是一条很认真的测试数据这是一条很认真的测试数据这是一条很认真的测试数据这是一条很认真的测试数据这是一条很认真的测试数据这是一条很认真的测试数据','闵行','',2,'2017-02-27 18:25:02',2,'2017-02-27 18:25:02'),(462,97,'MODULE_ZONE_ADDPOST',2,60,'这是一条很认真的测试数据这是一条很认真的测试数据这是一条很认真的测试数据这是一条很认真的测试数据这是一条很认真的测试数据这是一条很认真的测试数据这是一条很认真的测试数据这是一条很认真的测试数据','闵行','',2,'2017-02-27 18:25:02',2,'2017-02-27 18:25:02'),(463,98,'MODULE_ZONE_ADDPOST',2,60,'这是一条很认真的测试数据这是一条很认真的测试数据这是一条很认真的测试数据这是一条很认真的测试数据这是一条很认真的测试数据这是一条很认真的测试数据这是一条很认真的测试数据这是一条很认真的测试数据','闵行','',2,'2017-02-27 18:25:02',2,'2017-02-27 18:25:02'),(464,29,'MODULE_ZONE_ADDPOST',2,61,'这是一条很认真的测试数据这是一条很认真的测试数据这是一条很认真的测试数据这是一条很认真的测试数据这是一条很认真的测试数据这是一条很认真的测试数据这是一条很认真的测试数据这是一条很认真的测试数据','闵行','',2,'2017-02-27 18:25:02',2,'2017-02-27 18:25:02'),(465,73,'MODULE_ZONE_ADDPOST',2,61,'这是一条很认真的测试数据这是一条很认真的测试数据这是一条很认真的测试数据这是一条很认真的测试数据这是一条很认真的测试数据这是一条很认真的测试数据这是一条很认真的测试数据这是一条很认真的测试数据','闵行','',2,'2017-02-27 18:25:02',2,'2017-02-27 18:25:02'),(466,83,'MODULE_ZONE_ADDPOST',2,61,'这是一条很认真的测试数据这是一条很认真的测试数据这是一条很认真的测试数据这是一条很认真的测试数据这是一条很认真的测试数据这是一条很认真的测试数据这是一条很认真的测试数据这是一条很认真的测试数据','闵行','',2,'2017-02-27 18:25:02',2,'2017-02-27 18:25:02'),(467,84,'MODULE_ZONE_ADDPOST',2,61,'这是一条很认真的测试数据这是一条很认真的测试数据这是一条很认真的测试数据这是一条很认真的测试数据这是一条很认真的测试数据这是一条很认真的测试数据这是一条很认真的测试数据这是一条很认真的测试数据','闵行','',2,'2017-02-27 18:25:02',2,'2017-02-27 18:25:02'),(468,85,'MODULE_ZONE_ADDPOST',2,61,'这是一条很认真的测试数据这是一条很认真的测试数据这是一条很认真的测试数据这是一条很认真的测试数据这是一条很认真的测试数据这是一条很认真的测试数据这是一条很认真的测试数据这是一条很认真的测试数据','闵行','',2,'2017-02-27 18:25:02',2,'2017-02-27 18:25:02'),(469,97,'MODULE_ZONE_ADDPOST',2,61,'这是一条很认真的测试数据这是一条很认真的测试数据这是一条很认真的测试数据这是一条很认真的测试数据这是一条很认真的测试数据这是一条很认真的测试数据这是一条很认真的测试数据这是一条很认真的测试数据','闵行','',2,'2017-02-27 18:25:02',2,'2017-02-27 18:25:02'),(470,98,'MODULE_ZONE_ADDPOST',2,61,'这是一条很认真的测试数据这是一条很认真的测试数据这是一条很认真的测试数据这是一条很认真的测试数据这是一条很认真的测试数据这是一条很认真的测试数据这是一条很认真的测试数据这是一条很认真的测试数据','闵行','',2,'2017-02-27 18:25:02',2,'2017-02-27 18:25:02'),(471,29,'MODULE_ZONE_ADDPOST',2,62,'这是一条很认真的测试数据这是一条很认真的测试数据这是一条很认真的测试数据这是一条很认真的测试数据这是一条很认真的测试数据这是一条很认真的测试数据这是一条很认真的测试数据这是一条很认真的测试数据','闵行','',2,'2017-02-27 18:25:02',2,'2017-02-27 18:25:02'),(472,73,'MODULE_ZONE_ADDPOST',2,62,'这是一条很认真的测试数据这是一条很认真的测试数据这是一条很认真的测试数据这是一条很认真的测试数据这是一条很认真的测试数据这是一条很认真的测试数据这是一条很认真的测试数据这是一条很认真的测试数据','闵行','',2,'2017-02-27 18:25:02',2,'2017-02-27 18:25:02'),(473,83,'MODULE_ZONE_ADDPOST',2,62,'这是一条很认真的测试数据这是一条很认真的测试数据这是一条很认真的测试数据这是一条很认真的测试数据这是一条很认真的测试数据这是一条很认真的测试数据这是一条很认真的测试数据这是一条很认真的测试数据','闵行','',2,'2017-02-27 18:25:02',2,'2017-02-27 18:25:02'),(474,84,'MODULE_ZONE_ADDPOST',2,62,'这是一条很认真的测试数据这是一条很认真的测试数据这是一条很认真的测试数据这是一条很认真的测试数据这是一条很认真的测试数据这是一条很认真的测试数据这是一条很认真的测试数据这是一条很认真的测试数据','闵行','',2,'2017-02-27 18:25:02',2,'2017-02-27 18:25:02'),(475,85,'MODULE_ZONE_ADDPOST',2,62,'这是一条很认真的测试数据这是一条很认真的测试数据这是一条很认真的测试数据这是一条很认真的测试数据这是一条很认真的测试数据这是一条很认真的测试数据这是一条很认真的测试数据这是一条很认真的测试数据','闵行','',2,'2017-02-27 18:25:02',2,'2017-02-27 18:25:02'),(476,97,'MODULE_ZONE_ADDPOST',2,62,'这是一条很认真的测试数据这是一条很认真的测试数据这是一条很认真的测试数据这是一条很认真的测试数据这是一条很认真的测试数据这是一条很认真的测试数据这是一条很认真的测试数据这是一条很认真的测试数据','闵行','',2,'2017-02-27 18:25:02',2,'2017-02-27 18:25:02'),(477,98,'MODULE_ZONE_ADDPOST',2,62,'这是一条很认真的测试数据这是一条很认真的测试数据这是一条很认真的测试数据这是一条很认真的测试数据这是一条很认真的测试数据这是一条很认真的测试数据这是一条很认真的测试数据这是一条很认真的测试数据','闵行','',2,'2017-02-27 18:25:02',2,'2017-02-27 18:25:02'),(478,29,'MODULE_ZONE_ADDPOST',2,63,'这是一条很认真的测试数据这是一条很认真的测试数据这是一条很认真的测试数据这是一条很认真的测试数据这是一条很认真的测试数据这是一条很认真的测试数据这是一条很认真的测试数据这是一条很认真的测试数据','闵行','',2,'2017-02-27 18:25:02',2,'2017-02-27 18:25:02'),(479,73,'MODULE_ZONE_ADDPOST',2,63,'这是一条很认真的测试数据这是一条很认真的测试数据这是一条很认真的测试数据这是一条很认真的测试数据这是一条很认真的测试数据这是一条很认真的测试数据这是一条很认真的测试数据这是一条很认真的测试数据','闵行','',2,'2017-02-27 18:25:02',2,'2017-02-27 18:25:02'),(480,83,'MODULE_ZONE_ADDPOST',2,63,'这是一条很认真的测试数据这是一条很认真的测试数据这是一条很认真的测试数据这是一条很认真的测试数据这是一条很认真的测试数据这是一条很认真的测试数据这是一条很认真的测试数据这是一条很认真的测试数据','闵行','',2,'2017-02-27 18:25:02',2,'2017-02-27 18:25:02'),(481,84,'MODULE_ZONE_ADDPOST',2,63,'这是一条很认真的测试数据这是一条很认真的测试数据这是一条很认真的测试数据这是一条很认真的测试数据这是一条很认真的测试数据这是一条很认真的测试数据这是一条很认真的测试数据这是一条很认真的测试数据','闵行','',2,'2017-02-27 18:25:02',2,'2017-02-27 18:25:02'),(482,85,'MODULE_ZONE_ADDPOST',2,63,'这是一条很认真的测试数据这是一条很认真的测试数据这是一条很认真的测试数据这是一条很认真的测试数据这是一条很认真的测试数据这是一条很认真的测试数据这是一条很认真的测试数据这是一条很认真的测试数据','闵行','',2,'2017-02-27 18:25:02',2,'2017-02-27 18:25:02'),(483,97,'MODULE_ZONE_ADDPOST',2,63,'这是一条很认真的测试数据这是一条很认真的测试数据这是一条很认真的测试数据这是一条很认真的测试数据这是一条很认真的测试数据这是一条很认真的测试数据这是一条很认真的测试数据这是一条很认真的测试数据','闵行','',2,'2017-02-27 18:25:02',2,'2017-02-27 18:25:02'),(484,98,'MODULE_ZONE_ADDPOST',2,63,'这是一条很认真的测试数据这是一条很认真的测试数据这是一条很认真的测试数据这是一条很认真的测试数据这是一条很认真的测试数据这是一条很认真的测试数据这是一条很认真的测试数据这是一条很认真的测试数据','闵行','',2,'2017-02-27 18:25:02',2,'2017-02-27 18:25:02'),(485,29,'MODULE_ZONE_ADDPOST',2,64,'这是一条很认真的测试数据这是一条很认真的测试数据这是一条很认真的测试数据这是一条很认真的测试数据这是一条很认真的测试数据这是一条很认真的测试数据这是一条很认真的测试数据这是一条很认真的测试数据','闵行','',2,'2017-02-27 18:25:03',2,'2017-02-27 18:25:03'),(486,73,'MODULE_ZONE_ADDPOST',2,64,'这是一条很认真的测试数据这是一条很认真的测试数据这是一条很认真的测试数据这是一条很认真的测试数据这是一条很认真的测试数据这是一条很认真的测试数据这是一条很认真的测试数据这是一条很认真的测试数据','闵行','',2,'2017-02-27 18:25:03',2,'2017-02-27 18:25:03'),(487,83,'MODULE_ZONE_ADDPOST',2,64,'这是一条很认真的测试数据这是一条很认真的测试数据这是一条很认真的测试数据这是一条很认真的测试数据这是一条很认真的测试数据这是一条很认真的测试数据这是一条很认真的测试数据这是一条很认真的测试数据','闵行','',2,'2017-02-27 18:25:03',2,'2017-02-27 18:25:03'),(488,84,'MODULE_ZONE_ADDPOST',2,64,'这是一条很认真的测试数据这是一条很认真的测试数据这是一条很认真的测试数据这是一条很认真的测试数据这是一条很认真的测试数据这是一条很认真的测试数据这是一条很认真的测试数据这是一条很认真的测试数据','闵行','',2,'2017-02-27 18:25:03',2,'2017-02-27 18:25:03'),(489,85,'MODULE_ZONE_ADDPOST',2,64,'这是一条很认真的测试数据这是一条很认真的测试数据这是一条很认真的测试数据这是一条很认真的测试数据这是一条很认真的测试数据这是一条很认真的测试数据这是一条很认真的测试数据这是一条很认真的测试数据','闵行','',2,'2017-02-27 18:25:03',2,'2017-02-27 18:25:03'),(490,97,'MODULE_ZONE_ADDPOST',2,64,'这是一条很认真的测试数据这是一条很认真的测试数据这是一条很认真的测试数据这是一条很认真的测试数据这是一条很认真的测试数据这是一条很认真的测试数据这是一条很认真的测试数据这是一条很认真的测试数据','闵行','',2,'2017-02-27 18:25:03',2,'2017-02-27 18:25:03'),(491,98,'MODULE_ZONE_ADDPOST',2,64,'这是一条很认真的测试数据这是一条很认真的测试数据这是一条很认真的测试数据这是一条很认真的测试数据这是一条很认真的测试数据这是一条很认真的测试数据这是一条很认真的测试数据这是一条很认真的测试数据','闵行','',2,'2017-02-27 18:25:03',2,'2017-02-27 18:25:03'),(492,29,'MODULE_ZONE_ADDPOST',2,65,'这是一条很认真的测试数据这是一条很认真的测试数据这是一条很认真的测试数据这是一条很认真的测试数据这是一条很认真的测试数据这是一条很认真的测试数据这是一条很认真的测试数据这是一条很认真的测试数据','闵行','',2,'2017-02-27 18:25:03',2,'2017-02-27 18:25:03'),(493,73,'MODULE_ZONE_ADDPOST',2,65,'这是一条很认真的测试数据这是一条很认真的测试数据这是一条很认真的测试数据这是一条很认真的测试数据这是一条很认真的测试数据这是一条很认真的测试数据这是一条很认真的测试数据这是一条很认真的测试数据','闵行','',2,'2017-02-27 18:25:03',2,'2017-02-27 18:25:03'),(494,83,'MODULE_ZONE_ADDPOST',2,65,'这是一条很认真的测试数据这是一条很认真的测试数据这是一条很认真的测试数据这是一条很认真的测试数据这是一条很认真的测试数据这是一条很认真的测试数据这是一条很认真的测试数据这是一条很认真的测试数据','闵行','',2,'2017-02-27 18:25:03',2,'2017-02-27 18:25:03'),(495,84,'MODULE_ZONE_ADDPOST',2,65,'这是一条很认真的测试数据这是一条很认真的测试数据这是一条很认真的测试数据这是一条很认真的测试数据这是一条很认真的测试数据这是一条很认真的测试数据这是一条很认真的测试数据这是一条很认真的测试数据','闵行','',2,'2017-02-27 18:25:03',2,'2017-02-27 18:25:03'),(496,85,'MODULE_ZONE_ADDPOST',2,65,'这是一条很认真的测试数据这是一条很认真的测试数据这是一条很认真的测试数据这是一条很认真的测试数据这是一条很认真的测试数据这是一条很认真的测试数据这是一条很认真的测试数据这是一条很认真的测试数据','闵行','',2,'2017-02-27 18:25:03',2,'2017-02-27 18:25:03'),(497,97,'MODULE_ZONE_ADDPOST',2,65,'这是一条很认真的测试数据这是一条很认真的测试数据这是一条很认真的测试数据这是一条很认真的测试数据这是一条很认真的测试数据这是一条很认真的测试数据这是一条很认真的测试数据这是一条很认真的测试数据','闵行','',2,'2017-02-27 18:25:03',2,'2017-02-27 18:25:03'),(498,98,'MODULE_ZONE_ADDPOST',2,65,'这是一条很认真的测试数据这是一条很认真的测试数据这是一条很认真的测试数据这是一条很认真的测试数据这是一条很认真的测试数据这是一条很认真的测试数据这是一条很认真的测试数据这是一条很认真的测试数据','闵行','',2,'2017-02-27 18:25:03',2,'2017-02-27 18:25:03'),(499,29,'MODULE_ZONE_ADDPOST',2,66,'这是一条很认真的测试数据这是一条很认真的测试数据这是一条很认真的测试数据这是一条很认真的测试数据这是一条很认真的测试数据这是一条很认真的测试数据这是一条很认真的测试数据这是一条很认真的测试数据','闵行','',2,'2017-02-27 18:25:03',2,'2017-02-27 18:25:03'),(500,73,'MODULE_ZONE_ADDPOST',2,66,'这是一条很认真的测试数据这是一条很认真的测试数据这是一条很认真的测试数据这是一条很认真的测试数据这是一条很认真的测试数据这是一条很认真的测试数据这是一条很认真的测试数据这是一条很认真的测试数据','闵行','',2,'2017-02-27 18:25:03',2,'2017-02-27 18:25:03'),(501,83,'MODULE_ZONE_ADDPOST',2,66,'这是一条很认真的测试数据这是一条很认真的测试数据这是一条很认真的测试数据这是一条很认真的测试数据这是一条很认真的测试数据这是一条很认真的测试数据这是一条很认真的测试数据这是一条很认真的测试数据','闵行','',2,'2017-02-27 18:25:03',2,'2017-02-27 18:25:03'),(502,84,'MODULE_ZONE_ADDPOST',2,66,'这是一条很认真的测试数据这是一条很认真的测试数据这是一条很认真的测试数据这是一条很认真的测试数据这是一条很认真的测试数据这是一条很认真的测试数据这是一条很认真的测试数据这是一条很认真的测试数据','闵行','',2,'2017-02-27 18:25:03',2,'2017-02-27 18:25:03'),(503,85,'MODULE_ZONE_ADDPOST',2,66,'这是一条很认真的测试数据这是一条很认真的测试数据这是一条很认真的测试数据这是一条很认真的测试数据这是一条很认真的测试数据这是一条很认真的测试数据这是一条很认真的测试数据这是一条很认真的测试数据','闵行','',2,'2017-02-27 18:25:03',2,'2017-02-27 18:25:03'),(504,97,'MODULE_ZONE_ADDPOST',2,66,'这是一条很认真的测试数据这是一条很认真的测试数据这是一条很认真的测试数据这是一条很认真的测试数据这是一条很认真的测试数据这是一条很认真的测试数据这是一条很认真的测试数据这是一条很认真的测试数据','闵行','',2,'2017-02-27 18:25:03',2,'2017-02-27 18:25:03'),(505,98,'MODULE_ZONE_ADDPOST',2,66,'这是一条很认真的测试数据这是一条很认真的测试数据这是一条很认真的测试数据这是一条很认真的测试数据这是一条很认真的测试数据这是一条很认真的测试数据这是一条很认真的测试数据这是一条很认真的测试数据','闵行','',2,'2017-02-27 18:25:03',2,'2017-02-27 18:25:03'),(506,29,'MODULE_ZONE_ADDPOST',2,67,'这是一条很认真的测试数据这是一条很认真的测试数据这是一条很认真的测试数据这是一条很认真的测试数据这是一条很认真的测试数据这是一条很认真的测试数据这是一条很认真的测试数据这是一条很认真的测试数据','闵行','',2,'2017-02-27 18:25:03',2,'2017-02-27 18:25:03'),(507,73,'MODULE_ZONE_ADDPOST',2,67,'这是一条很认真的测试数据这是一条很认真的测试数据这是一条很认真的测试数据这是一条很认真的测试数据这是一条很认真的测试数据这是一条很认真的测试数据这是一条很认真的测试数据这是一条很认真的测试数据','闵行','',2,'2017-02-27 18:25:03',2,'2017-02-27 18:25:03'),(508,83,'MODULE_ZONE_ADDPOST',2,67,'这是一条很认真的测试数据这是一条很认真的测试数据这是一条很认真的测试数据这是一条很认真的测试数据这是一条很认真的测试数据这是一条很认真的测试数据这是一条很认真的测试数据这是一条很认真的测试数据','闵行','',2,'2017-02-27 18:25:03',2,'2017-02-27 18:25:03'),(509,84,'MODULE_ZONE_ADDPOST',2,67,'这是一条很认真的测试数据这是一条很认真的测试数据这是一条很认真的测试数据这是一条很认真的测试数据这是一条很认真的测试数据这是一条很认真的测试数据这是一条很认真的测试数据这是一条很认真的测试数据','闵行','',2,'2017-02-27 18:25:03',2,'2017-02-27 18:25:03'),(510,85,'MODULE_ZONE_ADDPOST',2,67,'这是一条很认真的测试数据这是一条很认真的测试数据这是一条很认真的测试数据这是一条很认真的测试数据这是一条很认真的测试数据这是一条很认真的测试数据这是一条很认真的测试数据这是一条很认真的测试数据','闵行','',2,'2017-02-27 18:25:03',2,'2017-02-27 18:25:03'),(511,97,'MODULE_ZONE_ADDPOST',2,67,'这是一条很认真的测试数据这是一条很认真的测试数据这是一条很认真的测试数据这是一条很认真的测试数据这是一条很认真的测试数据这是一条很认真的测试数据这是一条很认真的测试数据这是一条很认真的测试数据','闵行','',2,'2017-02-27 18:25:03',2,'2017-02-27 18:25:03'),(512,98,'MODULE_ZONE_ADDPOST',2,67,'这是一条很认真的测试数据这是一条很认真的测试数据这是一条很认真的测试数据这是一条很认真的测试数据这是一条很认真的测试数据这是一条很认真的测试数据这是一条很认真的测试数据这是一条很认真的测试数据','闵行','',2,'2017-02-27 18:25:03',2,'2017-02-27 18:25:03'),(513,29,'MODULE_ZONE_ADDPOST',2,68,'这是一条很认真的测试数据这是一条很认真的测试数据这是一条很认真的测试数据这是一条很认真的测试数据这是一条很认真的测试数据这是一条很认真的测试数据这是一条很认真的测试数据这是一条很认真的测试数据','闵行','',2,'2017-02-27 18:25:04',2,'2017-02-27 18:25:04'),(514,73,'MODULE_ZONE_ADDPOST',2,68,'这是一条很认真的测试数据这是一条很认真的测试数据这是一条很认真的测试数据这是一条很认真的测试数据这是一条很认真的测试数据这是一条很认真的测试数据这是一条很认真的测试数据这是一条很认真的测试数据','闵行','',2,'2017-02-27 18:25:04',2,'2017-02-27 18:25:04'),(515,83,'MODULE_ZONE_ADDPOST',2,68,'这是一条很认真的测试数据这是一条很认真的测试数据这是一条很认真的测试数据这是一条很认真的测试数据这是一条很认真的测试数据这是一条很认真的测试数据这是一条很认真的测试数据这是一条很认真的测试数据','闵行','',2,'2017-02-27 18:25:04',2,'2017-02-27 18:25:04'),(516,84,'MODULE_ZONE_ADDPOST',2,68,'这是一条很认真的测试数据这是一条很认真的测试数据这是一条很认真的测试数据这是一条很认真的测试数据这是一条很认真的测试数据这是一条很认真的测试数据这是一条很认真的测试数据这是一条很认真的测试数据','闵行','',2,'2017-02-27 18:25:04',2,'2017-02-27 18:25:04'),(517,85,'MODULE_ZONE_ADDPOST',2,68,'这是一条很认真的测试数据这是一条很认真的测试数据这是一条很认真的测试数据这是一条很认真的测试数据这是一条很认真的测试数据这是一条很认真的测试数据这是一条很认真的测试数据这是一条很认真的测试数据','闵行','',2,'2017-02-27 18:25:04',2,'2017-02-27 18:25:04'),(518,97,'MODULE_ZONE_ADDPOST',2,68,'这是一条很认真的测试数据这是一条很认真的测试数据这是一条很认真的测试数据这是一条很认真的测试数据这是一条很认真的测试数据这是一条很认真的测试数据这是一条很认真的测试数据这是一条很认真的测试数据','闵行','',2,'2017-02-27 18:25:04',2,'2017-02-27 18:25:04'),(519,98,'MODULE_ZONE_ADDPOST',2,68,'这是一条很认真的测试数据这是一条很认真的测试数据这是一条很认真的测试数据这是一条很认真的测试数据这是一条很认真的测试数据这是一条很认真的测试数据这是一条很认真的测试数据这是一条很认真的测试数据','闵行','',2,'2017-02-27 18:25:04',2,'2017-02-27 18:25:04'),(520,29,'MODULE_ZONE_ADDPOST',2,69,'这是一条很认真的测试数据这是一条很认真的测试数据这是一条很认真的测试数据这是一条很认真的测试数据这是一条很认真的测试数据这是一条很认真的测试数据这是一条很认真的测试数据这是一条很认真的测试数据','闵行','',2,'2017-02-27 18:25:04',2,'2017-02-27 18:25:04'),(521,73,'MODULE_ZONE_ADDPOST',2,69,'这是一条很认真的测试数据这是一条很认真的测试数据这是一条很认真的测试数据这是一条很认真的测试数据这是一条很认真的测试数据这是一条很认真的测试数据这是一条很认真的测试数据这是一条很认真的测试数据','闵行','',2,'2017-02-27 18:25:04',2,'2017-02-27 18:25:04'),(522,83,'MODULE_ZONE_ADDPOST',2,69,'这是一条很认真的测试数据这是一条很认真的测试数据这是一条很认真的测试数据这是一条很认真的测试数据这是一条很认真的测试数据这是一条很认真的测试数据这是一条很认真的测试数据这是一条很认真的测试数据','闵行','',2,'2017-02-27 18:25:04',2,'2017-02-27 18:25:04'),(523,84,'MODULE_ZONE_ADDPOST',2,69,'这是一条很认真的测试数据这是一条很认真的测试数据这是一条很认真的测试数据这是一条很认真的测试数据这是一条很认真的测试数据这是一条很认真的测试数据这是一条很认真的测试数据这是一条很认真的测试数据','闵行','',2,'2017-02-27 18:25:04',2,'2017-02-27 18:25:04'),(524,85,'MODULE_ZONE_ADDPOST',2,69,'这是一条很认真的测试数据这是一条很认真的测试数据这是一条很认真的测试数据这是一条很认真的测试数据这是一条很认真的测试数据这是一条很认真的测试数据这是一条很认真的测试数据这是一条很认真的测试数据','闵行','',2,'2017-02-27 18:25:04',2,'2017-02-27 18:25:04'),(525,97,'MODULE_ZONE_ADDPOST',2,69,'这是一条很认真的测试数据这是一条很认真的测试数据这是一条很认真的测试数据这是一条很认真的测试数据这是一条很认真的测试数据这是一条很认真的测试数据这是一条很认真的测试数据这是一条很认真的测试数据','闵行','',2,'2017-02-27 18:25:04',2,'2017-02-27 18:25:04'),(526,98,'MODULE_ZONE_ADDPOST',2,69,'这是一条很认真的测试数据这是一条很认真的测试数据这是一条很认真的测试数据这是一条很认真的测试数据这是一条很认真的测试数据这是一条很认真的测试数据这是一条很认真的测试数据这是一条很认真的测试数据','闵行','',2,'2017-02-27 18:25:04',2,'2017-02-27 18:25:04'),(527,29,'MODULE_ZONE_ADDPOST',2,70,'这是一条很认真的测试数据这是一条很认真的测试数据这是一条很认真的测试数据这是一条很认真的测试数据这是一条很认真的测试数据这是一条很认真的测试数据这是一条很认真的测试数据这是一条很认真的测试数据','闵行','',2,'2017-02-27 18:25:04',2,'2017-02-27 18:25:04'),(528,73,'MODULE_ZONE_ADDPOST',2,70,'这是一条很认真的测试数据这是一条很认真的测试数据这是一条很认真的测试数据这是一条很认真的测试数据这是一条很认真的测试数据这是一条很认真的测试数据这是一条很认真的测试数据这是一条很认真的测试数据','闵行','',2,'2017-02-27 18:25:04',2,'2017-02-27 18:25:04'),(529,83,'MODULE_ZONE_ADDPOST',2,70,'这是一条很认真的测试数据这是一条很认真的测试数据这是一条很认真的测试数据这是一条很认真的测试数据这是一条很认真的测试数据这是一条很认真的测试数据这是一条很认真的测试数据这是一条很认真的测试数据','闵行','',2,'2017-02-27 18:25:04',2,'2017-02-27 18:25:04'),(530,84,'MODULE_ZONE_ADDPOST',2,70,'这是一条很认真的测试数据这是一条很认真的测试数据这是一条很认真的测试数据这是一条很认真的测试数据这是一条很认真的测试数据这是一条很认真的测试数据这是一条很认真的测试数据这是一条很认真的测试数据','闵行','',2,'2017-02-27 18:25:04',2,'2017-02-27 18:25:04'),(531,85,'MODULE_ZONE_ADDPOST',2,70,'这是一条很认真的测试数据这是一条很认真的测试数据这是一条很认真的测试数据这是一条很认真的测试数据这是一条很认真的测试数据这是一条很认真的测试数据这是一条很认真的测试数据这是一条很认真的测试数据','闵行','',2,'2017-02-27 18:25:04',2,'2017-02-27 18:25:04'),(532,97,'MODULE_ZONE_ADDPOST',2,70,'这是一条很认真的测试数据这是一条很认真的测试数据这是一条很认真的测试数据这是一条很认真的测试数据这是一条很认真的测试数据这是一条很认真的测试数据这是一条很认真的测试数据这是一条很认真的测试数据','闵行','',2,'2017-02-27 18:25:04',2,'2017-02-27 18:25:04'),(533,98,'MODULE_ZONE_ADDPOST',2,70,'这是一条很认真的测试数据这是一条很认真的测试数据这是一条很认真的测试数据这是一条很认真的测试数据这是一条很认真的测试数据这是一条很认真的测试数据这是一条很认真的测试数据这是一条很认真的测试数据','闵行','',2,'2017-02-27 18:25:04',2,'2017-02-27 18:25:04'),(534,29,'MODULE_ZONE_ADDPOST',2,71,'这是一条很认真的测试数据这是一条很认真的测试数据这是一条很认真的测试数据这是一条很认真的测试数据这是一条很认真的测试数据这是一条很认真的测试数据这是一条很认真的测试数据这是一条很认真的测试数据','闵行','',2,'2017-02-27 18:25:04',2,'2017-02-27 18:25:04'),(535,73,'MODULE_ZONE_ADDPOST',2,71,'这是一条很认真的测试数据这是一条很认真的测试数据这是一条很认真的测试数据这是一条很认真的测试数据这是一条很认真的测试数据这是一条很认真的测试数据这是一条很认真的测试数据这是一条很认真的测试数据','闵行','',2,'2017-02-27 18:25:04',2,'2017-02-27 18:25:04'),(536,83,'MODULE_ZONE_ADDPOST',2,71,'这是一条很认真的测试数据这是一条很认真的测试数据这是一条很认真的测试数据这是一条很认真的测试数据这是一条很认真的测试数据这是一条很认真的测试数据这是一条很认真的测试数据这是一条很认真的测试数据','闵行','',2,'2017-02-27 18:25:04',2,'2017-02-27 18:25:04'),(537,84,'MODULE_ZONE_ADDPOST',2,71,'这是一条很认真的测试数据这是一条很认真的测试数据这是一条很认真的测试数据这是一条很认真的测试数据这是一条很认真的测试数据这是一条很认真的测试数据这是一条很认真的测试数据这是一条很认真的测试数据','闵行','',2,'2017-02-27 18:25:04',2,'2017-02-27 18:25:04'),(538,85,'MODULE_ZONE_ADDPOST',2,71,'这是一条很认真的测试数据这是一条很认真的测试数据这是一条很认真的测试数据这是一条很认真的测试数据这是一条很认真的测试数据这是一条很认真的测试数据这是一条很认真的测试数据这是一条很认真的测试数据','闵行','',2,'2017-02-27 18:25:04',2,'2017-02-27 18:25:04'),(539,97,'MODULE_ZONE_ADDPOST',2,71,'这是一条很认真的测试数据这是一条很认真的测试数据这是一条很认真的测试数据这是一条很认真的测试数据这是一条很认真的测试数据这是一条很认真的测试数据这是一条很认真的测试数据这是一条很认真的测试数据','闵行','',2,'2017-02-27 18:25:04',2,'2017-02-27 18:25:04'),(540,98,'MODULE_ZONE_ADDPOST',2,71,'这是一条很认真的测试数据这是一条很认真的测试数据这是一条很认真的测试数据这是一条很认真的测试数据这是一条很认真的测试数据这是一条很认真的测试数据这是一条很认真的测试数据这是一条很认真的测试数据','闵行','',2,'2017-02-27 18:25:04',2,'2017-02-27 18:25:04'),(541,29,'MODULE_ZONE_ADDPOST',2,72,'这是一条很认真的测试数据这是一条很认真的测试数据这是一条很认真的测试数据这是一条很认真的测试数据这是一条很认真的测试数据这是一条很认真的测试数据这是一条很认真的测试数据这是一条很认真的测试数据','闵行','',2,'2017-02-27 18:25:04',2,'2017-02-27 18:25:04'),(542,73,'MODULE_ZONE_ADDPOST',2,72,'这是一条很认真的测试数据这是一条很认真的测试数据这是一条很认真的测试数据这是一条很认真的测试数据这是一条很认真的测试数据这是一条很认真的测试数据这是一条很认真的测试数据这是一条很认真的测试数据','闵行','',2,'2017-02-27 18:25:04',2,'2017-02-27 18:25:04'),(543,83,'MODULE_ZONE_ADDPOST',2,72,'这是一条很认真的测试数据这是一条很认真的测试数据这是一条很认真的测试数据这是一条很认真的测试数据这是一条很认真的测试数据这是一条很认真的测试数据这是一条很认真的测试数据这是一条很认真的测试数据','闵行','',2,'2017-02-27 18:25:04',2,'2017-02-27 18:25:04'),(544,84,'MODULE_ZONE_ADDPOST',2,72,'这是一条很认真的测试数据这是一条很认真的测试数据这是一条很认真的测试数据这是一条很认真的测试数据这是一条很认真的测试数据这是一条很认真的测试数据这是一条很认真的测试数据这是一条很认真的测试数据','闵行','',2,'2017-02-27 18:25:04',2,'2017-02-27 18:25:04'),(545,85,'MODULE_ZONE_ADDPOST',2,72,'这是一条很认真的测试数据这是一条很认真的测试数据这是一条很认真的测试数据这是一条很认真的测试数据这是一条很认真的测试数据这是一条很认真的测试数据这是一条很认真的测试数据这是一条很认真的测试数据','闵行','',2,'2017-02-27 18:25:04',2,'2017-02-27 18:25:04'),(546,97,'MODULE_ZONE_ADDPOST',2,72,'这是一条很认真的测试数据这是一条很认真的测试数据这是一条很认真的测试数据这是一条很认真的测试数据这是一条很认真的测试数据这是一条很认真的测试数据这是一条很认真的测试数据这是一条很认真的测试数据','闵行','',2,'2017-02-27 18:25:04',2,'2017-02-27 18:25:04'),(547,98,'MODULE_ZONE_ADDPOST',2,72,'这是一条很认真的测试数据这是一条很认真的测试数据这是一条很认真的测试数据这是一条很认真的测试数据这是一条很认真的测试数据这是一条很认真的测试数据这是一条很认真的测试数据这是一条很认真的测试数据','闵行','',2,'2017-02-27 18:25:04',2,'2017-02-27 18:25:04'),(548,29,'MODULE_ZONE_ADDPOST',2,73,'这是一条很认真的测试数据这是一条很认真的测试数据这是一条很认真的测试数据这是一条很认真的测试数据这是一条很认真的测试数据这是一条很认真的测试数据这是一条很认真的测试数据这是一条很认真的测试数据','闵行','',2,'2017-02-27 18:25:05',2,'2017-02-27 18:25:05'),(549,73,'MODULE_ZONE_ADDPOST',2,73,'这是一条很认真的测试数据这是一条很认真的测试数据这是一条很认真的测试数据这是一条很认真的测试数据这是一条很认真的测试数据这是一条很认真的测试数据这是一条很认真的测试数据这是一条很认真的测试数据','闵行','',2,'2017-02-27 18:25:05',2,'2017-02-27 18:25:05'),(550,83,'MODULE_ZONE_ADDPOST',2,73,'这是一条很认真的测试数据这是一条很认真的测试数据这是一条很认真的测试数据这是一条很认真的测试数据这是一条很认真的测试数据这是一条很认真的测试数据这是一条很认真的测试数据这是一条很认真的测试数据','闵行','',2,'2017-02-27 18:25:05',2,'2017-02-27 18:25:05'),(551,84,'MODULE_ZONE_ADDPOST',2,73,'这是一条很认真的测试数据这是一条很认真的测试数据这是一条很认真的测试数据这是一条很认真的测试数据这是一条很认真的测试数据这是一条很认真的测试数据这是一条很认真的测试数据这是一条很认真的测试数据','闵行','',2,'2017-02-27 18:25:05',2,'2017-02-27 18:25:05'),(552,85,'MODULE_ZONE_ADDPOST',2,73,'这是一条很认真的测试数据这是一条很认真的测试数据这是一条很认真的测试数据这是一条很认真的测试数据这是一条很认真的测试数据这是一条很认真的测试数据这是一条很认真的测试数据这是一条很认真的测试数据','闵行','',2,'2017-02-27 18:25:05',2,'2017-02-27 18:25:05'),(553,97,'MODULE_ZONE_ADDPOST',2,73,'这是一条很认真的测试数据这是一条很认真的测试数据这是一条很认真的测试数据这是一条很认真的测试数据这是一条很认真的测试数据这是一条很认真的测试数据这是一条很认真的测试数据这是一条很认真的测试数据','闵行','',2,'2017-02-27 18:25:05',2,'2017-02-27 18:25:05'),(554,98,'MODULE_ZONE_ADDPOST',2,73,'这是一条很认真的测试数据这是一条很认真的测试数据这是一条很认真的测试数据这是一条很认真的测试数据这是一条很认真的测试数据这是一条很认真的测试数据这是一条很认真的测试数据这是一条很认真的测试数据','闵行','',2,'2017-02-27 18:25:05',2,'2017-02-27 18:25:05'),(555,29,'MODULE_ZONE_ADDPOST',2,74,'这是一条很认真的测试数据这是一条很认真的测试数据这是一条很认真的测试数据这是一条很认真的测试数据这是一条很认真的测试数据这是一条很认真的测试数据这是一条很认真的测试数据这是一条很认真的测试数据','闵行','',2,'2017-02-27 18:25:05',2,'2017-02-27 18:25:05'),(556,73,'MODULE_ZONE_ADDPOST',2,74,'这是一条很认真的测试数据这是一条很认真的测试数据这是一条很认真的测试数据这是一条很认真的测试数据这是一条很认真的测试数据这是一条很认真的测试数据这是一条很认真的测试数据这是一条很认真的测试数据','闵行','',2,'2017-02-27 18:25:05',2,'2017-02-27 18:25:05'),(557,83,'MODULE_ZONE_ADDPOST',2,74,'这是一条很认真的测试数据这是一条很认真的测试数据这是一条很认真的测试数据这是一条很认真的测试数据这是一条很认真的测试数据这是一条很认真的测试数据这是一条很认真的测试数据这是一条很认真的测试数据','闵行','',2,'2017-02-27 18:25:05',2,'2017-02-27 18:25:05'),(558,84,'MODULE_ZONE_ADDPOST',2,74,'这是一条很认真的测试数据这是一条很认真的测试数据这是一条很认真的测试数据这是一条很认真的测试数据这是一条很认真的测试数据这是一条很认真的测试数据这是一条很认真的测试数据这是一条很认真的测试数据','闵行','',2,'2017-02-27 18:25:05',2,'2017-02-27 18:25:05'),(559,85,'MODULE_ZONE_ADDPOST',2,74,'这是一条很认真的测试数据这是一条很认真的测试数据这是一条很认真的测试数据这是一条很认真的测试数据这是一条很认真的测试数据这是一条很认真的测试数据这是一条很认真的测试数据这是一条很认真的测试数据','闵行','',2,'2017-02-27 18:25:05',2,'2017-02-27 18:25:05'),(560,97,'MODULE_ZONE_ADDPOST',2,74,'这是一条很认真的测试数据这是一条很认真的测试数据这是一条很认真的测试数据这是一条很认真的测试数据这是一条很认真的测试数据这是一条很认真的测试数据这是一条很认真的测试数据这是一条很认真的测试数据','闵行','',2,'2017-02-27 18:25:05',2,'2017-02-27 18:25:05'),(561,98,'MODULE_ZONE_ADDPOST',2,74,'这是一条很认真的测试数据这是一条很认真的测试数据这是一条很认真的测试数据这是一条很认真的测试数据这是一条很认真的测试数据这是一条很认真的测试数据这是一条很认真的测试数据这是一条很认真的测试数据','闵行','',2,'2017-02-27 18:25:05',2,'2017-02-27 18:25:05'),(562,29,'MODULE_ZONE_ADDPOST',2,75,'这是一条很认真的测试数据这是一条很认真的测试数据这是一条很认真的测试数据这是一条很认真的测试数据这是一条很认真的测试数据这是一条很认真的测试数据这是一条很认真的测试数据这是一条很认真的测试数据','闵行','',2,'2017-02-27 18:27:18',2,'2017-02-27 18:27:18'),(563,73,'MODULE_ZONE_ADDPOST',2,75,'这是一条很认真的测试数据这是一条很认真的测试数据这是一条很认真的测试数据这是一条很认真的测试数据这是一条很认真的测试数据这是一条很认真的测试数据这是一条很认真的测试数据这是一条很认真的测试数据','闵行','',2,'2017-02-27 18:27:18',2,'2017-02-27 18:27:18'),(564,83,'MODULE_ZONE_ADDPOST',2,75,'这是一条很认真的测试数据这是一条很认真的测试数据这是一条很认真的测试数据这是一条很认真的测试数据这是一条很认真的测试数据这是一条很认真的测试数据这是一条很认真的测试数据这是一条很认真的测试数据','闵行','',2,'2017-02-27 18:27:18',2,'2017-02-27 18:27:18'),(565,84,'MODULE_ZONE_ADDPOST',2,75,'这是一条很认真的测试数据这是一条很认真的测试数据这是一条很认真的测试数据这是一条很认真的测试数据这是一条很认真的测试数据这是一条很认真的测试数据这是一条很认真的测试数据这是一条很认真的测试数据','闵行','',2,'2017-02-27 18:27:18',2,'2017-02-27 18:27:18'),(566,85,'MODULE_ZONE_ADDPOST',2,75,'这是一条很认真的测试数据这是一条很认真的测试数据这是一条很认真的测试数据这是一条很认真的测试数据这是一条很认真的测试数据这是一条很认真的测试数据这是一条很认真的测试数据这是一条很认真的测试数据','闵行','',2,'2017-02-27 18:27:18',2,'2017-02-27 18:27:18'),(567,97,'MODULE_ZONE_ADDPOST',2,75,'这是一条很认真的测试数据这是一条很认真的测试数据这是一条很认真的测试数据这是一条很认真的测试数据这是一条很认真的测试数据这是一条很认真的测试数据这是一条很认真的测试数据这是一条很认真的测试数据','闵行','',2,'2017-02-27 18:27:18',2,'2017-02-27 18:27:18'),(568,98,'MODULE_ZONE_ADDPOST',2,75,'这是一条很认真的测试数据这是一条很认真的测试数据这是一条很认真的测试数据这是一条很认真的测试数据这是一条很认真的测试数据这是一条很认真的测试数据这是一条很认真的测试数据这是一条很认真的测试数据','闵行','',2,'2017-02-27 18:27:18',2,'2017-02-27 18:27:18'),(569,29,'MODULE_ZONE_ADDPOST',2,76,'这是一条很认真的测试数据这是一条很认真的测试数据这是一条很认真的测试数据这是一条很认真的测试数据这是一条很认真的测试数据这是一条很认真的测试数据这是一条很认真的测试数据这是一条很认真的测试数据','闵行','',2,'2017-02-27 18:28:34',2,'2017-02-27 18:28:34'),(570,73,'MODULE_ZONE_ADDPOST',2,76,'这是一条很认真的测试数据这是一条很认真的测试数据这是一条很认真的测试数据这是一条很认真的测试数据这是一条很认真的测试数据这是一条很认真的测试数据这是一条很认真的测试数据这是一条很认真的测试数据','闵行','',2,'2017-02-27 18:28:34',2,'2017-02-27 18:28:34'),(571,83,'MODULE_ZONE_ADDPOST',2,76,'这是一条很认真的测试数据这是一条很认真的测试数据这是一条很认真的测试数据这是一条很认真的测试数据这是一条很认真的测试数据这是一条很认真的测试数据这是一条很认真的测试数据这是一条很认真的测试数据','闵行','',2,'2017-02-27 18:28:34',2,'2017-02-27 18:28:34'),(572,84,'MODULE_ZONE_ADDPOST',2,76,'这是一条很认真的测试数据这是一条很认真的测试数据这是一条很认真的测试数据这是一条很认真的测试数据这是一条很认真的测试数据这是一条很认真的测试数据这是一条很认真的测试数据这是一条很认真的测试数据','闵行','',2,'2017-02-27 18:28:34',2,'2017-02-27 18:28:34'),(573,85,'MODULE_ZONE_ADDPOST',2,76,'这是一条很认真的测试数据这是一条很认真的测试数据这是一条很认真的测试数据这是一条很认真的测试数据这是一条很认真的测试数据这是一条很认真的测试数据这是一条很认真的测试数据这是一条很认真的测试数据','闵行','',2,'2017-02-27 18:28:34',2,'2017-02-27 18:28:34'),(574,97,'MODULE_ZONE_ADDPOST',2,76,'这是一条很认真的测试数据这是一条很认真的测试数据这是一条很认真的测试数据这是一条很认真的测试数据这是一条很认真的测试数据这是一条很认真的测试数据这是一条很认真的测试数据这是一条很认真的测试数据','闵行','',2,'2017-02-27 18:28:34',2,'2017-02-27 18:28:34'),(575,98,'MODULE_ZONE_ADDPOST',2,76,'这是一条很认真的测试数据这是一条很认真的测试数据这是一条很认真的测试数据这是一条很认真的测试数据这是一条很认真的测试数据这是一条很认真的测试数据这是一条很认真的测试数据这是一条很认真的测试数据','闵行','',2,'2017-02-27 18:28:34',2,'2017-02-27 18:28:34'),(576,29,'MODULE_ZONE_ADDPOST',2,79,'这是一条很认真的测试数据这是一条很认真的测试数据这是一条很认真的测试数据这是一条很认真的测试数据这是一条很认真的测试数据这是一条很认真的测试数据这是一条很认真的测试数据这是一条很认真的测试数据','闵行','',2,'2017-02-27 18:33:37',2,'2017-02-27 18:33:37'),(577,73,'MODULE_ZONE_ADDPOST',2,79,'这是一条很认真的测试数据这是一条很认真的测试数据这是一条很认真的测试数据这是一条很认真的测试数据这是一条很认真的测试数据这是一条很认真的测试数据这是一条很认真的测试数据这是一条很认真的测试数据','闵行','',2,'2017-02-27 18:33:37',2,'2017-02-27 18:33:37'),(578,83,'MODULE_ZONE_ADDPOST',2,79,'这是一条很认真的测试数据这是一条很认真的测试数据这是一条很认真的测试数据这是一条很认真的测试数据这是一条很认真的测试数据这是一条很认真的测试数据这是一条很认真的测试数据这是一条很认真的测试数据','闵行','',2,'2017-02-27 18:33:37',2,'2017-02-27 18:33:37'),(579,84,'MODULE_ZONE_ADDPOST',2,79,'这是一条很认真的测试数据这是一条很认真的测试数据这是一条很认真的测试数据这是一条很认真的测试数据这是一条很认真的测试数据这是一条很认真的测试数据这是一条很认真的测试数据这是一条很认真的测试数据','闵行','',2,'2017-02-27 18:33:37',2,'2017-02-27 18:33:37'),(580,85,'MODULE_ZONE_ADDPOST',2,79,'这是一条很认真的测试数据这是一条很认真的测试数据这是一条很认真的测试数据这是一条很认真的测试数据这是一条很认真的测试数据这是一条很认真的测试数据这是一条很认真的测试数据这是一条很认真的测试数据','闵行','',2,'2017-02-27 18:33:37',2,'2017-02-27 18:33:37'),(581,97,'MODULE_ZONE_ADDPOST',2,79,'这是一条很认真的测试数据这是一条很认真的测试数据这是一条很认真的测试数据这是一条很认真的测试数据这是一条很认真的测试数据这是一条很认真的测试数据这是一条很认真的测试数据这是一条很认真的测试数据','闵行','',2,'2017-02-27 18:33:37',2,'2017-02-27 18:33:37'),(582,98,'MODULE_ZONE_ADDPOST',2,79,'这是一条很认真的测试数据这是一条很认真的测试数据这是一条很认真的测试数据这是一条很认真的测试数据这是一条很认真的测试数据这是一条很认真的测试数据这是一条很认真的测试数据这是一条很认真的测试数据','闵行','',2,'2017-02-27 18:33:37',2,'2017-02-27 18:33:37'),(584,103,'MODULE_PERSON_EDITPERSON',171,398,'周妈','','',171,'2017-02-28 10:06:25',171,'2017-02-28 10:06:25'),(585,103,'MODULE_PERSON_ADDPHOTO',171,398,'周妈','/images/upload/1488247592test.jpg','',171,'2017-02-28 10:06:32',171,'2017-02-28 10:06:32'),(586,103,'MODULE_PERSON_ADDEVENT',171,29,'vgvt','','',171,'2017-02-28 10:06:53',171,'2017-02-28 10:06:53'),(587,103,'MODULE_PERSON_ADDRELATEPERSON',171,420,'gcvg','','',171,'2017-02-28 10:07:45',171,'2017-02-28 10:07:45'),(588,103,'MODULE_PERSON_DELETEPERSON',171,397,'周爸','','',171,'2017-02-28 10:08:14',171,'2017-02-28 10:08:14'),(589,75,'MODULE_ZONE_ADDPOST',171,80,'vgvgv','address','',171,'2017-02-28 10:16:34',171,'2017-02-28 10:16:34'),(590,77,'MODULE_ZONE_ADDPOST',171,80,'vgvgv','address','',171,'2017-02-28 10:16:34',171,'2017-02-28 10:16:34'),(591,78,'MODULE_ZONE_ADDPOST',171,80,'vgvgv','address','',171,'2017-02-28 10:16:34',171,'2017-02-28 10:16:34'),(592,80,'MODULE_ZONE_ADDPOST',171,80,'vgvgv','address','',171,'2017-02-28 10:16:34',171,'2017-02-28 10:16:34'),(593,81,'MODULE_ZONE_ADDPOST',171,80,'vgvgv','address','',171,'2017-02-28 10:16:34',171,'2017-02-28 10:16:34'),(594,82,'MODULE_ZONE_ADDPOST',171,80,'vgvgv','address','',171,'2017-02-28 10:16:34',171,'2017-02-28 10:16:34'),(595,87,'MODULE_ZONE_ADDPOST',171,80,'vgvgv','address','',171,'2017-02-28 10:16:34',171,'2017-02-28 10:16:34'),(596,88,'MODULE_ZONE_ADDPOST',171,80,'vgvgv','address','',171,'2017-02-28 10:16:34',171,'2017-02-28 10:16:34'),(597,90,'MODULE_ZONE_ADDPOST',171,80,'vgvgv','address','',171,'2017-02-28 10:16:34',171,'2017-02-28 10:16:34'),(598,91,'MODULE_ZONE_ADDPOST',171,80,'vgvgv','address','',171,'2017-02-28 10:16:34',171,'2017-02-28 10:16:34'),(599,103,'MODULE_ZONE_ADDPOST',171,80,'vgvgv','address','',171,'2017-02-28 10:16:34',171,'2017-02-28 10:16:34'),(600,104,'MODULE_ZONE_ADDPOST',171,80,'vgvgv','address','',171,'2017-02-28 10:16:34',171,'2017-02-28 10:16:34'),(601,75,'MODULE_ZONE_ADDZONE',171,10,'chhsgh','','',171,'2017-02-28 10:23:29',171,'2017-02-28 10:23:29'),(602,77,'MODULE_ZONE_ADDZONE',171,10,'chhsgh','','',171,'2017-02-28 10:23:29',171,'2017-02-28 10:23:29'),(603,78,'MODULE_ZONE_ADDZONE',171,10,'chhsgh','','',171,'2017-02-28 10:23:29',171,'2017-02-28 10:23:29'),(604,80,'MODULE_ZONE_ADDZONE',171,10,'chhsgh','','',171,'2017-02-28 10:23:29',171,'2017-02-28 10:23:29'),(605,81,'MODULE_ZONE_ADDZONE',171,10,'chhsgh','','',171,'2017-02-28 10:23:29',171,'2017-02-28 10:23:29'),(606,82,'MODULE_ZONE_ADDZONE',171,10,'chhsgh','','',171,'2017-02-28 10:23:29',171,'2017-02-28 10:23:29'),(607,87,'MODULE_ZONE_ADDZONE',171,10,'chhsgh','','',171,'2017-02-28 10:23:29',171,'2017-02-28 10:23:29'),(608,88,'MODULE_ZONE_ADDZONE',171,10,'chhsgh','','',171,'2017-02-28 10:23:29',171,'2017-02-28 10:23:29'),(609,90,'MODULE_ZONE_ADDZONE',171,10,'chhsgh','','',171,'2017-02-28 10:23:29',171,'2017-02-28 10:23:29'),(610,91,'MODULE_ZONE_ADDZONE',171,10,'chhsgh','','',171,'2017-02-28 10:23:29',171,'2017-02-28 10:23:29'),(611,103,'MODULE_ZONE_ADDZONE',171,10,'chhsgh','','',171,'2017-02-28 10:23:29',171,'2017-02-28 10:23:29'),(612,104,'MODULE_ZONE_ADDZONE',171,10,'chhsgh','','',171,'2017-02-28 10:23:29',171,'2017-02-28 10:23:29'),(613,105,'MODULE_PERSON_ADDRELATEPERSON',171,422,'周爸','','',171,'2017-02-28 11:18:53',171,'2017-02-28 11:18:53'),(614,105,'MODULE_PERSON_ADDRELATEPERSON',171,423,'周妈','','',171,'2017-02-28 11:19:03',171,'2017-02-28 11:19:03'),(615,105,'MODULE_PERSON_ADDRELATEPERSON',171,424,'周兄','','',171,'2017-02-28 11:19:20',171,'2017-02-28 11:19:20'),(616,105,'MODULE_PERSON_ADDRELATEPERSON',171,425,'周姐','','',171,'2017-02-28 11:19:32',171,'2017-02-28 11:19:32'),(617,75,'MODULE_ZONE_ADDPOST',171,81,'xfxfxf','address','',171,'2017-02-28 11:48:05',171,'2017-02-28 11:48:05'),(618,77,'MODULE_ZONE_ADDPOST',171,81,'xfxfxf','address','',171,'2017-02-28 11:48:05',171,'2017-02-28 11:48:05'),(619,78,'MODULE_ZONE_ADDPOST',171,81,'xfxfxf','address','',171,'2017-02-28 11:48:05',171,'2017-02-28 11:48:05'),(620,80,'MODULE_ZONE_ADDPOST',171,81,'xfxfxf','address','',171,'2017-02-28 11:48:05',171,'2017-02-28 11:48:05'),(621,81,'MODULE_ZONE_ADDPOST',171,81,'xfxfxf','address','',171,'2017-02-28 11:48:05',171,'2017-02-28 11:48:05'),(622,82,'MODULE_ZONE_ADDPOST',171,81,'xfxfxf','address','',171,'2017-02-28 11:48:05',171,'2017-02-28 11:48:05'),(623,87,'MODULE_ZONE_ADDPOST',171,81,'xfxfxf','address','',171,'2017-02-28 11:48:05',171,'2017-02-28 11:48:05'),(624,88,'MODULE_ZONE_ADDPOST',171,81,'xfxfxf','address','',171,'2017-02-28 11:48:05',171,'2017-02-28 11:48:05'),(625,90,'MODULE_ZONE_ADDPOST',171,81,'xfxfxf','address','',171,'2017-02-28 11:48:05',171,'2017-02-28 11:48:05'),(626,91,'MODULE_ZONE_ADDPOST',171,81,'xfxfxf','address','',171,'2017-02-28 11:48:05',171,'2017-02-28 11:48:05'),(627,103,'MODULE_ZONE_ADDPOST',171,81,'xfxfxf','address','',171,'2017-02-28 11:48:05',171,'2017-02-28 11:48:05'),(628,104,'MODULE_ZONE_ADDPOST',171,81,'xfxfxf','address','',171,'2017-02-28 11:48:05',171,'2017-02-28 11:48:05'),(629,105,'MODULE_ZONE_ADDPOST',171,81,'xfxfxf','address','',171,'2017-02-28 11:48:05',171,'2017-02-28 11:48:05'),(630,75,'MODULE_ZONE_ADDPOST',171,82,'gcgcgcgx','address','',171,'2017-02-28 11:48:11',171,'2017-02-28 11:48:11'),(631,77,'MODULE_ZONE_ADDPOST',171,82,'gcgcgcgx','address','',171,'2017-02-28 11:48:11',171,'2017-02-28 11:48:11'),(632,78,'MODULE_ZONE_ADDPOST',171,82,'gcgcgcgx','address','',171,'2017-02-28 11:48:11',171,'2017-02-28 11:48:11'),(633,80,'MODULE_ZONE_ADDPOST',171,82,'gcgcgcgx','address','',171,'2017-02-28 11:48:11',171,'2017-02-28 11:48:11'),(634,81,'MODULE_ZONE_ADDPOST',171,82,'gcgcgcgx','address','',171,'2017-02-28 11:48:11',171,'2017-02-28 11:48:11'),(635,82,'MODULE_ZONE_ADDPOST',171,82,'gcgcgcgx','address','',171,'2017-02-28 11:48:11',171,'2017-02-28 11:48:11'),(636,87,'MODULE_ZONE_ADDPOST',171,82,'gcgcgcgx','address','',171,'2017-02-28 11:48:11',171,'2017-02-28 11:48:11'),(637,88,'MODULE_ZONE_ADDPOST',171,82,'gcgcgcgx','address','',171,'2017-02-28 11:48:11',171,'2017-02-28 11:48:11'),(638,90,'MODULE_ZONE_ADDPOST',171,82,'gcgcgcgx','address','',171,'2017-02-28 11:48:11',171,'2017-02-28 11:48:11'),(639,91,'MODULE_ZONE_ADDPOST',171,82,'gcgcgcgx','address','',171,'2017-02-28 11:48:11',171,'2017-02-28 11:48:11'),(640,103,'MODULE_ZONE_ADDPOST',171,82,'gcgcgcgx','address','',171,'2017-02-28 11:48:11',171,'2017-02-28 11:48:11'),(641,104,'MODULE_ZONE_ADDPOST',171,82,'gcgcgcgx','address','',171,'2017-02-28 11:48:11',171,'2017-02-28 11:48:11'),(642,105,'MODULE_ZONE_ADDPOST',171,82,'gcgcgcgx','address','',171,'2017-02-28 11:48:11',171,'2017-02-28 11:48:11'),(643,75,'MODULE_ZONE_ADDPOST',171,83,'萨哈','address','',171,'2017-02-28 11:48:18',171,'2017-02-28 11:48:18'),(644,77,'MODULE_ZONE_ADDPOST',171,83,'萨哈','address','',171,'2017-02-28 11:48:18',171,'2017-02-28 11:48:18'),(645,78,'MODULE_ZONE_ADDPOST',171,83,'萨哈','address','',171,'2017-02-28 11:48:18',171,'2017-02-28 11:48:18'),(646,80,'MODULE_ZONE_ADDPOST',171,83,'萨哈','address','',171,'2017-02-28 11:48:18',171,'2017-02-28 11:48:18'),(647,81,'MODULE_ZONE_ADDPOST',171,83,'萨哈','address','',171,'2017-02-28 11:48:18',171,'2017-02-28 11:48:18'),(648,82,'MODULE_ZONE_ADDPOST',171,83,'萨哈','address','',171,'2017-02-28 11:48:18',171,'2017-02-28 11:48:18'),(649,87,'MODULE_ZONE_ADDPOST',171,83,'萨哈','address','',171,'2017-02-28 11:48:18',171,'2017-02-28 11:48:18'),(650,88,'MODULE_ZONE_ADDPOST',171,83,'萨哈','address','',171,'2017-02-28 11:48:18',171,'2017-02-28 11:48:18'),(651,90,'MODULE_ZONE_ADDPOST',171,83,'萨哈','address','',171,'2017-02-28 11:48:18',171,'2017-02-28 11:48:18'),(652,91,'MODULE_ZONE_ADDPOST',171,83,'萨哈','address','',171,'2017-02-28 11:48:18',171,'2017-02-28 11:48:18'),(653,103,'MODULE_ZONE_ADDPOST',171,83,'萨哈','address','',171,'2017-02-28 11:48:18',171,'2017-02-28 11:48:18'),(654,104,'MODULE_ZONE_ADDPOST',171,83,'萨哈','address','',171,'2017-02-28 11:48:18',171,'2017-02-28 11:48:18'),(655,105,'MODULE_ZONE_ADDPOST',171,83,'萨哈','address','',171,'2017-02-28 11:48:18',171,'2017-02-28 11:48:18'),(656,75,'MODULE_ZONE_ADDPOST',171,84,'瘦了十几斤','address','',171,'2017-02-28 11:50:18',171,'2017-02-28 11:50:18'),(657,77,'MODULE_ZONE_ADDPOST',171,84,'瘦了十几斤','address','',171,'2017-02-28 11:50:18',171,'2017-02-28 11:50:18'),(658,78,'MODULE_ZONE_ADDPOST',171,84,'瘦了十几斤','address','',171,'2017-02-28 11:50:18',171,'2017-02-28 11:50:18'),(659,80,'MODULE_ZONE_ADDPOST',171,84,'瘦了十几斤','address','',171,'2017-02-28 11:50:18',171,'2017-02-28 11:50:18'),(660,81,'MODULE_ZONE_ADDPOST',171,84,'瘦了十几斤','address','',171,'2017-02-28 11:50:18',171,'2017-02-28 11:50:18'),(661,82,'MODULE_ZONE_ADDPOST',171,84,'瘦了十几斤','address','',171,'2017-02-28 11:50:18',171,'2017-02-28 11:50:18'),(662,87,'MODULE_ZONE_ADDPOST',171,84,'瘦了十几斤','address','',171,'2017-02-28 11:50:18',171,'2017-02-28 11:50:18'),(663,88,'MODULE_ZONE_ADDPOST',171,84,'瘦了十几斤','address','',171,'2017-02-28 11:50:18',171,'2017-02-28 11:50:18'),(664,90,'MODULE_ZONE_ADDPOST',171,84,'瘦了十几斤','address','',171,'2017-02-28 11:50:18',171,'2017-02-28 11:50:18'),(665,91,'MODULE_ZONE_ADDPOST',171,84,'瘦了十几斤','address','',171,'2017-02-28 11:50:18',171,'2017-02-28 11:50:18'),(666,103,'MODULE_ZONE_ADDPOST',171,84,'瘦了十几斤','address','',171,'2017-02-28 11:50:18',171,'2017-02-28 11:50:18'),(667,104,'MODULE_ZONE_ADDPOST',171,84,'瘦了十几斤','address','',171,'2017-02-28 11:50:18',171,'2017-02-28 11:50:18'),(668,105,'MODULE_ZONE_ADDPOST',171,84,'瘦了十几斤','address','',171,'2017-02-28 11:50:18',171,'2017-02-28 11:50:18'),(669,75,'MODULE_ZONE_ADDPOST',171,85,'计算机三级','address','',171,'2017-02-28 11:50:30',171,'2017-02-28 11:50:30'),(670,77,'MODULE_ZONE_ADDPOST',171,85,'计算机三级','address','',171,'2017-02-28 11:50:30',171,'2017-02-28 11:50:30'),(671,78,'MODULE_ZONE_ADDPOST',171,85,'计算机三级','address','',171,'2017-02-28 11:50:30',171,'2017-02-28 11:50:30'),(672,80,'MODULE_ZONE_ADDPOST',171,85,'计算机三级','address','',171,'2017-02-28 11:50:30',171,'2017-02-28 11:50:30'),(673,81,'MODULE_ZONE_ADDPOST',171,85,'计算机三级','address','',171,'2017-02-28 11:50:30',171,'2017-02-28 11:50:30'),(674,82,'MODULE_ZONE_ADDPOST',171,85,'计算机三级','address','',171,'2017-02-28 11:50:30',171,'2017-02-28 11:50:30'),(675,87,'MODULE_ZONE_ADDPOST',171,85,'计算机三级','address','',171,'2017-02-28 11:50:30',171,'2017-02-28 11:50:30'),(676,88,'MODULE_ZONE_ADDPOST',171,85,'计算机三级','address','',171,'2017-02-28 11:50:30',171,'2017-02-28 11:50:30'),(677,90,'MODULE_ZONE_ADDPOST',171,85,'计算机三级','address','',171,'2017-02-28 11:50:30',171,'2017-02-28 11:50:30'),(678,91,'MODULE_ZONE_ADDPOST',171,85,'计算机三级','address','',171,'2017-02-28 11:50:30',171,'2017-02-28 11:50:30'),(679,103,'MODULE_ZONE_ADDPOST',171,85,'计算机三级','address','',171,'2017-02-28 11:50:30',171,'2017-02-28 11:50:30'),(680,104,'MODULE_ZONE_ADDPOST',171,85,'计算机三级','address','',171,'2017-02-28 11:50:30',171,'2017-02-28 11:50:30'),(681,105,'MODULE_ZONE_ADDPOST',171,85,'计算机三级','address','',171,'2017-02-28 11:50:30',171,'2017-02-28 11:50:30'),(682,75,'MODULE_ZONE_ADDPOST',171,86,'HK曲谱','address','',171,'2017-02-28 11:57:16',171,'2017-02-28 11:57:16'),(683,77,'MODULE_ZONE_ADDPOST',171,86,'HK曲谱','address','',171,'2017-02-28 11:57:16',171,'2017-02-28 11:57:16'),(684,78,'MODULE_ZONE_ADDPOST',171,86,'HK曲谱','address','',171,'2017-02-28 11:57:16',171,'2017-02-28 11:57:16'),(685,80,'MODULE_ZONE_ADDPOST',171,86,'HK曲谱','address','',171,'2017-02-28 11:57:16',171,'2017-02-28 11:57:16'),(686,81,'MODULE_ZONE_ADDPOST',171,86,'HK曲谱','address','',171,'2017-02-28 11:57:16',171,'2017-02-28 11:57:16'),(687,82,'MODULE_ZONE_ADDPOST',171,86,'HK曲谱','address','',171,'2017-02-28 11:57:16',171,'2017-02-28 11:57:16'),(688,87,'MODULE_ZONE_ADDPOST',171,86,'HK曲谱','address','',171,'2017-02-28 11:57:16',171,'2017-02-28 11:57:16'),(689,88,'MODULE_ZONE_ADDPOST',171,86,'HK曲谱','address','',171,'2017-02-28 11:57:16',171,'2017-02-28 11:57:16'),(690,90,'MODULE_ZONE_ADDPOST',171,86,'HK曲谱','address','',171,'2017-02-28 11:57:16',171,'2017-02-28 11:57:16'),(691,91,'MODULE_ZONE_ADDPOST',171,86,'HK曲谱','address','',171,'2017-02-28 11:57:16',171,'2017-02-28 11:57:16'),(692,103,'MODULE_ZONE_ADDPOST',171,86,'HK曲谱','address','',171,'2017-02-28 11:57:16',171,'2017-02-28 11:57:16'),(693,104,'MODULE_ZONE_ADDPOST',171,86,'HK曲谱','address','',171,'2017-02-28 11:57:16',171,'2017-02-28 11:57:16'),(694,105,'MODULE_ZONE_ADDPOST',171,86,'HK曲谱','address','',171,'2017-02-28 11:57:16',171,'2017-02-28 11:57:16'),(695,75,'MODULE_ZONE_ADDPOST',171,87,'V5水枯石烂','address','',171,'2017-02-28 11:58:08',171,'2017-02-28 11:58:08'),(696,77,'MODULE_ZONE_ADDPOST',171,87,'V5水枯石烂','address','',171,'2017-02-28 11:58:08',171,'2017-02-28 11:58:08'),(697,78,'MODULE_ZONE_ADDPOST',171,87,'V5水枯石烂','address','',171,'2017-02-28 11:58:08',171,'2017-02-28 11:58:08'),(698,80,'MODULE_ZONE_ADDPOST',171,87,'V5水枯石烂','address','',171,'2017-02-28 11:58:08',171,'2017-02-28 11:58:08'),(699,81,'MODULE_ZONE_ADDPOST',171,87,'V5水枯石烂','address','',171,'2017-02-28 11:58:08',171,'2017-02-28 11:58:08'),(700,82,'MODULE_ZONE_ADDPOST',171,87,'V5水枯石烂','address','',171,'2017-02-28 11:58:08',171,'2017-02-28 11:58:08'),(701,87,'MODULE_ZONE_ADDPOST',171,87,'V5水枯石烂','address','',171,'2017-02-28 11:58:08',171,'2017-02-28 11:58:08'),(702,88,'MODULE_ZONE_ADDPOST',171,87,'V5水枯石烂','address','',171,'2017-02-28 11:58:08',171,'2017-02-28 11:58:08'),(703,90,'MODULE_ZONE_ADDPOST',171,87,'V5水枯石烂','address','',171,'2017-02-28 11:58:08',171,'2017-02-28 11:58:08'),(704,91,'MODULE_ZONE_ADDPOST',171,87,'V5水枯石烂','address','',171,'2017-02-28 11:58:08',171,'2017-02-28 11:58:08'),(705,103,'MODULE_ZONE_ADDPOST',171,87,'V5水枯石烂','address','',171,'2017-02-28 11:58:08',171,'2017-02-28 11:58:08'),(706,104,'MODULE_ZONE_ADDPOST',171,87,'V5水枯石烂','address','',171,'2017-02-28 11:58:08',171,'2017-02-28 11:58:08'),(707,105,'MODULE_ZONE_ADDPOST',171,87,'V5水枯石烂','address','',171,'2017-02-28 11:58:08',171,'2017-02-28 11:58:08'),(708,75,'MODULE_ZONE_ADDPOST',171,88,'凸透镜8哈','address','',171,'2017-02-28 11:59:01',171,'2017-02-28 11:59:01'),(709,77,'MODULE_ZONE_ADDPOST',171,88,'凸透镜8哈','address','',171,'2017-02-28 11:59:01',171,'2017-02-28 11:59:01'),(710,78,'MODULE_ZONE_ADDPOST',171,88,'凸透镜8哈','address','',171,'2017-02-28 11:59:01',171,'2017-02-28 11:59:01'),(711,80,'MODULE_ZONE_ADDPOST',171,88,'凸透镜8哈','address','',171,'2017-02-28 11:59:01',171,'2017-02-28 11:59:01'),(712,81,'MODULE_ZONE_ADDPOST',171,88,'凸透镜8哈','address','',171,'2017-02-28 11:59:01',171,'2017-02-28 11:59:01'),(713,82,'MODULE_ZONE_ADDPOST',171,88,'凸透镜8哈','address','',171,'2017-02-28 11:59:01',171,'2017-02-28 11:59:01'),(714,87,'MODULE_ZONE_ADDPOST',171,88,'凸透镜8哈','address','',171,'2017-02-28 11:59:01',171,'2017-02-28 11:59:01'),(715,88,'MODULE_ZONE_ADDPOST',171,88,'凸透镜8哈','address','',171,'2017-02-28 11:59:01',171,'2017-02-28 11:59:01'),(716,90,'MODULE_ZONE_ADDPOST',171,88,'凸透镜8哈','address','',171,'2017-02-28 11:59:01',171,'2017-02-28 11:59:01'),(717,91,'MODULE_ZONE_ADDPOST',171,88,'凸透镜8哈','address','',171,'2017-02-28 11:59:01',171,'2017-02-28 11:59:01'),(718,103,'MODULE_ZONE_ADDPOST',171,88,'凸透镜8哈','address','',171,'2017-02-28 11:59:01',171,'2017-02-28 11:59:01'),(719,104,'MODULE_ZONE_ADDPOST',171,88,'凸透镜8哈','address','',171,'2017-02-28 11:59:01',171,'2017-02-28 11:59:01'),(720,105,'MODULE_ZONE_ADDPOST',171,88,'凸透镜8哈','address','',171,'2017-02-28 11:59:01',171,'2017-02-28 11:59:01'),(721,75,'MODULE_ZONE_ADDPOST',171,89,'家具','address','',171,'2017-02-28 12:14:43',171,'2017-02-28 12:14:43'),(722,77,'MODULE_ZONE_ADDPOST',171,89,'家具','address','',171,'2017-02-28 12:14:43',171,'2017-02-28 12:14:43'),(723,78,'MODULE_ZONE_ADDPOST',171,89,'家具','address','',171,'2017-02-28 12:14:43',171,'2017-02-28 12:14:43'),(724,80,'MODULE_ZONE_ADDPOST',171,89,'家具','address','',171,'2017-02-28 12:14:43',171,'2017-02-28 12:14:43'),(725,81,'MODULE_ZONE_ADDPOST',171,89,'家具','address','',171,'2017-02-28 12:14:43',171,'2017-02-28 12:14:43'),(726,82,'MODULE_ZONE_ADDPOST',171,89,'家具','address','',171,'2017-02-28 12:14:43',171,'2017-02-28 12:14:43'),(727,87,'MODULE_ZONE_ADDPOST',171,89,'家具','address','',171,'2017-02-28 12:14:43',171,'2017-02-28 12:14:43'),(728,88,'MODULE_ZONE_ADDPOST',171,89,'家具','address','',171,'2017-02-28 12:14:43',171,'2017-02-28 12:14:43'),(729,90,'MODULE_ZONE_ADDPOST',171,89,'家具','address','',171,'2017-02-28 12:14:43',171,'2017-02-28 12:14:43'),(730,91,'MODULE_ZONE_ADDPOST',171,89,'家具','address','',171,'2017-02-28 12:14:43',171,'2017-02-28 12:14:43'),(731,103,'MODULE_ZONE_ADDPOST',171,89,'家具','address','',171,'2017-02-28 12:14:43',171,'2017-02-28 12:14:43'),(732,104,'MODULE_ZONE_ADDPOST',171,89,'家具','address','',171,'2017-02-28 12:14:43',171,'2017-02-28 12:14:43'),(733,105,'MODULE_ZONE_ADDPOST',171,89,'家具','address','',171,'2017-02-28 12:14:43',171,'2017-02-28 12:14:43'),(734,105,'MODULE_PERSON_ADDPHOTO',171,424,'周兄','/images/upload/1488260114test.jpg','',171,'2017-02-28 13:35:14',171,'2017-02-28 13:35:14'),(735,75,'MODULE_ZONE_ADDPOST',171,90,'利济路科技','address','',171,'2017-02-28 15:04:56',171,'2017-02-28 15:04:56'),(736,77,'MODULE_ZONE_ADDPOST',171,90,'利济路科技','address','',171,'2017-02-28 15:04:56',171,'2017-02-28 15:04:56'),(737,78,'MODULE_ZONE_ADDPOST',171,90,'利济路科技','address','',171,'2017-02-28 15:04:56',171,'2017-02-28 15:04:56'),(738,80,'MODULE_ZONE_ADDPOST',171,90,'利济路科技','address','',171,'2017-02-28 15:04:56',171,'2017-02-28 15:04:56'),(739,81,'MODULE_ZONE_ADDPOST',171,90,'利济路科技','address','',171,'2017-02-28 15:04:56',171,'2017-02-28 15:04:56'),(740,82,'MODULE_ZONE_ADDPOST',171,90,'利济路科技','address','',171,'2017-02-28 15:04:56',171,'2017-02-28 15:04:56'),(741,87,'MODULE_ZONE_ADDPOST',171,90,'利济路科技','address','',171,'2017-02-28 15:04:56',171,'2017-02-28 15:04:56'),(742,88,'MODULE_ZONE_ADDPOST',171,90,'利济路科技','address','',171,'2017-02-28 15:04:56',171,'2017-02-28 15:04:56'),(743,90,'MODULE_ZONE_ADDPOST',171,90,'利济路科技','address','',171,'2017-02-28 15:04:56',171,'2017-02-28 15:04:56'),(744,91,'MODULE_ZONE_ADDPOST',171,90,'利济路科技','address','',171,'2017-02-28 15:04:56',171,'2017-02-28 15:04:56'),(745,103,'MODULE_ZONE_ADDPOST',171,90,'利济路科技','address','',171,'2017-02-28 15:04:56',171,'2017-02-28 15:04:56'),(746,104,'MODULE_ZONE_ADDPOST',171,90,'利济路科技','address','',171,'2017-02-28 15:04:56',171,'2017-02-28 15:04:56'),(747,105,'MODULE_ZONE_ADDPOST',171,90,'利济路科技','address','',171,'2017-02-28 15:04:56',171,'2017-02-28 15:04:56'),(749,105,'MODULE_PERSON_EDITPERSON',171,424,'周兄','','',171,'2017-02-28 15:16:46',171,'2017-02-28 15:16:46'),(750,105,'MODULE_PERSON_ADDEVENT',171,30,'1','','',171,'2017-02-28 15:37:01',171,'2017-02-28 15:37:01'),(751,105,'MODULE_PERSON_ADDEVENT',171,31,'tdtxt','','',171,'2017-02-28 15:55:47',171,'2017-02-28 15:55:47'),(752,105,'MODULE_PERSON_ADDEVENT',171,32,'2','','',171,'2017-02-28 17:27:01',171,'2017-02-28 17:27:01'),(753,75,'MODULE_ZONE_ADDPOST',171,91,'f/sfdf','address','',171,'2017-02-28 17:29:23',171,'2017-02-28 17:29:23'),(754,77,'MODULE_ZONE_ADDPOST',171,91,'f/sfdf','address','',171,'2017-02-28 17:29:23',171,'2017-02-28 17:29:23'),(755,78,'MODULE_ZONE_ADDPOST',171,91,'f/sfdf','address','',171,'2017-02-28 17:29:23',171,'2017-02-28 17:29:23'),(756,80,'MODULE_ZONE_ADDPOST',171,91,'f/sfdf','address','',171,'2017-02-28 17:29:23',171,'2017-02-28 17:29:23'),(757,81,'MODULE_ZONE_ADDPOST',171,91,'f/sfdf','address','',171,'2017-02-28 17:29:23',171,'2017-02-28 17:29:23'),(758,82,'MODULE_ZONE_ADDPOST',171,91,'f/sfdf','address','',171,'2017-02-28 17:29:23',171,'2017-02-28 17:29:23'),(759,87,'MODULE_ZONE_ADDPOST',171,91,'f/sfdf','address','',171,'2017-02-28 17:29:23',171,'2017-02-28 17:29:23'),(760,88,'MODULE_ZONE_ADDPOST',171,91,'f/sfdf','address','',171,'2017-02-28 17:29:23',171,'2017-02-28 17:29:23'),(761,90,'MODULE_ZONE_ADDPOST',171,91,'f/sfdf','address','',171,'2017-02-28 17:29:23',171,'2017-02-28 17:29:23'),(762,91,'MODULE_ZONE_ADDPOST',171,91,'f/sfdf','address','',171,'2017-02-28 17:29:23',171,'2017-02-28 17:29:23'),(763,103,'MODULE_ZONE_ADDPOST',171,91,'f/sfdf','address','',171,'2017-02-28 17:29:23',171,'2017-02-28 17:29:23'),(764,104,'MODULE_ZONE_ADDPOST',171,91,'f/sfdf','address','',171,'2017-02-28 17:29:23',171,'2017-02-28 17:29:23'),(765,105,'MODULE_ZONE_ADDPOST',171,91,'f/sfdf','address','',171,'2017-02-28 17:29:23',171,'2017-02-28 17:29:23'),(766,29,'MODULE_ZONE_ADDPOST',2,92,'dasdasdasd','','',2,'2017-03-01 10:33:04',2,'2017-03-01 10:33:04'),(767,73,'MODULE_ZONE_ADDPOST',2,92,'dasdasdasd','','',2,'2017-03-01 10:33:04',2,'2017-03-01 10:33:04'),(768,83,'MODULE_ZONE_ADDPOST',2,92,'dasdasdasd','','',2,'2017-03-01 10:33:04',2,'2017-03-01 10:33:04'),(769,84,'MODULE_ZONE_ADDPOST',2,92,'dasdasdasd','','',2,'2017-03-01 10:33:04',2,'2017-03-01 10:33:04'),(770,85,'MODULE_ZONE_ADDPOST',2,92,'dasdasdasd','','',2,'2017-03-01 10:33:04',2,'2017-03-01 10:33:04'),(771,97,'MODULE_ZONE_ADDPOST',2,92,'dasdasdasd','','',2,'2017-03-01 10:33:04',2,'2017-03-01 10:33:04'),(772,98,'MODULE_ZONE_ADDPOST',2,92,'dasdasdasd','','',2,'2017-03-01 10:33:04',2,'2017-03-01 10:33:04'),(773,29,'MODULE_ZONE_ADDPOST',2,93,'大叔大婶','','',2,'2017-03-01 10:40:08',2,'2017-03-01 10:40:08'),(774,73,'MODULE_ZONE_ADDPOST',2,93,'大叔大婶','','',2,'2017-03-01 10:40:08',2,'2017-03-01 10:40:08'),(775,83,'MODULE_ZONE_ADDPOST',2,93,'大叔大婶','','',2,'2017-03-01 10:40:08',2,'2017-03-01 10:40:08'),(776,84,'MODULE_ZONE_ADDPOST',2,93,'大叔大婶','','',2,'2017-03-01 10:40:08',2,'2017-03-01 10:40:08'),(777,85,'MODULE_ZONE_ADDPOST',2,93,'大叔大婶','','',2,'2017-03-01 10:40:08',2,'2017-03-01 10:40:08'),(778,97,'MODULE_ZONE_ADDPOST',2,93,'大叔大婶','','',2,'2017-03-01 10:40:08',2,'2017-03-01 10:40:08'),(779,98,'MODULE_ZONE_ADDPOST',2,93,'大叔大婶','','',2,'2017-03-01 10:40:08',2,'2017-03-01 10:40:08'),(780,29,'MODULE_ZONE_ADDPOST',2,94,'大叔大婶多','','',2,'2017-03-01 10:42:49',2,'2017-03-01 10:42:49'),(781,73,'MODULE_ZONE_ADDPOST',2,94,'大叔大婶多','','',2,'2017-03-01 10:42:49',2,'2017-03-01 10:42:49'),(782,83,'MODULE_ZONE_ADDPOST',2,94,'大叔大婶多','','',2,'2017-03-01 10:42:49',2,'2017-03-01 10:42:49'),(783,84,'MODULE_ZONE_ADDPOST',2,94,'大叔大婶多','','',2,'2017-03-01 10:42:49',2,'2017-03-01 10:42:49'),(784,85,'MODULE_ZONE_ADDPOST',2,94,'大叔大婶多','','',2,'2017-03-01 10:42:49',2,'2017-03-01 10:42:49'),(785,97,'MODULE_ZONE_ADDPOST',2,94,'大叔大婶多','','',2,'2017-03-01 10:42:49',2,'2017-03-01 10:42:49'),(786,98,'MODULE_ZONE_ADDPOST',2,94,'大叔大婶多','','',2,'2017-03-01 10:42:49',2,'2017-03-01 10:42:49'),(787,29,'MODULE_ZONE_ADDPOST',2,95,'大叔大婶','','',2,'2017-03-01 10:43:31',2,'2017-03-01 10:43:31'),(788,73,'MODULE_ZONE_ADDPOST',2,95,'大叔大婶','','',2,'2017-03-01 10:43:31',2,'2017-03-01 10:43:31'),(789,83,'MODULE_ZONE_ADDPOST',2,95,'大叔大婶','','',2,'2017-03-01 10:43:31',2,'2017-03-01 10:43:31'),(790,84,'MODULE_ZONE_ADDPOST',2,95,'大叔大婶','','',2,'2017-03-01 10:43:31',2,'2017-03-01 10:43:31'),(791,85,'MODULE_ZONE_ADDPOST',2,95,'大叔大婶','','',2,'2017-03-01 10:43:31',2,'2017-03-01 10:43:31'),(792,97,'MODULE_ZONE_ADDPOST',2,95,'大叔大婶','','',2,'2017-03-01 10:43:31',2,'2017-03-01 10:43:31'),(793,98,'MODULE_ZONE_ADDPOST',2,95,'大叔大婶','','',2,'2017-03-01 10:43:31',2,'2017-03-01 10:43:31'),(794,29,'MODULE_ZONE_ADDPOST',2,96,'大叔大婶','','',2,'2017-03-01 10:44:57',2,'2017-03-01 10:44:57'),(795,73,'MODULE_ZONE_ADDPOST',2,96,'大叔大婶','','',2,'2017-03-01 10:44:57',2,'2017-03-01 10:44:57'),(796,83,'MODULE_ZONE_ADDPOST',2,96,'大叔大婶','','',2,'2017-03-01 10:44:57',2,'2017-03-01 10:44:57'),(797,84,'MODULE_ZONE_ADDPOST',2,96,'大叔大婶','','',2,'2017-03-01 10:44:57',2,'2017-03-01 10:44:57'),(798,85,'MODULE_ZONE_ADDPOST',2,96,'大叔大婶','','',2,'2017-03-01 10:44:57',2,'2017-03-01 10:44:57'),(799,97,'MODULE_ZONE_ADDPOST',2,96,'大叔大婶','','',2,'2017-03-01 10:44:57',2,'2017-03-01 10:44:57'),(800,98,'MODULE_ZONE_ADDPOST',2,96,'大叔大婶','','',2,'2017-03-01 10:44:57',2,'2017-03-01 10:44:57'),(801,29,'MODULE_ZONE_ADDPOST',2,97,'大叔大婶','','',2,'2017-03-01 10:59:13',2,'2017-03-01 10:59:13'),(802,73,'MODULE_ZONE_ADDPOST',2,97,'大叔大婶','','',2,'2017-03-01 10:59:13',2,'2017-03-01 10:59:13'),(803,83,'MODULE_ZONE_ADDPOST',2,97,'大叔大婶','','',2,'2017-03-01 10:59:13',2,'2017-03-01 10:59:13'),(804,84,'MODULE_ZONE_ADDPOST',2,97,'大叔大婶','','',2,'2017-03-01 10:59:13',2,'2017-03-01 10:59:13'),(805,85,'MODULE_ZONE_ADDPOST',2,97,'大叔大婶','','',2,'2017-03-01 10:59:13',2,'2017-03-01 10:59:13'),(806,97,'MODULE_ZONE_ADDPOST',2,97,'大叔大婶','','',2,'2017-03-01 10:59:13',2,'2017-03-01 10:59:13'),(807,98,'MODULE_ZONE_ADDPOST',2,97,'大叔大婶','','',2,'2017-03-01 10:59:13',2,'2017-03-01 10:59:13'),(808,29,'MODULE_ZONE_ADDPOST',2,98,'dasdasd','','',2,'2017-03-01 11:00:56',2,'2017-03-01 11:00:56'),(809,73,'MODULE_ZONE_ADDPOST',2,98,'dasdasd','','',2,'2017-03-01 11:00:56',2,'2017-03-01 11:00:56'),(810,83,'MODULE_ZONE_ADDPOST',2,98,'dasdasd','','',2,'2017-03-01 11:00:56',2,'2017-03-01 11:00:56'),(811,84,'MODULE_ZONE_ADDPOST',2,98,'dasdasd','','',2,'2017-03-01 11:00:56',2,'2017-03-01 11:00:56'),(812,85,'MODULE_ZONE_ADDPOST',2,98,'dasdasd','','',2,'2017-03-01 11:00:56',2,'2017-03-01 11:00:56'),(813,97,'MODULE_ZONE_ADDPOST',2,98,'dasdasd','','',2,'2017-03-01 11:00:56',2,'2017-03-01 11:00:56'),(814,98,'MODULE_ZONE_ADDPOST',2,98,'dasdasd','','',2,'2017-03-01 11:00:56',2,'2017-03-01 11:00:56'),(815,29,'MODULE_ZONE_ADDPOST',2,99,'dasdasd','','',2,'2017-03-01 11:01:20',2,'2017-03-01 11:01:20'),(816,73,'MODULE_ZONE_ADDPOST',2,99,'dasdasd','','',2,'2017-03-01 11:01:20',2,'2017-03-01 11:01:20'),(817,83,'MODULE_ZONE_ADDPOST',2,99,'dasdasd','','',2,'2017-03-01 11:01:20',2,'2017-03-01 11:01:20'),(818,84,'MODULE_ZONE_ADDPOST',2,99,'dasdasd','','',2,'2017-03-01 11:01:20',2,'2017-03-01 11:01:20'),(819,85,'MODULE_ZONE_ADDPOST',2,99,'dasdasd','','',2,'2017-03-01 11:01:20',2,'2017-03-01 11:01:20'),(820,97,'MODULE_ZONE_ADDPOST',2,99,'dasdasd','','',2,'2017-03-01 11:01:20',2,'2017-03-01 11:01:20'),(821,98,'MODULE_ZONE_ADDPOST',2,99,'dasdasd','','',2,'2017-03-01 11:01:20',2,'2017-03-01 11:01:20'),(822,29,'MODULE_ZONE_ADDPOST',2,100,'dasd','','',2,'2017-03-01 11:03:15',2,'2017-03-01 11:03:15'),(823,73,'MODULE_ZONE_ADDPOST',2,100,'dasd','','',2,'2017-03-01 11:03:15',2,'2017-03-01 11:03:15'),(824,83,'MODULE_ZONE_ADDPOST',2,100,'dasd','','',2,'2017-03-01 11:03:15',2,'2017-03-01 11:03:15'),(825,84,'MODULE_ZONE_ADDPOST',2,100,'dasd','','',2,'2017-03-01 11:03:15',2,'2017-03-01 11:03:15'),(826,85,'MODULE_ZONE_ADDPOST',2,100,'dasd','','',2,'2017-03-01 11:03:15',2,'2017-03-01 11:03:15'),(827,97,'MODULE_ZONE_ADDPOST',2,100,'dasd','','',2,'2017-03-01 11:03:15',2,'2017-03-01 11:03:15'),(828,98,'MODULE_ZONE_ADDPOST',2,100,'dasd','','',2,'2017-03-01 11:03:15',2,'2017-03-01 11:03:15'),(829,29,'MODULE_ZONE_ADDPOST',2,101,'dasdasdas','','',2,'2017-03-01 11:03:56',2,'2017-03-01 11:03:56'),(830,73,'MODULE_ZONE_ADDPOST',2,101,'dasdasdas','','',2,'2017-03-01 11:03:56',2,'2017-03-01 11:03:56'),(831,83,'MODULE_ZONE_ADDPOST',2,101,'dasdasdas','','',2,'2017-03-01 11:03:56',2,'2017-03-01 11:03:56'),(832,84,'MODULE_ZONE_ADDPOST',2,101,'dasdasdas','','',2,'2017-03-01 11:03:56',2,'2017-03-01 11:03:56'),(833,85,'MODULE_ZONE_ADDPOST',2,101,'dasdasdas','','',2,'2017-03-01 11:03:56',2,'2017-03-01 11:03:56'),(834,97,'MODULE_ZONE_ADDPOST',2,101,'dasdasdas','','',2,'2017-03-01 11:03:56',2,'2017-03-01 11:03:56'),(835,98,'MODULE_ZONE_ADDPOST',2,101,'dasdasdas','','',2,'2017-03-01 11:03:56',2,'2017-03-01 11:03:56'),(836,29,'MODULE_ZONE_ADDPOST',2,102,'测试添加数据','','',2,'2017-03-01 11:05:22',2,'2017-03-01 11:05:22'),(837,73,'MODULE_ZONE_ADDPOST',2,102,'测试添加数据','','',2,'2017-03-01 11:05:22',2,'2017-03-01 11:05:22'),(838,83,'MODULE_ZONE_ADDPOST',2,102,'测试添加数据','','',2,'2017-03-01 11:05:22',2,'2017-03-01 11:05:22'),(839,84,'MODULE_ZONE_ADDPOST',2,102,'测试添加数据','','',2,'2017-03-01 11:05:22',2,'2017-03-01 11:05:22'),(840,85,'MODULE_ZONE_ADDPOST',2,102,'测试添加数据','','',2,'2017-03-01 11:05:22',2,'2017-03-01 11:05:22'),(841,97,'MODULE_ZONE_ADDPOST',2,102,'测试添加数据','','',2,'2017-03-01 11:05:22',2,'2017-03-01 11:05:22'),(842,98,'MODULE_ZONE_ADDPOST',2,102,'测试添加数据','','',2,'2017-03-01 11:05:22',2,'2017-03-01 11:05:22'),(843,29,'MODULE_ZONE_ADDPOST',2,103,'test data','','',2,'2017-03-01 11:07:48',2,'2017-03-01 11:07:48'),(844,73,'MODULE_ZONE_ADDPOST',2,103,'test data','','',2,'2017-03-01 11:07:48',2,'2017-03-01 11:07:48'),(845,83,'MODULE_ZONE_ADDPOST',2,103,'test data','','',2,'2017-03-01 11:07:48',2,'2017-03-01 11:07:48'),(846,84,'MODULE_ZONE_ADDPOST',2,103,'test data','','',2,'2017-03-01 11:07:48',2,'2017-03-01 11:07:48'),(847,85,'MODULE_ZONE_ADDPOST',2,103,'test data','','',2,'2017-03-01 11:07:48',2,'2017-03-01 11:07:48'),(848,97,'MODULE_ZONE_ADDPOST',2,103,'test data','','',2,'2017-03-01 11:07:48',2,'2017-03-01 11:07:48'),(849,98,'MODULE_ZONE_ADDPOST',2,103,'test data','','',2,'2017-03-01 11:07:48',2,'2017-03-01 11:07:48'),(850,29,'MODULE_ZONE_ADDPOST',2,104,'dasdas','','',2,'2017-03-01 11:08:53',2,'2017-03-01 11:08:53'),(851,73,'MODULE_ZONE_ADDPOST',2,104,'dasdas','','',2,'2017-03-01 11:08:53',2,'2017-03-01 11:08:53'),(852,83,'MODULE_ZONE_ADDPOST',2,104,'dasdas','','',2,'2017-03-01 11:08:53',2,'2017-03-01 11:08:53'),(853,84,'MODULE_ZONE_ADDPOST',2,104,'dasdas','','',2,'2017-03-01 11:08:53',2,'2017-03-01 11:08:53'),(854,85,'MODULE_ZONE_ADDPOST',2,104,'dasdas','','',2,'2017-03-01 11:08:53',2,'2017-03-01 11:08:53'),(855,97,'MODULE_ZONE_ADDPOST',2,104,'dasdas','','',2,'2017-03-01 11:08:53',2,'2017-03-01 11:08:53'),(856,98,'MODULE_ZONE_ADDPOST',2,104,'dasdas','','',2,'2017-03-01 11:08:53',2,'2017-03-01 11:08:53'),(857,29,'MODULE_ZONE_ADDPOST',2,105,'hfg','','',2,'2017-03-01 13:36:21',2,'2017-03-01 13:36:21'),(858,73,'MODULE_ZONE_ADDPOST',2,105,'hfg','','',2,'2017-03-01 13:36:21',2,'2017-03-01 13:36:21'),(859,83,'MODULE_ZONE_ADDPOST',2,105,'hfg','','',2,'2017-03-01 13:36:21',2,'2017-03-01 13:36:21'),(860,84,'MODULE_ZONE_ADDPOST',2,105,'hfg','','',2,'2017-03-01 13:36:21',2,'2017-03-01 13:36:21'),(861,85,'MODULE_ZONE_ADDPOST',2,105,'hfg','','',2,'2017-03-01 13:36:21',2,'2017-03-01 13:36:21'),(862,97,'MODULE_ZONE_ADDPOST',2,105,'hfg','','',2,'2017-03-01 13:36:21',2,'2017-03-01 13:36:21'),(863,98,'MODULE_ZONE_ADDPOST',2,105,'hfg','','',2,'2017-03-01 13:36:21',2,'2017-03-01 13:36:21'),(864,75,'MODULE_ZONE_ADDPOST',171,106,'$fgcgfg','address','',171,'2017-03-01 13:53:47',171,'2017-03-01 13:53:47'),(865,77,'MODULE_ZONE_ADDPOST',171,106,'$fgcgfg','address','',171,'2017-03-01 13:53:47',171,'2017-03-01 13:53:47'),(866,78,'MODULE_ZONE_ADDPOST',171,106,'$fgcgfg','address','',171,'2017-03-01 13:53:47',171,'2017-03-01 13:53:47'),(867,80,'MODULE_ZONE_ADDPOST',171,106,'$fgcgfg','address','',171,'2017-03-01 13:53:47',171,'2017-03-01 13:53:47'),(868,81,'MODULE_ZONE_ADDPOST',171,106,'$fgcgfg','address','',171,'2017-03-01 13:53:47',171,'2017-03-01 13:53:47'),(869,82,'MODULE_ZONE_ADDPOST',171,106,'$fgcgfg','address','',171,'2017-03-01 13:53:47',171,'2017-03-01 13:53:47'),(870,87,'MODULE_ZONE_ADDPOST',171,106,'$fgcgfg','address','',171,'2017-03-01 13:53:47',171,'2017-03-01 13:53:47'),(871,88,'MODULE_ZONE_ADDPOST',171,106,'$fgcgfg','address','',171,'2017-03-01 13:53:47',171,'2017-03-01 13:53:47'),(872,90,'MODULE_ZONE_ADDPOST',171,106,'$fgcgfg','address','',171,'2017-03-01 13:53:47',171,'2017-03-01 13:53:47'),(873,91,'MODULE_ZONE_ADDPOST',171,106,'$fgcgfg','address','',171,'2017-03-01 13:53:47',171,'2017-03-01 13:53:47'),(874,103,'MODULE_ZONE_ADDPOST',171,106,'$fgcgfg','address','',171,'2017-03-01 13:53:47',171,'2017-03-01 13:53:47'),(875,104,'MODULE_ZONE_ADDPOST',171,106,'$fgcgfg','address','',171,'2017-03-01 13:53:47',171,'2017-03-01 13:53:47'),(876,105,'MODULE_ZONE_ADDPOST',171,106,'$fgcgfg','address','',171,'2017-03-01 13:53:47',171,'2017-03-01 13:53:47'),(877,29,'MODULE_ZONE_ADDPOST',2,107,'朋友圈','','',2,'2017-03-01 13:59:06',2,'2017-03-01 13:59:06'),(878,73,'MODULE_ZONE_ADDPOST',2,107,'朋友圈','','',2,'2017-03-01 13:59:06',2,'2017-03-01 13:59:06'),(879,83,'MODULE_ZONE_ADDPOST',2,107,'朋友圈','','',2,'2017-03-01 13:59:06',2,'2017-03-01 13:59:06'),(880,84,'MODULE_ZONE_ADDPOST',2,107,'朋友圈','','',2,'2017-03-01 13:59:06',2,'2017-03-01 13:59:06'),(881,85,'MODULE_ZONE_ADDPOST',2,107,'朋友圈','','',2,'2017-03-01 13:59:06',2,'2017-03-01 13:59:06'),(882,97,'MODULE_ZONE_ADDPOST',2,107,'朋友圈','','',2,'2017-03-01 13:59:06',2,'2017-03-01 13:59:06'),(883,98,'MODULE_ZONE_ADDPOST',2,107,'朋友圈','','',2,'2017-03-01 13:59:06',2,'2017-03-01 13:59:06'),(886,29,'MODULE_ZONE_ADDPOST',2,108,'哈哈哈','','',2,'2017-03-01 15:24:16',2,'2017-03-01 15:24:16'),(887,73,'MODULE_ZONE_ADDPOST',2,108,'哈哈哈','','',2,'2017-03-01 15:24:16',2,'2017-03-01 15:24:16'),(888,83,'MODULE_ZONE_ADDPOST',2,108,'哈哈哈','','',2,'2017-03-01 15:24:16',2,'2017-03-01 15:24:16'),(889,84,'MODULE_ZONE_ADDPOST',2,108,'哈哈哈','','',2,'2017-03-01 15:24:16',2,'2017-03-01 15:24:16'),(890,85,'MODULE_ZONE_ADDPOST',2,108,'哈哈哈','','',2,'2017-03-01 15:24:16',2,'2017-03-01 15:24:16'),(891,97,'MODULE_ZONE_ADDPOST',2,108,'哈哈哈','','',2,'2017-03-01 15:24:16',2,'2017-03-01 15:24:16'),(892,98,'MODULE_ZONE_ADDPOST',2,108,'哈哈哈','','',2,'2017-03-01 15:24:16',2,'2017-03-01 15:24:16'),(893,105,'MODULE_PERSON_UPDATEEVENT',171,32,'fgcgdg2','','',171,'2017-03-01 15:52:56',171,'2017-03-01 15:52:56'),(894,29,'MODULE_ZONE_ADDPOST',2,109,'恶趣味群无','','',2,'2017-03-01 16:06:23',2,'2017-03-01 16:06:23'),(895,73,'MODULE_ZONE_ADDPOST',2,109,'恶趣味群无','','',2,'2017-03-01 16:06:23',2,'2017-03-01 16:06:23'),(896,83,'MODULE_ZONE_ADDPOST',2,109,'恶趣味群无','','',2,'2017-03-01 16:06:23',2,'2017-03-01 16:06:23'),(897,84,'MODULE_ZONE_ADDPOST',2,109,'恶趣味群无','','',2,'2017-03-01 16:06:23',2,'2017-03-01 16:06:23'),(898,85,'MODULE_ZONE_ADDPOST',2,109,'恶趣味群无','','',2,'2017-03-01 16:06:23',2,'2017-03-01 16:06:23'),(899,97,'MODULE_ZONE_ADDPOST',2,109,'恶趣味群无','','',2,'2017-03-01 16:06:23',2,'2017-03-01 16:06:23'),(900,98,'MODULE_ZONE_ADDPOST',2,109,'恶趣味群无','','',2,'2017-03-01 16:06:23',2,'2017-03-01 16:06:23'),(901,105,'MODULE_PERSON_ADDEVENT',171,33,'十年后购房团','','',171,'2017-03-01 16:50:46',171,'2017-03-01 16:50:46'),(902,29,'MODULE_ZONE_ADDPOST',2,110,'DSAD','','',2,'2017-03-01 17:18:47',2,'2017-03-01 17:18:47'),(903,73,'MODULE_ZONE_ADDPOST',2,110,'DSAD','','',2,'2017-03-01 17:18:47',2,'2017-03-01 17:18:47'),(904,83,'MODULE_ZONE_ADDPOST',2,110,'DSAD','','',2,'2017-03-01 17:18:47',2,'2017-03-01 17:18:47'),(905,84,'MODULE_ZONE_ADDPOST',2,110,'DSAD','','',2,'2017-03-01 17:18:47',2,'2017-03-01 17:18:47'),(906,85,'MODULE_ZONE_ADDPOST',2,110,'DSAD','','',2,'2017-03-01 17:18:47',2,'2017-03-01 17:18:47'),(907,97,'MODULE_ZONE_ADDPOST',2,110,'DSAD','','',2,'2017-03-01 17:18:47',2,'2017-03-01 17:18:47'),(908,98,'MODULE_ZONE_ADDPOST',2,110,'DSAD','','',2,'2017-03-01 17:18:47',2,'2017-03-01 17:18:47'),(909,29,'MODULE_ZONE_ADDPOST',2,111,'AAA','','',2,'2017-03-01 17:20:19',2,'2017-03-01 17:20:19'),(910,73,'MODULE_ZONE_ADDPOST',2,111,'AAA','','',2,'2017-03-01 17:20:19',2,'2017-03-01 17:20:19'),(911,83,'MODULE_ZONE_ADDPOST',2,111,'AAA','','',2,'2017-03-01 17:20:19',2,'2017-03-01 17:20:19'),(912,84,'MODULE_ZONE_ADDPOST',2,111,'AAA','','',2,'2017-03-01 17:20:19',2,'2017-03-01 17:20:19'),(913,85,'MODULE_ZONE_ADDPOST',2,111,'AAA','','',2,'2017-03-01 17:20:19',2,'2017-03-01 17:20:19'),(914,97,'MODULE_ZONE_ADDPOST',2,111,'AAA','','',2,'2017-03-01 17:20:19',2,'2017-03-01 17:20:19'),(915,98,'MODULE_ZONE_ADDPOST',2,111,'AAA','','',2,'2017-03-01 17:20:19',2,'2017-03-01 17:20:19'),(916,75,'MODULE_ZONE_ADDPOST',171,112,'非常非常凡人','address','',171,'2017-03-01 17:25:18',171,'2017-03-01 17:25:18'),(917,77,'MODULE_ZONE_ADDPOST',171,112,'非常非常凡人','address','',171,'2017-03-01 17:25:18',171,'2017-03-01 17:25:18'),(918,78,'MODULE_ZONE_ADDPOST',171,112,'非常非常凡人','address','',171,'2017-03-01 17:25:18',171,'2017-03-01 17:25:18'),(919,80,'MODULE_ZONE_ADDPOST',171,112,'非常非常凡人','address','',171,'2017-03-01 17:25:18',171,'2017-03-01 17:25:18'),(920,81,'MODULE_ZONE_ADDPOST',171,112,'非常非常凡人','address','',171,'2017-03-01 17:25:18',171,'2017-03-01 17:25:18'),(921,82,'MODULE_ZONE_ADDPOST',171,112,'非常非常凡人','address','',171,'2017-03-01 17:25:18',171,'2017-03-01 17:25:18'),(922,87,'MODULE_ZONE_ADDPOST',171,112,'非常非常凡人','address','',171,'2017-03-01 17:25:18',171,'2017-03-01 17:25:18'),(923,88,'MODULE_ZONE_ADDPOST',171,112,'非常非常凡人','address','',171,'2017-03-01 17:25:18',171,'2017-03-01 17:25:18'),(924,90,'MODULE_ZONE_ADDPOST',171,112,'非常非常凡人','address','',171,'2017-03-01 17:25:18',171,'2017-03-01 17:25:18'),(925,91,'MODULE_ZONE_ADDPOST',171,112,'非常非常凡人','address','',171,'2017-03-01 17:25:18',171,'2017-03-01 17:25:18'),(926,103,'MODULE_ZONE_ADDPOST',171,112,'非常非常凡人','address','',171,'2017-03-01 17:25:18',171,'2017-03-01 17:25:18'),(927,104,'MODULE_ZONE_ADDPOST',171,112,'非常非常凡人','address','',171,'2017-03-01 17:25:18',171,'2017-03-01 17:25:18'),(928,105,'MODULE_ZONE_ADDPOST',171,112,'非常非常凡人','address','',171,'2017-03-01 17:25:18',171,'2017-03-01 17:25:18'),(929,105,'MODULE_PERSON_ADDPHOTO',171,424,'周兄','/images/upload/1488361347test.jpg','',171,'2017-03-01 17:42:27',171,'2017-03-01 17:42:27'),(930,105,'MODULE_PERSON_ADDPHOTO',171,424,'周兄','/images/upload/1488362345test.jpg','',171,'2017-03-01 17:59:05',171,'2017-03-01 17:59:05'),(931,105,'MODULE_PERSON_ADDPHOTO',171,424,'周兄','/images/upload/1488362403test.jpg','',171,'2017-03-01 18:00:03',171,'2017-03-01 18:00:03'),(932,104,'MODULE_PERSON_ADDRELATEPERSON',171,427,'周6','','',171,'2017-03-01 18:04:30',171,'2017-03-01 18:04:30'),(933,29,'MODULE_ZONE_ADDPOST',2,113,'dasdas','','',2,'2017-03-01 18:11:13',2,'2017-03-01 18:11:13'),(934,73,'MODULE_ZONE_ADDPOST',2,113,'dasdas','','',2,'2017-03-01 18:11:13',2,'2017-03-01 18:11:13'),(935,83,'MODULE_ZONE_ADDPOST',2,113,'dasdas','','',2,'2017-03-01 18:11:13',2,'2017-03-01 18:11:13'),(936,84,'MODULE_ZONE_ADDPOST',2,113,'dasdas','','',2,'2017-03-01 18:11:13',2,'2017-03-01 18:11:13'),(937,85,'MODULE_ZONE_ADDPOST',2,113,'dasdas','','',2,'2017-03-01 18:11:13',2,'2017-03-01 18:11:13'),(938,97,'MODULE_ZONE_ADDPOST',2,113,'dasdas','','',2,'2017-03-01 18:11:13',2,'2017-03-01 18:11:13'),(939,98,'MODULE_ZONE_ADDPOST',2,113,'dasdas','','',2,'2017-03-01 18:11:13',2,'2017-03-01 18:11:13'),(940,29,'MODULE_ZONE_ADDPOST',2,114,'fsdfsdf','','',2,'2017-03-01 18:13:11',2,'2017-03-01 18:13:11'),(941,73,'MODULE_ZONE_ADDPOST',2,114,'fsdfsdf','','',2,'2017-03-01 18:13:11',2,'2017-03-01 18:13:11'),(942,83,'MODULE_ZONE_ADDPOST',2,114,'fsdfsdf','','',2,'2017-03-01 18:13:11',2,'2017-03-01 18:13:11'),(943,84,'MODULE_ZONE_ADDPOST',2,114,'fsdfsdf','','',2,'2017-03-01 18:13:11',2,'2017-03-01 18:13:11'),(944,85,'MODULE_ZONE_ADDPOST',2,114,'fsdfsdf','','',2,'2017-03-01 18:13:11',2,'2017-03-01 18:13:11'),(945,97,'MODULE_ZONE_ADDPOST',2,114,'fsdfsdf','','',2,'2017-03-01 18:13:11',2,'2017-03-01 18:13:11'),(946,98,'MODULE_ZONE_ADDPOST',2,114,'fsdfsdf','','',2,'2017-03-01 18:13:11',2,'2017-03-01 18:13:11'),(947,29,'MODULE_ZONE_ADDPOST',2,115,'测试发布','','',2,'2017-03-02 16:11:15',2,'2017-03-02 16:11:15'),(948,73,'MODULE_ZONE_ADDPOST',2,115,'测试发布','','',2,'2017-03-02 16:11:15',2,'2017-03-02 16:11:15'),(949,83,'MODULE_ZONE_ADDPOST',2,115,'测试发布','','',2,'2017-03-02 16:11:15',2,'2017-03-02 16:11:15'),(950,84,'MODULE_ZONE_ADDPOST',2,115,'测试发布','','',2,'2017-03-02 16:11:15',2,'2017-03-02 16:11:15'),(951,85,'MODULE_ZONE_ADDPOST',2,115,'测试发布','','',2,'2017-03-02 16:11:15',2,'2017-03-02 16:11:15'),(952,97,'MODULE_ZONE_ADDPOST',2,115,'测试发布','','',2,'2017-03-02 16:11:15',2,'2017-03-02 16:11:15'),(953,98,'MODULE_ZONE_ADDPOST',2,115,'测试发布','','',2,'2017-03-02 16:11:15',2,'2017-03-02 16:11:15'),(954,29,'MODULE_ZONE_ADDPOST',2,116,'UI哦','','',2,'2017-03-02 18:29:46',2,'2017-03-02 18:29:46'),(955,73,'MODULE_ZONE_ADDPOST',2,116,'UI哦','','',2,'2017-03-02 18:29:46',2,'2017-03-02 18:29:46'),(956,83,'MODULE_ZONE_ADDPOST',2,116,'UI哦','','',2,'2017-03-02 18:29:46',2,'2017-03-02 18:29:46'),(957,84,'MODULE_ZONE_ADDPOST',2,116,'UI哦','','',2,'2017-03-02 18:29:46',2,'2017-03-02 18:29:46'),(958,85,'MODULE_ZONE_ADDPOST',2,116,'UI哦','','',2,'2017-03-02 18:29:46',2,'2017-03-02 18:29:46'),(959,97,'MODULE_ZONE_ADDPOST',2,116,'UI哦','','',2,'2017-03-02 18:29:46',2,'2017-03-02 18:29:46'),(960,98,'MODULE_ZONE_ADDPOST',2,116,'UI哦','','',2,'2017-03-02 18:29:46',2,'2017-03-02 18:29:46');
/*!40000 ALTER TABLE `gener_familyNews` ENABLE KEYS */;
UNLOCK TABLES;

--
-- Table structure for table `gener_feedback`
--

DROP TABLE IF EXISTS `gener_feedback`;
/*!40101 SET @saved_cs_client     = @@character_set_client */;
/*!40101 SET character_set_client = utf8 */;
CREATE TABLE `gener_feedback` (
  `id` int(11) NOT NULL,
  `username` char(255) NOT NULL,
  `feedback_message` varchar(255) NOT NULL,
  `handle_static` int(11) DEFAULT NULL,
  `create_by` char(255) DEFAULT NULL,
  `create_time` time DEFAULT NULL,
  `update_by` char(255) DEFAULT NULL,
  `update_time` time DEFAULT NULL
) ENGINE=InnoDB DEFAULT CHARSET=latin1;
/*!40101 SET character_set_client = @saved_cs_client */;

--
-- Dumping data for table `gener_feedback`
--

LOCK TABLES `gener_feedback` WRITE;
/*!40000 ALTER TABLE `gener_feedback` DISABLE KEYS */;
/*!40000 ALTER TABLE `gener_feedback` ENABLE KEYS */;
UNLOCK TABLES;

--
-- Table structure for table `gener_like`
--

DROP TABLE IF EXISTS `gener_like`;
/*!40101 SET @saved_cs_client     = @@character_set_client */;
/*!40101 SET character_set_client = utf8 */;
CREATE TABLE `gener_like` (
  `id` int(30) NOT NULL AUTO_INCREMENT,
  `userId` int(30) unsigned NOT NULL,
  `status` int(1) NOT NULL,
  `postId` int(30) NOT NULL,
  `module` int(30) NOT NULL,
  `create_by` int(30) NOT NULL,
  `create_time` datetime NOT NULL,
  `update_by` int(30) NOT NULL,
  `update_time` datetime NOT NULL,
  PRIMARY KEY (`id`)
) ENGINE=InnoDB AUTO_INCREMENT=19 DEFAULT CHARSET=utf8;
/*!40101 SET character_set_client = @saved_cs_client */;

--
-- Dumping data for table `gener_like`
--

LOCK TABLES `gener_like` WRITE;
/*!40000 ALTER TABLE `gener_like` DISABLE KEYS */;
INSERT INTO `gener_like` VALUES (1,2,1,109,1,2,'0000-00-00 00:00:00',2,'0000-00-00 00:00:00'),(2,2,1,108,1,2,'0000-00-00 00:00:00',2,'0000-00-00 00:00:00'),(3,2,1,107,1,2,'0000-00-00 00:00:00',2,'0000-00-00 00:00:00'),(4,2,1,105,1,2,'0000-00-00 00:00:00',2,'0000-00-00 00:00:00'),(5,2,1,104,1,2,'0000-00-00 00:00:00',2,'0000-00-00 00:00:00'),(6,2,1,111,1,2,'0000-00-00 00:00:00',2,'0000-00-00 00:00:00'),(7,2,1,110,1,2,'0000-00-00 00:00:00',2,'0000-00-00 00:00:00'),(8,2,1,113,1,2,'0000-00-00 00:00:00',2,'0000-00-00 00:00:00'),(9,2,0,114,1,2,'0000-00-00 00:00:00',2,'0000-00-00 00:00:00');
/*!40000 ALTER TABLE `gener_like` ENABLE KEYS */;
UNLOCK TABLES;

--
-- Table structure for table `gener_loginHistory`
--

DROP TABLE IF EXISTS `gener_loginHistory`;
/*!40101 SET @saved_cs_client     = @@character_set_client */;
/*!40101 SET character_set_client = utf8 */;
CREATE TABLE `gener_loginHistory` (
  `id` int(100) NOT NULL AUTO_INCREMENT,
  `login_name` varchar(255) NOT NULL,
  `device` varchar(30) NOT NULL,
  `userId` int(30) NOT NULL,
  `token` varchar(255) NOT NULL,
  `login_ip` varchar(56) NOT NULL,
  `login_time` datetime NOT NULL,
  `success` int(1) NOT NULL COMMENT '1代表成功，0代表失败',
  PRIMARY KEY (`id`)
) ENGINE=InnoDB AUTO_INCREMENT=1505 DEFAULT CHARSET=utf8;
/*!40101 SET character_set_client = @saved_cs_client */;

--
-- Dumping data for table `gener_loginHistory`
--

LOCK TABLES `gener_loginHistory` WRITE;
/*!40000 ALTER TABLE `gener_loginHistory` DISABLE KEYS */;
INSERT INTO `gener_loginHistory` VALUES (1,'','0',2,'8d969eef6ecad3c29a3a629280e686cf0c3f5d5a86aff3ca12020c923adc6c92','::1','2016-11-26 15:17:21',1),(2,'','0',2,'8d969eef6ecad3c29a3a629280e686cf0c3f5d5a86aff3ca12020c923adc6c92','::1','2016-11-26 15:44:10',1),(3,'','0',2,'8d969eef6ecad3c29a3a629280e686cf0c3f5d5a86aff3ca12020c923adc6c92','::1','2016-11-26 15:46:31',1),(4,'','0',2,'','::1','2016-11-26 16:01:30',0),(5,'','0',2,'8d969eef6ecad3c29a3a629280e686cf0c3f5d5a86aff3ca12020c923adc6c92','::1','2016-11-26 16:02:15',1),(6,'','0',2,'8d969eef6ecad3c29a3a629280e686cf0c3f5d5a86aff3ca12020c923adc6c92','114.93.128.172','2016-11-26 16:59:35',1),(7,'','0',159,'5feceb66ffc86f38d952786c6d696c79c2dbc239dd4e91b46729d73a27fb57e9','114.93.128.172','2016-11-26 17:15:53',1),(8,'','0',159,'5feceb66ffc86f38d952786c6d696c79c2dbc239dd4e91b46729d73a27fb57e9','114.93.128.172','2016-11-26 17:16:31',1),(9,'','0',159,'5feceb66ffc86f38d952786c6d696c79c2dbc239dd4e91b46729d73a27fb57e9','114.93.128.172','2016-11-26 17:17:20',1),(10,'','0',159,'5feceb66ffc86f38d952786c6d696c79c2dbc239dd4e91b46729d73a27fb57e9','114.93.128.172','2016-11-26 17:18:26',1),(11,'','0',159,'5feceb66ffc86f38d952786c6d696c79c2dbc239dd4e91b46729d73a27fb57e9','114.93.128.172','2016-11-26 17:20:41',1),(12,'','0',159,'ef2d127de37b942baad06145e54b0c619a1f22327b2ebbcfbec78f5564afe39d','114.93.128.172','2016-11-26 17:21:32',1),(13,'','0',170,'5feceb66ffc86f38d952786c6d696c79c2dbc239dd4e91b46729d73a27fb57e9','114.93.128.172','2016-11-26 17:25:43',1),(14,'','0',159,'5feceb66ffc86f38d952786c6d696c79c2dbc239dd4e91b46729d73a27fb57e9','114.93.128.172','2016-11-26 17:27:03',1),(15,'','0',2,'8d969eef6ecad3c29a3a629280e686cf0c3f5d5a86aff3ca12020c923adc6c92','::1','2016-11-26 17:39:23',1),(16,'','0',159,'5feceb66ffc86f38d952786c6d696c79c2dbc239dd4e91b46729d73a27fb57e9','114.93.128.172','2016-12-10 10:04:55',1),(17,'','0',159,'5feceb66ffc86f38d952786c6d696c79c2dbc239dd4e91b46729d73a27fb57e9','114.93.128.172','2016-12-10 10:05:01',1),(18,'','0',2,'8d969eef6ecad3c29a3a629280e686cf0c3f5d5a86aff3ca12020c923adc6c92','114.93.128.172','2016-12-10 10:05:25',1),(19,'','0',159,'5feceb66ffc86f38d952786c6d696c79c2dbc239dd4e91b46729d73a27fb57e9','114.93.128.172','2016-12-10 10:05:48',1),(20,'','0',159,'5feceb66ffc86f38d952786c6d696c79c2dbc239dd4e91b46729d73a27fb57e9','114.93.128.172','2016-12-10 10:09:00',1),(21,'','0',2,'8d969eef6ecad3c29a3a629280e686cf0c3f5d5a86aff3ca12020c923adc6c92','114.93.128.172','2016-12-10 10:14:14',1),(22,'','0',2,'8d969eef6ecad3c29a3a629280e686cf0c3f5d5a86aff3ca12020c923adc6c92','114.93.128.172','2016-12-10 10:34:35',1),(23,'','0',171,'8d969eef6ecad3c29a3a629280e686cf0c3f5d5a86aff3ca12020c923adc6c92','114.93.128.172','2016-12-10 10:39:24',1),(24,'','0',171,'8d969eef6ecad3c29a3a629280e686cf0c3f5d5a86aff3ca12020c923adc6c92','114.93.128.172','2016-12-10 10:39:29',1),(25,'','0',170,'8d969eef6ecad3c29a3a629280e686cf0c3f5d5a86aff3ca12020c923adc6c92','114.93.128.172','2016-12-10 10:41:14',1),(26,'','0',171,'8d969eef6ecad3c29a3a629280e686cf0c3f5d5a86aff3ca12020c923adc6c92','114.93.128.172','2016-12-10 10:42:20',1),(27,'','0',171,'8d969eef6ecad3c29a3a629280e686cf0c3f5d5a86aff3ca12020c923adc6c92','114.93.128.172','2016-12-10 10:42:37',1),(28,'','0',171,'dc47efc36355b16845aa4648f83dcd57d438fffe993c55c2da9b4b78bbfeba32','114.93.128.172','2016-12-10 10:43:34',1),(29,'','0',171,'8d969eef6ecad3c29a3a629280e686cf0c3f5d5a86aff3ca12020c923adc6c92','114.93.128.172','2016-12-10 10:43:48',1),(30,'','0',171,'8d969eef6ecad3c29a3a629280e686cf0c3f5d5a86aff3ca12020c923adc6c92','114.93.128.172','2016-12-10 10:44:50',1),(31,'','0',171,'8d969eef6ecad3c29a3a629280e686cf0c3f5d5a86aff3ca12020c923adc6c92','114.93.128.172','2016-12-10 10:45:21',1),(32,'','0',171,'8d969eef6ecad3c29a3a629280e686cf0c3f5d5a86aff3ca12020c923adc6c92','114.93.128.172','2016-12-10 10:45:58',1),(33,'','0',171,'e5db8c0826e5478a0e433044d77b9b1654c54c6d4c846f6261c917315e08031c','114.93.128.172','2016-12-10 10:48:25',1),(34,'','0',171,'8d969eef6ecad3c29a3a629280e686cf0c3f5d5a86aff3ca12020c923adc6c92','114.93.128.172','2016-12-10 10:50:42',1),(35,'','0',171,'8d969eef6ecad3c29a3a629280e686cf0c3f5d5a86aff3ca12020c923adc6c92','114.93.128.172','2016-12-10 10:53:45',1),(36,'','0',2,'8d969eef6ecad3c29a3a629280e686cf0c3f5d5a86aff3ca12020c923adc6c92','114.93.128.172','2016-12-10 11:08:09',1),(37,'','0',171,'8d969eef6ecad3c29a3a629280e686cf0c3f5d5a86aff3ca12020c923adc6c92','114.93.128.172','2016-12-10 11:08:55',1),(38,'','0',171,'e6757959da8eff84c42d4df125b44eb40143dff452afd56aea5cfa058f245028','114.93.128.172','2016-12-10 11:09:04',1),(39,'','0',171,'52f1476494897c64f417deb7ef7cd690f1cea9edce638746c420f1240d3d39dc','114.93.128.172','2016-12-10 11:39:45',1),(40,'','0',2,'8d969eef6ecad3c29a3a629280e686cf0c3f5d5a86aff3ca12020c923adc6c92','114.93.128.172','2016-12-10 11:48:07',1),(41,'','0',2,'8d969eef6ecad3c29a3a629280e686cf0c3f5d5a86aff3ca12020c923adc6c92','114.93.128.172','2016-12-10 11:51:40',1),(42,'','0',2,'8d969eef6ecad3c29a3a629280e686cf0c3f5d5a86aff3ca12020c923adc6c92','114.93.128.172','2016-12-10 11:54:11',1),(43,'','0',2,'e6757959da8eff84c42d4df125b44eb40143dff452afd56aea5cfa058f245028','114.93.128.172','2016-12-10 11:55:51',1),(44,'','0',2,'8d969eef6ecad3c29a3a629280e686cf0c3f5d5a86aff3ca12020c923adc6c92','114.93.128.172','2016-12-10 11:56:59',1),(45,'','0',2,'8d969eef6ecad3c29a3a629280e686cf0c3f5d5a86aff3ca12020c923adc6c92','114.93.128.172','2016-12-10 11:58:07',1),(46,'','0',171,'8d969eef6ecad3c29a3a629280e686cf0c3f5d5a86aff3ca12020c923adc6c92','114.93.128.172','2016-12-10 12:02:21',1),(47,'','0',171,'8d969eef6ecad3c29a3a629280e686cf0c3f5d5a86aff3ca12020c923adc6c92','114.93.128.172','2016-12-10 12:06:45',1),(48,'','0',171,'3fb0a50e69a3bd10bd006726cf744fa50e779bd652b0dda9733137d78af42de5','114.93.128.172','2016-12-10 12:10:59',1),(49,'','0',171,'939522318b738f86e2a1ad2f1b290de97be66c42f3644d4ea9af9cab476b67a4','114.93.128.172','2016-12-10 12:11:20',1),(50,'','0',171,'8d969eef6ecad3c29a3a629280e686cf0c3f5d5a86aff3ca12020c923adc6c92','114.93.128.172','2016-12-10 12:13:06',1),(51,'','0',171,'8d969eef6ecad3c29a3a629280e686cf0c3f5d5a86aff3ca12020c923adc6c92','114.93.128.172','2016-12-10 12:16:07',1),(52,'','0',171,'8d969eef6ecad3c29a3a629280e686cf0c3f5d5a86aff3ca12020c923adc6c92','114.93.128.172','2016-12-10 12:41:59',1),(53,'','0',171,'8d969eef6ecad3c29a3a629280e686cf0c3f5d5a86aff3ca12020c923adc6c92','114.93.128.172','2016-12-10 12:43:51',1),(54,'','0',171,'8d969eef6ecad3c29a3a629280e686cf0c3f5d5a86aff3ca12020c923adc6c92','114.93.128.172','2016-12-10 12:46:20',1),(55,'','0',171,'8d969eef6ecad3c29a3a629280e686cf0c3f5d5a86aff3ca12020c923adc6c92','114.93.128.172','2016-12-10 13:03:15',1),(56,'','0',171,'8d969eef6ecad3c29a3a629280e686cf0c3f5d5a86aff3ca12020c923adc6c92','114.93.128.172','2016-12-10 13:05:04',1),(57,'','0',2,'8d969eef6ecad3c29a3a629280e686cf0c3f5d5a86aff3ca12020c923adc6c92','::1','2016-12-10 13:07:21',1),(58,'','0',171,'8d969eef6ecad3c29a3a629280e686cf0c3f5d5a86aff3ca12020c923adc6c92','114.93.128.172','2016-12-10 13:44:58',1),(59,'','0',171,'8d969eef6ecad3c29a3a629280e686cf0c3f5d5a86aff3ca12020c923adc6c92','114.93.128.172','2016-12-10 13:45:55',1),(60,'','0',171,'8d969eef6ecad3c29a3a629280e686cf0c3f5d5a86aff3ca12020c923adc6c92','114.93.128.172','2016-12-10 13:46:27',1),(61,'','0',171,'8d969eef6ecad3c29a3a629280e686cf0c3f5d5a86aff3ca12020c923adc6c92','114.93.128.172','2016-12-10 13:49:41',1),(62,'','0',171,'8d969eef6ecad3c29a3a629280e686cf0c3f5d5a86aff3ca12020c923adc6c92','114.93.128.172','2016-12-10 13:50:40',1),(63,'','0',171,'8d969eef6ecad3c29a3a629280e686cf0c3f5d5a86aff3ca12020c923adc6c92','114.93.128.172','2016-12-10 13:52:41',1),(64,'','0',171,'8d969eef6ecad3c29a3a629280e686cf0c3f5d5a86aff3ca12020c923adc6c92','114.93.128.172','2016-12-10 13:53:48',1),(65,'','0',171,'8d969eef6ecad3c29a3a629280e686cf0c3f5d5a86aff3ca12020c923adc6c92','114.93.128.172','2016-12-10 13:55:46',1),(66,'','0',171,'8d969eef6ecad3c29a3a629280e686cf0c3f5d5a86aff3ca12020c923adc6c92','114.93.128.172','2016-12-10 14:10:50',1),(67,'','0',171,'8d969eef6ecad3c29a3a629280e686cf0c3f5d5a86aff3ca12020c923adc6c92','114.93.128.172','2016-12-10 14:12:06',1),(68,'','0',171,'8d969eef6ecad3c29a3a629280e686cf0c3f5d5a86aff3ca12020c923adc6c92','114.93.128.172','2016-12-10 14:17:06',1),(69,'','0',171,'74087a60271b79b517b79d062cba1601377d1bfa1cff8415803ca9997f6bb7a1','114.93.128.172','2016-12-10 14:17:32',1),(70,'','0',171,'8d969eef6ecad3c29a3a629280e686cf0c3f5d5a86aff3ca12020c923adc6c92','114.93.128.172','2016-12-10 14:18:05',1),(71,'','0',171,'8d969eef6ecad3c29a3a629280e686cf0c3f5d5a86aff3ca12020c923adc6c92','114.93.128.172','2016-12-10 14:18:20',1),(72,'','0',171,'8d969eef6ecad3c29a3a629280e686cf0c3f5d5a86aff3ca12020c923adc6c92','114.93.128.172','2016-12-10 14:19:39',1),(73,'','0',171,'8d969eef6ecad3c29a3a629280e686cf0c3f5d5a86aff3ca12020c923adc6c92','114.93.128.172','2016-12-10 14:22:00',1),(74,'','0',171,'54b688a517f7654563a6c64d945a3670880a4c602ec67a065bbebbcd2b22edd5','114.93.128.172','2016-12-10 14:22:55',1),(75,'','0',171,'8d969eef6ecad3c29a3a629280e686cf0c3f5d5a86aff3ca12020c923adc6c92','114.93.128.172','2016-12-10 14:23:31',1),(76,'','0',171,'8d969eef6ecad3c29a3a629280e686cf0c3f5d5a86aff3ca12020c923adc6c92','114.93.128.172','2016-12-10 14:24:17',1),(77,'','0',171,'8d969eef6ecad3c29a3a629280e686cf0c3f5d5a86aff3ca12020c923adc6c92','114.93.128.172','2016-12-10 14:40:00',1),(78,'','0',171,'52f1476494897c64f417deb7ef7cd690f1cea9edce638746c420f1240d3d39dc','114.93.128.172','2016-12-10 14:40:51',1),(79,'','0',171,'3fb0a50e69a3bd10bd006726cf744fa50e779bd652b0dda9733137d78af42de5','114.93.128.172','2016-12-10 14:41:06',1),(80,'','0',171,'74087a60271b79b517b79d062cba1601377d1bfa1cff8415803ca9997f6bb7a1','114.93.128.172','2016-12-10 14:41:26',1),(81,'','0',171,'8d969eef6ecad3c29a3a629280e686cf0c3f5d5a86aff3ca12020c923adc6c92','114.93.128.172','2016-12-10 14:41:58',1),(82,'','0',171,'8d969eef6ecad3c29a3a629280e686cf0c3f5d5a86aff3ca12020c923adc6c92','114.93.128.172','2016-12-10 14:49:21',1),(83,'','0',171,'cdb7a70dc7f62bece115efc18f8c40610411766512da21c18aa75eb24d6b7b49','114.93.128.172','2016-12-10 15:18:05',1),(84,'','0',171,'8d969eef6ecad3c29a3a629280e686cf0c3f5d5a86aff3ca12020c923adc6c92','114.93.128.172','2016-12-10 15:19:14',1),(85,'','0',171,'8d969eef6ecad3c29a3a629280e686cf0c3f5d5a86aff3ca12020c923adc6c92','114.93.128.172','2016-12-10 15:20:08',1),(86,'','0',171,'8d969eef6ecad3c29a3a629280e686cf0c3f5d5a86aff3ca12020c923adc6c92','114.93.128.172','2016-12-10 15:21:27',1),(87,'','0',171,'8d969eef6ecad3c29a3a629280e686cf0c3f5d5a86aff3ca12020c923adc6c92','114.93.128.172','2016-12-10 15:27:25',1),(88,'','0',171,'8d969eef6ecad3c29a3a629280e686cf0c3f5d5a86aff3ca12020c923adc6c92','114.93.128.172','2016-12-10 15:51:21',1),(89,'','1',2,'8d969eef6ecad3c29a3a629280e686cf0c3f5d5a86aff3ca12020c923adc6c92','::1','2016-12-10 15:53:59',1),(90,'','1',2,'8d969eef6ecad3c29a3a629280e686cf0c3f5d5a86aff3ca12020c923adc6c92','::1','2016-12-10 15:54:13',1),(91,'jiang','1',2,'8d969eef6ecad3c29a3a629280e686cf0c3f5d5a86aff3ca12020c923adc6c92','::1','2016-12-10 15:57:01',1),(92,'','0',171,'74087a60271b79b517b79d062cba1601377d1bfa1cff8415803ca9997f6bb7a1','114.93.128.172','2016-12-10 16:02:40',1),(93,'','0',171,'8d969eef6ecad3c29a3a629280e686cf0c3f5d5a86aff3ca12020c923adc6c92','114.93.128.172','2016-12-10 16:03:14',1),(94,'','0',171,'8d969eef6ecad3c29a3a629280e686cf0c3f5d5a86aff3ca12020c923adc6c92','114.93.128.172','2016-12-10 16:03:20',1),(95,'','1',177,'8d969eef6ecad3c29a3a629280e686cf0c3f5d5a86aff3ca12020c923adc6c92','::1','2016-12-10 16:04:20',1),(96,'','0',171,'8d969eef6ecad3c29a3a629280e686cf0c3f5d5a86aff3ca12020c923adc6c92','114.93.128.172','2016-12-10 16:05:05',1),(97,'','0',171,'8d969eef6ecad3c29a3a629280e686cf0c3f5d5a86aff3ca12020c923adc6c92','114.93.128.172','2016-12-10 16:07:57',1),(98,'','0',171,'8d969eef6ecad3c29a3a629280e686cf0c3f5d5a86aff3ca12020c923adc6c92','114.93.128.172','2016-12-10 16:08:49',1),(99,'','0',171,'8d969eef6ecad3c29a3a629280e686cf0c3f5d5a86aff3ca12020c923adc6c92','114.93.128.172','2016-12-10 16:13:45',1),(100,'','0',171,'54b688a517f7654563a6c64d945a3670880a4c602ec67a065bbebbcd2b22edd5','114.93.128.172','2016-12-10 16:18:06',1),(101,'','0',171,'8d969eef6ecad3c29a3a629280e686cf0c3f5d5a86aff3ca12020c923adc6c92','114.93.128.172','2016-12-10 16:18:27',1),(102,'','0',171,'8d969eef6ecad3c29a3a629280e686cf0c3f5d5a86aff3ca12020c923adc6c92','114.93.128.172','2016-12-10 16:18:49',1),(103,'','0',171,'8d969eef6ecad3c29a3a629280e686cf0c3f5d5a86aff3ca12020c923adc6c92','114.93.128.172','2016-12-10 16:21:44',1),(104,'','0',171,'8d969eef6ecad3c29a3a629280e686cf0c3f5d5a86aff3ca12020c923adc6c92','114.93.128.172','2016-12-10 16:28:28',1),(105,'','0',2,'8d969eef6ecad3c29a3a629280e686cf0c3f5d5a86aff3ca12020c923adc6c92','114.93.128.172','2016-12-10 16:38:03',1),(106,'','0',171,'8d969eef6ecad3c29a3a629280e686cf0c3f5d5a86aff3ca12020c923adc6c92','114.93.128.172','2016-12-10 16:38:09',1),(107,'','0',171,'8d969eef6ecad3c29a3a629280e686cf0c3f5d5a86aff3ca12020c923adc6c92','114.93.128.172','2016-12-10 16:38:32',1),(108,'786185931@qq.com','1',2,'8d969eef6ecad3c29a3a629280e686cf0c3f5d5a86aff3ca12020c923adc6c92','::1','2016-12-10 16:39:26',1),(109,'jiang','1',2,'e6757959da8eff84c42d4df125b44eb40143dff452afd56aea5cfa058f245028','::1','2016-12-10 16:39:34',1),(110,'15000895132','1',177,'8d969eef6ecad3c29a3a629280e686cf0c3f5d5a86aff3ca12020c923adc6c92','::1','2016-12-10 16:39:50',1),(111,'15000895132','',177,'8d969eef6ecad3c29a3a629280e686cf0c3f5d5a86aff3ca12020c923adc6c92','::1','2016-12-10 16:41:43',1),(112,'111@qq.com','',169,'8d969eef6ecad3c29a3a629280e686cf0c3f5d5a86aff3ca12020c923adc6c92','::1','2016-12-10 16:55:24',1),(113,'111@qq.com','',169,'8d969eef6ecad3c29a3a629280e686cf0c3f5d5a86aff3ca12020c923adc6c92','::1','2016-12-10 16:55:32',1),(114,'111@qq.com','',169,'8d969eef6ecad3c29a3a629280e686cf0c3f5d5a86aff3ca12020c923adc6c92','::1','2016-12-10 16:55:45',1),(115,'测试','',181,'52f1476494897c64f417deb7ef7cd690f1cea9edce638746c420f1240d3d39dc','::1','2016-12-10 16:58:50',1),(116,'','0',2,'e6757959da8eff84c42d4df125b44eb40143dff452afd56aea5cfa058f245028','114.93.128.172','2016-12-10 18:25:12',1),(117,'','0',2,'8d969eef6ecad3c29a3a629280e686cf0c3f5d5a86aff3ca12020c923adc6c92','114.93.128.172','2016-12-10 18:25:23',1),(118,'','0',2,'8d969eef6ecad3c29a3a629280e686cf0c3f5d5a86aff3ca12020c923adc6c92','114.93.128.172','2016-12-10 18:25:55',1),(119,'','0',2,'8d969eef6ecad3c29a3a629280e686cf0c3f5d5a86aff3ca12020c923adc6c92','114.93.128.172','2016-12-10 18:26:16',1),(120,'','0',3,'5feceb66ffc86f38d952786c6d696c79c2dbc239dd4e91b46729d73a27fb57e9','101.226.114.166','2016-12-10 18:27:56',1),(121,'','0',3,'5feceb66ffc86f38d952786c6d696c79c2dbc239dd4e91b46729d73a27fb57e9','101.226.114.166','2016-12-10 18:29:08',1),(122,'','0',2,'8d969eef6ecad3c29a3a629280e686cf0c3f5d5a86aff3ca12020c923adc6c92','114.93.128.172','2016-12-10 18:30:41',1),(123,'','0',171,'8d969eef6ecad3c29a3a629280e686cf0c3f5d5a86aff3ca12020c923adc6c92','114.93.128.172','2016-12-10 18:42:47',1),(124,'测试','',181,'8d969eef6ecad3c29a3a629280e686cf0c3f5d5a86aff3ca12020c923adc6c92','::1','2016-12-17 12:08:26',1),(125,'测试','',181,'939522318b738f86e2a1ad2f1b290de97be66c42f3644d4ea9af9cab476b67a4','::1','2016-12-17 12:08:45',1),(126,'786185931@qq.com','',2,'8d969eef6ecad3c29a3a629280e686cf0c3f5d5a86aff3ca12020c923adc6c92','::1','2016-12-17 12:09:35',1),(127,'测试','',181,'8d969eef6ecad3c29a3a629280e686cf0c3f5d5a86aff3ca12020c923adc6c92','::1','2016-12-17 12:09:59',1),(128,'测试','',181,'c2f5b098db496ebdc36796ddb7fcfb6cca1926ae70e3fb624a63a48ba1f7b056','::1','2016-12-17 12:10:22',1),(129,'测试','',181,'cdb7a70dc7f62bece115efc18f8c40610411766512da21c18aa75eb24d6b7b49','::1','2016-12-17 12:10:32',1),(130,'测试','',181,'8d969eef6ecad3c29a3a629280e686cf0c3f5d5a86aff3ca12020c923adc6c92','::1','2016-12-17 12:13:39',1),(131,'测试','',181,'8d969eef6ecad3c29a3a629280e686cf0c3f5d5a86aff3ca12020c923adc6c92','::1','2016-12-17 12:14:23',1),(132,'测试','',181,'8d969eef6ecad3c29a3a629280e686cf0c3f5d5a86aff3ca12020c923adc6c92','::1','2016-12-17 12:14:42',1),(133,'测试','',181,'8d969eef6ecad3c29a3a629280e686cf0c3f5d5a86aff3ca12020c923adc6c92','::1','2016-12-17 12:16:02',1),(134,'786185931@qq.com','',2,'8d969eef6ecad3c29a3a629280e686cf0c3f5d5a86aff3ca12020c923adc6c92','::1','2016-12-17 12:19:50',1),(135,'测试','',181,'8d969eef6ecad3c29a3a629280e686cf0c3f5d5a86aff3ca12020c923adc6c92','::1','2016-12-17 12:20:29',1),(136,'测试','',181,'8d969eef6ecad3c29a3a629280e686cf0c3f5d5a86aff3ca12020c923adc6c92','::1','2016-12-17 12:20:42',1),(137,'测试','',181,'8d969eef6ecad3c29a3a629280e686cf0c3f5d5a86aff3ca12020c923adc6c92','::1','2016-12-17 12:22:00',1),(138,'测试','',181,'52f1476494897c64f417deb7ef7cd690f1cea9edce638746c420f1240d3d39dc','::1','2016-12-17 12:22:43',1),(139,'测试','',181,'8d969eef6ecad3c29a3a629280e686cf0c3f5d5a86aff3ca12020c923adc6c92','::1','2016-12-17 12:22:57',1),(140,'测试','',181,'8d969eef6ecad3c29a3a629280e686cf0c3f5d5a86aff3ca12020c923adc6c92','::1','2016-12-17 12:23:27',1),(141,'测试','',181,'8d969eef6ecad3c29a3a629280e686cf0c3f5d5a86aff3ca12020c923adc6c92','::1','2016-12-17 12:25:44',1),(142,'测试','',181,'8d969eef6ecad3c29a3a629280e686cf0c3f5d5a86aff3ca12020c923adc6c92','::1','2016-12-17 12:27:44',1),(143,'786185931@qq.com','',2,'8d969eef6ecad3c29a3a629280e686cf0c3f5d5a86aff3ca12020c923adc6c92','::1','2016-12-17 15:34:45',1),(144,'786185931@qq.com','',2,'cdb7a70dc7f62bece115efc18f8c40610411766512da21c18aa75eb24d6b7b49','::1','2016-12-17 15:35:04',1),(145,'测试','',181,'8d969eef6ecad3c29a3a629280e686cf0c3f5d5a86aff3ca12020c923adc6c92','::1','2016-12-17 15:35:33',1),(146,'786185931@qq.com','',2,'37dcbe95bb1c85c6ba4a40f0a6eaa6eba46466b666d5b47faaa660c66179be84','::1','2016-12-17 15:35:54',1),(147,'','0',171,'8d969eef6ecad3c29a3a629280e686cf0c3f5d5a86aff3ca12020c923adc6c92','180.160.177.177','2016-12-19 17:33:26',1),(148,'','0',171,'8d969eef6ecad3c29a3a629280e686cf0c3f5d5a86aff3ca12020c923adc6c92','180.160.211.210','2016-12-20 16:01:11',1),(149,'','0',171,'8d969eef6ecad3c29a3a629280e686cf0c3f5d5a86aff3ca12020c923adc6c92','180.160.211.210','2016-12-20 16:17:23',1),(150,'','0',171,'3fb0a50e69a3bd10bd006726cf744fa50e779bd652b0dda9733137d78af42de5','180.160.211.210','2016-12-20 16:18:14',1),(151,'','0',171,'8d969eef6ecad3c29a3a629280e686cf0c3f5d5a86aff3ca12020c923adc6c92','180.160.211.210','2016-12-20 16:19:32',1),(152,'','0',171,'8d969eef6ecad3c29a3a629280e686cf0c3f5d5a86aff3ca12020c923adc6c92','180.160.211.210','2016-12-20 16:43:59',1),(153,'','0',171,'8d969eef6ecad3c29a3a629280e686cf0c3f5d5a86aff3ca12020c923adc6c92','180.160.211.210','2016-12-20 16:45:51',1),(154,'','0',171,'e6757959da8eff84c42d4df125b44eb40143dff452afd56aea5cfa058f245028','180.160.211.210','2016-12-20 16:50:34',1),(155,'','0',171,'8d969eef6ecad3c29a3a629280e686cf0c3f5d5a86aff3ca12020c923adc6c92','180.160.211.210','2016-12-20 16:50:57',1),(156,'','0',171,'37dcbe95bb1c85c6ba4a40f0a6eaa6eba46466b666d5b47faaa660c66179be84','180.160.211.210','2016-12-20 16:55:42',1),(157,'','0',171,'8d969eef6ecad3c29a3a629280e686cf0c3f5d5a86aff3ca12020c923adc6c92','180.160.211.210','2016-12-20 16:55:47',1),(158,'','0',171,'8d969eef6ecad3c29a3a629280e686cf0c3f5d5a86aff3ca12020c923adc6c92','180.160.211.210','2016-12-20 16:58:43',1),(159,'','0',171,'8d969eef6ecad3c29a3a629280e686cf0c3f5d5a86aff3ca12020c923adc6c92','180.160.211.210','2016-12-20 16:59:13',1),(160,'','0',171,'8d969eef6ecad3c29a3a629280e686cf0c3f5d5a86aff3ca12020c923adc6c92','180.160.211.210','2016-12-20 17:00:08',1),(161,'','0',171,'8d969eef6ecad3c29a3a629280e686cf0c3f5d5a86aff3ca12020c923adc6c92','180.160.211.210','2016-12-20 17:01:10',1),(162,'','0',171,'8d969eef6ecad3c29a3a629280e686cf0c3f5d5a86aff3ca12020c923adc6c92','180.160.211.210','2016-12-20 17:01:44',1),(163,'','0',171,'8d969eef6ecad3c29a3a629280e686cf0c3f5d5a86aff3ca12020c923adc6c92','180.160.211.210','2016-12-20 23:43:06',1),(164,'','0',171,'8d969eef6ecad3c29a3a629280e686cf0c3f5d5a86aff3ca12020c923adc6c92','180.160.211.210','2016-12-20 23:43:55',1),(165,'','0',171,'8d969eef6ecad3c29a3a629280e686cf0c3f5d5a86aff3ca12020c923adc6c92','180.160.211.210','2016-12-20 23:45:34',1),(166,'','0',171,'8d969eef6ecad3c29a3a629280e686cf0c3f5d5a86aff3ca12020c923adc6c92','180.160.211.210','2016-12-20 23:46:11',1),(167,'','0',171,'8d969eef6ecad3c29a3a629280e686cf0c3f5d5a86aff3ca12020c923adc6c92','180.160.211.210','2016-12-20 23:56:06',1),(168,'','0',3,'ef2d127de37b942baad06145e54b0c619a1f22327b2ebbcfbec78f5564afe39d','58.215.136.43','2016-12-21 00:56:04',1),(169,'','0',3,'5feceb66ffc86f38d952786c6d696c79c2dbc239dd4e91b46729d73a27fb57e9','58.215.136.43','2016-12-21 00:57:47',1),(170,'','0',171,'8d969eef6ecad3c29a3a629280e686cf0c3f5d5a86aff3ca12020c923adc6c92','180.160.211.210','2016-12-21 10:24:22',1),(171,'','0',171,'cdb7a70dc7f62bece115efc18f8c40610411766512da21c18aa75eb24d6b7b49','180.160.211.210','2016-12-21 10:26:35',1),(172,'','0',171,'8d969eef6ecad3c29a3a629280e686cf0c3f5d5a86aff3ca12020c923adc6c92','180.160.211.210','2016-12-21 10:41:01',1),(173,'','0',171,'8d969eef6ecad3c29a3a629280e686cf0c3f5d5a86aff3ca12020c923adc6c92','180.160.211.210','2016-12-21 10:57:22',1),(174,'','0',171,'8d969eef6ecad3c29a3a629280e686cf0c3f5d5a86aff3ca12020c923adc6c92','180.160.211.210','2016-12-21 10:58:18',1),(175,'','0',171,'8d969eef6ecad3c29a3a629280e686cf0c3f5d5a86aff3ca12020c923adc6c92','180.160.211.210','2016-12-21 10:59:36',1),(176,'','0',171,'8d969eef6ecad3c29a3a629280e686cf0c3f5d5a86aff3ca12020c923adc6c92','180.160.211.210','2016-12-21 11:05:07',1),(177,'','0',171,'8d969eef6ecad3c29a3a629280e686cf0c3f5d5a86aff3ca12020c923adc6c92','180.160.211.210','2016-12-21 11:06:43',1),(178,'','0',171,'74087a60271b79b517b79d062cba1601377d1bfa1cff8415803ca9997f6bb7a1','180.160.211.210','2016-12-21 11:09:13',1),(179,'','0',171,'8d969eef6ecad3c29a3a629280e686cf0c3f5d5a86aff3ca12020c923adc6c92','180.160.211.210','2016-12-21 11:09:35',1),(180,'','0',171,'8d969eef6ecad3c29a3a629280e686cf0c3f5d5a86aff3ca12020c923adc6c92','180.160.211.210','2016-12-21 11:13:28',1),(181,'','0',171,'e6757959da8eff84c42d4df125b44eb40143dff452afd56aea5cfa058f245028','180.160.211.210','2016-12-21 11:23:38',1),(182,'','0',171,'3fb0a50e69a3bd10bd006726cf744fa50e779bd652b0dda9733137d78af42de5','180.160.211.210','2016-12-21 11:24:46',1),(183,'','0',171,'8d969eef6ecad3c29a3a629280e686cf0c3f5d5a86aff3ca12020c923adc6c92','180.160.211.210','2016-12-21 11:25:22',1),(184,'','0',171,'8d969eef6ecad3c29a3a629280e686cf0c3f5d5a86aff3ca12020c923adc6c92','180.160.211.210','2016-12-21 11:30:52',1),(185,'','0',171,'52f1476494897c64f417deb7ef7cd690f1cea9edce638746c420f1240d3d39dc','180.160.211.210','2016-12-21 11:31:12',1),(186,'','0',171,'37dcbe95bb1c85c6ba4a40f0a6eaa6eba46466b666d5b47faaa660c66179be84','180.160.211.210','2016-12-21 11:31:38',1),(187,'','0',171,'54b688a517f7654563a6c64d945a3670880a4c602ec67a065bbebbcd2b22edd5','180.160.211.210','2016-12-21 11:31:51',1),(188,'','0',171,'8d969eef6ecad3c29a3a629280e686cf0c3f5d5a86aff3ca12020c923adc6c92','180.160.211.210','2016-12-21 11:32:04',1),(189,'','0',171,'cdb7a70dc7f62bece115efc18f8c40610411766512da21c18aa75eb24d6b7b49','180.160.211.210','2016-12-21 11:35:55',1),(190,'','0',171,'8d969eef6ecad3c29a3a629280e686cf0c3f5d5a86aff3ca12020c923adc6c92','180.160.211.210','2016-12-21 11:36:20',1),(191,'','0',171,'8d969eef6ecad3c29a3a629280e686cf0c3f5d5a86aff3ca12020c923adc6c92','180.160.211.210','2016-12-21 11:37:06',1),(192,'','0',171,'8d969eef6ecad3c29a3a629280e686cf0c3f5d5a86aff3ca12020c923adc6c92','180.160.211.210','2016-12-21 11:38:38',1),(193,'','0',171,'8d969eef6ecad3c29a3a629280e686cf0c3f5d5a86aff3ca12020c923adc6c92','180.160.211.210','2016-12-21 11:38:41',1),(194,'','0',171,'8d969eef6ecad3c29a3a629280e686cf0c3f5d5a86aff3ca12020c923adc6c92','180.160.211.210','2016-12-21 11:40:06',1),(195,'','0',171,'8d969eef6ecad3c29a3a629280e686cf0c3f5d5a86aff3ca12020c923adc6c92','180.160.211.210','2016-12-21 11:40:48',1),(196,'','0',171,'00d96a46f593031f8870faabefe8a4f4940f03871138dc05cbb9ac9dbbc89ad9','180.160.211.210','2016-12-21 11:41:32',1),(197,'','0',171,'cdb7a70dc7f62bece115efc18f8c40610411766512da21c18aa75eb24d6b7b49','180.160.211.210','2016-12-21 11:41:48',1),(198,'','0',171,'f7ceeb5ca17753a6fa5983af090f59db729c7d3ac446f32b7a5186447b0ba205','180.160.211.210','2016-12-21 11:46:03',1),(199,'','0',171,'8d969eef6ecad3c29a3a629280e686cf0c3f5d5a86aff3ca12020c923adc6c92','180.160.211.210','2016-12-23 12:59:53',1),(200,'','0',171,'8d969eef6ecad3c29a3a629280e686cf0c3f5d5a86aff3ca12020c923adc6c92','180.160.211.210','2016-12-23 13:06:49',1),(201,'','0',171,'8d969eef6ecad3c29a3a629280e686cf0c3f5d5a86aff3ca12020c923adc6c92','180.160.211.210','2016-12-23 13:08:33',1),(202,'','0',171,'8d969eef6ecad3c29a3a629280e686cf0c3f5d5a86aff3ca12020c923adc6c92','180.160.211.210','2016-12-23 13:09:34',1),(203,'','0',171,'8d969eef6ecad3c29a3a629280e686cf0c3f5d5a86aff3ca12020c923adc6c92','180.160.186.193','2016-12-23 16:12:44',1),(204,'','0',171,'8d969eef6ecad3c29a3a629280e686cf0c3f5d5a86aff3ca12020c923adc6c92','180.160.186.193','2016-12-23 16:13:47',1),(205,'','0',171,'8d969eef6ecad3c29a3a629280e686cf0c3f5d5a86aff3ca12020c923adc6c92','180.160.186.193','2016-12-23 16:15:09',1),(206,'','0',171,'8d969eef6ecad3c29a3a629280e686cf0c3f5d5a86aff3ca12020c923adc6c92','180.160.186.193','2016-12-23 16:15:58',1),(207,'','0',171,'e5db8c0826e5478a0e433044d77b9b1654c54c6d4c846f6261c917315e08031c','180.160.186.193','2016-12-23 16:17:14',1),(208,'','0',171,'8d969eef6ecad3c29a3a629280e686cf0c3f5d5a86aff3ca12020c923adc6c92','180.160.186.193','2016-12-23 16:17:51',1),(209,'','0',171,'8d969eef6ecad3c29a3a629280e686cf0c3f5d5a86aff3ca12020c923adc6c92','180.160.186.193','2016-12-23 16:18:45',1),(210,'','0',171,'8d969eef6ecad3c29a3a629280e686cf0c3f5d5a86aff3ca12020c923adc6c92','180.160.186.193','2016-12-23 16:19:31',1),(211,'','0',171,'8d969eef6ecad3c29a3a629280e686cf0c3f5d5a86aff3ca12020c923adc6c92','180.160.186.193','2016-12-23 16:22:01',1),(212,'','0',171,'cdb7a70dc7f62bece115efc18f8c40610411766512da21c18aa75eb24d6b7b49','180.160.186.193','2016-12-23 16:26:41',1),(213,'','0',171,'8d969eef6ecad3c29a3a629280e686cf0c3f5d5a86aff3ca12020c923adc6c92','180.160.186.193','2016-12-23 16:26:56',1),(214,'','0',171,'8d969eef6ecad3c29a3a629280e686cf0c3f5d5a86aff3ca12020c923adc6c92','180.160.186.193','2016-12-23 16:28:43',1),(215,'','0',171,'8d969eef6ecad3c29a3a629280e686cf0c3f5d5a86aff3ca12020c923adc6c92','180.160.186.193','2016-12-23 16:31:54',1),(216,'','0',171,'8d969eef6ecad3c29a3a629280e686cf0c3f5d5a86aff3ca12020c923adc6c92','180.160.186.193','2016-12-23 16:33:38',1),(217,'','0',171,'8d969eef6ecad3c29a3a629280e686cf0c3f5d5a86aff3ca12020c923adc6c92','180.160.186.193','2016-12-23 16:38:46',1),(218,'','0',171,'8d969eef6ecad3c29a3a629280e686cf0c3f5d5a86aff3ca12020c923adc6c92','180.160.186.193','2016-12-23 16:46:27',1),(219,'','0',171,'8d969eef6ecad3c29a3a629280e686cf0c3f5d5a86aff3ca12020c923adc6c92','180.160.186.193','2016-12-23 16:50:13',1),(220,'','0',171,'8d969eef6ecad3c29a3a629280e686cf0c3f5d5a86aff3ca12020c923adc6c92','180.160.186.193','2016-12-23 16:51:15',1),(221,'','0',171,'8d969eef6ecad3c29a3a629280e686cf0c3f5d5a86aff3ca12020c923adc6c92','180.160.186.193','2016-12-23 16:53:07',1),(222,'','0',171,'8d969eef6ecad3c29a3a629280e686cf0c3f5d5a86aff3ca12020c923adc6c92','180.160.186.193','2016-12-23 16:54:08',1),(223,'','0',171,'8d969eef6ecad3c29a3a629280e686cf0c3f5d5a86aff3ca12020c923adc6c92','180.160.186.193','2016-12-23 16:56:20',1),(224,'','0',171,'8d969eef6ecad3c29a3a629280e686cf0c3f5d5a86aff3ca12020c923adc6c92','180.160.186.193','2016-12-23 16:57:42',1),(225,'','0',171,'8d969eef6ecad3c29a3a629280e686cf0c3f5d5a86aff3ca12020c923adc6c92','180.160.186.193','2016-12-23 16:58:14',1),(226,'','0',171,'8d969eef6ecad3c29a3a629280e686cf0c3f5d5a86aff3ca12020c923adc6c92','180.160.186.193','2016-12-23 17:00:08',1),(227,'','0',171,'8d969eef6ecad3c29a3a629280e686cf0c3f5d5a86aff3ca12020c923adc6c92','180.160.186.193','2016-12-23 17:41:52',1),(228,'','0',171,'8d969eef6ecad3c29a3a629280e686cf0c3f5d5a86aff3ca12020c923adc6c92','180.160.186.193','2016-12-24 12:58:24',1),(229,'','0',171,'8d969eef6ecad3c29a3a629280e686cf0c3f5d5a86aff3ca12020c923adc6c92','180.160.186.193','2016-12-24 12:59:55',1),(230,'','0',171,'8d969eef6ecad3c29a3a629280e686cf0c3f5d5a86aff3ca12020c923adc6c92','180.160.186.193','2016-12-24 13:02:58',1),(231,'','0',171,'8d969eef6ecad3c29a3a629280e686cf0c3f5d5a86aff3ca12020c923adc6c92','180.160.186.193','2016-12-24 13:05:07',1),(232,'','0',171,'8d969eef6ecad3c29a3a629280e686cf0c3f5d5a86aff3ca12020c923adc6c92','180.160.186.193','2016-12-24 13:07:38',1),(233,'','0',171,'8d969eef6ecad3c29a3a629280e686cf0c3f5d5a86aff3ca12020c923adc6c92','180.160.186.193','2016-12-24 13:15:37',1),(234,'','0',171,'8d969eef6ecad3c29a3a629280e686cf0c3f5d5a86aff3ca12020c923adc6c92','180.160.186.193','2016-12-24 13:29:09',1),(235,'','0',171,'8d969eef6ecad3c29a3a629280e686cf0c3f5d5a86aff3ca12020c923adc6c92','180.160.186.193','2016-12-24 13:41:04',1),(236,'','0',171,'8d969eef6ecad3c29a3a629280e686cf0c3f5d5a86aff3ca12020c923adc6c92','180.160.186.193','2016-12-24 13:47:34',1),(237,'','0',171,'8d969eef6ecad3c29a3a629280e686cf0c3f5d5a86aff3ca12020c923adc6c92','180.160.186.193','2016-12-24 13:47:42',1),(238,'','0',171,'8d969eef6ecad3c29a3a629280e686cf0c3f5d5a86aff3ca12020c923adc6c92','180.160.186.193','2016-12-24 13:53:30',1),(239,'','0',171,'8d969eef6ecad3c29a3a629280e686cf0c3f5d5a86aff3ca12020c923adc6c92','180.160.186.193','2016-12-24 14:02:57',1),(240,'','0',171,'8d969eef6ecad3c29a3a629280e686cf0c3f5d5a86aff3ca12020c923adc6c92','180.160.186.193','2016-12-24 14:04:00',1),(241,'','0',171,'8d969eef6ecad3c29a3a629280e686cf0c3f5d5a86aff3ca12020c923adc6c92','180.160.186.193','2016-12-24 14:08:37',1),(242,'','0',171,'8d969eef6ecad3c29a3a629280e686cf0c3f5d5a86aff3ca12020c923adc6c92','180.160.186.193','2016-12-24 20:42:34',1),(243,'','0',171,'8d969eef6ecad3c29a3a629280e686cf0c3f5d5a86aff3ca12020c923adc6c92','180.160.186.193','2016-12-24 21:01:00',1),(244,'','0',171,'8d969eef6ecad3c29a3a629280e686cf0c3f5d5a86aff3ca12020c923adc6c92','180.160.186.193','2016-12-24 21:02:33',1),(245,'','0',171,'3fb0a50e69a3bd10bd006726cf744fa50e779bd652b0dda9733137d78af42de5','180.160.186.193','2016-12-24 21:03:10',1),(246,'','0',171,'8d969eef6ecad3c29a3a629280e686cf0c3f5d5a86aff3ca12020c923adc6c92','180.160.186.193','2016-12-24 21:03:40',1),(247,'','0',171,'8d969eef6ecad3c29a3a629280e686cf0c3f5d5a86aff3ca12020c923adc6c92','180.160.186.193','2016-12-25 00:05:52',1),(248,'','0',171,'8d969eef6ecad3c29a3a629280e686cf0c3f5d5a86aff3ca12020c923adc6c92','180.160.186.193','2016-12-25 00:07:54',1),(249,'','0',171,'37dcbe95bb1c85c6ba4a40f0a6eaa6eba46466b666d5b47faaa660c66179be84','180.160.186.193','2016-12-25 00:11:06',1),(250,'','0',171,'8d969eef6ecad3c29a3a629280e686cf0c3f5d5a86aff3ca12020c923adc6c92','180.160.186.193','2016-12-25 00:11:14',1),(251,'','0',171,'8d969eef6ecad3c29a3a629280e686cf0c3f5d5a86aff3ca12020c923adc6c92','180.160.186.193','2016-12-25 00:29:17',1),(252,'','0',171,'8d969eef6ecad3c29a3a629280e686cf0c3f5d5a86aff3ca12020c923adc6c92','180.160.186.193','2016-12-25 00:30:55',1),(253,'','0',171,'8d969eef6ecad3c29a3a629280e686cf0c3f5d5a86aff3ca12020c923adc6c92','180.160.186.193','2016-12-25 00:32:45',1),(254,'','0',171,'8d969eef6ecad3c29a3a629280e686cf0c3f5d5a86aff3ca12020c923adc6c92','180.160.186.193','2016-12-25 00:37:20',1),(255,'','0',171,'8d969eef6ecad3c29a3a629280e686cf0c3f5d5a86aff3ca12020c923adc6c92','180.160.186.193','2016-12-25 00:39:50',1),(256,'','0',171,'8d969eef6ecad3c29a3a629280e686cf0c3f5d5a86aff3ca12020c923adc6c92','180.160.186.193','2016-12-25 00:41:25',1),(257,'','0',171,'8d969eef6ecad3c29a3a629280e686cf0c3f5d5a86aff3ca12020c923adc6c92','180.160.186.193','2016-12-25 00:43:04',1),(258,'','0',171,'4b27b790dc5bdd0433109d971cbce2051afa705332426c23e6061be545477ad1','180.160.186.193','2016-12-25 00:44:21',1),(259,'','0',171,'8d969eef6ecad3c29a3a629280e686cf0c3f5d5a86aff3ca12020c923adc6c92','180.160.186.193','2016-12-25 00:44:38',1),(260,'','0',171,'8d969eef6ecad3c29a3a629280e686cf0c3f5d5a86aff3ca12020c923adc6c92','180.160.186.193','2016-12-25 00:47:01',1),(261,'','0',171,'8d969eef6ecad3c29a3a629280e686cf0c3f5d5a86aff3ca12020c923adc6c92','180.160.186.193','2016-12-25 00:49:02',1),(262,'','0',171,'8d969eef6ecad3c29a3a629280e686cf0c3f5d5a86aff3ca12020c923adc6c92','180.160.186.193','2016-12-25 00:50:54',1),(263,'','0',171,'8d969eef6ecad3c29a3a629280e686cf0c3f5d5a86aff3ca12020c923adc6c92','180.160.186.193','2016-12-25 00:56:49',1),(264,'','0',171,'37dcbe95bb1c85c6ba4a40f0a6eaa6eba46466b666d5b47faaa660c66179be84','180.160.186.193','2016-12-25 01:02:57',1),(265,'','0',171,'8d969eef6ecad3c29a3a629280e686cf0c3f5d5a86aff3ca12020c923adc6c92','180.160.186.193','2016-12-25 01:03:12',1),(266,'','0',171,'8d969eef6ecad3c29a3a629280e686cf0c3f5d5a86aff3ca12020c923adc6c92','180.160.186.193','2016-12-25 01:05:23',1),(267,'','0',171,'8d969eef6ecad3c29a3a629280e686cf0c3f5d5a86aff3ca12020c923adc6c92','180.160.186.193','2016-12-25 01:08:00',1),(268,'','0',171,'8d969eef6ecad3c29a3a629280e686cf0c3f5d5a86aff3ca12020c923adc6c92','180.160.186.193','2016-12-25 01:11:08',1),(269,'','0',171,'8d969eef6ecad3c29a3a629280e686cf0c3f5d5a86aff3ca12020c923adc6c92','218.82.153.233','2016-12-25 10:11:35',1),(270,'786185931@qq.com','',2,'8d969eef6ecad3c29a3a629280e686cf0c3f5d5a86aff3ca12020c923adc6c92','::1','2016-12-25 10:50:12',1),(271,'','0',171,'8d969eef6ecad3c29a3a629280e686cf0c3f5d5a86aff3ca12020c923adc6c92','218.82.153.233','2016-12-25 11:36:41',1),(272,'786185931@qq.com','1',2,'','::1','2017-01-09 15:28:13',0),(273,'786185931@qq.com','1',2,'','::1','2017-01-09 15:28:19',0),(274,'786185931@qq.com','1',2,'e834a561527a761a6076b05517cfb33b6b088849bee0cf844a213bb09dc970f1','::1','2017-01-09 15:32:35',1),(275,'jiang','1',2,'bc53ac2149d7f533305e4a1d0d70870e98401b7b33c87108e2c5157cdf6b5460','124.79.184.112','2017-01-09 15:42:14',1),(276,'jiang','1',2,'d9e62c073cc546739af5173d40dbd638e399420794998c13e2a8652143db28de','124.79.184.112','2017-01-09 15:42:21',1),(277,'jiang','1',2,'8f99a6b2a0599279b6936cc172addd67bf5115a425d4989d89d26ebabc5ec1af','124.79.184.112','2017-01-09 16:00:20',1),(278,'jiang','1',2,'0a17ad97ca07cbbde72eaabb6317718f43ef9c614ae726da381e9caffc389697','124.79.184.112','2017-01-09 16:00:24',1),(279,'jiang','1',2,'613680b19a7c2001c38ca59a812e41c0d716547a96beb47fb4f80fb716293820','124.79.184.112','2017-01-09 16:00:40',1),(280,'786185931@qq.com','1',2,'4e9a5dffbf5e46b68376aca5a046ac8079f685db63f349be2c1c55599dca238e','::1','2017-01-09 16:04:27',1),(281,'jiang','1',2,'819d223c42b1c872d07604011626fdbc62e3011a190a0c4baa16bd9f371714ad','124.79.184.112','2017-01-09 16:08:14',1),(282,'786185931@qq.com','1',2,'c9d450e9c7a77dce28d737025b5204fe3915e621ef69e0f6ba2c55c6fa334b97','124.79.184.112','2017-01-10 12:44:07',1),(283,'786185931@qq.com','1',2,'353b031f194498c8b07b7d964c584fa032fe0ad5b7345a62448c8ab5499d978b','124.79.184.112','2017-01-10 18:40:01',1),(284,'786185931@qq.com','1',2,'72405e7bfa1e21eed5d95fb2f34d60c1ba19b19a38c22c5bb2d13e82e81f72cd','127.0.0.1','2017-01-12 13:54:38',1),(285,'786185931@qq.com','1',2,'8e670c57b168c54a028e632bc7926ba9015e2dcb846cadf2c951d3c5b98b8cd2','124.79.184.112','2017-01-12 14:53:21',1),(286,'786185931@qq.com','1',2,'10a956ec4a702e60e95d74d9884f0a82ae87f33845c5d6ad5bcfd2db8f9bdca1','124.79.184.112','2017-01-12 14:56:32',1),(287,'786185931@qq.com','1',2,'c407fc3525746447c92e91938635cba524be8838007f8691ac11b325c6800af5','124.79.184.112','2017-01-12 15:09:42',1),(288,'786185931@qq.com','1',2,'97baa72aadba73280d65c96c67b7aebf5b60940759f94200453e7bf1e2558b70','127.0.0.1','2017-01-12 15:14:54',1),(289,'786185931@qq.com','1',2,'ed172eb62adc511cc7d2a2a278938d44a027e513d60eb0c18726b5782a813e31','124.79.184.112','2017-01-12 15:17:36',1),(290,'786185931@qq.com','1',2,'6bbf1553c7566e394e00f4ddcd3596455852ff1c17e2817515ab4dc5c35c0d49','127.0.0.1','2017-01-12 15:20:05',1),(291,'786185931@qq.com','1',2,'a234812ea1e41772935a1f622d1685097ba43c8aa70a3cad3541dd11a84cf609','124.79.184.112','2017-01-12 17:36:53',1),(292,'786185931@qq.com','1',2,'16ea81223acea6f3b777ad784f43843545317c10ba01baa4b91508dc24b5fc73','124.79.184.112','2017-01-12 18:31:31',1),(293,'zhx','1',3,'','124.79.184.112','2017-01-12 18:31:49',0),(294,'zhx','1',3,'','124.79.184.112','2017-01-12 18:31:59',0),(295,'zhx','1',3,'','124.79.184.112','2017-01-12 18:32:07',0),(296,'zhx','1',3,'','124.79.184.112','2017-01-12 18:34:23',0),(297,'zhx','1',3,'2a75b3e163776d896772dfa2bb3094ef8bd55ac1f075b40467f392ec4d7266d5','124.79.184.112','2017-01-12 18:34:43',1),(298,'786185931@qq.com','1',2,'2c46b9a8e21ba910de960c25571947388ff27cfc04c53a437a8cf33061f2d58d','58.215.136.47','2017-01-12 18:49:23',1),(299,'jiang','1',2,'394d3248ed395a03d11a7125965e4e7dc017848daaa7780afb2ae056ea3dd308','114.80.12.45','2017-01-12 18:52:43',1),(300,'786185931@qq.com','1',2,'62610fc8e8d28b310e2433b5376be74f134a269ebccbb51078614014a1417688','58.215.136.49','2017-01-13 11:14:14',1),(301,'786185931@qq.com','1',2,'3bfdcadb8c32cc7165c477176d37c527d1f21781d3dcda8f065f8f44d588c849','58.215.136.54','2017-01-14 10:10:56',1),(302,'1176902387@qq.com','2',171,'d3ad2e5aed4a7576b5c8a8f902fb3c64145a16d475b0a610228d3631369885a3','124.79.184.112','2017-01-14 10:13:07',1),(303,'1176902387@qq.com','2',171,'c4b4e1e7c925afcc655f7aae0570391b2bac396093a7a764519e99c9f9d6b6df','124.79.184.112','2017-01-14 10:13:38',1),(304,'786185931@qq.com','2',2,'4c6ad0cbb46efc2b0fcd0760dfedbb3a2cb0f13756de0eaa365796d3caa5cb2b','124.79.184.112','2017-01-14 10:16:44',1),(305,'786185931@qq.com','1',2,'ca5f3afbb56943fb1c6ce4767065bc5caf1d35cd98ecd0fe276fdb7c858cdd80','124.79.184.112','2017-01-14 10:17:12',1),(306,'zhx','1',3,'2c9c3cc60d5f40c88f4883e17a0963cb6762d92563b8bb4dce27aaca8c260ce6','124.79.184.112','2017-01-14 10:48:00',1),(307,'jiang','1',2,'66a102cb4fe04b9da0b097fd7c4c512c1f691889d46adb26bfa7911e71927254','124.79.184.112','2017-01-14 10:49:37',1),(308,'786185931@qq.com','2',2,'aa933619a9768b08027ae62c406d3597a7e1d3937c501cb921e952084984df28','124.79.184.112','2017-01-14 10:53:40',1),(309,'786185931@qq.com','2',2,'c709a0dabeac7447dae7b37c5ad3bad533db9d82dff42ad2d2f0f779c11fe8ef','124.79.184.112','2017-01-14 10:54:41',1),(310,'786185931@qq.com','2',2,'f8612ea9f1d4e16cd51e1d8a81b2e2b984e101a2a8b4380a853fd77fe3e9b722','124.79.184.112','2017-01-14 11:04:47',1),(311,'jiang','1',2,'c3bf8c95e347bb42f71b1dd674e9bee8f1389ec3abab3e05231e8b9e03a93099','124.79.184.112','2017-01-14 11:08:21',1),(312,'786185931@qq.com','2',2,'dcbe09a08c9b59a64bdf78795a2a62b6d5ca6171e218f9de625a8fd7a50ad91b','124.79.184.112','2017-01-14 11:09:39',1),(313,'786185931@qq.com','2',2,'a686cfa1b20c06b6d0a26557e7bbde17371f68c6980caab00d577e492b3fa649','124.79.184.112','2017-01-14 11:40:11',1),(314,'786185931@qq.com','2',2,'846cbc4cf63a7c6a8867813af601160096fb1ff2d9f97bc704702339de76001b','124.79.184.112','2017-01-14 11:46:31',1),(315,'786185931@qq.com','2',2,'77564d5cdffc0fe7d426c0c6fbbed21fe81cdbdedae313b86e5594e8ba6ad665','124.79.184.112','2017-01-14 11:49:51',1),(316,'1176902387@qq.com','1',171,'bd0515e9d1cbdaf3853c62b661cf6a3fa125e91b20ae30632cf319300140f444','124.79.184.39','2017-01-14 11:55:56',1),(317,'786185931@qq.com','1',2,'a23a750494a625126ca3dc6fde3328b01a6e0d708dba49244c2cb1c1ea5c8553','124.79.184.112','2017-01-14 11:58:04',1),(318,'zeo','1',184,'2b6587c968c2643eb533617a94cd8459de10d2050105e04895513ef3016f15a4','124.79.184.112','2017-01-14 12:00:23',1),(319,'1176902387@qq.com','1',171,'c57f05e4d083d361874413ad1bb0e266d9da8f03287b04fdb7c05bd6cfddd576','124.79.184.112','2017-01-14 12:02:27',1),(320,'zhouyijun','1',171,'3512e5b854230b7d1cc7a4a6bb149dd639a0829ee1feb22afd9d380b4ec6f897','124.79.184.39','2017-01-14 12:03:00',1),(321,'1176902387@qq.com','1',171,'90dbc849330d9678b2072c74ef2d4c1e3427df77731b7249da20c036e4f1846d','124.79.184.39','2017-01-14 12:35:42',1),(322,'jiang','1',2,'a6cb4cb8b1140ac1178f58682a932672a762016ae8d36d02b6d15d377a2f1709','124.79.184.112','2017-01-14 12:37:41',1),(323,'jiang','1',2,'82b3f804a0b02eb2d6bec864e93d399eb763a4b8b01360f0927a19de22a486c6','124.79.184.112','2017-01-14 12:44:17',1),(324,'jiang','1',2,'53023f9ac4b4d028d8f42245f1a88320642cc82377e0c5749010342ab5e2ff43','124.79.184.112','2017-01-14 12:45:16',1),(325,'jiang','1',2,'229449edb4e3d86306360ba755bad92a4b46035171b432edf4827911fae3a5ab','124.79.184.112','2017-01-14 12:55:11',1),(326,'jiang','1',2,'09e27b100f6222e7de0ddea0c5478011a0078c6dfc4cc31b0bd4d3f1faddc9bb','124.79.184.112','2017-01-14 13:04:05',1),(327,'786185931@qq.com','1',2,'f66b8165eb9f4cddc1fe3158f58b01b503e874295f8b9f8ea2ce9064708369a3','::1','2017-01-14 13:08:24',1),(328,'786185931@qq.com','2',2,'7f85653fd5a963fad1a81009e55bab59b9be2f27e82adb4797f51b11917aeae7','124.79.184.112','2017-01-14 13:08:25',1),(329,'786185931@qq.com','2',2,'cf485f217cc2252a801f452bb8ec1df1627ec3d2a7515214936b26ec7a211579','124.79.184.112','2017-01-14 13:13:05',1),(330,'786185931@qq.com','2',2,'2a022ace160b898aaeb5f2891c92b54bc3a76130ee9141958169124790b6f41a','124.79.184.112','2017-01-14 13:13:28',1),(331,'786185931@qq.com','2',2,'f57bd21a7fd603527b8fcffd42dbd1229a36274d6e14a01dfc82d72481fe14d1','124.79.184.112','2017-01-14 13:16:24',1),(332,'786185931@qq.com','2',2,'4aebaa36a3585190ffbf5ad258c7690dc5ba1aee910cdc480e1f8874834dc5df','124.79.184.112','2017-01-14 13:18:16',1),(333,'786185931@qq.com','2',2,'702e65313efbfadea24983d95e3ace1ae02ed8d828219123f5619d8574abebfc','124.79.184.112','2017-01-14 13:20:25',1),(334,'786185931@qq.com','2',2,'cc2a6738209aa1daa4bc4482da5ab4594e0318c7145db72910352a529da2ca3f','124.79.184.112','2017-01-14 13:21:41',1),(335,'786185931@qq.com','2',2,'ee0758ced99e8d9106b9b2b9d3acc97749d6f21761200538cebfe60d6f7f703c','124.79.184.112','2017-01-14 13:23:15',1),(336,'786185931@qq.com','2',2,'cf361b6550c855f3b054fb9a6f9d471f8c72ac0dd13e25693abd6dde1ab24ce2','124.79.184.112','2017-01-14 13:24:24',1),(337,'786185931@qq.com','2',2,'9eae53c05041a470f6c39b91a5d890c0dc8570a2f5ac9642c0d167ea3a131b6b','124.79.184.112','2017-01-14 13:25:53',1),(338,'786185931@qq.com','1',2,'474963ecdf901da8683023bbe994e5b78c8dfe65d54ac7485183a65d9534d414','::1','2017-01-14 13:34:56',1),(339,'786185931@qq.com','1',2,'e95d3f9a3ac2458988ce9bf79bc7debd016a65cc9feff6949e8dfa41c7d0221a','::1','2017-01-14 13:35:01',1),(340,'786185931@qq.com','1',2,'a6ac38dc71b4bf64ae539d3b9e4d910eb96434543700969c24c01f45f964e6da','::1','2017-01-14 13:45:42',1),(341,'jiang','1',2,'93542b91cfbe6cfec8bafd6c029efe14776595107f485d00f038ab0a2237e358','124.79.184.112','2017-01-14 13:46:46',1),(342,'jiang','1',2,'2847cb9237e418502a7d1bdb0b5347958705645483fb1462ae9db1724aea0da2','124.79.184.112','2017-01-14 13:48:08',1),(343,'786185931@qq.com','2',2,'0d3377f38f0ffaa65b8e320bf62c3f6d83a77451158fe9c06b40996a2efce45a','124.79.184.112','2017-01-14 14:05:52',1),(344,'786185931@qq.com','2',2,'741a9069a5541929bfb735c42b2576da3eb4abede85100534702288bfc3c5092','124.79.184.112','2017-01-14 14:09:07',1),(345,'786185931@qq.com','2',2,'ecd9c1f5fb1a92b0e1db81597da41267a3bd59546577929e202c868aa52f7a30','124.79.184.112','2017-01-14 14:20:17',1),(346,'786185931@qq.com','2',2,'03881f998bd00b3daaf375c0609426ccd288c63befc0242c05a41f64efb5df32','124.79.184.112','2017-01-14 15:07:42',1),(347,'786185931@qq.com','2',2,'3b41ccecb73410c01b250336fc6dd0903ee286f853d9a018635199a27d4fc8d9','124.79.184.112','2017-01-14 15:08:58',1),(348,'786185931@qq.com','2',2,'bdaea63c13151e8abfbf625f04e1aee3ef6a41a573a6d09b3111ac2eae154e1a','124.79.184.112','2017-01-14 15:10:55',1),(349,'786185931@qq.com','2',2,'33688337970695d56f9f693407f70da8a9b649d12f74490734f5394a4fe89f14','124.79.184.112','2017-01-14 15:11:35',1),(350,'786185931@qq.com','2',2,'a16da0025192ed8e5b7febe999c28f0fc44ae0781fb90f2ab666d36815546633','124.79.184.112','2017-01-14 15:13:36',1),(351,'786185931@qq.com','2',2,'8e6fde24a119f1adbacaf7668d87ef3ae99be39781c2fb285b9cacfae0f17654','124.79.184.112','2017-01-14 15:14:09',1),(352,'786185931@qq.com','2',2,'4a396ca714887e5caf4be0e6fbaaa6aea6cbc1f54e200d33337be33f86ee33e6','124.79.184.112','2017-01-14 15:14:47',1),(353,'786185931@qq.com','2',2,'27bbbc54cf37827ee73597d9c6de440d573e6237df9b2b6e327787395e4f49c2','124.79.184.112','2017-01-14 15:16:44',1),(354,'786185931@qq.com','2',2,'066fc164a06ae476dfeedb3b94cdea3f6d99a26b029fe1c8c07475f98b7a32dd','124.79.184.112','2017-01-14 15:17:21',1),(355,'786185931@qq.com','2',2,'e38632307f269f63f07b82abb8629a2bee8eff1b41719a450c1f7eec553f551f','124.79.184.112','2017-01-14 15:20:21',1),(356,'786185931@qq.com','2',2,'b0dd3ffb8fcb371d85debd33b7bf4e1306a05e55df2541a71691569d30c8a62d','124.79.184.112','2017-01-14 15:21:49',1),(357,'786185931@qq.com','2',2,'518f31d7aa5554aef439f73856ad050d1e36a6c8a1606ed3e2538e2d5a634ac9','124.79.184.112','2017-01-14 15:23:01',1),(358,'786185931@qq.com','2',2,'73fbc42b59b44d10e5d48d86ff5d62ddd309219bb9c9092f5c7dd3bddea29b1c','124.79.184.112','2017-01-14 15:24:07',1),(359,'786185931@qq.com','2',2,'b11afdc39e79c77c4867462ec132d163c9619bd24efd8bc1c4c5a9540531e092','124.79.184.112','2017-01-14 15:24:39',1),(360,'786185931@qq.com','2',2,'f3acabbbe8a16fda7bbd0765ba78fe484f632f1e847a69c1f2d6bb98b1b79f1d','124.79.184.112','2017-01-14 15:25:48',1),(361,'786185931@qq.com','2',2,'70c52797e3685e3d22891d165b16cab00ac303bbe4bc4cd73750092aa4486530','124.79.184.112','2017-01-14 15:26:36',1),(362,'786185931@qq.com','2',2,'253e4c0a149a44c926265725a4f0dc68080eefdeea9dfd5b6034cf1d2c4245fd','124.79.184.112','2017-01-14 15:28:32',1),(363,'786185931@qq.com','2',2,'d554f904ac3943ce6a8e592d656b8f6cc9b4d5ac2dba350081a310547019d316','124.79.184.112','2017-01-14 15:30:38',1),(364,'786185931@qq.com','2',2,'56eca0c6f82889f25ffe8bec715ee1378afe5a0170fb4e852d17a2abf1d05683','124.79.184.112','2017-01-14 15:34:46',1),(365,'zhx','1',3,'1005124ef692e826de9dff3e7d3257db5ec6153d0259d71adabb8cf66817a415','124.79.184.112','2017-01-14 15:36:21',1),(366,'786185931@qq.com','2',2,'5ad37f22d0936a03c06d518003c6cd29265d75962fa3c10d1e39b504e34ea8d9','124.79.184.112','2017-01-14 15:38:32',1),(367,'jiang','1',2,'bda97ca4c5852943bcae60ef6caf86259ccbcfb3338f48080969a2072e2d8bc5','124.79.184.39','2017-01-14 15:38:40',1),(368,'786185931@qq.com','2',2,'5fdb6e0dc1645b990221d91c10e7daf83c0dccadf5e416521dbe85a4bd16d9c4','124.79.184.112','2017-01-14 15:40:10',1),(369,'zeo','1',184,'e8ceb528e2df134603f18ffa2d8f89dbd58990190ed4ea5d6a59895c3e02c349','124.79.184.112','2017-01-14 15:41:05',1),(370,'786185931@qq.com','2',2,'372b81a618c8e0115329d8ae86cadd600cb13a3111ee740f2ba4f48d57f7aa40','124.79.184.112','2017-01-14 15:41:43',1),(371,'786185931@qq.com','2',2,'fb71c5509f14648da2f84c609a05063c733e8d9d6de8910100f068a156c0ffcb','124.79.184.112','2017-01-14 15:42:54',1),(372,'182666781@qq.com','1',185,'1ea9c1b50310ffdbafa4222678a3f4275537eab185efdf9a7aecd2f89e5316a1','::1','2017-01-14 15:43:01',1),(373,'zhx','1',3,'bc8cb486202d1af928f1975ba39d67eeda8eb6b088bff84196617dcea40cf2c8','101.226.68.141','2017-01-14 15:43:59',1),(374,'786185931@qq.com','2',2,'4c6608cf362ec4c79de2d4faf9b4b37d3958cc1a4ed7220806b7c2a4f31e6e5a','124.79.184.112','2017-01-14 15:45:10',1),(375,'786185931@qq.com','2',2,'ea8cf89e1dd1593ec05af8b8485acf1a158b544e558ec8293d6643754b4e5a7b','124.79.184.112','2017-01-14 15:46:22',1),(376,'jiang','1',2,'44004e279dc796c4decd4618ab063fa69ca9b6ae1594de696b290dade7046575','58.215.136.45','2017-01-14 15:46:55',1),(377,'jiang','1',2,'d0b5bd0fa6d16c77a8b182867aaddda5becae92a7038852352dc26e4392b7fed','124.79.184.112','2017-01-14 15:47:59',1),(378,'786185931@qq.com','2',2,'52e256a8f8535b3c34fba3bd87368cc0060710f021c38f35a839fb0a9e6a8554','124.79.184.112','2017-01-14 15:49:08',1),(379,'786185931@qq.com','1',2,'7f1843c4b62494dc550505e3985a9a8e9c7526374abb9518eb99fea7f89464a2','::1','2017-01-14 15:50:49',1),(380,'zhx','1',3,'bd6c04bd4215d99b2752eea757238782e519584d5529fbe075f43d1e8b355442','124.79.184.112','2017-01-14 15:51:25',1),(381,'jiang','1',2,'9402d7b08f0b257b5893636342213a5321dc0d25a8cd7402cf5912699b517b8f','124.79.184.112','2017-01-14 15:51:38',1),(382,'786185931@qq.com','2',2,'3095e04c535791c1d4c630aaac09c4214ca8af6ebdb1099f2f9d682fed66c2fc','124.79.184.112','2017-01-14 15:52:27',1),(383,'786185931@qq.com','2',2,'715661dd6e8ed132641c06cddcf1839c23f9d0377a75d5f85ebb0baaa814d53e','124.79.184.112','2017-01-14 15:54:12',1),(384,'jiang','1',2,'cdd6039da1a0d193b80d090f20a06d5e95c251cbd532ea5981141f799a0a6515','58.215.136.45','2017-01-14 15:56:58',1),(385,'786185931@qq.com','2',2,'f8364faab580a34a7f4addc2539bdb0c9e56a22b8e39d703655177d600e1fb21','124.79.184.112','2017-01-14 15:57:16',1),(386,'zhx','1',3,'8cc0619cb0371a6c92d65b4794a2a6006b2f6084aae4147d33070f4188fbc2d2','124.79.184.112','2017-01-14 15:58:56',1),(387,'786185931@qq.com','2',2,'59c9f2edf5191a4a186031989c0030211d729677ca58889dbca2baba8a6bcccb','124.79.184.112','2017-01-14 15:59:49',1),(388,'786185931@qq.com','2',2,'39e103ef8e7e24ef523e2c36a16a7222ba46139ac1dd235f32f5f197cbe1a6dc','124.79.184.112','2017-01-14 16:00:46',1),(389,'zhx','1',3,'3318906bd5b3d3017f3fe81384b248bed410616c4d890806b67b02a9d255bb50','124.79.184.112','2017-01-14 16:03:05',1),(390,'786185931@qq.com','2',2,'e3027fcdfe8d87789755d4350d5a986b2b84ad8d207a9de014f13431cf5889c0','124.79.184.112','2017-01-14 16:03:21',1),(391,'786185931@qq.com','2',2,'081157330208b612bd45e75212b21a0a761929e23cdce8c19d9d32abc4bd9c3e','124.79.184.112','2017-01-16 10:01:22',1),(392,'1176902387@qq.com','2',171,'951c01db26f929158c47d9495e99a8a39694bf1f45399a1eae9dbd37dfb62a99','124.79.184.112','2017-01-16 10:01:41',1),(393,'182666781@qq.com','1',185,'59826f26ea31b04a9b92c07861f3672e6a39658dc13c1d4c54d716d09ee7b9f5','::1','2017-01-16 10:25:44',1),(394,'1176902387@qq.com','2',171,'8666ff476d13eb688092ae1170899be50707b4bf07c4ba77a08ae502c0a0f4d4','124.79.184.112','2017-01-16 10:35:28',1),(395,'1176902387@qq.com','2',171,'a86aff072249343b2241a085ddcc6fb977abc3ae371cc4ba76ae31a62697d028','124.79.184.112','2017-01-16 10:42:35',1),(396,'1176902387@qq.com','2',171,'7daaf40524a5da2469f6d74aa1b9e437acbf5c81fa8d7f7c1ae47028526546f8','124.79.184.112','2017-01-16 10:45:17',1),(397,'1176902387@qq.com','2',171,'77a9f79bf5a9596e8804e31f40cff6a96db05e78d6131bfa397977a08372bf31','124.79.184.112','2017-01-16 10:47:39',1),(398,'1176902387@qq.com','2',171,'9e76adc36070109519a99a3757180ade24a17869360a0ff13313e87e938e021d','124.79.184.112','2017-01-16 11:04:28',1),(399,'1176902387@qq.com','2',171,'566c4df6c0598b1d1711af238d1a841ec85f9e8a8910ca1f00f30772704f4892','124.79.184.112','2017-01-16 11:05:57',1),(400,'182666781@qq.com','1',185,'d863092ce7a5eea8522c9e7f9dc7e395da37208602766483509b0ca89232d46b','::1','2017-01-16 11:06:58',1),(401,'1176902387@qq.com','2',171,'1a378f1f503a6a372d3d57829e42ce898a903af37509b053c523358849549e23','124.79.184.112','2017-01-16 11:08:52',1),(402,'1176902387@qq.com','2',171,'a181bd121fc81b9ae774112682a217e0074f3eedd7d028d58ec8ce92f993f015','124.79.184.112','2017-01-16 11:13:13',1),(403,'1176902387@qq.com','2',171,'961c614889d1be1f89c0a01deb442a07093bbd08e453c09b390bb31d2411bcc4','124.79.184.112','2017-01-16 11:15:05',1),(404,'1176902387@qq.com','2',171,'fd4ffb1e7d9a7155455ae70c3a341704a2afd68cae81f7fe2198301399e0b4af','124.79.184.112','2017-01-16 11:15:55',1),(405,'1176902387@qq.com','2',171,'d73342ef9faab1df18aff928b6d613adfb1ae58ff71091fa88016a0349817900','124.79.184.112','2017-01-16 11:16:22',1),(406,'1176902387@qq.com','2',171,'7cffaa8c14f32365f38198e6fc27bf635f889b291b58c75f2f0049b53b9b2c37','124.79.184.112','2017-01-16 11:39:10',1),(407,'1176902387@qq.com','2',171,'547c4eb6a4fb6a5f80fd70df8b93023399b2511fcb7c0b6278bfca8a7562b68b','124.79.184.112','2017-01-16 11:48:22',1),(408,'1176902387@qq.com','2',171,'d3321056188f6384f8cf1eadbfb79ed35adaeec145170e82fcc4ac4d5e834ff1','124.79.184.112','2017-01-16 11:51:35',1),(409,'1176902387@qq.com','2',171,'1d7c679660980c678fb21ff4a43c027244925f0d5455e62995f54368b7a26520','124.79.184.112','2017-01-16 11:55:50',1),(410,'1176902387@qq.com','2',171,'8a1fdb29e5f8e7a07f27eb919ea2b0d032cdb90850483f72dd2946fb022a9c18','124.79.184.112','2017-01-16 11:58:35',1),(411,'1176902387@qq.com','2',171,'8ddd38c12724a5de29c6d68172146c9342180a7d0e0f2275b325bace8c86ff77','124.79.184.112','2017-01-16 11:59:25',1),(412,'1176902387@qq.com','2',171,'2570c1415293c52848f005bcdf24ef1f6b4faf96e17986886755ef5d198cebf1','124.79.184.112','2017-01-16 11:59:48',1),(413,'1176902387@qq.com','2',171,'c4f95b254847f8bce3f459b55e6c69fbc5b7a4b1f476a4d0976e72bef4b23b64','124.79.184.112','2017-01-16 12:00:20',1),(414,'1176902387@qq.com','1',171,'ceba3f73a0d7e9322924d56cca65a9f0f12f1fa6f57f4ca5e05d4d1887595cd3','124.78.209.208','2017-01-16 12:01:01',1),(415,'1176902387@qq.com','2',171,'ded62209433310ae3d6b0519517401784c3a1c2c9acff2dde7b7bf3eba64c9eb','124.79.184.112','2017-01-16 12:01:39',1),(416,'1176902387@qq.com','2',171,'1bc049b8a749e8c2dbb7a64c7a8de5ccfd7f4f3c96ae88e3fc1e7ec7d3fd80a3','124.79.184.112','2017-01-16 12:02:39',1),(417,'1176902387@qq.com','2',171,'77fc8517059479a3296db669160d04f166b5217c11efa74b09aa3f7b2337d024','124.79.184.112','2017-01-16 12:40:13',1),(418,'1176902387@qq.com','2',171,'d92615b45bfd72cccfb5c413c7ed432347c7791bd10878a19e0a9974ee956c2e','124.79.184.112','2017-01-16 12:41:15',1),(419,'1176902387@qq.com','2',171,'272d850bb58e3150f166e5a71270e4035f01c81481870d2f7b8eac91c11626e5','124.79.184.112','2017-01-16 12:43:06',1),(420,'1176902387@qq.com','2',171,'2846664cd14c455555869ab6ba2f6c8938fcff2185030788f71847e76d0dc28c','124.79.184.112','2017-01-16 12:44:12',1),(421,'jiang','2',2,'f7820bc3f68a0fb9160a63890e11e173189760c60ddbb910887bf9c558f23a09','124.79.184.112','2017-01-16 12:44:32',1),(422,'zhouyijun','2',171,'879d95d60695306cb8dd15124116322ef5006f497ba3d698324632ceebe973ce','124.79.184.112','2017-01-16 12:46:07',1),(423,'zhouyijun','1',171,'795e63d5e93344412e38e6c1015b080b8dd87bdfdf570111099396e8b6c8ea99','124.78.209.208','2017-01-16 12:48:04',1),(424,'zhouyijun','2',171,'2290af15e3464a7e6c991cdda4ea3a6e0b3fed7bdd19bffa486910efe9b51eea','124.79.184.112','2017-01-16 12:49:27',1),(425,'zhouyijun','2',171,'02bef9d30ce05533c2ed8fe9c787778d53038015840b6d204680e86b1b87782c','124.79.184.112','2017-01-16 12:49:48',1),(426,'zhouyijun','2',171,'c18106ae624305272185025b55dfcb61cf98a0257472dbea6ebcde9b0154c131','124.79.184.112','2017-01-16 12:51:22',1),(427,'zhouyijun','2',171,'c6d916505014b9693246318879a32356bd0490a18dde53d2b5ebf71c2e95d7f0','124.79.184.112','2017-01-16 12:51:48',1),(428,'zhouyijun','2',171,'825787aaae87cdbd738dd188c0af7bf79e0dd8e7c80457a1ee7339352cfd2a95','124.79.184.112','2017-01-16 12:58:09',1),(429,'zhouyijun','2',171,'6ce7e28b77163bd321320b34e6ac1b8fe8e51da14d70e49a1a50d84d39b36ec9','124.79.184.112','2017-01-16 12:58:46',1),(430,'zhouyijun','2',171,'b831232f1b8c73b5ce2bdd62cb59a334a2e3f0b29835e0b5aeddb99f67ab42ab','124.79.184.112','2017-01-16 13:05:18',1),(431,'zhouyijun','2',171,'0f5d26adf205e53527656dc9858ff7613558dd4e612e532b5780e530fa25d483','124.79.184.112','2017-01-16 13:19:33',1),(432,'zhouyijun','2',171,'b48f75d3b1ebce655b67af5de0e6a2dcd16a2f647a90a7c74d4995861fcc140b','124.79.184.112','2017-01-16 13:21:10',1),(433,'zhouyijun','1',171,'7dbcb84311cc1a62d69f5232b89ddaf72604945e6f458c47f834f30e4f0be5d1','124.78.209.208','2017-01-16 13:23:49',1),(434,'zhouyijun','2',171,'f4e9dd0d6d3adae710bcb2ba343ae4d48529047d4df5b3314e40b00ed73affe2','124.79.184.112','2017-01-16 13:27:46',1),(435,'zhouyijun','2',171,'07f77897b2f816c17f5aad8e5ccb2c2cce03ad6555a03b4d4b0d87cfb3230642','124.79.184.112','2017-01-16 13:29:03',1),(436,'zhouyijun','2',171,'1b1a1e69b4c2697524523eae894998ba97540c0350494800288112fed30ac0fc','124.79.184.112','2017-01-16 13:30:40',1),(437,'zhouyijun','2',171,'2d3bbaaa18887c30b11d6588b269ccefae5e2796b85656d81276f3d5687e7148','124.79.184.112','2017-01-16 13:32:09',1),(438,'zhouyijun','2',171,'da892a5b8766cbdb680b9747eed53285c9445398aca85a97e459920bc027a1f7','124.79.184.112','2017-01-16 13:33:28',1),(439,'zhouyijun','1',171,'8161838242b847b6fc5cb130b21e7398a45bfae019bed89ed6b95ea5d95687fc','124.79.184.112','2017-01-16 13:53:11',1),(440,'zhouyijun','2',171,'ab30f5188d7243704993a2eff39b8b8e54d2a656a72d0ff3d88bf360be7b28d6','124.79.184.112','2017-01-16 13:53:35',1),(441,'zhouyijun','2',171,'b625e99ae25e34824213b2145f78dec02ee4764b2325131d0801077c15dbd8f7','124.79.184.112','2017-01-16 13:59:26',1),(442,'zhouyijun','2',171,'187cfe90803285e56358f168389acbc81e1dbd7c3935f40315b2f99ad4457f74','124.79.184.112','2017-01-16 13:59:34',1),(443,'zhouyijun','2',171,'ea259d2c0d5829b4c16ce299a24b77190efdbe9ab1b00993f328c973a119910e','124.79.184.112','2017-01-16 13:59:55',1),(444,'zhouyijun','2',171,'7aeff12e95ab47ec52565864aaae74ce4439cd1a1795edb002ee0cc363a2579e','124.79.184.112','2017-01-16 14:02:48',1),(445,'zhouyijun','2',171,'1d47f884681ed918fcfa34f6de617c4d129a3a3836ebc95ec69c7b470d4b0723','124.79.184.112','2017-01-16 14:21:04',1),(446,'zhouyijun','2',171,'354cac67da85aa236d478362eebdbe0f170f43b7c6ed84c545e54f6b9472f38f','124.79.184.112','2017-01-16 14:22:14',1),(447,'zhouyijun','2',171,'2e7cd7bfe995abc265f96fcc7d74294ce4b482cf7d14cf08cf003e55ab747e58','124.79.184.112','2017-01-16 14:23:35',1),(448,'zhouyijun','2',171,'280f2f92a66967a6a31447d21b220ed7f185e30ca93df7107033c29ae711b166','124.79.184.112','2017-01-16 14:42:47',1),(449,'zhouyijun','2',171,'25b287d0ba1a05d73a21795f34c0f4765f531773eda0213b1b281fb3c71baa51','124.79.184.112','2017-01-16 14:51:09',1),(450,'zhouyijun','2',171,'9a14afcbf850792ee3848b2f1590b7d64010358a92eceff55e8322bdd92a2af3','124.79.184.112','2017-01-16 14:55:42',1),(451,'zhouyijun','2',171,'cec5acc9c0db50c08b251adf343acc30be8f20757483330277749d24066520fc','124.79.184.112','2017-01-16 15:54:40',1),(452,'zhouyijun','2',171,'a660ee5ea4ec51422499513fbfd3bbdca26071acfe147d03168f4f86acb94968','124.79.184.112','2017-01-16 15:58:08',1),(453,'zhouyijun','2',171,'2728a7aa02dc89779ffceb8bc4fd983898a4dbf94e59a05f5ebcdbc4da4fb56b','124.79.184.112','2017-01-16 15:59:13',1),(454,'zhouyijun','2',171,'f833533430a289756e86a4bb13574583b4bee89b27d6cbcadf46cd4b2e5d880a','124.79.184.112','2017-01-16 16:04:01',1),(455,'zhouyijun','2',171,'b18f7a606cac836e7674d43ef1b7bc6f106604c7aa08fef75cb591a75647e265','124.79.184.112','2017-01-16 16:04:26',1),(456,'zhouyijun','2',171,'27c63e07448a8ec05677f4f4d60fecbd065c40804a17c26bcc47237c835d4c1d','124.79.184.112','2017-01-16 16:07:20',1),(457,'zhouyijun','2',171,'2537bd8f260b581e124ad26e95f35bea73a119847472426d77ff2edd2f91aab0','124.79.184.112','2017-01-16 16:19:28',1),(458,'zhouyijun','2',171,'56935a671839d98df85f5a6fca88f135ac5a4cbc6d4175005e2b4dea8ef0bad9','124.79.184.112','2017-01-16 16:27:33',1),(459,'zhouyijun','2',171,'7215034bc00a1faaf7d811ecabf779b6f1aa90ef3ebb55bc495148aaf03334c4','124.79.184.112','2017-01-16 16:27:57',1),(460,'zhouyijun','2',171,'91a339cb0cbfd9b2eb2e820991f363c6c4a9478fabc3c97663d44269c0db85a0','124.79.184.112','2017-01-16 16:30:00',1),(461,'zhouyijun','2',171,'d826965b2f983c1792bf51fb32f9e4afda9c7103b9d7564cbc86367c063a80a6','124.79.184.112','2017-01-16 16:32:10',1),(462,'zhouyijun','2',171,'df919d6a5562b49ea0ba90792ecb36141992a0126748495df605a15478bead58','124.79.184.112','2017-01-16 16:34:58',1),(463,'zhouyijun','2',171,'6107103c9c6682bbce2ef699b8450128d573acde3171c2721404b089dd52ae64','124.79.184.112','2017-01-16 17:11:25',1),(464,'zhouyijun','2',171,'28900f86f5e9255894565b3c185227de9c6442b0c0109b2744753f8fb5c9e262','124.79.184.112','2017-01-16 17:15:21',1),(465,'zhouyijun','2',171,'eebc08cb4fb8c75952c8f84021430bc4d41c2e7cdc006cfc90cc5cdad079acb8','124.79.184.112','2017-01-16 17:17:51',1),(466,'zhouyijun','1',171,'ccbf50db14b064e40950f73673e89bb252c74c60805483285964be8499da98c5','124.79.184.112','2017-01-16 17:18:40',1),(467,'zhouyijun','2',171,'b89fe88deae21ef86b57191d53355013d8f2a2d725053758be8c864e086c9475','124.79.184.112','2017-01-16 17:23:16',1),(468,'zhouyijun','2',171,'99f677e42c6d30dfb0b00f586dad9be6dc849012b45bd247f729707ada125b8f','124.79.184.112','2017-01-16 17:40:53',1),(469,'jiang','1',2,'e21556fdc5d54a335deef2430b3b6f3dba84925212735c2f63157ca0c1d17363','124.79.184.112','2017-01-16 17:41:36',1),(470,'jiang','2',2,'9ace5fdcd58b7db5eff26c9ec329a2fab8c4fcdf895cf6112db9a71effc18513','124.79.184.112','2017-01-16 18:02:13',1),(471,'jiang','1',2,'0278979b400c3c8f4a5d2476d2d429a58aa77e703efa525b2dab17dc9cfa8ebe','211.103.26.67','2017-01-16 20:41:40',1),(472,'zhx','1',3,'72f08eb1eb9c4850008b73224b0f32a338071bfa907225e21f937c0112230f62','58.33.130.69','2017-01-16 20:56:05',1),(473,'zhx','1',3,'f116b4b8e3c3be8a3daa37880760a1faa5efd34c27f7218f5dece0a4eb0ad636','58.33.130.69','2017-01-16 21:08:58',1),(474,'jiang','2',2,'e979bab3bae5ae53f0dd4e49191abdae61053cbfeb048833fda978483714377b','124.79.184.112','2017-01-17 10:49:05',1),(475,'zhouyijun','1',171,'2c1c8f0e1e14dea8bed011541ff67d0d1c1e760caef7370e94a8156d26b02af7','124.79.184.112','2017-01-17 10:54:21',1),(476,'zhouyijun','2',171,'6b155765b8a16634866349536a2cfc5033f029ac1ed96b30b63ad36ff2811d62','124.79.184.112','2017-01-17 12:03:16',1),(477,'zhouyijun','2',171,'502d51b90c8f7cf6192568556f7280c10ad57100ca94921679f91a024e15ea04','124.79.184.112','2017-01-17 12:42:47',1),(478,'zhouyijun','2',171,'9eef79a7f52872e4ad5767ce5e82ecfbc668c53e0a30425975d1db861ed99138','124.79.184.112','2017-01-17 12:47:14',1),(479,'zhouyijun','2',171,'9df275539e067b8153b99a90b81ca732f6d2dbf3e5ac2d297e3b03f0c8091f4e','124.79.184.112','2017-01-17 12:50:47',1),(480,'zhouyijun','2',171,'488c251e23de17fe8cb769196ade72bad2510cbebcda63a7d9f203a721bd3779','124.79.184.112','2017-01-17 12:51:47',1),(481,'zhouyijun','2',171,'4ecb6a1e2f4f48ec7e838a8bd3a68ed1296fe47bc53bce3d8e3bc6050272ce91','124.79.184.112','2017-01-17 12:55:12',1),(482,'zhouyijun','2',171,'15d7fd2fcb4f2cf69118b104a6437323013f57a01715514ca43136fa20a6f986','124.79.184.112','2017-01-17 13:01:41',1),(483,'zhouyijun','2',171,'8348a312672be3f84280e899035badce44395871f9bb545f3f7d7685fb4861a2','124.79.184.112','2017-01-17 13:14:43',1),(484,'zhouyijun','2',171,'ed9e89220e38aea7ce3a4570607a7c66bcab3e3e30bf36605a527b2f69485908','124.79.184.112','2017-01-17 13:20:14',1),(485,'zhouyijun','2',171,'1e962208bf87c4c417b1ca5b904d6b19f152be6993fffd42697cda14d51c6e43','124.79.184.112','2017-01-17 13:40:30',1),(486,'zhouyijun','2',171,'24aee47d851ba3e844a58bb2c4bf0bd93a5483ca9c4ed893dcd145c5f1508b65','124.79.184.112','2017-01-17 13:45:10',1),(487,'zhouyijun','2',171,'320e16edd471be713735908b28580792583737148795bd26d195f098263d18c8','124.79.184.112','2017-01-17 13:48:13',1),(488,'zhouyijun','2',171,'60c88d879bad47f994b43b4d7334ca92cbca7dc53e7e5699c9236fc0087398f4','124.79.184.112','2017-01-17 13:48:40',1),(489,'zhouyijun','2',171,'899e6e35555e9e50bd8cb1747523cecf6af562504db0ba59c57be71b9a4a83c8','124.79.184.112','2017-01-17 13:49:41',1),(490,'zhouyijun','2',171,'b54efdc740d4538d95df6d79fa7815e3d925a0cdf6e5cd02a8e0289866ddb742','124.79.184.112','2017-01-17 13:51:47',1),(491,'zhouyijun','2',171,'763314b5e625d8d4847997f0d00e8efd4e317087f25580153d806ca405ef9ad9','124.79.184.112','2017-01-17 14:46:20',1),(492,'zhouyijun','2',171,'23742f0ec32e271c2f0bfb3e710649da79a4f5579f069abfb183b2b157ec9170','124.79.184.112','2017-01-17 14:50:33',1),(493,'zhouyijun','2',171,'d216a6f89f1b5fd9e6bbd978226e65b8805a622725baf5511fec57445ed31182','124.79.184.112','2017-01-17 14:51:34',1),(494,'zhouyijun','2',171,'5a6d8fe68325e6fe0f2fd83c3187e8ad157d48acd89266d31a551756bd876a39','124.79.184.112','2017-01-17 14:52:54',1),(495,'zhouyijun','2',171,'69c3adf10bc3b53974c8c7cccb0911f442c2c7120199695872029f6c5a5ed2d6','124.79.184.112','2017-01-17 14:54:46',1),(496,'zhouyijun','2',171,'cd3f332df553360dc4985b00252e4c3f8024b1f07643c4fd25ee9feadf669d32','124.79.184.112','2017-01-17 15:16:03',1),(497,'zhouyijun','2',171,'8522cf94ec6931a9187b1cad43a1b7dd9f1fc1c97f6d53f078625e0dd37f4f23','124.79.184.112','2017-01-17 15:20:25',1),(498,'zhouyijun','2',171,'90fd5aa05fdc84e7e31438498449bff2f3ac88b811d8e6acbd5ae8bcb9c32d4f','124.79.184.112','2017-01-17 15:21:37',1),(499,'zhouyijun','2',171,'34f1b3bd47019108e4c23da023732594d1145f2fff900b8eea8c1732dc75d2e2','124.79.184.112','2017-01-17 15:23:16',1),(500,'zhouyijun','2',171,'6aa2e0f10ed0443c5d730431fc4fd68250e0d5bd2a1877da3a2f5ead620b48b5','124.79.184.112','2017-01-17 15:25:22',1),(501,'786185931@qq.com','1',2,'e6d8f82ffed27eb268f500b84f3f69adae7a05ff446e59447306841b07e39c00','120.210.162.33','2017-01-17 16:16:32',1),(502,'zhouyijun','2',171,'2ae2369f6ddd0fca860a13df5478f717621b7dc6ab28ed4da9488cb6dd7da32a','124.79.184.112','2017-01-17 16:18:35',1),(503,'zhouyijun','2',171,'c0510defafad1ebefba6082ad320786dcdcb64e0902a20f70f94648090130bb5','124.79.184.112','2017-01-17 16:19:06',1),(504,'zhouyijun','2',171,'e142d784481127afa4bfdc24c9748d854cc4339218d9abadc88d9978f0b1e80a','124.79.184.112','2017-01-17 16:19:58',1),(505,'zhouyijun','2',171,'0a49e03d7ebe8d51365953fec0863d55c088525f64b5c09c0e329b397d7ea134','124.79.184.112','2017-01-17 16:21:00',1),(506,'zhouyijun','2',171,'ace082fe19139afda6c0d3c04f7bd0403bf67ab0ca16029c0b7b3caa7786df74','124.79.184.112','2017-01-17 16:23:55',1),(507,'zhouyijun','2',171,'cc7549c9790d31dfd850ab50fe5f16368f6896d1d276cdcf9c4b82d2a5e09048','124.79.184.112','2017-01-17 16:27:35',1),(508,'zhouyijun','2',171,'5f9be645f358b188c0c6a8039d4a109dfc8fd65508197499775c858a426c0c0d','124.79.184.112','2017-01-17 16:31:22',1),(509,'zhouyijun','2',171,'4cb287b133a49378d20569a19cd3932614b293a2f4f6421f7282dd248cee0b2c','124.79.184.112','2017-01-17 16:44:40',1),(510,'zhouyijun','2',171,'b811ff41be6fae8bb1fa77558c0bd5ec6a18b61ff52c13391b7e8645c2558fdf','124.79.184.112','2017-01-17 17:03:17',1),(511,'jiang','1',2,'58cb66dffbb067852e6336aad97ca13356112500a96565e867b71c2ea33e97e7','120.210.162.33','2017-01-17 17:03:41',1),(512,'zhouyijun','1',171,'fa96a6da546d46c93cee572d0947abdeef93f80eda560e5a9df435d6c8717540','124.78.209.208','2017-01-17 17:15:49',1),(513,'237812367@qq.com','1',6,'','116.246.2.245','2017-01-17 17:19:34',0),(514,'237812367@qq.com','1',6,'','116.246.2.245','2017-01-17 17:19:42',0),(515,'zhouyijun','2',171,'7731929cc795b1a065183a2d71e83a1bac6bfbda4cdaca5b173049090123f2ac','124.79.184.112','2017-01-17 17:31:38',1),(516,'zhx','1',3,'b1f44b0da4c4271f5c5e7f6e7fe61153138f31f41d801ae941e677f93104442d','124.79.184.112','2017-01-17 17:36:44',1),(517,'zhouyijun','2',171,'190aa1b7985b77ab1df1ff865a06268fa224bba6269a1566fa10e31ed9da0eb2','124.79.184.112','2017-01-17 17:41:14',1),(518,'zhouyijun','2',171,'0a36b71c73427164f194d73612b8076fcbb7c1f08b45ad8c20a4d12a6871e2d7','124.79.184.112','2017-01-17 17:42:38',1),(519,'zhouyijun','2',171,'65b3d74b62cc5f1dac3297366ceb5065e6d0955dd66aad7b88328081e98c1624','124.79.184.112','2017-01-17 17:43:57',1),(520,'zhouyijun','2',171,'47e3960c7f53fecde44e6c86347ca59ce067d0e6e87e0ede7e558e581224037b','124.79.184.112','2017-01-17 17:45:59',1),(521,'zhouyijun','2',171,'e5d5a007eb95221cd59c6a59e75c459092b2ba2c49ade5419ec46c89787b2275','124.79.184.112','2017-01-17 17:50:20',1),(522,'zhouyijun','2',171,'edce029db048441ad1194f2103be9c75b1973881010a7acb79cadf76a23f5963','124.79.184.112','2017-01-17 17:51:54',1),(523,'zhouyijun','2',171,'ebd06c1b0bf37e42ef72b289cacef8b358283bfc8e228c89ba63b15785f44cb3','124.79.184.112','2017-01-17 17:53:00',1),(524,'zhouyijun','2',171,'f111b75a7ec14e0e764bce5e2fcb829d25a5a4e5a234ed030cc6141ccefd426e','124.79.184.112','2017-01-17 17:54:14',1),(525,'zhouyijun','2',171,'e9044bfb909625e973b5ae5b90d06fd5a9382b39e12c8f9a98c6a321982b6759','124.79.184.112','2017-01-17 17:56:24',1),(526,'zhouyijun','2',171,'bc74c803ed7ef8b740e5abf4bd10de017061b0bcb37f70faaeca2ea1a0a1c6c0','124.79.184.112','2017-01-17 17:58:14',1),(527,'zhouyijun','2',171,'692bc18dc6d292ddfe103a669ba3a0108480f2e29c447541368303a0ee456a23','124.79.184.112','2017-01-17 18:00:37',1),(528,'zhouyijun','2',171,'509321ccc4665727b211d6c304477a2de5e9d78ba532b672ce7acfd72ce2e341','124.79.184.112','2017-01-17 18:02:43',1),(529,'1176902387@qq.com','1',171,'d08c50606bad9353a87ff027a6c66cd4150e7c37766d1d3c4fc86c01529a3b2e','124.78.209.208','2017-01-17 18:03:47',1),(530,'zhouyijun','1',171,'6b73b22f03b45fe9beeaf24ebf7cc7eb785eb9622e5f369b34d66eed57926f15','124.78.209.208','2017-01-17 18:16:58',1),(531,'zhouyijun','2',171,'4ef1bb6b444b3b488fe727e64a04c3c029895187940ea08228049c6ebaa58f8e','124.79.184.112','2017-01-17 18:25:35',1),(532,'zhouyijun','2',171,'28d98af674fd12f19359776da68495c7ea4e5b7b0d7eadd7f9e6f077813f2df0','124.79.184.112','2017-01-17 18:27:18',1),(533,'zhouyijun','1',171,'9a6e5eae7e1a1014980923495a2cc60803466072bab16b7895021d4f34b00b3f','124.79.184.112','2017-01-17 18:28:30',1),(534,'zhouyijun','1',171,'154c0221517c11ec2ffb7e59ab77cfcafd46491866eeb6863604cd024e228ca7','124.78.209.208','2017-01-17 18:29:58',1),(535,'zhouyijun','1',171,'c5d78d66063a694a427d9f859750b63ea719b811f4b7f5fd081d8230544f23c3','124.79.184.112','2017-01-17 18:30:44',1),(536,'1176902387@qq.com','1',171,'17d3a83a69fcb07238d32f6cc586597185972d3a16d9ff8799facc43e00b55b4','124.78.209.208','2017-01-18 10:09:50',1),(537,'zhouyijun','2',171,'78cb133648649ab07d9157baa1da729a9a111b57d3b866217b564f73ba86fea5','124.79.184.112','2017-01-18 10:18:39',1),(538,'qqq','1',111,'','101.226.125.113','2017-01-18 11:18:25',0),(539,'qqq','1',111,'','101.226.125.113','2017-01-18 11:18:33',0),(540,'qqq','1',111,'','101.226.125.113','2017-01-18 11:18:38',0),(541,'qqq','1',111,'','101.226.125.113','2017-01-18 11:18:48',0),(542,'qqq','1',111,'','101.226.125.113','2017-01-18 11:18:50',0),(543,'qqqe','1',186,'fbefefb72d118ef64d543c650e3bc5ea19e6033c886c6a4229e18fcb40360790','101.226.125.113','2017-01-18 11:19:37',1),(544,'qqqe','1',186,'3743c841fea09e614d68ed6efb1a973c1bc419578981c823d55cc2cb789ad1de','112.26.232.76','2017-01-18 11:25:26',1),(545,'zhouyijun','2',171,'bb4696891e6d0aa08a98dc7a56c08491c30a0a56becde6e8f0339adaceae6772','124.79.184.112','2017-01-18 12:05:37',1),(546,'zhouyijun','2',171,'d5c35aaa82bc09f7bd6e30cb2f60b064dcc10c245acbeb1abf27ee3974de1225','124.79.184.112','2017-01-18 12:17:43',1),(547,'zhouyijun','2',171,'f9d9fde6185523e0b5a47d97f1e5f9700ab43d55e44aa576c7babd962b1906b9','124.79.184.112','2017-01-18 12:19:29',1),(548,'zhouyijun','2',171,'37e4b723e481142a0c592564a85cd055369ff731fca375eaaafa55027fd16bc8','124.79.184.112','2017-01-18 12:23:50',1),(549,'zhouyijun','2',171,'4f0140982e5dd89b284a7a4933d97ec3759efa9ea7004388fb74e8653559e167','124.79.184.112','2017-01-18 12:38:32',1),(550,'zhouyijun','2',171,'08fbe60f8079b2e7fe730bd74bc7361c9ca36641078629943d8c981cd31febf9','124.79.184.112','2017-01-18 12:39:44',1),(551,'zhouyijun','2',171,'5676859e4ff4ec6002fdc204c00d88950e815882923673378c550c4cbbe97194','124.79.184.112','2017-01-18 12:40:11',1),(552,'zhouyijun','2',171,'e3503fe74468642fdd013eb60953b2663de3aec437a5462bdad391711d778064','124.79.184.112','2017-01-18 12:43:01',1),(553,'zhouyijun','2',171,'06868e61a36964d289a6b82423996bfb8551051d3e0eb24a094a45f9f6bd47b8','124.79.184.112','2017-01-18 12:55:26',1),(554,'zhouyijun','2',171,'243c8e65e0308d51fb70275606d7ee879bda701ab42379526bacd0cebce1b377','124.79.184.112','2017-01-18 12:57:42',1),(555,'zhouyijun','2',171,'e5c8e8a1d7aed836765fe8b02879b2efbd5a47debe551340bebe9f176cea22c9','124.79.184.112','2017-01-18 13:00:32',1),(556,'zhouyijun','2',171,'330986b8ac7c0c6f18cbf2adba0ed467d689683632af44325078b4154c93dd34','124.79.184.112','2017-01-18 13:01:09',1),(557,'zhouyijun','2',171,'233b032eed47d897ca4ec6f8d8aebb0b81d772222e66f21c2879341bd9585ac7','124.79.184.112','2017-01-18 13:02:12',1),(558,'zhouyijun','2',171,'06a38c6bfd0d8cabae08b1d9f7b3af37f6ff498ab6d64c0e7c5ea40983478706','124.79.184.112','2017-01-18 15:29:15',1),(559,'zhouyijun','2',171,'31efe831ea4af40501f2f8b0a450f902078d869018f937eb4c2ec5904f1e41fb','124.79.184.112','2017-01-18 15:29:46',1),(560,'zhouyijun','2',171,'4822165812c912d9e6c4096a84333e3bac5f9e982d3518d273a3070841f90f77','124.79.184.112','2017-01-18 15:31:12',1),(561,'zhouyijun','2',171,'674f05227a1e42ea22b97afb3e1c092c6704bb9f4557d2e3f73e749367c56cb7','124.79.184.112','2017-01-18 15:33:41',1),(562,'zhouyijun','2',171,'19eb0f6a4bbc8739b1d69b35f5e48815be115d34c3fa59ff1c83960b5554199c','124.79.184.112','2017-01-18 15:34:50',1),(563,'zhouyijun','2',171,'4f18374e825baf90bf31aa57c001555e500763218733755ec02dfd3e60ae7c86','124.79.184.112','2017-01-18 15:36:20',1),(564,'zhouyijun','2',171,'3bbd984c26167619bfb5a9cfe8d9c48f3e7b283c2ee3b27cde9d6ad486180a99','124.79.184.112','2017-01-18 15:37:40',1),(565,'zhouyijun','2',171,'b45b7b68172b5e3be94f3da4a1309a1806c8028c62fe2fc2f411db58d32ff0ed','124.79.184.112','2017-01-18 15:37:57',1),(566,'zhouyijun','2',171,'a1fa33e8c1b4a82708336ac93ee1d65dc76009597fad7b88dea44e95e12b6d6d','124.79.184.112','2017-01-18 15:38:43',1),(567,'zhouyijun','2',171,'fab147e0e6ecda72407fccd41e93b56c68752f759be9acb5c771ab72b2cad8e7','124.79.184.112','2017-01-18 15:43:22',1),(568,'zhouyijun','2',171,'41cb1126dbca697ecbe1dc19550d7414e10b7bcfd017d70a4d22459aa2d21159','124.79.184.112','2017-01-18 15:44:15',1),(569,'zhouyijun','2',171,'c4085cd5fd08e581f3c210c3449648b3ecf8a94189a09f0e93ed5fa0d5356f44','124.79.184.112','2017-01-18 15:44:57',1),(570,'zhouyijun','2',171,'d0af235250e67199b91994ffbf3c687c484fb2817d0dbd7ff0b4704a498d3247','124.79.184.112','2017-01-18 16:36:07',1),(571,'zhouyijun','1',171,'d78a6cc8a65eb00512a2cf5ac043c56aa08c4dfffcb99f8d535a37ab19c11a5b','124.79.184.112','2017-01-18 17:07:05',1),(572,'zhouyijun','2',171,'7c2b326f0aca77f4622af58309e5a68d7de06cbc3a6c9902ad1aea6d55794668','124.79.184.112','2017-01-18 17:09:58',1),(573,'zhouyijun','2',171,'d5349aa4839abbad2ff6656804ba15c6f1f6e4dde3aac75c9536b40e05cbd128','124.79.184.112','2017-01-18 17:36:37',1),(574,'182666781@qq.com','1',185,'c71730bca3387a7562a536a71464a543d55da402fafce5da1c79e31425029640','::1','2017-01-18 17:38:28',1),(575,'182666781@qq.com','1',185,'147f7fba0f3dc81fddab23f0a70a9ed0594b6874d5a8ea54f3b66dba5be55bb3','::1','2017-01-18 17:38:50',1),(576,'kellen','1',185,'5a7d320e976d1d8d73fee2ec050143d4ba629803ccff88fb31534f879d1ec916','::1','2017-01-18 17:39:14',1),(577,'zhouyijun','2',171,'9f4e9dd91881c747eb7d84b5979c4fb2c88ebb529039dc6f8b5ef09360586bde','124.79.184.112','2017-01-18 17:42:17',1),(578,'kellenwang','1',187,'2f862a1bc80be8a6ae6c94146afae054dd8b2329bd2b3057e147a15cf1ddfb70','::1','2017-01-18 17:45:55',1),(579,'18266678@qq.com','1',187,'8fcf748792668dc2e26ebf738a9a07893049e1eb518f5ecb24eff276bfcc2c6c','::1','2017-01-18 17:46:14',1),(580,'18266678@qq.com','1',187,'3a76e26ab1ae2efadfe771fd8bc7950ff53b8c56b785159a550dbb676e8e4773','::1','2017-01-18 17:46:50',1),(581,'zhouyijun','2',171,'62399645961b97be3d2f24f1af7ae77e58014a129be86170c5121777dfe1e1b9','124.79.184.112','2017-01-18 17:48:51',1),(582,'18266678@qq.com','1',187,'c0eaddb6de0b7c3982b53086c3708f3a451930074a36146bc507571d4f29adb2','::1','2017-01-18 18:15:21',1),(583,'1176902387@qq.com','1',171,'91e05d6dcacf11e9ca01c7f6da89a443b65e1002955514f59f9d648a69acb955','124.78.209.208','2017-01-18 18:15:44',1),(584,'182666781@qq.com','1',185,'40b61060e5379098347e0ce90d5c3d1b658879a55907f66f2a8fe03d7c92da68','::1','2017-01-18 18:15:47',1),(585,'qqqe','1',186,'d8dc200f7a15950a7e70c98169f943f8ccae0b03601fbac51dbb9179a1f9f393','112.26.232.76','2017-01-18 19:55:22',1),(586,'qqqe','1',186,'7b19a564738af11546be1fc3ffcb8ce7afb2aa1137ddc65224e71fa69a392e5e','112.26.232.76','2017-01-18 19:55:45',1),(587,'zhouyijun','2',171,'79d2f05ddd83159d08f7e027faee490808092992ce2df28de7d70789841e2ffe','124.79.184.112','2017-01-19 10:54:55',1),(588,'zhouyijun','2',171,'cb124ef86cb2174efcf09b121c050d8d442b8e650a9bde695b398ef76a46549f','124.79.184.112','2017-01-19 10:55:26',1),(589,'zhouyijun','2',171,'2ea854a2ca8d63797a36b426df7ef396cf94067af9f00fc611bdfeb1baecb7ec','124.79.184.112','2017-01-19 10:58:03',1),(590,'zhouyijun','2',171,'97fb1e1233d3fac56e8eb00eaf872a6e7dd8fcf3ca8f7c46701cc6b113949e28','124.79.184.112','2017-01-19 11:00:25',1),(591,'zhouyijun','2',171,'247408aa16e05675ea446fc1fa8f0c6038e52fa94713d48bb1bea03176fd23f1','124.79.184.112','2017-01-19 11:01:10',1),(592,'zhouyijun','2',171,'a290531571d30bdc9734367af8a9b25db6c70d3305a61d7681ccee90b3aaf4b1','124.79.184.112','2017-01-19 11:47:24',1),(593,'zhouyijun','2',171,'a98b7e0053e31bc843806601d7e748a18e8158fdbff1ec82ec219a910aa87a17','124.79.184.112','2017-01-19 11:56:54',1),(594,'zhouyijun','2',171,'13d75c4d94627268becfdf43c972df7592a27dadb5723e27a2a1f750219ad37b','124.79.184.112','2017-01-19 11:58:59',1),(595,'zhouyijun','2',171,'497db9730a625f139f4143b9d7edb6163b6b048642fa0cdb7987003df127c7e6','124.79.184.112','2017-01-19 12:02:12',1),(596,'zhouyijun','2',171,'700db6f3f81f51f1d52e211fcba39780983d1a30ef29e0f9927ec438c3d5621f','124.79.184.112','2017-01-19 12:04:24',1),(597,'zhouyijun','2',171,'07a2f7578e7eb5987aa094ef9c633149e369da16e6b87ce1ae86c5c8c58fde18','124.79.184.112','2017-01-19 12:42:47',1),(598,'zhouyijun','1',171,'cc408cb5d4c525a55f3401af0489aefd575bf1c502d143e4f0018920d2fc9e36','124.79.184.112','2017-01-19 12:42:47',1),(599,'zhouyijun','2',171,'28b2465e2a54d645a46e01ea6564925ae67ac4d4aa83ebc055a6e343ce3b1496','124.79.184.112','2017-01-19 12:42:58',1),(600,'zhouyijun','2',171,'007bfb96e458d9b07d47a6c9b801884b200b04ae3aeffa850355e036317d7ec4','124.79.184.112','2017-01-19 13:49:50',1),(601,'zhouyijun','2',171,'5fa0ab404d8f3e325dd5e9f6e8fafe7ecbf39bf62ec66ed423822157bfe8e488','124.79.184.112','2017-01-19 13:52:46',1),(602,'zhouyijun','2',171,'bc1a3f8733ed92ba83c6516db19a34a2c3c07a43fd2b3938dede2daf1ffdb7a6','124.79.184.112','2017-01-19 13:53:41',1),(603,'zhouyijun','2',171,'ec4fdd86445023fef49b41d2a5ddc072d28fdd995d194413720ba3e221b6ccfa','124.79.184.112','2017-01-19 14:00:47',1),(604,'zhouyijun','2',171,'fcf5be93bde68b86d4abd753590a919b1344d23c18a885e4543fc40df1681312','124.79.184.112','2017-01-19 14:01:33',1),(605,'zhouyijun','2',171,'8da214dec5f18f0596cf017ff396decc50ee1c8c53ee94a30729d357009e3b4b','124.79.184.112','2017-01-19 14:01:59',1),(606,'zhouyijun','2',171,'2638f98f54d8ee1f1ed1ec6a610bb827da1818f25eb9f7e0030a271de8c05e20','124.79.184.112','2017-01-19 14:03:21',1),(607,'zhouyijun','2',171,'875300ec4b4df85097e83eead1b089efabe35a8522cf6f153342082d92d62194','124.79.184.112','2017-01-19 14:06:49',1),(608,'zhouyijun','2',171,'347684ddd0ac89e5f2f7a60dac2b59524f28c26a4d8cdd397e321594d230c556','124.79.184.112','2017-01-19 14:09:39',1),(609,'zhouyijun','2',171,'dcf1ce09407a1d11b5210ff70a105a671eaf43d56521328328ec2a7312f993b4','124.79.184.112','2017-01-19 14:10:53',1),(610,'zhouyijun','2',171,'5df1131c26681301d746c210eb60cf61ebe7531c66b695dec84c1766ba529c5a','124.79.184.112','2017-01-19 14:14:35',1),(611,'zhouyijun','2',171,'0baafc8cf9b1212582e125635e028d10bbce3bbd97bc466782b794f56c964d02','124.79.184.112','2017-01-19 14:18:21',1),(612,'zhouyijun','2',171,'e16f1d29753c7937344ee260d83224821d10d34c68d28a98f98eb91445e741a0','124.79.184.112','2017-01-19 14:22:54',1),(613,'zhouyijun','2',171,'879940b0973bf0e312790cca7797492e1e9996f9f8916e45e16b9835051c3ceb','124.79.184.112','2017-01-19 14:38:33',1),(614,'zhouyijun','2',171,'431aad0b8bd856a30da021a10c282aa835247ea58c2536a557483cb9b344c627','124.79.184.112','2017-01-19 14:39:18',1),(615,'zhouyijun','2',171,'7cea3eba57d3163f94a507b4510c2ea222159d2c1256221384b64bc32041021f','124.79.184.112','2017-01-19 14:41:51',1),(616,'zhouyijun','2',171,'2dd7db36198608e9d688e5a4604c7e28878743683fd1673b428d26ebec6d61b6','124.79.184.112','2017-01-19 14:45:30',1),(617,'zhouyijun','2',171,'7d22d07084c1ee3ef56110f3c0c44b5103b9c766427011cce6c3071f87d91e40','124.79.184.112','2017-01-19 14:54:09',1),(618,'zhouyijun','2',171,'446d7a32f1707a74cfc58feb67858249a228283a042611b5ad62418fd623679e','124.79.184.112','2017-01-19 14:55:20',1),(619,'zhouyijun','2',171,'ef73b9b99cf355aad80602ce79dc54019863087e509fc2d387aa74535eec45e7','124.79.184.112','2017-01-19 14:58:13',1),(620,'zhouyijun','2',171,'f587f60947e328aac8f51e62c744d7125481edadf0f2cefe4b0a7f99e0308e32','124.79.184.112','2017-01-19 14:59:53',1),(621,'zhouyijun','2',171,'7ee3b3d3917587c9a7b04d517c603202c7ab8a45a536d08452a444e42df592ae','124.79.184.112','2017-01-19 15:07:31',1),(622,'zhouyijun','2',171,'6cdaae5e532cac4daf889a62eeda319970382aa4c1ca1088cd1528c31044fd27','124.79.184.112','2017-01-19 15:12:11',1),(623,'zhouyijun','2',171,'d0fd9e433f26e793cde3451c097abc5dfbf394593ade880125d134b9594a345f','124.79.184.112','2017-01-19 15:15:48',1),(624,'zhouyijun','2',171,'2be559a02149678b980cc8c8aac79b6a6ad75ba3dd703b347b35020669cce959','124.79.184.112','2017-01-19 15:17:08',1),(625,'zhouyijun','2',171,'96c590f684a709f1af23ede138dc929d81a2c6c3a3260403a1849c7af13e1cd9','124.79.184.112','2017-01-19 15:19:26',1),(626,'zhouyijun','2',171,'b5fadae75410579cf6f90049bc53d6b60f1cc8f264da68ec4c2fa12808257531','124.79.184.112','2017-01-19 15:31:53',1),(627,'zhouyijun','2',171,'3dc329e42489cb1051990b5d46d5e3a7b7618eec88d7b24a21ee0179024dd6ed','124.79.184.112','2017-01-19 15:40:34',1),(628,'zhouyijun','2',171,'98a82d72523a9eacb0362a72d58229aeacc5384eab4ac0d50c67004166d3cc69','124.79.184.112','2017-01-19 15:41:31',1),(629,'zhouyijun','2',171,'1721d75324fac23f7f34eea8d9a5f614aac930a27e96318a47fd3304b375ec44','124.79.184.112','2017-01-19 15:43:30',1),(630,'zhouyijun','2',171,'600c6cb133738dce1482eb4c452f7f6e684366832cc7e6c9076f1ed129dfe966','124.79.184.112','2017-01-19 15:46:07',1),(631,'zhouyijun','2',171,'d8a5f9b5cc36993461df495c43900932994d72e4bf89dd9ceffeb4f87754930c','124.79.184.112','2017-01-19 15:57:42',1),(632,'zhouyijun','2',171,'1486a49b809048dda393343f95ac9459ed35968847c04442be235c9147034187','124.79.184.112','2017-01-19 16:03:03',1),(633,'zhouyijun','2',171,'924e4ab34720923ba84199e206bf079b277ce8ff38dbb19abc12953ab62b89ff','124.79.184.112','2017-01-19 16:05:18',1),(634,'zhouyijun','2',171,'08604c816ee1f8c88c3b3c8d09ff5481565c1dc0fbcb381c79a9b9c5621b22ca','124.79.184.112','2017-01-19 16:06:53',1),(635,'zhouyijun','2',171,'89d1468d3ee09101d3066fb74a9ec5b632ab72460f0fe043c49af38fe53cef74','124.79.184.112','2017-01-19 16:09:08',1),(636,'zhouyijun','2',171,'975b45311deb40516d9a384adb346622947b6c14d682a28e2e4211fc2ef80221','124.79.184.112','2017-01-19 16:18:10',1),(637,'zhouyijun','2',171,'693017a78b12b6cb16df93e921a12a1cfeb646da2de4c22f984e0799c3a876fa','124.79.184.112','2017-01-19 16:18:20',1),(638,'zhouyijun','2',171,'c0a0938c025f6bd3b2ad93fd78349d694caa8d44e7d6393a3a7a76d4954986fc','124.79.184.112','2017-01-19 16:19:45',1),(639,'zhouyijun','2',171,'85d94ae68989d2243fc3777934e5eb3354f7d828f72dece574be7bae3ed6eba7','124.79.184.112','2017-01-19 16:23:09',1),(640,'zhouyijun','2',171,'fc56ffa5386d81e9c66f5599b04ac410d6626c0fa2bd4b0a46fea372c568bc60','124.79.184.112','2017-01-19 16:24:32',1),(641,'zhouyijun','2',171,'e19172355569453475fff29536069a8031bb7b02308b2c96bf2c40a18e3cf06e','124.79.184.112','2017-01-19 16:26:50',1),(642,'zhouyijun','2',171,'5a68d282251fd423f5d6162e5bcbb7adeab1f94fb1fe90fb5c079340d7f6993a','124.79.184.112','2017-01-19 16:30:22',1),(643,'zhouyijun','2',171,'6003059836d59615271b2bce0c1706d05ab539a426d9e657b7c1c1fcc3666b97','124.79.184.112','2017-01-19 16:33:22',1),(644,'zhouyijun','2',171,'79c1ad7c869bcfaf919686b21c4e81f07640fb1e745750f1dc1c74d9ada3f014','124.79.184.112','2017-01-19 16:35:55',1),(645,'zhouyijun','2',171,'989a32fe9c65a767091bb0747165f9cb68cdf274ca778f53eb71ca7e4a80746c','124.79.184.112','2017-01-19 16:49:24',1),(646,'zhouyijun','2',171,'6079ec4255bdc77a2e7d7ec0d75e64d2a44a8889b3d1b6f8e401f46edb73532a','124.79.184.112','2017-01-19 16:55:57',1),(647,'zhouyijun','2',171,'6e480567b20b97b5ef276710c68b52c65255d622a8eb530322be92889ae82e86','124.79.184.112','2017-01-19 17:08:19',1),(648,'zhouyijun','2',171,'20dd016cda89a55e9d6dd39a7016a2c2436ae193c6a7968efe5548a141809c7d','124.79.184.112','2017-01-19 17:41:59',1),(649,'zhouyijun','2',171,'2b5d49d59c6eea2bb5b8d4a126c461c1628115beb5cd31fcceab260379715aba','124.79.184.112','2017-01-19 17:45:01',1),(650,'zhouyijun','2',171,'6902a45d259cb031c4e8a3d4deffe787403c7b904181960094bdd616db26c5fc','124.79.184.112','2017-01-19 17:46:11',1),(651,'zhouyijun','2',171,'c3ea66a5da06d48086e46228878d9c00881630c0aa705575f017fb2944f97849','124.79.184.112','2017-01-19 17:46:33',1),(652,'zhouyijun','2',171,'b6ee12da158e21ed6cf4c5a1a849cd60bad14a2b6b43746714c0391c66bb52cd','124.79.184.112','2017-01-19 17:49:02',1),(653,'zhouyijun','2',171,'809353cac78616662fd0b8ecc11dbdfb06c3bff3b83bd29de617ac1cb716b03e','124.79.184.112','2017-01-19 17:50:30',1),(654,'zhouyijun','2',171,'4034b28ddff3797cd067646e57a50090ece739527c155c87e7ded5d4b16f89d1','124.79.184.112','2017-01-19 17:51:51',1),(655,'zhouyijun','2',171,'c3c21dd2d4c5cd11c809a8f4b07ac887c36047031d65ee23a1f89ec949290391','124.79.184.112','2017-01-19 17:54:07',1),(656,'zhouyijun','2',171,'53a9af040b51f5b4d5d4d35e21ee60a1fb454d45861dd4f3c3257c04d43ebf63','124.79.184.112','2017-01-19 17:56:08',1),(657,'zhouyijun','2',171,'8baa58f350359efa794cb71839948e9fb23cece04d5c0f2d8c068415e246a16d','124.79.184.112','2017-01-19 17:57:41',1),(658,'zhouyijun','2',171,'d2adebbf8ea0a6edbe101c2964ac39b9dadd13b449286795abf4e6c2babe29a1','124.79.184.112','2017-01-19 17:58:07',1),(659,'zhouyijun','2',171,'90b6d61490e71f6848195f3f3797eacc0844242919f4f5be92b48c77e1ddbbbb','124.79.184.112','2017-01-19 18:00:03',1),(660,'zhouyijun','2',171,'ac9b42088ebac79d81f06997529d1f1b9f1399a4e1e10f22e7a943641e8d57f6','124.79.184.112','2017-01-19 18:16:18',1),(661,'zhouyijun','2',171,'240bf70288c19615b7e935822b6ac364e7b59f80f7092675fa9d433c5aedead7','124.79.184.112','2017-01-20 10:08:14',1),(662,'zhouyijun','2',171,'d79649c93e8bfb3f4cb546a1c7bb6aadbb82f08cc86017cbfb01caaec845f7a9','124.79.184.112','2017-01-20 10:18:37',1),(663,'zhouyijun','2',171,'9f7e671436dc618ca088e76006d0d05888521c794f067b124092a5451e2ff403','124.79.184.112','2017-01-20 10:20:54',1),(664,'zhouyijun','2',171,'e845b0d1c249c3e5ffe8a6e8fa1aea61dd39b9a533f5f95d78d57619af107549','124.79.184.112','2017-01-20 10:24:54',1),(665,'zhouyijun','2',171,'64c8e41c0220cb17d230d346b255af89da3c8ce4a4cb6b64ead3a032b70d6069','124.79.184.112','2017-01-20 10:33:59',1),(666,'zhouyijun','2',171,'ef1574ff300381a9e569a165d37716264c9db7cac769959f5a5d1188e1ba664a','124.79.184.112','2017-01-20 10:36:43',1),(667,'zhouyijun','2',171,'96368e27cdc375bf1267f294fbbfb0a3c4b33d4f8e45c189bf4606cd4eaddeaf','124.79.184.112','2017-01-20 10:38:54',1),(668,'zhouyijun','2',171,'b85b927eb1d5400985e158b976e9d7d3b5d54dd8ce6cdd794783471ba7943cd1','124.79.184.112','2017-01-20 10:39:45',1),(669,'zhouyijun','2',171,'43fcc1fce48c030039dfe307c0a93351d0ac8140f12e38dd705758d53f1a852a','124.79.184.112','2017-01-20 10:42:44',1),(670,'zhouyijun','2',171,'30487912fbd284dd297caf7db04ebcb6da1c1ae9088d4c23df2dabbf3843ea5c','124.79.184.112','2017-01-20 10:47:16',1),(671,'zhouyijun','2',171,'5e66a701ed22abde0450fb4b658b2b9c014a7a55653d97b633e471ab900dc07c','124.79.184.112','2017-01-20 10:49:35',1),(672,'zhouyijun','2',171,'cfcb8da936f5469b916be9de8645025ece5ca5255054ab23ac6f307dc5ba0df9','124.79.184.112','2017-01-20 11:25:48',1),(673,'zhouyijun','2',171,'99943a7fa7a07e81164057cb0cffb66a4caa4a8eb9c956825f32eeb2ced39cbe','124.79.184.112','2017-01-20 11:27:14',1),(674,'zhouyijun','2',171,'082a7a7c67ecdfd3e6a19f9882b29642e90146d93a9efe0e67ab107047730fa8','124.79.184.112','2017-01-20 11:28:51',1),(675,'zhouyijun','2',171,'24a896047ba22b561dc0a188776139f4af285f4d7865b53f8ac9abe757f9562c','124.79.184.112','2017-01-20 11:31:15',1),(676,'zhouyijun','2',171,'93da0ec422baa16bddadb7a8578669d7d22606c45e2456c443a855bffb21254f','124.79.184.112','2017-01-20 11:32:05',1),(677,'zhouyijun','2',171,'7541cc67f14af031791a1fbf8a4e72e4fb4280596c7ba49fcab7dcb4bcd8e919','124.79.184.112','2017-01-20 11:34:29',1),(678,'zhouyijun','2',171,'ca03fed26f58472f8813648e29b673fa8ff703f1f94e4782389054ba00589af8','124.79.184.112','2017-01-20 11:36:33',1),(679,'zhouyijun','2',171,'0981f76aa75c4667165cf8cfa18f057109ba463634d09ca0d4ef423abc5a6e2e','124.79.184.112','2017-01-20 11:38:08',1),(680,'zhouyijun','2',171,'8f31fed5388939d786b2fff72381f18ac2266e09ca1071af61d78b4ce75273a1','124.79.184.112','2017-01-20 11:40:17',1),(681,'zhouyijun','2',171,'3d9d05b6711208066f819c5fae731f3338e29878a7f4c712225fce787b59cd43','124.79.184.112','2017-01-20 13:08:40',1),(682,'zhouyijun','2',171,'de10c42f6923edf0f1b9d3856e412d0ae63b7b345ddf501cf94c7df460d12b98','124.79.184.112','2017-01-20 14:21:14',1),(683,'zhouyijun','2',171,'067c5f7d2093fba64655815311481078b2e9b2b4c3fd2c3227ed2466ed4efbca','124.79.184.112','2017-01-20 14:21:52',1),(684,'zhouyijun','2',171,'eb2a504b0f34810ed99cc0cb27850178f5eedf9e82d1040d80aa6c3f69f6fec3','124.79.184.112','2017-01-20 14:30:18',1),(685,'zhouyijun','2',171,'08e6565e254d68f91231fd989c316c0650575f148e57e53129f5c6b1f2dc321f','124.79.184.112','2017-01-20 14:31:56',1),(686,'zhouyijun','2',171,'73f582abf98c9f28c91a5209f2f8398e8c91b204b84b2af4e04e935d7c7b2a27','124.79.184.112','2017-01-20 14:33:03',1),(687,'zhouyijun','2',171,'37d049df49419f167dde084d40eef8bed8963f847d94e285e9cbfa27a6bdb205','124.79.184.112','2017-01-20 14:36:26',1),(688,'zhx','1',3,'1488d36e114a3f03370af9ab13bc1aef3e0ba4f1385aa13ede86a9c7fbd22e37','124.79.184.112','2017-01-20 17:25:09',1),(689,'zhouyijun','2',171,'5ed8a0eb59b11d452eb66ac8ff59a3462122a6d88f957d6eb09fefd3b06aa0ec','112.11.146.171','2017-01-24 17:00:19',1),(690,'zhx','1',3,'acabe40b4ac607309c6b7f37c8ad5c04c980630a6716471ae0e0aa1efc393854','101.90.253.81','2017-01-24 18:26:47',1),(691,'zhx','1',3,'bf39008ed9c0fc9b19d1dfb5a55d5f099a60e8f15026cd1aedacb902e717a8aa','101.90.253.81','2017-01-24 18:29:15',1),(692,'zhx','1',3,'b2704d72c3bbd7e68880a01ec919031651c922d6b370c9cfba74590c4e7ae16b','101.90.253.81','2017-01-24 18:33:07',1),(693,'zhx','1',3,'3752c56d4f7b7233308eb1b3b3d701e7194085e8e99556686b3666658d4f5bd4','101.90.253.81','2017-01-25 14:41:45',1),(694,'zhx','1',3,'fc3395d76ea60dfbd84e5da456d6080cf5f0d96fa46d49f4944ebd34eaa827a7','101.90.252.112','2017-01-28 21:10:27',1),(695,'zhx','1',3,'dd193191ecd5ccc3e1fb8eeccf2be23cf76fc2b2dbaee27c6dc5adff6bb3c581','101.90.252.112','2017-01-28 21:16:26',1),(696,'zhx','1',3,'1cebd3c7019c341587af902b0914d389f58b07e9e7493037a323d2ff6eecd821','101.90.252.112','2017-01-28 21:17:25',1),(697,'zhx','1',3,'7d4f03dd8cf13587c538cda7a4462a099ad3cd4e558365561f4228d08df17813','106.7.85.186','2017-01-28 21:22:24',1),(698,'zhx','1',3,'bdd00294d31d44e6c302113d478a086fe8bb2cb120a1276d2503a0a9a310e096','101.90.252.112','2017-01-28 21:26:56',1),(699,'zhx','1',3,'5c690c7d40b7edc002dacf636b426f7881f90f5645604eec160faffa1a334545','106.7.85.186','2017-01-28 21:39:50',1),(700,'zhx','1',3,'f4aa7ad38e70eaf8e6f52424005890ce5702d3d9d4b778b677f4da197db4246c','101.90.252.112','2017-01-28 21:44:34',1),(701,'zhx','1',3,'e341ba40f5be4eb68b0236627892b5fc85869dd335e864f4893c96ee4868c80e','106.7.85.186','2017-01-28 21:45:55',1),(702,'TEST110','1',188,'a8801a07524b7f2eb49a474c4bc2c1908bc5244d73207a03fb1cc24aec4083d2','106.7.85.186','2017-01-28 21:52:45',1),(703,'zhx','1',3,'57e680ca9b0a6639c18efb5b755b0451f979147c91791a464a2d68ace9bb6205','106.7.85.186','2017-01-28 21:53:44',1),(704,'zhx','1',3,'','106.7.85.186','2017-01-28 22:33:32',0),(705,'zhx','1',3,'36efcf24b8ad905a293e0d40af1e229debbb8847ef83b92de37fdbd023be9060','106.7.85.186','2017-01-28 22:33:39',1),(706,'CCCC','1',189,'c1d9391ca299ac74bbf28eabbe61742346ecb755cf68345c5808be688400bedf','106.7.85.186','2017-01-28 22:43:08',1),(707,'zhx','1',3,'7e55508170003061a5ac9d791ce2de8cddf722c29e10f37e43c1b40b62986984','101.90.255.52','2017-01-30 11:46:49',1),(708,'zhx','1',3,'20835948e7d7094256f50ef02c164c39878507990ebdc77072c3da39f303d499','111.78.54.83','2017-01-30 21:31:12',1),(709,'zhx','1',3,'474fdfb8b2a35aa840cfc646b94138c5afe477daed139856eb81b0b73b8b7486','111.78.54.83','2017-01-30 23:22:28',1),(710,'zhx','1',3,'610942a0fc5226e94210cb0354b4edfc0d26c098a5b84c0ff8ab557d2b6c5b5f','111.78.54.83','2017-01-30 23:24:09',1),(711,'zhx','1',3,'b598f23eddf12bf74133e80ca70430d557ba948c296903b03aa9b677fe752ecd','111.78.54.83','2017-01-30 23:27:36',1),(712,'zhx','1',3,'711e53ae52ccd5dbe4c02f3efd4230bd7ccb3180b92ba76d596890101c543854','111.78.54.83','2017-01-30 23:28:09',1),(713,'zhx','1',3,'3b4629642ac3f50db0dea55b59fbf37aa15cc4968eb1f51c34471f07df222fe1','111.78.54.83','2017-01-31 02:10:41',1),(714,'zhx','1',3,'44fc45c88527d68c314377a803583daa10d3a27b5bf298f5175b84c02345a2f2','111.78.54.83','2017-01-31 02:29:58',1),(715,'zhx','1',3,'bb608d14473dd8670e68469b075b1e581f6162d06303e896c8c5809115c65a68','111.78.54.83','2017-01-31 02:30:26',1),(716,'zhx','1',3,'db4fd3506cef89449220fb285fa330577489119216eba5c9ddbaf5a9a1d82af8','111.78.54.83','2017-01-31 02:32:47',1),(717,'CCCC','1',189,'','111.78.54.83','2017-01-31 02:41:04',0),(718,'CCCC','1',189,'8ac7b2b68785a2d1b4bd2fcc9f4a14e49fffd5ffb7d36ab9877949ca9c8fdc64','111.78.54.83','2017-01-31 02:41:14',1),(719,'zhx','1',3,'918cbb1af268265e3ee2c195e055d92bce92b2eb876ca8880781279d9d95fc10','101.90.124.26','2017-01-31 10:45:08',1),(720,'群群群','1',190,'56636fb36de8d26efcfbffa78efab82f08c81f2596be309a974680abb412db74','111.78.54.83','2017-01-31 10:54:21',1),(721,'群群群','1',190,'6c4172656bb9909f21ce756948ff40741fdf21e8138c7a8d0a5e5d9d740524df','111.78.54.83','2017-01-31 11:02:46',1),(722,'619786636@qq.com','1',191,'70979f53fe167cd4151517b410e059cf63c7c823e030d3e532946d33706334b8','111.78.54.83','2017-01-31 13:28:01',1),(723,'zhx','1',3,'133d359fd2356002756fb580de04fe53cbbaaf34cf185d984b592e53ee8e5a22','101.90.124.26','2017-01-31 13:42:03',1),(724,'军哥哥','1',191,'321ed1f9c63a6b4f46e42071c02b1775613b640cbb4b6a1f1f60d2920e0afa63','101.90.124.26','2017-01-31 13:44:24',1),(725,'zhx','1',3,'225380987b7cc5a7527a614c7055f3a2d61e621fd53549b9583617329efc7dce','101.90.124.26','2017-01-31 13:46:39',1),(726,'宁宁圈','1',192,'a14b02c5e8a8d70f7ee5bd0ba56ce6a01724d3a4a568f1fd5baf90db6eed7aa2','111.78.54.83','2017-01-31 13:55:21',1),(727,'宁宁圈','1',192,'4f48ea5958ea9fef62b569dd869d6806cb0616850e03350d9d06fe4dc0fad936','111.78.54.83','2017-01-31 13:57:02',1),(728,'luhui','1',193,'ea16b9c2c267186b77b3d5899d45d60acf5c9b03f4b4b5d2d99eb98d206d5f13','223.104.31.238','2017-01-31 18:00:33',1),(729,'luhui','1',193,'0cb0d1fb49b630813e7381e596e9ae774fabc2f4f1c9eaf797a38761295aac51','223.104.31.238','2017-01-31 18:01:16',1),(730,'luhui','1',193,'f0453eb11e528435e8d2f1fd27e6861101da64672cf0b34ff668e9f6f0071935','111.77.245.209','2017-01-31 19:59:10',1),(731,'萍淡是福','1',194,'38048e6cc6a621763d2ca15d1dadb85f4b186dcb7d5c92dfecca1adf6aca7bf0','39.158.222.148','2017-01-31 20:12:45',1),(732,'萍淡是福','1',194,'3f1a85f2cc9a03d7d24b480bc10581a636fcafe199553f4c43979a365ef2c5fb','106.7.211.61','2017-01-31 20:14:33',1),(733,'zhx','1',3,'f60e0642d085bcfc71711bb529a8667c70fc2ed7792010c5f1dc87a30b3c92a1','106.7.211.61','2017-02-01 01:05:06',1),(734,'sl1826@sina.com','1',195,'','106.7.211.61','2017-02-01 15:29:21',0),(735,'sl1826@sina.com','1',195,'','106.7.211.61','2017-02-01 15:29:21',0),(736,'sl1826@sina.com','1',195,'a01cd6714c994f316242348705a3f2a3927de8244d330cd7c4413389383ad991','106.37.32.115','2017-02-01 15:32:34',1),(737,'zhx','1',3,'820a1a5d7c22333e6732878c2c322f4d2992bf072482b28fd517a6f511140bcb','101.90.124.191','2017-02-04 13:20:35',1),(738,'786185931@qq.com','1',2,'6dc35ed873bc47ec730eb14858f083c9d7bad9f61cbf435fcb24aecb9a82c852','::1','2017-02-07 11:18:37',1),(739,'zhx','1',3,'d33ababe01256d62c12a88ab563e50ec08628d94c0b39b34663527a3f48b51d9','124.79.184.112','2017-02-07 16:00:41',1),(740,'786185931@qq.com','1',2,'2659308c58aaa339e1c68c1d4e8c40e068eaaa8b8896712707008be920ae9b8d','::1','2017-02-07 16:12:16',1),(741,'786185931@qq.com','1',2,'4f1c11e41fa9db0b11ab0d51f9f4d4f3ae409baaccd76dcbe67d4882fce47e0e','::1','2017-02-07 16:12:19',1),(742,'786185931@qq.com','1',2,'5df1fdfdf0dc8ef4d7ba12252bc327e536babcbf6d4c095b7978dacc2cd190a4','::1','2017-02-07 16:12:25',1),(743,'786185931@qq.com','1',2,'a71377d9aaf317c3b60da82068745ecdd61741d035379bb119e5ad926c6ee153','124.79.184.112','2017-02-07 16:12:52',1),(744,'786185931@qq.com','1',2,'a252cf636f7aebc0ebc0c6459f47991b0d32a2d6edc62bf0b6a82899551c9aa4','::1','2017-02-07 17:31:23',1),(745,'786185931@qq.com','1',2,'eb3ba480bceda29a012f2b1e9400bfa116b7add756777e152d2c5c704c3897f6','::1','2017-02-07 17:31:31',1),(746,'786185931@qq.com','1',2,'7cf345a26ec73a023879d2ae2f95ac0b902672445757b01cef8a3dd1a6e7874c','::1','2017-02-07 17:32:27',1),(747,'zhx','1',3,'6d7f31a64d67ca4b78068501b18e72778c899c43cd32a28348d1fd8c7854a06b','124.79.184.112','2017-02-07 18:09:12',1),(748,'786185931@qq.com','1',2,'b9c95fbbe339eaca5ab86e13f86a60f7bff0d1099efa3c15f68a790a6bdff662','124.79.184.112','2017-02-07 18:11:24',1),(749,'786185931@qq.com','1',2,'49dc818473c3bd681560cec9bcc292515152e561528b67bb52e3c49f3077b305','::1','2017-02-07 18:11:52',1),(750,'786185931@qq.com','1',2,'0cefee86d87db2acf4073dfe203af58e7ffc61b870e46f1bd1431f4aef58817a','124.79.184.112','2017-02-07 18:12:33',1),(751,'786185931@qq.com','1',2,'e245fcdeaaf849807673b5e72ddc66a47040dbafb7a63463d9215a4cccb3c7cd','124.79.184.112','2017-02-07 18:15:16',1),(752,'786185931@qq.com','1',2,'4b34ad5148144d41c86c0d78e4254034f6fa231acf2d5fc4216dc01d00145c9e','124.79.184.112','2017-02-07 18:20:02',1),(753,'zhx','1',3,'113fccd33a07c1f30d9eff5afaf152a01d9dd7abd14f03a3a50c22bcffebe300','124.79.184.112','2017-02-07 18:21:31',1),(754,'zhx','1',3,'869218290b748bc9f5303c1e3f9bf282738a936665bc62e4244d9c17fa5729be','124.79.184.112','2017-02-07 18:22:17',1),(755,'786185931@qq.com','1',2,'6ef210fc2349ef796962a037bf2205426fd9ab4beb1809cfc6d9cbfe0df14668','124.79.184.112','2017-02-07 18:23:40',1),(756,'786185931@qq.com','1',2,'0eae79447f79e5f1c50a5e98b8e73eb2f82019c21c18a04bd1a44170f07ef55f','124.79.184.112','2017-02-07 18:28:54',1),(757,'786185931@qq.com','1',2,'685e098965651e9a28b2437c38803b80c1909c60ecf37773ded725be3f69228f','124.79.184.112','2017-02-07 18:29:45',1),(758,'786185931@qq.com','1',2,'486f7bc69601a0132456857e32b285300479fe4ea3786e7a68c1659c0434ad2b','124.79.184.112','2017-02-07 18:30:15',1),(759,'786185931@qq.com','1',2,'d8655599219808880b3412f0d283b0dc4f25679a95ad536dc8229f3075e7b197','::1','2017-02-07 18:30:53',1),(760,'zhx','1',3,'587b2691cec132a670669aa4c50a84822b4bb640845dd90072461046eb404a94','124.79.184.112','2017-02-07 18:37:32',1),(761,'zhx','1',3,'478b96c49ed8aa0d289d20d803bd7f5a910345cae96e183ac6cea92cec5c533c','124.79.184.112','2017-02-07 18:42:13',1),(762,'786185931@qq.com','1',2,'01157bca9be8938ad2428bf62b0dfbc540a5cfeaf977d5c37274a1ab08138e55','124.79.184.112','2017-02-07 18:42:51',1),(763,'786185931@qq.com','1',2,'46d70ea4530b7f70b38047ce292fd67caa152d07f349da81600667a97aa4fa10','124.79.184.112','2017-02-08 10:18:15',1),(764,'786185931@qq.com','1',2,'e29ab2a394c99d8a7d0cf2a77a15233bbec4e03625f45f1a776ebe7c566860f0','::1','2017-02-08 11:24:33',1),(765,'786185931@qq.com','1',2,'9fa611a06a3cf8d2f6adeab8d8d892f16f55c162b96133a2a722ea9aa007cbc7','::1','2017-02-08 11:31:30',1),(766,'786185931@qq.com','1',2,'9e24e0ee38451ce401ddf519f563d5d12d9a6350f21d1fca7bd8bebda798d651','::1','2017-02-08 12:10:34',1),(767,'zhx','1',3,'c21374ca5bffa2d69df202dbfee367160f670eef0024e61cee9c622f56a486d1','192.168.3.4','2017-02-08 12:12:05',1),(768,'786185931@qq.com','1',2,'b623631997842eafe4482aaacb90fa706883f9891088cde8b10ca195315dd50a','::1','2017-02-08 12:36:20',1),(769,'786185931@qq.com','1',2,'ac0d71d040304054e7b7426f96203cfcc0ea82547ff4c4b22ee1bd17d340d52b','::1','2017-02-08 12:52:37',1),(770,'786185931@qq.com','1',2,'8a801684331632252040f2e2e42a4d935044c6dbb3e97ff461b874c46cc2c1f0','::1','2017-02-08 13:12:47',1),(771,'786185931@qq.com','1',2,'66f56eb37c5627b14f0f8d4eb7a770a65164f9a00a1c67f4879f17cff7d8b71b','124.79.184.112','2017-02-08 13:38:57',1),(772,'786185931@qq.com','1',2,'172770f4643c74442b08061d824ceea1507005d32a9bdd2eb700270639fa12ff','124.79.184.112','2017-02-08 13:38:57',1),(773,'zhx','1',3,'117f92b7437e404865a577d59ac2c9e254a01f203ed6d321bbe59eaf7fc17e52','124.79.184.112','2017-02-08 18:30:36',1),(774,'jiang','1',2,'1a0f19696c55162906e73cae4d017793a9ddb9d6c9eff10711d181fd4b3f3d91','124.79.184.112','2017-02-08 18:31:42',1),(775,'jiang','1',2,'884041d55d43231c5d106bed44c7aaaaf462a121464b0bd233323682b1c7145e','124.79.184.112','2017-02-08 18:32:51',1),(776,'qqqe','1',186,'','112.28.163.24','2017-02-08 20:19:14',0),(777,'qqqe','1',186,'','112.28.163.24','2017-02-08 20:19:24',0),(778,'qqqet','1',196,'8fa7d07bde67cc86753704a2e1c0d13197e20a22825024648c20132b5d3d422a','112.28.163.24','2017-02-08 20:20:05',1),(779,'786185931@qq.com','1',2,'76b2956e11d2b811e91b46ae58901cce60e5226f5250c168659350064e094700','124.79.184.112','2017-02-09 10:51:06',1),(780,'1826667810@qq.com','1',158,'','::1','2017-02-09 11:03:07',0),(781,'1826667810@qq.com','1',158,'','::1','2017-02-09 11:03:17',0),(782,'1826667810@qq.com','1',158,'','::1','2017-02-09 11:03:22',0),(783,'1826667810@qq.com','1',158,'','::1','2017-02-09 11:03:28',0),(784,'1826667810@qq.com','1',158,'','::1','2017-02-09 11:03:42',0),(785,'kel','1',197,'6b36758990e1b2b3d5e96d064289507c12a15f099fd7bfea3bfed81abd5bd939','::1','2017-02-09 11:05:44',1),(786,'kel','1',197,'0ccc8a16ace701882a6815253ed861488840f41fa3e8cbd34a9df1d83ed59bcd','::1','2017-02-09 11:06:07',1),(787,'786185931@qq.com','1',2,'aed74f6a67754f1b4d9fc803e0be06c3cb3271dd2b2bff88194cff7eed054f86','::1','2017-02-09 11:59:48',1),(788,'786185931@qq.com','1',2,'e3573e4467ac427a45f8d4bcf8fba3487060a19e3f664c4ed345a5c299c071a5','::1','2017-02-10 11:10:44',1),(789,'786185931@qq.com','1',2,'c7bb6c6647612422969c26edeff17aa231d94907205080f932d223f9860bcd9c','222.64.11.221','2017-02-10 14:08:45',1),(790,'黄焖鸡米饭','1',198,'1a4b6b5af422b9d6824450a55581d4569a8d52c25fab41ebbae305ae062a01f6','36.5.44.41','2017-02-10 19:09:36',1),(791,'宁宁圈','1',192,'7100581d1dd20a3fb44e709b19056a92b86b7fedd90cf035ab0b1161f6da9972','115.150.45.62','2017-02-11 09:32:56',1),(792,'宁宁圈','1',192,'6b80013f81c9b6eba6b13bfdd68679c6a71ec6816a7daae6cabd5114f37e5853','223.104.174.123','2017-02-11 09:33:31',1),(793,'宁宁圈','1',192,'94dbbfbf707c0b86b550a2ce604129c48749fc1315a9484b9d7cbec83cb1f971','223.104.174.123','2017-02-11 09:41:30',1),(794,'zhouyijun','2',171,'d63d37785f8f5bdb8cdac950edb7c2c80d88a12f25c8ac7e4c29da279244fabb','222.64.11.221','2017-02-13 10:38:55',1),(795,'1176902387@qq.com','1',171,'b5447ee3b6749f51a96e9a7c5bb93e262ca25dce318287224a55dc6aeec7229c','222.64.8.201','2017-02-13 10:40:49',1),(796,'zhouyijun','2',171,'7ac3354d5dcced08a7e5e3f4582af07d29a1373dec4476252c4f206b2e822d31','222.64.11.221','2017-02-13 11:29:26',1),(797,'786185931@qq.com','1',2,'6a27fc8e517d37009208c59074862dbe9fa1d9c84fc28036e40f9e1ca025ee60','::1','2017-02-13 11:40:32',1),(798,'786185931@qq.com','1',2,'79a9a6644c39cd4024e277f9bf2069cc3cddebcc90a004622350fb2b316702ec','::1','2017-02-13 11:40:58',1),(799,'786185931@qq.com','1',2,'e2ee26b55e72987497a769f47e3f2123f0e1af8f92191e82b7d65351e68a092d','::1','2017-02-13 11:41:58',1),(800,'zhouyijun','2',171,'37d7f4df0a2c1b58a48e9b7c063af2d503e02b829c149882726d12ef03b0c3b8','222.64.8.201','2017-02-13 14:06:54',1),(801,'zhouyijun','2',171,'406a4617e35c6fd20ee5555c8903902fbd08a94fad582688a5c63e93ed23fd32','222.64.8.201','2017-02-13 14:08:19',1),(802,'zhouyijun','2',171,'5e7b07ea458985062e0626078a6aeed013ca3c1f3297cdbeeb592b239932b8b7','222.64.8.201','2017-02-13 14:16:25',1),(803,'1176902387@qq.com','1',171,'80bd876211eaa3e8ee4a56b4e753e494df318658515487eff300d65c8f547e9e','222.64.8.201','2017-02-13 14:25:29',1),(804,'1176902387@qq.com','2',171,'0f11869c3076cba9cd364b6f1297166c19389aeaa649d652a8eb28f74cdd695b','222.64.8.201','2017-02-13 14:26:53',1),(805,'1176902387@qq.com','2',171,'5d2f6ea7d4c78637172507aa10ac4665a33083f0f181db90f78d34ccfbe2befa','222.64.8.201','2017-02-13 14:29:58',1),(806,'1176902387@qq.com','2',171,'8c92ee3aeb15b5fbb2cd3cfb9d09e0b3311fff21e9938af2508b08799334d9e5','222.64.8.201','2017-02-13 14:46:04',1),(807,'1176902387@qq.com','2',171,'a3568df6ee7ce7c0b64839a93ceac155edc52289d5717da03fb41573dd64fd4c','222.64.8.201','2017-02-13 14:47:11',1),(808,'1176902387@qq.com','2',171,'717de8f9716017a506ade6c0c2e25f1958ad4208e03116c5c5664743f052a200','222.64.8.201','2017-02-13 14:50:55',1),(809,'1176902387@qq.com','2',171,'1d929894234f49e07f72e252e5deb759b14687c7e5bc780f70c39908b1f6a6ff','222.64.8.201','2017-02-13 14:54:40',1),(810,'786185931@qq.com','1',2,'0807c60b06023e38a64b3565c9b32ea512141870e866122b4706c0762523304c','::1','2017-02-13 14:59:52',1),(811,'786185931@qq.com','1',2,'09c7d7befcb4ed07052eb9cec15239a7a0587ee98364b5e916a34cf83b5526b0','::1','2017-02-13 15:02:01',1),(812,'1176902387@qq.com','2',171,'20410d04a073c87f9241339dfb6b35fe384b5be250edc3b10ed02fbb6b3968aa','222.64.8.201','2017-02-13 15:02:11',1),(813,'786185931@qq.com','1',2,'','::1','2017-02-13 15:05:26',0),(814,'786185931@qq.com','1',2,'','::1','2017-02-13 15:06:13',0),(815,'1176902387@qq.com','2',171,'b7dec73b3149268d60d43d217f9d01598d7223d0c358dd83a0c85ae689bbb607','222.64.8.201','2017-02-13 15:08:04',1),(816,'1176902387@qq.com','2',171,'ecad2647fde8479e19961d3c351664e378a347bf52964a860143ae7038ab28d5','222.64.8.201','2017-02-13 15:13:39',1),(817,'786185931@qq.com','1',-1,'322f8f9b1053958ad82228612d6a2532115b9bad2dc19f7e843f9268b7a2beea','::1','2017-02-13 15:13:57',1),(818,'1176902387@qq.com','2',171,'c29bd5c680c5ca2ddbad14c161de50ee458d536e8870f8ec378fcb2fa9ca89c5','222.64.8.201','2017-02-13 15:14:16',1),(819,'1176902387@qq.com','2',171,'15674812c368a38901128d36def9454cb599ac8b9384e6dcd6cfec92ba6960d5','222.64.8.201','2017-02-13 15:18:49',1),(820,'1176902387@qq.com','2',171,'d6962030f8468df44c5da1c72babe49eb615021b84ff3fff7cd519d0f7b04277','222.64.8.201','2017-02-13 15:29:23',1),(821,'1176902387@qq.com','2',171,'21b3894f507fa37131f33eb5fcc021b589b1f866db04345cb03214816124e4a2','222.64.8.201','2017-02-13 15:30:59',1),(822,'1176902387@qq.com','2',171,'27bf1be9f481767ff887cd327ecd8751307be4cf9380f6f90ac6c5d90f4de5ae','222.64.8.201','2017-02-13 15:33:18',1),(823,'1176902387@qq.com','2',171,'f05956b94c87297a06cc8eb8161edfd87c74de76c0df17712e90c9fc0ee7951c','222.64.8.201','2017-02-13 15:35:13',1),(824,'786185931@qq.com','1',-1,'225f581c765cbc878647334dacfa3993f312f5abfc458bb6234bd21ae1abe1c6','::1','2017-02-13 15:49:54',1),(825,'786185931@qq.com','1',-1,'a806432bc3d2b252885b0a57189ca4c052a286dd9c59d4324a5da26d25181589','::1','2017-02-13 15:53:49',1),(826,'786185931@qq.com','1',2,'a15ed07492e2325260d70a48a3dc05e3bbc2ecdd239a81ea7fc7be17659c964b','::1','2017-02-13 15:55:14',1),(827,'786185931@qq.com','1',2,'c40e75343cbbb37640df9b398982085bbce5746c768b9a5a790b06ef56bc3a46','::1','2017-02-13 15:56:59',1),(828,'1176902387@qq.com','2',171,'bcb7d5015b3dc2fcefd9b8369f79d9ad909805169e5d989eaa73a20316bb0240','222.64.8.201','2017-02-13 16:05:06',1),(829,'注册','1',200,'8aaf0546c0baf4a7b6d47255fdf7f2011a0038b875a20e2fd54060960b2f91e5','::1','2017-02-13 16:05:15',1),(830,'jiang','1',2,'8e226260968e24aeddea1cbdd0feccbbf24ad6ceb66fe73ce2f9f488d8b5ab6e','222.64.11.221','2017-02-13 16:06:52',1),(831,'注册','1',200,'','222.64.11.221','2017-02-13 16:07:15',0),(832,'注册','1',200,'','222.64.11.221','2017-02-13 16:07:24',0),(833,'jiang','1',2,'6415fa48a9fab322b481a68b8de77ffb905284a8c3416af8995641d3d865c68d','222.64.11.221','2017-02-13 16:08:09',1),(834,'786185931@qq.com','1',2,'f977dff459f324f207177612378cb859d5c8c937d340b0cd018be98acdd48abc','::1','2017-02-13 16:09:01',1),(835,'jiang','1',2,'eeedf4560187b8a4fc3748c5c8f1bd70806f64534bb0d8fb18fd6e5ceb9f7779','222.64.11.221','2017-02-13 16:11:32',1),(836,'注册','1',200,'bec0cf1a5e46d30a80999924d77ed05b909385ed7b73d3a175ed81d719e1a370','222.64.11.221','2017-02-13 16:11:41',1),(837,'786185931@qq.com','1',2,'ba1a82b8f29f942a7339efd7076a5e2c1b1c39a11a45bd4542086786b128c104','222.64.11.221','2017-02-13 16:12:08',1),(838,'1176902387@qq.com','2',171,'90c87eb948ecbd86b73b148204667c168c8ab372fd774f5dc61ce9305f7609bb','222.64.8.201','2017-02-13 16:15:08',1),(839,'1176902387@qq.com','2',171,'f1fde978e52b9e0719b2d902e72da1a332a5c1f8f7171f04a64bb43823c9027a','222.64.8.201','2017-02-13 16:19:51',1),(840,'1176902387@qq.com','2',171,'d456f9c26329faf69cbfe37f236a71a0784c5c930813b242ce72032f70afe0a1','222.64.8.201','2017-02-13 16:21:51',1),(841,'1176902387@qq.com','2',171,'4f6501bd9a2414163bd8d9961119f3a94794e1e3d784bc80822781a9216a3a18','222.64.8.201','2017-02-13 16:23:31',1),(842,'1176902387@qq.com','2',171,'0195dbfcd583a34a6d0ed29126d903da4a34a91dee842b919aac3e6a5bbcee03','222.64.8.201','2017-02-13 16:28:35',1),(843,'1176902387@qq.com','2',171,'5d3cb4f4a272a8279e1905f1a388d2119c0c20a1e45fa47d5e2bd9836a3c448d','222.64.8.201','2017-02-13 16:34:21',1),(844,'1176902387@qq.com','2',171,'aa2471fc24c530e07564b0d8cb64598b79bdb7459405c398ee0b7a7dd1d7af99','222.64.8.201','2017-02-13 16:36:34',1),(845,'1176902387@qq.com','2',171,'8bb88aff1f42ddb70aaf2d4ee5008de568d7e36315c364351432f0d376ef732a','222.64.8.201','2017-02-13 16:38:43',1),(846,'1176902387@qq.com','2',171,'590b1efe04f05ecfe618b2a172fbb460c433ac435b783225acd49650995ed249','222.64.8.201','2017-02-13 16:41:21',1),(847,'1176902387@qq.com','1',171,'a7056301be3261b0721583b07da146a26dce29f47c7a2a7beb2b0e9df5b967ee','222.64.8.201','2017-02-13 16:42:25',1),(848,'1176902387@qq.com','2',171,'043856020bc0040806697ed351e8bdd8879e4421a330ef557de04da6f803d8c5','222.64.8.201','2017-02-13 16:46:18',1),(849,'1176902387@qq.com','2',171,'ebd835c4bcce0b36668896b65b2c588fb4ffd9955633e66913b81b08158b42fd','222.64.8.201','2017-02-13 16:50:35',1),(850,'1176902387@qq.com','2',171,'64a02504cbeb79c6efa4c395eb6ce88bcb35be4619fe30b075f9188637d5e227','222.64.8.201','2017-02-13 16:56:54',1),(851,'1176902387@qq.com','2',171,'ae0537195138032ca9fe5324b0183a0b4ba763ef2f3845c8a028c471250c4503','222.64.8.201','2017-02-13 16:59:52',1),(852,'786185931@qq.com','1',2,'ec1bea6784caa0cff88ba49dd7c2c9f6fbf2908bb48d3bb1fe9e823ed4b077f4','::1','2017-02-13 17:03:50',1),(853,'1176902387@qq.com','2',171,'a0bd9dd3b9c6da7827af765c3061f40e9e14efc9c8c09dc23afe791c9ff9c302','222.64.8.201','2017-02-13 17:04:10',1),(854,'786185931@qq.com','1',2,'23dd18efc1e8e1b3f76aeff3aa74cd4844f187a1767d87fa37a33b4607c5c20f','222.64.11.221','2017-02-13 17:05:51',1),(855,'1176902387@qq.com','2',171,'794588c82c09d7bcebd11cdeca818bbfd243d0b57ed64d9807b632441dd73d1f','222.64.8.201','2017-02-13 17:09:11',1),(856,'1176902387@qq.com','2',171,'1913ee63e77ccf5792a9445365ec84882b19d8af62a748835e1c8dfde5725017','222.64.8.201','2017-02-13 17:11:24',1),(857,'1176902387@qq.com','2',171,'35ea66ee4ffc1067d1bf2e8ed15a3c8bba283f3b71cb94452ec516873df88abb','222.64.8.201','2017-02-13 17:31:59',1),(858,'1176902387@qq.com','2',171,'2effc1bfd4428e0ddb07a03d3611a6d681ca88243f412b6d991bd51705ecdfdf','222.64.8.201','2017-02-13 17:32:49',1),(859,'1176902387@qq.com','2',171,'32e8234cf75047ca9e34d0cb8ddd03dbc07d3873cbf4271530fec5c33444fb9f','222.64.8.201','2017-02-13 17:34:06',1),(860,'1176902387@qq.com','2',171,'bacc954afca8da153852222f210efb20763dcd0b3fec878d8c00a9013577860a','222.64.8.201','2017-02-13 17:35:16',1),(861,'1176902387@qq.com','1',171,'2d31a40acc9fd4d169fd4e563d20a66a6eac62bcb81003bb3992459607803b45','222.64.8.201','2017-02-13 17:38:19',1),(862,'1176902387@qq.com','2',171,'105c8875b7ef9b5c87730ede0c9a59b4d2b108d9ace83f85a8439ab141dce4eb','222.64.8.201','2017-02-13 17:53:25',1),(863,'786185931@qq.com','1',2,'b2aadf1e2b6c047a4dcf36c6b88d09a2b04b39730ddaa32ef4bb089b59fe3853','::1','2017-02-13 18:18:49',1),(864,'786185931@qq.com','1',2,'f7eeb77471b6d51aa921078f25b981efd6c520f5ad961b62e8d4f574f46ae58c','::1','2017-02-13 18:19:13',1),(865,'786185931@qq.com','1',2,'483f77723fb7b774847b7aa8833fbda883c9b7ef9a8d50ff089b2e5d6f8f19d8','::1','2017-02-13 18:25:45',1),(866,'786185931@qq.com','1',2,'6ca75db02b3238efca2c0c88a9b01f9a744372025fc7b39b68d5478d9f30214c','::1','2017-02-14 11:33:11',1),(867,'1176902387@qq.com','2',171,'dbc83ded8e5b70a36513ea05d8891214dd9bfb733293cbf4d2a6d795a16a764e','222.64.8.201','2017-02-14 11:36:45',1),(868,'1176902387@qq.com','2',171,'9a39933c5141a4323cffc5352859efb4566011d92c9f9de27452e30a337955ef','222.64.8.201','2017-02-14 11:39:28',1),(869,'1176902387@qq.com','2',171,'8f3973240a0c43fae34c50d6d2f5a939604c2a135e898e3b3bd81b01ef0b973f','222.64.8.201','2017-02-14 11:40:23',1),(870,'1176902387@qq.com','2',171,'a90770cf378c6f2af3666ee1902bd9faa1aaba34ab72fabf5c0cf4c36d505724','222.64.8.201','2017-02-14 11:42:19',1),(871,'1176902387@qq.com','2',171,'4f2f8034c958ec35ebe703966551ed004e43699b5ff63a5b4bd5a8f29fc09adc','222.64.8.201','2017-02-14 11:44:20',1),(872,'1176902387@qq.com','2',171,'8df658a7dd0a497e6d12358bd5bb22594f362b6ef81eaad39aac1038177b279c','222.64.8.201','2017-02-14 11:45:37',1),(873,'1176902387@qq.com','2',171,'ac2067794a16509e967ef735e2da73477ce82d8736104effbb3c91adacf85eb1','222.64.8.201','2017-02-14 11:46:47',1),(874,'1176902387@qq.com','2',171,'110ccd0b18212b76bbd62f5f5f61e45dc60f433462911439b55dac846101aeb3','222.64.8.201','2017-02-14 11:54:21',1),(875,'1176902387@qq.com','2',171,'9b05e9c93bff77172914d161034b3793aad85a6882b77fd458802db8f21dba53','222.64.8.201','2017-02-14 11:58:21',1),(876,'1176902387@qq.com','2',171,'cf1cf7d7407b9ac3d2200fb1fbb19bbaefadce62c74159b60ea13236abad1426','222.64.8.201','2017-02-14 12:07:04',1),(877,'1176902387@qq.com','2',171,'74d7e798b9f1497152d1262395d8c674b5152b08ccfea751f3ea245f4c0592b5','222.64.8.201','2017-02-14 12:09:41',1),(878,'1176902387@qq.com','2',171,'1e734cfbb0f9c748664e6710730122b01187879d44095e5f297a8ee0ff01e103','222.64.8.201','2017-02-14 12:15:59',1),(879,'1176902387@qq.com','2',171,'ec8dd44b9aec6ea26efbc068fa040b27444aadc1090ed3e2b4f7c5472dc1e06f','222.64.8.201','2017-02-14 12:17:30',1),(880,'1176902387@qq.com','2',171,'2558dcb848de9894c68c1edee1a1f246a0c9d1782600ff3da5bbfb28e3b36fca','222.64.8.201','2017-02-14 12:20:37',1),(881,'1176902387@qq.com','2',171,'cc67bd0c3e43c59d60144857f38a8cdf5e832e53709df77db3bae4255449854f','222.64.8.201','2017-02-14 12:40:14',1),(882,'1176902387@qq.com','2',171,'16da46930d8af2b59b5d2b1f3a69bf934081dd547bb99d20ff527cd03a307861','222.64.8.201','2017-02-14 12:41:31',1),(883,'1176902387@qq.com','2',171,'cb061c2bfee6339ae3bda4efa07bc941993f07a77256ce1da663ec46a4159e7d','222.64.8.201','2017-02-14 14:48:26',1),(884,'1176902387@qq.com','2',171,'f5baf98e8a88ca26e4ab3baa381950112489a600a032eec0b026352800021c5e','222.64.8.201','2017-02-14 14:51:09',1),(885,'1176902387@qq.com','2',171,'ccbe94accac2fbed354ed3dc05159d79a9e0684d082b8448ff9e8de4ec0a5f0c','222.64.8.201','2017-02-14 15:10:33',1),(886,'1176902387@qq.com','2',171,'f7bfe158f1263435a249fda855ad84449779a5a31d1f0420e7008bd800d4494e','222.64.8.201','2017-02-14 15:11:41',1),(887,'1176902387@qq.com','2',171,'c70aaa73fdff50386cb3bef43a415fbd734f2f5d7fb04b5eca51977a38fe4879','222.64.8.201','2017-02-14 15:17:45',1),(888,'1176902387@qq.com','2',171,'bbb3fb1a1aa2926feb1aa91e25d91cde1aa2cec46f1824c04769eae3f98b24d9','222.64.8.201','2017-02-14 15:21:08',1),(889,'1176902387@qq.com','2',171,'e37ddc761db85974f0e3c9d52eb2cd65ec19e7485be63843a0c1da60b13d33b4','222.64.8.201','2017-02-14 15:46:57',1),(890,'1176902387@qq.com','2',171,'0af5ba5f9ada0454ddac6d283a07eba38f8b675706234026fd84e195126d60b8','222.64.8.201','2017-02-14 15:49:58',1),(891,'1176902387@qq.com','2',171,'d726e68b30db01d8c237622a952cb7a8f9e0c66ed94b337661211d10b77abfee','222.64.8.201','2017-02-14 15:55:26',1),(892,'1176902387@qq.com','2',171,'e5e12cc5d5bbf2d69afe7768939a6176af35b2ad6f5c57193f95b08afea274ea','222.64.8.201','2017-02-14 15:56:09',1),(893,'1176902387@qq.com','2',171,'37cd0c7666f0c889b9e3fe0e18b7f2de22950c8a65b2f5dd890e2de6e3c36a62','222.64.8.201','2017-02-14 16:01:42',1),(894,'1176902387@qq.com','2',171,'e8c16c1b2fc91eef1e2aceb290013a4ef8c12edfd35fc91efa9e801f0bdf10b6','222.64.8.201','2017-02-14 16:02:08',1),(895,'1176902387@qq.com','2',171,'98b873fb22f9c4a9b60ce89753a4bdcee54964c862403e49f33a04e8180977bb','222.64.8.201','2017-02-14 16:06:48',1),(896,'1176902387@qq.com','2',171,'6329ccfccbb0272b5146fe2cea0f7a74cc331154a42e718ba37de232df0fa02f','222.64.8.201','2017-02-14 16:09:07',1),(897,'1176902387@qq.com','2',171,'df63789fa8e791adcde8061f784d17242de18d625fc1976ac56164f9adb0468a','222.64.8.201','2017-02-14 16:10:42',1),(898,'786185931@qq.com','1',2,'acce0a07f39f183cf0cf324d82be033fa3186ebcd40b129077c38ee3ede04cdd','::1','2017-02-14 16:27:00',1),(899,'1176902387@qq.com','2',171,'ef952177e2228fd28db696e72673a284496601298f671a9a68d0d64e9e9eb4d2','222.64.8.201','2017-02-14 16:28:51',1),(900,'1176902387@qq.com','2',171,'06251f94233c499aa8bbecebfb1d5339c9a144641a22042bd714a6ffaeb6059f','222.64.8.201','2017-02-14 16:29:49',1),(901,'1176902387@qq.com','2',171,'df1372770aa07c46b4ae561fb5aad3000382288425601821849a2e572609b0b6','222.64.8.201','2017-02-14 16:47:43',1),(902,'1176902387@qq.com','2',171,'a06b463002349987ceb65e0fae121fdc332f591030b9b48cf5b642afbde54924','222.64.8.201','2017-02-14 16:53:13',1),(903,'1176902387@qq.com','2',171,'0983405fcbd68cd292f8364f3b339a7598625287ee1c9e97a6d1b999a35a73fd','222.64.8.201','2017-02-14 16:55:16',1),(904,'1176902387@qq.com','2',171,'02b7b25b63f7e5184922182f35c0fea670627a693908f45d48b46416d329e27c','222.64.8.201','2017-02-14 16:57:38',1),(905,'1176902387@qq.com','2',171,'31afffdaee4d393401d6d0cd88024c06d3d4cb8e788f0cd1403f1873393d70fd','222.64.8.201','2017-02-14 17:02:41',1),(906,'1176902387@qq.com','2',171,'bc365772d50bdf3a70103e2068bb86070f150365e4e7b10cea97ddcb3a95116e','222.64.8.201','2017-02-14 17:09:04',1),(907,'1176902387@qq.com','1',171,'358cf0d8f87ab86fe8e5bb168f0bc3a59c157bc55c43b7004d8566b8b6adf24a','222.64.8.201','2017-02-14 17:21:43',1),(908,'1176902387@qq.com','2',171,'f15b010500ec3c6ceb7763ba444af442f6a9b00da28844c662ad4ae87a359491','222.64.8.201','2017-02-14 17:38:16',1),(909,'1176902387@qq.com','2',171,'cefacc4ec16b917784b1f0cd06d5e12619ebb70a0ed6664b5d0bdc009913e50e','222.64.8.201','2017-02-14 17:54:22',1),(910,'1176902387@qq.com','2',171,'3542e79f4a5d2cf7577681bd78cff1523ccc2710d94618cbe32daab772389bcb','222.64.8.201','2017-02-14 17:54:36',1),(911,'kellen','1',185,'','222.64.11.221','2017-02-14 17:58:06',0),(912,'1176902387@qq.com','2',171,'4a47e31442009ffa4d92cc678ac110c0a849993726e1ddfb0c38ae50e570f337','222.64.8.201','2017-02-14 18:00:53',1),(913,'1176902387@qq.com','2',171,'d3153f0e86c59e6d350773b3f509b332bcca83f417d4d2dc8178cdc08b9cec16','222.64.8.201','2017-02-14 18:01:06',1),(914,'786185931@qq.com','1',2,'31b79dfaf80abc76674fa517d5cebbb2e7ebf8d58d311a9644516662fa7f5a05','::1','2017-02-15 10:51:25',1),(915,'786185931@qq.com','1',2,'a1cdfc03f7d40f6139c70f2a9d97daa78400167c370b09fc81aab0d8523bb625','::1','2017-02-15 10:51:57',1),(916,'786185931@qq.com','1',2,'33d0bd382cc682f5045d4b27e002a9e14570f8fcf3e85b26327cc615c911df8d','::1','2017-02-15 11:01:34',1),(917,'182666781@qq.com','1',185,'c08af9f27d78c2f6fb914092cf8d685ecd69582fcc19cffb257a78f604d42065','::1','2017-02-15 11:03:24',1),(918,'182666781@qq.com','1',185,'3fe77985b9ac16019beba62ca85c01a8972d7c1eff41fb5a1ece799dd3d1a724','::1','2017-02-15 11:03:46',1),(919,'786185931@qq.com','1',2,'aa7b5467dacf6d3a797f1dfe272c3800c31a7e7a30a7d71655c9dff4b46c30ff','::1','2017-02-15 11:10:27',1),(920,'1826667810@qq.com','1',158,'','::1','2017-02-15 11:13:33',0),(921,'182666781@qq.com','1',185,'ee13f6cc30461efb742e3d3b1ce37f8607c44758fea0693523dafc4d4e2f5fb9','::1','2017-02-15 11:13:42',1),(922,'182666781@qq.com','1',185,'926ee4dc4841e6609aabeab59c056f5a1906e7abf7a4a492bfed779398fe577c','::1','2017-02-15 11:14:50',1),(923,'786185931@qq.com','1',2,'6da944c23bce463a99e17e06ca75e405cf0ee7f777fdd68e365198f46fce24a1','::1','2017-02-15 11:30:02',1),(924,'786185931@qq.com','1',2,'58ebe5b5cd05e2739b078e10073fd20f4dec2fb838e4c8a80ef09c367792a0c3','::1','2017-02-15 11:30:36',1),(925,'786185931@qq.com','1',2,'a19b88d46a8070ef5207478fba4b79acad3c6cc4d48a80075ebcc669f9e2036e','::1','2017-02-15 11:31:21',1),(926,'786185931@qq.com','1',2,'74f169286879d2b2db4bee0605e52d9752115c5f3d6d8b0030426e8207c47cee','::1','2017-02-15 11:31:53',1),(927,'786185931@qq.com','1',2,'f89133bac173190beff60b42519fc1ba51f454d774d74389f202e90c37f42ca5','::1','2017-02-15 11:37:02',1),(928,'786185931@qq.com','1',2,'f930ecd9a8b507497405078a125dc2655ea9a14955d8575bcddf5a87bbd93aa7','::1','2017-02-15 16:09:24',1),(929,'786185931@qq.com','1',2,'a8d26bd150de1f9ad64e6343f6ce6d6da828e9fa53e1278da1743966346c956f','::1','2017-02-15 16:10:17',1),(930,'786185931@qq.com','1',2,'cd3fc368849fe953ddd1ff2d746233b7a6d9ce32135d00e3ee46addeba163e22','::1','2017-02-15 16:11:41',1),(931,'786185931@qq.com','1',2,'945d6be7b2b3478d779118060493d19261d0d0c4795010b53f941e82ba9ec209','::1','2017-02-15 16:12:38',1),(932,'786185931@qq.com','1',2,'e395d61398d3b42d673c76d8ea25eced648585e78b58c23898a09b16495f0b5e','::1','2017-02-15 16:13:52',1),(933,'786185931@qq.com','1',2,'6405560f76e002979d3b5a951794e5441bd29662bf9ab577887707858eccbd60','::1','2017-02-15 16:14:23',1),(934,'786185931@qq.com','1',2,'0036acdf96ea82906251c476aa9cac02f65e40a7487ec58d29c9429c4db2ec7b','::1','2017-02-15 16:14:27',1),(935,'786185931@qq.com','1',2,'27a07077d82fac0e1761290f97b1d2ec7b3f8733a784c38d55c2ad47f502fd60','::1','2017-02-15 16:49:03',1),(936,'kellen','1',185,'ebd590c59b7a89c3b12bd0af7fd1a16f84678cb76490d8d0ebdcb204b7aeaa8f','::1','2017-02-15 17:41:22',1),(937,'kellen','1',185,'6e845b991e1c1eb618f39ab9333868906f6e5de948888ec307923f170e9d077c','::1','2017-02-15 17:41:37',1),(938,'182666781@qq.com','1',185,'7dcc4dc827ecb3aa37c5aa865aae1dcb8fb4ffaa3d4830d442725734857c8f41','::1','2017-02-15 17:41:44',1),(939,'182666781@qq.com','1',185,'30e21f55417d4bcc805bc38545990e007d4a39b0056bf65f182aa1febc51a634','::1','2017-02-15 17:41:53',1),(940,'182666781@qq.com','1',185,'3a70f1b17a25daa350b7954825891c5d39b1fe8b6f107d0c7bc5a2dca7a92cae','::1','2017-02-15 17:42:02',1),(941,'kellen','1',185,'c1ee8fe994d1f23dd891d274d0ccabb6143cd2b4e0c9949544f0871584ba8f63','::1','2017-02-15 17:42:31',1),(942,'182666781@qq.com','1',185,'ecb67816a23e7b213f01dd601f6d99da5d34e59521a522808023947bbf323a37','::1','2017-02-15 17:44:37',1),(943,'zhx','1',3,'bcb8addff6d5dd0a4b6eda0fcec3ffa68166bf6f3f511860fb7843473cd49e01','222.64.11.221','2017-02-16 10:02:00',1),(944,'1176902387@qq.com','1',171,'266a95ce97fb5722a4e2d83b1d995e168002ef5c60bd551ff11af92db085df11','222.64.11.105','2017-02-16 10:30:11',1),(945,'1176902387@qq.com','2',171,'135d730fdea15f323ed2724c3039bc9d66eda3ff24ca42cb8228ad864dd93cf5','222.64.11.105','2017-02-16 10:31:05',1),(946,'1176902387@qq.com','2',171,'3c9c4f1259f0c6e4f962025315024cd209b562d284bd0de9a492f60ff84ac265','222.64.11.105','2017-02-16 10:39:10',1),(947,'1176902387@qq.com','2',171,'668f71b1dc0b9f9c2a5b14ff6373da75c6f66c27803c76827e88c90c7450fb09','222.64.11.105','2017-02-16 10:42:32',1),(948,'1176902387@qq.com','2',171,'c6c5f34ec4bf7f1558d7f7a6ac6c33791b050070ab114515b3ce5b6d027664ce','222.64.11.105','2017-02-16 10:50:01',1),(949,'1176902387@qq.com','2',171,'b265478d4fd4fec673f5f7f95db2d27c2fdf7dfe25d1bafe937bd2a67f5b330e','222.64.11.105','2017-02-16 10:53:07',1),(950,'1176902387@qq.com','2',171,'dedf3f7cabf3e76429081fcee9b0d5a2cdb754c442ce1200deb26d8cb223046d','222.64.11.105','2017-02-16 10:53:55',1),(951,'1176902387@qq.com','2',171,'4658ed64615f75a5078dda857d45c007ae946dbe84fa86a98e4bca7bac06b929','222.64.11.105','2017-02-16 10:56:08',1),(952,'1176902387@qq.com','2',171,'eefc54c26ec645b22e497c7b31d30bee363009c56a071dd1ea0829dd9702ab7b','222.64.11.105','2017-02-16 10:58:03',1),(953,'1176902387@qq.com','2',171,'2acdf72fbeb873ad04b7bf683cd55d29f60faac0650fb7e731d5290c0dc71a54','222.64.11.105','2017-02-16 10:59:52',1),(954,'1176902387@qq.com','2',171,'73214c9126afba97822148817aab6a0a1f36aa5c742fccebcaa61fb673ffa76c','222.64.11.105','2017-02-16 11:01:30',1),(955,'1176902387@qq.com','2',171,'db953bc0a9f2cdcbc2f23de690d8b7151a1340430718390d00947751946d48e0','222.64.11.105','2017-02-16 11:03:15',1),(956,'1176902387@qq.com','2',171,'9baefae80798fbba19fd2fad9b993d0a4cc3f8ac3bc41d19e8fdd7f3ad1e0255','222.64.11.105','2017-02-16 11:05:11',1),(957,'1176902387@qq.com','2',171,'c539537f625aff1a1b05176ed3faffcbabe18dd28db924834a35bf8c8b8f54ee','222.64.11.105','2017-02-16 11:06:06',1),(958,'1176902387@qq.com','2',171,'d46cacf13c49eb7775063e99bf1334ecafb6907f1ab681a7d71fccfe64ac4ce3','222.64.11.105','2017-02-16 11:11:02',1),(959,'1176902387@qq.com','2',171,'63b3984a82e0ab8ecf670c57dbdbc4a221f722e9fc39bb85472c711713a1c59b','222.64.11.105','2017-02-16 11:12:50',1),(960,'1176902387@qq.com','2',171,'28b1809cf43b3350c3279883dafa15ad55d197e67c121d7b362449d43836edc0','222.64.11.105','2017-02-16 11:25:39',1),(961,'1176902387@qq.com','2',171,'82a6f514697a7626ff2be15a4f6a482807571a050f0915a7ba8878c68a5f12ff','222.64.11.105','2017-02-16 11:30:21',1),(962,'1176902387@qq.com','2',171,'ff31f8189dc796df1bc2cf860f3ca632718bb5019f9a94af90da1398b98ce3c7','222.64.11.105','2017-02-16 11:31:20',1),(963,'1176902387@qq.com','2',171,'a50f5cce59477351ba3e15a160ae24d9f25054cab4e2ded09de89ded26a1f0a4','222.64.11.105','2017-02-16 11:31:46',1),(964,'1176902387@qq.com','2',171,'d2e5cc0d5e5da0ee172e378870c860ef3ce286db4b7795a4c465ed25f1e9a51d','222.64.11.105','2017-02-16 11:35:10',1),(965,'1176902387@qq.com','2',171,'5406129c967cf30199e4350b39e37105721e37e6ea4f7ead2d32d45d2b31e071','222.64.11.105','2017-02-16 11:38:06',1),(966,'1176902387@qq.com','2',171,'eddf70da6e9290241bbe7aec9d3e92cef6393189b03406f500b1b66b03d741fd','222.64.11.105','2017-02-16 11:40:10',1),(967,'1176902387@qq.com','2',171,'8c74ef9ace0169015c968f02f464fc7219b2fc96b542246ee24de8266ca8f644','222.64.11.105','2017-02-16 11:41:50',1),(968,'1176902387@qq.com','2',171,'3ebd7fb439ddb3e3e06c04c0764e5190670bb7d4823945c967a0d196b7f8841c','222.64.11.105','2017-02-16 11:43:16',1),(969,'1176902387@qq.com','2',171,'4c4d33b8cca8fc28d59e980ea941e318a9ce6fbc4e18843914d32664817dd3eb','222.64.11.105','2017-02-16 11:46:03',1),(970,'1176902387@qq.com','2',171,'756e0e3e3fcde39664efa6583dec5aa2d37aa44dfc9d348c14b7c5a0724956ba','222.64.11.105','2017-02-16 11:46:48',1),(971,'1176902387@qq.com','2',171,'70f9a450044039290a2561467e962ef863ba7b7bce4db453b0123271a4196c4c','222.64.11.105','2017-02-16 11:49:54',1),(972,'1176902387@qq.com','2',171,'3f6e75c2ef330f433ac10f0dd42949f2199b1df37066c1ed237a4e6f978b8461','222.64.11.105','2017-02-16 11:51:25',1),(973,'1176902387@qq.com','2',171,'a12da4da096a130c4c29e3023fb6950340f51de6209e3d882fea8e813b2a781c','222.64.11.105','2017-02-16 11:53:16',1),(974,'1176902387@qq.com','2',171,'ba2315eccc7e21ac56decbb6260f38012b1518cce3980638d770b1efcf6f83e0','222.64.11.105','2017-02-16 12:08:43',1),(975,'1176902387@qq.com','1',171,'f8395d7e441d2eb82d2da6d438312ac244cc9479e0e8714c62915e7fdeafdc98','222.64.11.105','2017-02-16 12:16:06',1),(976,'1176902387@qq.com','2',171,'79280e4ca24a309756fc3ab492bc58eb03c9d856f702ae9e2306c65fdd112e12','222.64.11.105','2017-02-16 12:25:34',1),(977,'1176902387@qq.com','2',171,'9b5f5b50e777c31b8546354f8d8dec016c5869d2bdc4cbdddc12ebfbed937bdc','222.64.11.105','2017-02-16 12:30:17',1),(978,'1176902387@qq.com','2',171,'81ece74974e468e0a81683028c3448d219e5da31851c2d2c76dfafc60dcd5b48','222.64.11.105','2017-02-16 12:32:49',1),(979,'1176902387@qq.com','1',171,'9a164b0b4b30e8b34a699ba42201f5b4b0afdb43210551581ab405ceb7821687','222.64.11.105','2017-02-16 12:34:51',1),(980,'1176902387@qq.com','2',171,'9e637b1e2f65bfb12a3eb43c6c3f742940ef1cdf75a1ee80ec2c9ee638f53f9a','222.64.11.105','2017-02-16 12:46:25',1),(981,'1176902387@qq.com','2',171,'ec79929db9f11e359c61e43eedd99491534eca91a5568356cbacb97f4ece9ba8','222.64.11.105','2017-02-16 13:31:58',1),(982,'宁宁圈','1',192,'d1807a26533f9f41072d5788fe8cf8e4765577884ccd739a33b46028767c4022','223.104.174.209','2017-02-16 13:56:12',1),(983,'1176902387@qq.com','2',171,'53c640801c717adc4b94182c98964215b7bd686f54add029013464ff2beefb9e','222.64.11.105','2017-02-16 14:00:56',1),(984,'1176902387@qq.com','2',171,'4ee6d6490589409e4aa7307f6cb32a09c6ac721572dd8221874867e2e95c1675','222.64.11.105','2017-02-16 14:02:25',1),(985,'1176902387@qq.com','2',171,'77b14780d98007c59690dbb2cf8af8950730094a9e841efb52c1b22f2ebb2e06','222.64.11.105','2017-02-16 14:07:03',1),(986,'1176902387@qq.com','2',171,'30cc02c5e04f50aeb46b3ad223b6ff6b81663a9f0a488b259d7d1a2774c211dd','222.64.11.105','2017-02-16 14:11:35',1),(987,'1176902387@qq.com','2',171,'8e24680fa1a790e07bf28d1ad014705ee3c67bebd2a2075afc90fdd34de7845e','222.64.11.105','2017-02-16 14:27:22',1),(988,'1176902387@qq.com','2',171,'099e5da573c426c121c3559d0ef37c13deb1baf8f32b3a2231ab0b27dbe42800','222.64.11.105','2017-02-16 14:30:59',1),(989,'1176902387@qq.com','2',171,'ba95917eec49ccc6265049b66d02b442ce25c069ec92d75258fecc23021b6e31','222.64.11.105','2017-02-16 14:33:16',1),(990,'1176902387@qq.com','2',171,'9d8469d3daee8aa62ef98f1298f78dad3f7d5af84fae684a5aac5bd123eea8a1','222.64.11.105','2017-02-16 14:35:48',1),(991,'1176902387@qq.com','2',171,'33b34ab73a9b8e364076e8d06114ef36e5ba879effad5aef750e0fc552f3c892','222.64.11.105','2017-02-16 14:36:21',1),(992,'kellen','1',185,'c3c36c294001460e365584d67509dc4cbe179534c1fc747e04be6b0fb4aaa913','::1','2017-02-16 14:37:48',1),(993,'1176902387@qq.com','2',171,'d258aa714c0f60b75645f5ac7d6db4ff93d19c457b25ce99a1c61ec435d3017c','222.64.11.105','2017-02-16 14:45:29',1),(994,'1176902387@qq.com','2',171,'6e65909700e8d341b9dbf60d0d73362cb2c1a126f5ad5ac6e767a2d65f555971','222.64.11.105','2017-02-16 14:45:55',1),(995,'1176902387@qq.com','2',171,'7928b5dd8c1104b6297056cefdbd56f207c8db728544710090ab81c92c8a72ad','222.64.11.105','2017-02-16 14:46:56',1),(996,'1176902387@qq.com','2',171,'1dd3c29ecafb50b5e3898bd805c8013e9af9b4715e2c002b02b62a299461899b','222.64.11.105','2017-02-16 14:48:24',1),(997,'1176902387@qq.com','2',171,'fd7e245c76aff351bf57cbfa2f246044acca2a98ffd5ef041a4ba7ae9eedb275','222.64.11.105','2017-02-16 14:51:12',1),(998,'1176902387@qq.com','2',171,'6ca03dab9b940d52428b5d802d2c04037ad78073c5297695c0a37db76103ca47','222.64.11.105','2017-02-16 14:54:56',1),(999,'1176902387@qq.com','2',171,'d692b953fa52dafd5639541333f90a0e3d520e25183c9fb951230d1105697633','222.64.11.105','2017-02-16 15:01:53',1),(1000,'1176902387@qq.com','2',171,'85c5eba34c3c3d68c1ca75ae2f0b45a3e906cc33a5353724509ea2b4a848d8ed','222.64.11.105','2017-02-16 15:04:02',1),(1001,'1176902387@qq.com','2',171,'1123ff6e703d332d2e7b83a8fdef360b5e7bf2be4e2e34fd7663df3f22cec2be','222.64.11.105','2017-02-16 15:19:25',1),(1002,'1176902387@qq.com','2',171,'1ef3d9fe17182f906f199f85d9b543c96ad30b9a37d09ebdc4bef668f2bffe2d','222.64.11.105','2017-02-16 15:24:18',1),(1003,'1176902387@qq.com','2',171,'5922b58166f824fc369d6f7249c2d646766b8631e6c929af16d100dd9df54bc5','222.64.11.105','2017-02-16 15:27:43',1),(1004,'1176902387@qq.com','2',171,'5f96f462ba00a05daddaaf9bfc44903754341839c7f662280d46384fe6d2ff4e','222.64.11.105','2017-02-16 15:28:02',1),(1005,'1176902387@qq.com','2',171,'ea25856f5fe341e6c4d7c97aed386a4bcc9215688d25e483c867a5efe3d09005','222.64.11.105','2017-02-16 15:30:51',1),(1006,'1176902387@qq.com','2',171,'3baa87eedac330c6c8d711f1c838c4d0c8f283f6ab2c783bf1b664cfce868777','222.64.11.105','2017-02-16 15:36:20',1),(1007,'1176902387@qq.com','2',171,'218442a431a4dcac028f8f0a87f5eeb80e6a082826705854f6e255f425758bc3','222.64.11.105','2017-02-16 15:48:24',1),(1008,'1176902387@qq.com','2',171,'00dd10841a2a96de97241de1102ef174b359d4a166dbf6cf8c84a52be9b62aa6','222.64.11.105','2017-02-16 15:49:47',1),(1009,'1176902387@qq.com','2',171,'04bd5e45e8099b05275925ba506f3edbb12bec56634dcc85f52ceb19047d4ccd','222.64.11.105','2017-02-16 15:56:32',1),(1010,'1176902387@qq.com','2',171,'c9957809027ecf044d9c393e4460fb18b61807a8c33d2bb006dacf404826ad1f','222.64.11.105','2017-02-16 16:00:15',1),(1011,'1176902387@qq.com','2',171,'6f52b2729bbef3d37632044e5455fb59dade0dcdbd555496f47ce8f61e1ec43e','222.64.11.105','2017-02-16 16:09:14',1),(1012,'786185931@qq.com','1',2,'1a525c3e81174ca18c057cc8784d2202b3562e07a31bbc23ff6def7d2877a849','::1','2017-02-16 16:28:44',1),(1013,'1176902387@qq.com','2',171,'009e9fb65a12ea524ae519019e27b216d0b906d2acdf1a9b715745ba51e041a9','222.64.11.105','2017-02-16 17:13:44',1),(1014,'1176902387@qq.com','2',171,'3701bc83d2c00c4f6c25e8d9d76116d5f90da8f95176962a75af4d519040712b','222.64.11.105','2017-02-16 17:15:40',1),(1015,'1176902387@qq.com','2',171,'8660ac33e08c9b117085f40657aa68bcd362b08ac3e390f766912e4aad16ce67','222.64.11.105','2017-02-16 17:19:06',1),(1016,'1176902387@qq.com','2',171,'d4268e7d2c38e81c1001ac8da3a2abf538273b69afc50740adbb2b7e74a48bf9','222.64.11.105','2017-02-16 17:27:45',1),(1017,'1176902387@qq.com','2',171,'0316c17eb2eca6d45e5ed3eba54828dfacaf70d676c94766fd671f8fe1d484c8','222.64.11.105','2017-02-16 17:31:56',1),(1018,'1176902387@qq.com','2',171,'97f2aadca31fa15463fba8061ce13fa17907b24b2ce72dead917802334663140','222.64.11.105','2017-02-16 17:37:35',1),(1019,'1176902387@qq.com','2',171,'32ab849dd0db5c2b6a170f833db79517e9afacb1c8a66fcd743a68967bae9ec7','222.64.11.105','2017-02-16 17:52:45',1),(1020,'1176902387@qq.com','2',171,'cfd66e5dccd51bb948f8ed4a67ea4b950ec5984062c6042f3b7acd4eb2315c86','222.64.11.105','2017-02-16 17:55:02',1),(1021,'1176902387@qq.com','2',171,'dddf41283f9c32775da16ad70dc1de4c5a8b96fc01b4eeca532d0a26d1df9acb','222.64.11.105','2017-02-16 17:59:58',1),(1022,'1176902387@qq.com','2',171,'cf3b7fea406812024a8dc6b4bd6dff920aa74e0f5f6a3f349b61898c5b0f6897','222.64.11.105','2017-02-16 18:02:50',1),(1023,'zhouyijun','1',171,'b96210c0bbc1fc3c325ab3ec3ce3a0f59d64aa06679f1e1898e2f8f4617c8599','222.64.11.105','2017-02-16 18:19:10',1),(1024,'1176902387@qq.com','2',171,'f1159851dfcf3f9234f52593b43c99b681f4bc6b2a2b662529e4b1decfda6cf4','222.64.11.105','2017-02-16 18:20:25',1),(1025,'1176902387@qq.com','2',171,'774369529361f85bf55d408f81c79572ee3ccc335b20b532fc6cf3416735a1c6','222.64.11.105','2017-02-16 18:22:52',1),(1026,'1176902387@qq.com','2',171,'55a74baf06cbe0073522e34a27659194812bbbaa437524403b173667ee9f6df8','222.64.11.105','2017-02-16 18:34:36',1),(1027,'1176902387@qq.com','2',171,'d5757af000f7b4ca48c137a0305c70a9a91e6fda41c1f74c35bc2bc9ab6e6a01','222.64.11.105','2017-02-16 18:34:48',1),(1028,'zhx','1',3,'dcf7dce8290628faea64df7d646c49a8ddc95b4ee2336282aae844fbcd7e7217','101.90.252.86','2017-02-16 22:10:03',1),(1029,'1176902387@qq.com','2',171,'1f44cc17a132604c68e47b56e2bc7552b88bf367841b261d2f47bb5924021fec','222.64.11.105','2017-02-17 10:12:09',1),(1030,'zhx','1',3,'6ffecae52f427c5397b2d14b21cde3166974c535a9e97ea52dc8a102f8f0a7cf','101.90.253.123','2017-02-17 10:30:43',1),(1031,'zhx','1',3,'ccc9ef244f625836218dd37a06387093782654d1d4cc109e0e0ee81ec53bad55','101.90.253.123','2017-02-17 10:32:42',1),(1032,'zhouyijun','1',171,'8225560bdf77a3928a3e8f8c89317b930a5b1622eae4d018c90dcf208d97eb49','222.64.11.105','2017-02-17 11:04:23',1),(1033,'zhouyijun','1',171,'10bb68f8b03bfd20cd685c8d1e03527bb1c9f8edcd9a7a9bb3cda9b880ee3793','222.64.11.105','2017-02-17 11:08:40',1),(1034,'zhouyijun','1',171,'e3d2093b6bbe52531da54f77c2ffd131ebdb7ada5a65258df1db7b47970d87dd','222.64.11.105','2017-02-17 11:14:48',1),(1035,'zhouyijun','1',171,'fc0876cdd99f116ff8c63fbff3549d4b7e6c0ab295ceca9d26807ad67262db52','222.64.11.105','2017-02-17 11:14:58',1),(1036,'zhouyijun','1',171,'b4db2dc40b7327f5d8582ba58fc0fcf5aeae4bf6b4b9e05cf94bb11fdbd5ca80','222.64.11.105','2017-02-17 11:16:10',1),(1037,'zhouyijun','1',171,'31d0aa7e0eca2efa0f74a4e5ca728d8d43c80831c23604702016362272b9d4ca','222.64.11.105','2017-02-17 11:22:07',1),(1038,'zhouyijun','1',171,'bbe16c171f8cd9f2c97fed1a68a3c8440d314d25b301da35b3ad207f4c85fdee','222.64.11.105','2017-02-17 11:53:05',1),(1039,'786185931@qq.com','1',2,'5b4f6e462c1248c0890547ae3db24491d70cd969af40eec46743b0575726340f','::1','2017-02-17 13:08:51',1),(1040,'zhouyijun','1',171,'dec63ddc677cac8482b4c13f915d1b850302e226cee3b4113d649334f2271975','222.64.11.105','2017-02-17 13:16:34',1),(1041,'zhouyijun','1',171,'75c17ebdff24628d6e1fe85ad2cfac1bb5e59f6cbbaa7e396f3837f6b4f00f39','222.64.11.105','2017-02-17 13:38:30',1),(1042,'zhouyijun','1',171,'8001a5ec6d1c7d08fd65fa921d12b761fda8e3727550485eef9ec8952755922f','222.64.11.105','2017-02-17 13:40:10',1),(1043,'zhouyijun','1',171,'4de55163ee7c227338ea6f963adccc82729ee5fe415ceba70f69e44782593246','222.64.11.105','2017-02-17 13:44:08',1),(1044,'zhouyijun','1',171,'e9f89c019e9446d76f7b3c64ecd38a056e1b2d52808fd0657bd6f00538b9d7be','222.64.11.105','2017-02-17 13:57:57',1),(1045,'zhouyijun','1',171,'fbbe113b6a874df068a1be41766a57d32bc3a64edf2a4a7001bf780fbc11300f','222.64.11.105','2017-02-17 14:22:39',1),(1046,'zhouyijun','1',171,'9aff67526721ef43e276b24dd66f9ea50a11309130507ace5579c7f5ceae72e3','222.64.11.105','2017-02-17 14:23:25',1),(1047,'182666781@qq.com','1',185,'734a9208d0e9d4fc150fb85b4488a782fd20bbd55f6528adca4baff8ea38293b','::1','2017-02-17 14:39:34',1),(1048,'zhouyijun','1',171,'96a26089970dd9d0291d89f05380c2d908a88c7f365d8932f8e4d91b6017e2ae','222.64.11.105','2017-02-17 14:44:38',1),(1049,'zhouyijun','1',171,'f7f4e30ca0336d35b0ad300319741f16b792c1506baac19059f2fc13a47f3b5c','222.64.11.105','2017-02-17 14:45:33',1),(1050,'zhouyijun','1',171,'c72f7ed1a835443f13c50863ac7ccaec7e9058c2cfd90dfb4e92212788255bf7','222.64.11.105','2017-02-17 14:48:03',1),(1051,'786185931@qq.com','1',2,'3359a63c9c8d59a2ea14c43602c2abbbb6b10e48ebc4d1875e606fb7bb9dc0b4','222.64.11.221','2017-02-17 15:55:36',1),(1052,'786185931@qq.com','1',2,'256b4525468a8855b0dedad300753a00b023823d5d8ee2e20457b49a3205f478','222.64.11.221','2017-02-17 15:55:53',1),(1053,'786185931@qq.com','1',2,'6532a913ba6c09448200cb464bd500f0367e1f293073670426e22fe2e2527344','222.64.11.221','2017-02-17 15:56:16',1),(1054,'786185931@qq.com','1',2,'dd659f7bbc9b242fee29290ce34bc0cd6a4a5b5d2184f812b25e3311050aff38','222.64.11.221','2017-02-17 15:56:58',1),(1055,'786185931@qq.com','1',2,'4b0a468039f00ec769790b93fe972df29c899c08510be84934da51aa35a24a07','222.64.11.221','2017-02-17 15:58:33',1),(1056,'zhouyijun','1',171,'3ad21ecbb3ef9bc84ac177aaaa44cc36ad3808c12bb6e5d6c76fb5f59754a9f7','222.64.11.105','2017-02-17 16:01:21',1),(1057,'zhouyijun','1',171,'7f02e2ea10f1e41c9d6160d3cc252d02ec5b5ab14d94ee07c4497b387681fab5','222.64.11.105','2017-02-17 16:05:50',1),(1058,'zhouyijun','1',171,'ee3269625079c5ef407ffde742e519acfca88b5e096b868543ffae6f1a2d1281','222.64.11.105','2017-02-17 16:15:51',1),(1059,'zhouyijun','1',171,'a6375221aecf1fe9d2aa5c45f5bd9665600985db53488714df3c013f1846feef','222.64.11.105','2017-02-17 16:16:07',1),(1060,'zhouyijun','1',171,'a376fd98da33c41fb7233ab5ab0d5e70faddd5d0bd2b47df24817152c349fdf2','222.64.11.105','2017-02-17 16:26:44',1),(1061,'zhouyijun','1',171,'870566a505c7e7c38f772be6635a1d732cb21710f72704f27bae9c0ef6aa2303','222.64.11.105','2017-02-17 16:45:08',1),(1062,'zhouyijun','1',171,'fc0e72ba78bee9e839608f6e84c279fedac662d4937770b170ff9d9691f15ec7','222.64.11.105','2017-02-17 16:45:19',1),(1063,'zhouyijun','1',171,'8587a60581e037d76afd6843109a43d30592d6afa0e448f18d41497b4b679539','222.64.11.105','2017-02-17 16:55:51',1),(1064,'zhx','1',3,'18b3c517633c6f2da833bf873d7cbe0f255c355f53de9b01cd9ee00044ff7185','222.64.11.221','2017-02-17 16:58:01',1),(1065,'zhx','1',3,'d8d3812955a6e88ce896cd57ef0217ea09f45928155e0c7c7196caf75eceb757','222.64.11.221','2017-02-17 16:58:12',1),(1066,'zhx','1',3,'1420bf0bd3f594c19d635e469a6503610127a5aab12c94d3218f550d196c0f5b','222.64.11.221','2017-02-17 16:58:29',1),(1067,'zhx','1',3,'f648d8f15783dcfb23aec82cff8cf0a2e1d49ad5a1a744b3ae21e7dc82ae1d49','222.64.11.221','2017-02-17 16:58:45',1),(1068,'zhx','1',3,'21a14aa4f06782f69211fcb7011d60fdc941347fbe93d9fc1c4827c94e9c1d36','222.64.11.221','2017-02-17 17:03:50',1),(1069,'zhx','1',3,'fc415419e7b5a2b99b6dfd6ba7076b07105cb1202d31d3eff20c39ab301153aa','222.64.11.221','2017-02-17 17:04:18',1),(1070,'zhx','1',3,'1ba8d3ac417078cba88d2674072fd25f820a3b1359b046101acaf498a097ded1','222.64.11.221','2017-02-17 17:04:38',1),(1071,'786185931@qq.com','1',2,'88c741b3f706aa415411198c02e3eeecc6c375af22bbfe67afa1cc3f4ee22108','222.64.11.221','2017-02-17 17:05:22',1),(1072,'zhx','1',3,'89f5edf9ef4cdf173fa449cc7052e4e7807a115d002855ba2dc065a3f82e926e','222.64.11.221','2017-02-17 17:05:23',1),(1073,'786185931@qq.com','1',2,'448e9538ce3cd3dbaf0cc9ebee812894667b532408d718ff9f9956129ff02c52','222.64.11.221','2017-02-17 17:05:34',1),(1074,'zhouyijun','1',171,'314465917bb665f11c84d49505bbbf6b31955fda4283edbaeb31cccbe8ab1135','222.64.11.105','2017-02-17 17:06:46',1),(1075,'1176902387@qq.com','1',171,'25492771c7379838a6b72ad7d9bb9881ef6ed88497d9d3041963916e288aad4b','222.64.11.105','2017-02-17 17:07:43',1),(1076,'zhx','1',3,'c6565533683cc31518c03c85a1099b1a0f1603b9df345f60661c619511d5a61a','222.64.11.221','2017-02-17 17:09:08',1),(1077,'zhouyijun','1',171,'86913742312b40a7ac92742e720ef6c583d62569644380c8a0c0ffac2ade0ebd','222.64.11.105','2017-02-17 17:09:15',1),(1078,'786185931@qq.com','1',2,'32f19fe8a61d68c11e775b5604f60553abdd501513e6688aae3dac9cc1285167','::1','2017-02-17 17:12:13',1),(1079,'786185931@qq.com','1',2,'7e1072b0e29e869760625e94fb44d5fbd28bcf16979696eb4eef365369b11f43','222.64.11.221','2017-02-17 17:13:27',1),(1080,'zhx','1',3,'15161e8a1a6e25567e0ce68e3a313fe38b798313eb0bb4c96d3be196a2d545c3','222.64.11.221','2017-02-17 17:18:42',1),(1081,'zhx','1',3,'6a54bceee27389d714ed6f0f39aaf1bc7914992131fd2d248e2d66768a00faef','222.64.11.221','2017-02-17 17:22:35',1),(1082,'kellen','1',185,'f0b3a2e625b81fc56496954360fe8f8477be4e62bd597dd1d4b67f4fcc1a6c34','222.64.11.221','2017-02-17 17:24:41',1),(1083,'zhx','1',3,'a40a5a3df1cfb6b3dcf9e9d85193877aeff825214931496d40843768853f5b23','222.64.11.221','2017-02-17 17:25:59',1),(1084,'1','1',97,'','222.64.11.221','2017-02-17 17:26:51',0),(1085,'zhx','1',3,'16aa9feca670b87b8679e7559c78529fd60ff2162b5da11bdb538fe0b7ddecb0','222.64.11.221','2017-02-17 17:28:18',1),(1086,'1176902387@qq.com','1',171,'5fb04a2324671e16f7c8efeae0970cb7c491a5f5e6388af29764d71da4f23e12','222.64.11.105','2017-02-17 17:43:37',1),(1087,'zhx','1',3,'889e58e1f96abf57ab600af1af28ab2b267afab7dd9dbe4b9a5d13c1b3cc469a','222.64.11.221','2017-02-17 17:44:20',1),(1088,'zhouyijun','1',171,'24d8ad06ddf7733ec439a1cd6e6d4c3e74addb45f0188c8d7db91e4df777aa16','222.64.11.105','2017-02-17 17:45:36',1),(1089,'1176902387@qq.com','1',171,'a1a21f3a894baaaaec062ede08159dc5c33176cb2ec4a80ca0fdf6ca68b062de','222.64.11.105','2017-02-17 17:47:07',1),(1090,'zhx','1',3,'69b7cc411a08da05c78bd79075ed11f1766b6a440e6e2ebc49338bf65da2c066','222.64.11.221','2017-02-17 17:52:08',1),(1091,'zhouyijun','1',171,'cac398bc1bddb608631c87dbc4e2dba1ce1ea9f824683a50170031e0e7ee2525','222.64.11.105','2017-02-17 18:06:33',1),(1092,'1176902387@qq.com','1',171,'57c1c04dc609375bb24412e1a4d421b940bb1cab3966d1fca6e8dba276b7b863','222.64.11.105','2017-02-17 18:07:01',1),(1093,'zhouyijun','1',171,'1dcfc0977bc50f04f569cbdcea18055f37323e2e7eeda871d8b357c736db9ece','222.64.11.105','2017-02-17 18:08:57',1),(1094,'zhouyijun','1',171,'df1b45d334f6e6230f786ff5172bbeca8e110ee1ba1970b73d8b5cb908a8190c','222.64.11.105','2017-02-17 18:11:12',1),(1095,'1176902387@qq.com','1',171,'4da09c0c9ffe99e9e53283bc1bbc2f482df57c203604241727b75f9cad9ea13c','222.64.11.105','2017-02-17 18:12:08',1),(1096,'zhouyijun','1',171,'2b64efec21f989c1a03a5abe1cf148a6efbc804e82f4537d559f8bb7a20eccdf','222.64.11.105','2017-02-17 18:12:20',1),(1097,'1176902387@qq.com','1',171,'d22271f8cb2e6df6274eeede7f4ebbcc78e915e17572030f8b972b42142c856b','222.64.11.105','2017-02-17 18:14:53',1),(1098,'zhouyijun','2',171,'3c77aed9db785455dc352c3de08e1826e813c960c724d3634b8431587f8d1ae7','222.64.11.105','2017-02-17 18:18:36',1),(1099,'zhouyijun','2',171,'88be52577132e37c79b2b7043b37c0224f5e7d24cabfea6063f97ff90c8b6bf8','222.64.11.105','2017-02-17 18:20:08',1),(1100,'1176902387@qq.com','1',171,'e45ede6363e6d7a0048247b62f5933ac94165422359593660d077e485deba733','222.64.11.105','2017-02-17 18:21:39',1),(1101,'zhouyijun','2',171,'e2c6a8626b13e5d91966abeba39a2c527f9fd81388c44468cefa3c4fb2767ed8','222.64.11.105','2017-02-17 18:22:35',1),(1102,'786185931@qq.com','1',2,'a8a72a247032f0104c9a25b0bc8788db6d333e970f59cc4ca074947b51ab47be','::1','2017-02-17 18:30:19',1),(1103,'786185931@qq.com','1',2,'bf6856e1177ae79f53b271f6244aeb6f6b01ec416e7fb0d80f41985e93dc42f6','::1','2017-02-17 18:31:14',1),(1104,'786185931@qq.com','1',2,'c32677064354fc63bccce76422212d96011bcb54c040c9d063f2f446da489e73','::1','2017-02-17 18:31:48',1),(1105,'zhx','1',3,'e69062a935d145e5a4e9c3677370dc508bd01630669dc420e7f0a31b8ef79cc7','58.33.130.69','2017-02-18 20:54:25',1),(1106,'zhx','1',3,'6aee3498232c0f68c77e4196f7bcdba4cde913467947927c69a19265234b16f7','58.33.130.69','2017-02-19 10:44:09',1),(1107,'zhx','1',3,'e3d2bb081f2b29a35f95126f14f43f6652a260ae19b4ce1869cf69c5928d02c1','58.33.130.69','2017-02-19 10:49:44',1),(1108,'kellen','1',185,'6d485ada206a0341599ff24e07397fa4ddd3e2b0134701a461b9e9f101c2ebd6','::1','2017-02-19 16:47:16',1),(1109,'786185931@qq.com','1',2,'ceb5257194d4a952fdc46372ae5d2113c3286d7b999641305f2de1cd064cb925','101.86.105.174','2017-02-20 12:34:52',1),(1110,'786185931@qq.com','1',2,'749500639f9d315e22e61c1b2b9508d3c3a34221ef7ed212e8ae816325457b20','101.86.105.174','2017-02-20 12:35:41',1),(1111,'786185931@qq.com','1',2,'2496bafd2b7f9753ab3b1596e3bfbe88779fd203dd4656bf847aa6c24b60af01','::1','2017-02-20 14:33:41',1),(1112,'zhx','1',3,'39c0f23e39e42ad5588a29afa317beea6d1c05a488167528e163bcb068b8ecea','115.150.44.101','2017-02-20 18:09:12',1),(1113,'zhouyijun','2',171,'df73ec58a1e589d1dc084cc77b828d96cf73a13d86cc3dfde0f77f9d56075a60','58.38.127.133','2017-02-21 10:23:36',1),(1114,'zhouyijun','2',171,'a1c8ae4d10377305be2e6b8af912ef95276e178b5182b9e2f43e8368648aa6cc','58.38.127.133','2017-02-21 10:25:47',1),(1115,'zhouyijun','2',171,'9bb0af7dec4d4deb379ff9b13f0114a179019ae34debce7e56af2b977971fe15','58.38.127.133','2017-02-21 10:33:00',1),(1116,'zhouyijun','2',171,'a300feff29d838b48f6c0d04eb2108ee8709fe534c404b733d139028a1f118aa','58.38.127.133','2017-02-21 10:47:06',1),(1117,'zhouyijun','2',171,'fe72f75f2df0f835925de1ff088d040cceb9c502c858113f3df7c413b29603e9','58.38.127.133','2017-02-21 10:53:59',1),(1118,'zhouyijun','2',171,'41e24c02b558b47dc8ebc86103e0214e8b7d7b2f5b9d38e5d42bfff754f70639','58.38.127.133','2017-02-21 10:57:20',1),(1119,'zhouyijun','2',171,'fae83b3db2de17c2ed044dd1b248e2f9d0a292a67df2eb8de5b90c5e42521108','58.38.127.133','2017-02-21 10:59:02',1),(1120,'786185931@qq.com','1',2,'15add7267f6ab58e4e898cf34318f8a180efe9b9c39dfba88c5e0c7e84c8f729','::1','2017-02-21 11:00:09',1),(1121,'zhouyijun','2',171,'77e3c9deb36fba19e8b72eee256040d02bc94a52445340d0a542f230242bb4dc','58.38.127.133','2017-02-21 11:01:33',1),(1122,'zhouyijun','2',171,'8c815b53d69fb38513f2057c00e1c203ff42640846e2fe5def5c9d647bd87857','58.38.127.133','2017-02-21 11:18:30',1),(1123,'zhouyijun','2',171,'279d0738c2c81b325e0eab8fc125c324c243226b10a1d5c5df6b94d39cb1608b','58.38.127.133','2017-02-21 11:19:22',1),(1124,'786185931@qq.com','1',2,'1326323191b6ef9acd2e3de8aacc7bad0d02273c3e2f5c7904555c7100090c27','::1','2017-02-21 11:23:59',1),(1125,'zhouyijun','2',171,'d55242ebff24093204a2730e83ffd2c1c76ace3c3b856054766bed62fd192ea2','58.38.127.133','2017-02-21 11:27:45',1),(1126,'zhouyijun','2',171,'1fbff4cde2b6dff77cbf1c5b7406e177b1f68941aae0dac618152059937f3fc1','58.38.127.133','2017-02-21 11:28:53',1),(1127,'zhouyijun','2',171,'2049778fe4989352c11da4f79214c63fb0b2b508094e55c90c96d842b7625ead','58.38.127.133','2017-02-21 12:34:20',1),(1128,'zhouyijun','2',171,'e82a3d1c2ed0baaead11b933fd8b2d10b93db72abd791b1a70cbbc5bed1b493d','58.38.127.133','2017-02-21 12:40:30',1),(1129,'zhouyijun','2',171,'af4ca2e49acac44c606c2920e4eeab3245927a4d76cf922551944d4a79db00f8','58.38.127.133','2017-02-21 12:44:36',1),(1130,'zhouyijun','2',171,'c894de49a63608c6bcb1f17f8ee8f832f77e41ff38f1b7c2cc3beea6fd7f4e7a','58.38.127.133','2017-02-21 12:47:12',1),(1131,'zhouyijun','2',171,'d7ca1132e6f6037d7fddae8d7cf069aeebfec04994a167a5c4bbd5b665f8397d','58.38.127.133','2017-02-21 12:53:50',1),(1132,'zhouyijun','2',171,'8aca87c978bebc422175decbbd5641c53db68138cf6934bb412025257bec2a48','58.38.127.133','2017-02-21 13:09:30',1),(1133,'zhouyijun','2',171,'86d73c355bad89d41284a9e624e74371764b53d6ea01773152bb4ae1bff0fb29','58.38.127.133','2017-02-21 13:11:20',1),(1134,'zhouyijun','2',171,'af70e7b7dc55819999ac57209f1075d29c439d5b85e62cfffe045607191e0926','58.38.127.133','2017-02-21 13:44:16',1),(1135,'zhouyijun','2',171,'864fab39ef2a468f53a2bc8c3eebbfb2725187a1e3ee921424c11d39bcbcd71c','58.38.127.133','2017-02-21 14:11:44',1),(1136,'182666781@qq.com','1',185,'778c26a1b4584053017af026ca2e43b07e7f7e5fefb39c145cfdcad1ce7af1ee','::1','2017-02-21 14:29:52',1),(1137,'zhouyijun','2',171,'9081d7f07efe39f43ddcad7cc930de41ab6f01bce5947fd99e6ba493f5248db5','58.38.127.133','2017-02-21 14:37:10',1),(1138,'zhouyijun','2',171,'c399c4632ebb02625c882e0f197f8a48ef4d2dc56eaa32984f43db6534054a19','58.38.127.133','2017-02-21 14:54:35',1),(1139,'zhouyijun','2',171,'2b7592691f33f44439690bce2f1e93102453d59219435993d23996df8c66fdd8','58.38.127.133','2017-02-21 14:59:11',1),(1140,'786185931@qq.com','1',2,'00c0573de7780b6c99306d93289f3f220c96675eea342ed5c20e574170ddc35e','::1','2017-02-21 15:01:28',1),(1141,'zhouyijun','2',171,'09ce14921e7e33dbaef7b4b3516b988272082c9b700bb9813683e2cb77331241','58.38.127.133','2017-02-21 15:06:49',1),(1142,'zhouyijun','2',171,'9b882c2cc8d9610598dc5c81b112e515d1a7634c185b78cd032912461184b0b4','58.38.127.133','2017-02-21 15:09:20',1),(1143,'zhouyijun','2',171,'39bde869adc636b18d9b8fa2738c6c0af9840c407585e28a1768a03ef958fd30','58.38.127.133','2017-02-21 15:14:20',1),(1144,'zhouyijun','2',171,'a97e571c1ee50159ede850dc363f4fbb4dfe1e74aed019cec48917c4976046f1','58.38.127.133','2017-02-21 15:16:56',1),(1145,'zhouyijun','2',171,'b344f733963a6a41943ba0b9949848549c55fd040b0fc3668a70ed6abbcaefd9','58.38.127.133','2017-02-21 15:17:13',1),(1146,'zhouyijun','2',171,'102b2d3a1d951044b886509d9fcf837c962a1308a77eaed0513df2a8b5709598','58.38.127.133','2017-02-21 15:20:16',1),(1147,'zhouyijun','2',171,'5bab40c83c2f562e8e975fd5de9afc5cd02f4270f9c31c04d171aa2fad0ef7de','58.38.127.133','2017-02-21 15:21:41',1),(1148,'zhouyijun','2',171,'d226d82a9fdce78caa92aee39335dade09f96e690511a9557eaf421197964d67','58.38.127.133','2017-02-21 15:24:22',1),(1149,'zhouyijun','2',171,'859f1d3bedceb1fa9f44cf027e4aecab44e6777ade499fbd1240ec30be0f2911','58.38.127.133','2017-02-21 15:35:45',1),(1150,'zhouyijun','2',171,'bb2ef635749fd794b0f1e2f6777430daab8f2e48c95d87b374087ceb12b9d215','58.38.127.133','2017-02-21 15:42:31',1),(1151,'zhouyijun','2',171,'0810dd62941c35e6014391e6b0b6734cdfb078bc568d9754ad527266604f03bc','58.38.127.133','2017-02-21 15:43:27',1),(1152,'786185931@qq.com','1',2,'0ca93badf780a5bb9be9b99b818762558e89fb7be366a79d546438a8b10081c1','::1','2017-02-21 15:47:44',1),(1153,'zhouyijun','2',171,'87a4c90525f22596d3ada1f11790fd2680427fcead84ba3bd93d10a4633e80fa','58.38.127.133','2017-02-21 15:48:25',1),(1154,'zhouyijun','2',171,'1484f82db220c6d4b4c3b6d40001085b91eaba4add48f66142d99f7dabf841eb','58.38.127.133','2017-02-21 15:49:20',1),(1155,'zhouyijun','2',171,'e6895b6597425606f3b7f147aa4b733252702bdadf1ce241d96dd829185347be','58.38.127.133','2017-02-21 15:51:47',1),(1156,'zhouyijun','2',171,'4b8e385808bfcad4368b9ad62b500a15134fe0c7c0d39fdff7302dbffad11847','58.38.127.133','2017-02-21 16:02:41',1),(1157,'zhouyijun','2',171,'f23bfe8a929e9059532c164b8c3c1655efce5236e8b0b1488d3919389f31b6b0','58.38.127.133','2017-02-21 16:11:46',1),(1158,'786185931@qq.com','1',2,'93591709635c997bd14360c57783af94c93dc8ab2c1696e41d8c3a603a1fd784','::1','2017-02-21 16:24:24',1),(1159,'zhouyijun','2',171,'71188c4617b06292f138846e1e8932a6cccb0e7b9e1a34336d96731911b502cc','58.38.127.133','2017-02-21 16:57:36',1),(1160,'zhouyijun','2',171,'236b21b09c8532eeee51299a0db2098b388a63cdfb1f378f7bf075e417f5ba59','58.38.127.133','2017-02-21 16:57:58',1),(1161,'zhouyijun','2',171,'ef6c3ac17b58d8242d1a8f4ae023983d3b1a7d0af3743e59ec25104cd38b5abe','58.38.127.133','2017-02-21 17:02:11',1),(1162,'zhouyijun','2',171,'e1b3b60a09e02c34ee5d0a265fd75be7682b3d2fdf8c91584032835f27870586','58.38.127.133','2017-02-21 17:08:55',1),(1163,'786185931@qq.com','1',2,'47a2f055a9ed910814b2154a430a55bfeb14d2dfb0ffcb8d42f55c5609450be0','::1','2017-02-21 17:10:33',1),(1164,'786185931@qq.com','1',2,'7d6a43c64305ae45cb89cb80e7c9023585c0270929a94b5556b275fa18c7ae18','::1','2017-02-21 17:10:40',1),(1165,'zhouyijun','2',171,'b314a5547c1352f93b4561e87c4c6befe18ce521763f1bac732a043db9cf4258','58.38.127.133','2017-02-21 17:11:50',1),(1166,'1176902387@qq.com','1',171,'ee5888804c913fd8654f7e5742dcaf59a25f3cde5c9365c1e5e92f9e41fb7dc9','58.38.127.133','2017-02-21 17:12:27',1),(1167,'1176902387@qq.com','1',171,'66f856e9a0a1b7460a2df757bb17071e5ffff79a302f3c77d3694e0bb4e15282','58.38.127.133','2017-02-21 17:12:27',1),(1168,'786185931@qq.com','1',2,'842c9ba4829ccb048e6ea55ced61a32145a332bc4c8772d0aea1d6e74a80135c','::1','2017-02-21 17:22:16',1),(1169,'786185931@qq.com','1',2,'8d7c5f848e48365394ec409cb4c8754de433efbbc23243ed6d3c6386b3921201','::1','2017-02-21 17:27:08',1),(1170,'786185931@qq.com','1',2,'2f7a4176eab47d78100715ca460ab5b09808c6b3fa20e124e05a1076709f09b9','::1','2017-02-21 17:27:41',1),(1171,'786185931@qq.com','1',2,'08efb43cc6a431081770a4d9250e18614a610f63aa504764b43765a0fa6f00a9','::1','2017-02-21 17:37:33',1),(1172,'zhouyijun','2',171,'acedb7868c7738539017fd39f7d48580570b6c90e5f07a6523c5b786d5242d36','58.38.127.133','2017-02-21 17:40:01',1),(1173,'786185931@qq.com','1',2,'a0a684aaf56892bc70d742ede6a91275475fded68ea608c57048463fa2bfbe5d','::1','2017-02-21 17:50:32',1),(1174,'zhouyijun','2',171,'01f538c3bd1456346c8475735a75a2f836a9be2ea36646dd65e78e4de679ed07','58.38.127.133','2017-02-21 17:52:42',1),(1175,'zhouyijun','2',171,'c825392d6a82b1eff5cd442ee734ef77b24882e40bb24b0a8c88a5e734b1a856','58.38.127.133','2017-02-21 17:54:59',1),(1176,'zhouyijun','2',171,'3ef4e601794b158436353d9459610b4019a10519c845ae4b74812e649f0d9f71','58.38.127.133','2017-02-21 17:58:59',1),(1177,'zhouyijun','2',171,'7dffcd17f930a433335890b5cea3a4d5c5ad51e2fefa09f571a368d831265e9c','58.38.127.133','2017-02-21 18:21:19',1),(1178,'zhouyijun','2',171,'e98770309258851d310ec99e4e29f8c20b6d82fcfb50693ed46b9678a3c1728b','58.38.127.133','2017-02-21 18:31:38',1),(1179,'zhx','2',3,'90c96125d105a27c4864e2a8298c9acda1253ea3271fd5a453cce13b84779b09','101.86.105.174','2017-02-21 18:49:36',1),(1180,'zhouyijun','2',171,'2020112518085a9da6b398a4ca174184d5bbb690ee24c29229dabb3b0bda1c9e','58.38.127.133','2017-02-22 10:12:34',1),(1181,'zhouyijun','2',171,'811fedee254a1ebe3252cf6d7ba06ff5268f4bd99c885239e536a211dfdc7e80','58.38.127.133','2017-02-22 10:12:34',1),(1182,'zhx','2',3,'c7bdf56d32cedb552a6e193eb1d5855b584961afc4e44d2cd98ef4a2ced19523','58.38.127.133','2017-02-22 10:12:48',1),(1183,'zhx','2',3,'e4834b509043fd11ddea040b076a83f59b82fad546f832d05a3c4d02cfa92f14','58.38.127.133','2017-02-22 10:17:26',1),(1184,'zhx','2',3,'0ac811165843cd61486f81c62beac0533251bed5b8918eb5fd128f14a6b36f64','58.38.127.133','2017-02-22 10:30:22',1),(1185,'zhouyijun','2',171,'81b4c495212e0cfea20f8779a1e092e02bd5b65c43f34cc1b837ae70cb21da7c','58.38.127.133','2017-02-22 10:33:10',1),(1186,'zhouyijun','1',171,'550f58908271a4718b04aa05eae9571c5f067e8844e552caaced2010b85a21c4','101.86.105.174','2017-02-22 10:35:42',1),(1187,'786185931@qq.com','1',2,'3a9f259b0960ade1bc899a42123861a70c5f8803e48ed3eadcad371d6ab8ca38','::1','2017-02-22 10:40:18',1),(1188,'zhx','2',3,'1a1d6427770c98ecef469d18c0f84e39191b76e761dc9b3f7289fbdb61253828','58.38.127.133','2017-02-22 10:51:26',1),(1189,'zhx','2',3,'595c15660f19ebee8bb10e39f1da55ff8c8c60111b1ab872b70f584269cc64b0','58.38.127.133','2017-02-22 10:51:57',1),(1190,'786185931@qq.com','1',2,'7e004c2cb7889d84a0af248230f79dcf3f3ebdd46d03bf2582bfc87d4e81c92c','::1','2017-02-22 10:53:45',1),(1191,'786185931@qq.com','1',2,'61536ba1995df293089ead429514eeb449a4a871c9425727235ec857b72c6d89','::1','2017-02-22 10:56:13',1),(1192,'786185931@qq.com','1',2,'3ba561be0e0c7bbd16673c92cf2118d961c93c0de41a76f1b056ca87a1b1481e','::1','2017-02-22 10:58:53',1),(1193,'zhx','2',3,'0112816ebfa40a5db49e4b72912fdf442afd63527ee7a67a3f3cb5e344bef056','58.38.127.133','2017-02-22 11:08:07',1),(1194,'786185931@qq.com','1',2,'2f1c958d936031bd613c8d2e753b9fafcb160b99614a7ca527574617a921a090','::1','2017-02-22 11:24:34',1),(1195,'zhx','2',3,'631579213a339fd0f83613aee60cf42ff663623c796cbec9a2ba039be9a46d03','58.38.127.133','2017-02-22 11:26:27',1),(1196,'zhouyijun','2',171,'49028f63136fb0137f2d485d7d47baf0d23b4a10a1678e151c81f9a0bb6356de','58.38.127.133','2017-02-22 11:26:35',1),(1197,'zhouyijun','2',171,'f8fb6216e20388a9d5b3b994ba1d72b71714b62812d69c2c17485156c755f41b','58.38.127.133','2017-02-22 11:28:20',1),(1198,'zhouyijun','2',171,'b59fde64b4a1cd7530a34407d9af8c0edbd5011d65736687ddac11f1f20145b8','58.38.127.133','2017-02-22 11:31:10',1),(1199,'zhouyijun','2',171,'dbb515df1b6ec0dd0ff6bd9f13b9ab71226e0b2c3405fb68373fe65e114ace3a','58.38.127.133','2017-02-22 11:32:59',1),(1200,'zhouyijun','2',171,'0696aa9e15ade3c9f421b97b17f96da49d63ccec1b32730f8a63219cfc8d7057','58.38.127.133','2017-02-22 11:38:38',1),(1201,'zhx','2',3,'5daa00e4bff9b3eb9d9cf2c561193d6170e79cd74023966cdae7194d73f37fed','58.38.127.133','2017-02-22 11:39:23',1),(1202,'zhx','2',3,'f7988b6b06dc3387f8ba43cd4ac6b70c860457ddce9970e09c5a43a8d230da83','58.38.127.133','2017-02-22 11:41:45',1),(1203,'zhx','2',3,'8d0ccc047f581e369ebac8581e2a7919e680c0d574182372544303c84fe9ffc7','58.38.127.133','2017-02-22 12:23:55',1),(1204,'zhx','2',3,'729fea5d7d677bc3303e5ac5e4a96f2fd8497e2440350cab9734317aad908d01','58.38.127.133','2017-02-22 12:34:09',1),(1205,'zhx','2',3,'3b85a1ad1c7abd1e6dba7527f7af9622169b4fd5a8223cd9554f9c8ccebc1860','101.86.105.174','2017-02-22 12:35:24',1),(1206,'zhx','2',3,'f6ae54f2078e70f3ff54801d2e49646b5cc5ab5aee6b03a2fea598e715efe315','58.38.127.133','2017-02-22 12:35:35',1),(1207,'zhx','2',3,'ef0beb98b594a487d31169b271ff83a58844e637b2a19b5e734c1229243fa531','58.38.127.133','2017-02-22 12:56:58',1),(1208,'zhx','2',3,'f6e82a26fbb6d3ca27373d4ea21938abb4abfbd4a3a53a0c5eb4a7b65fd9fdae','58.38.127.133','2017-02-22 12:57:56',1),(1209,'zhx','2',3,'f59e37ca1d0a78cfef82ae05b3dc8f41d033deb93aa4e88f9d7640223722d239','58.38.127.133','2017-02-22 13:01:37',1),(1210,'zhx','2',3,'97f03745db9b679959125820ba752400c70cd2314de19ab1268ee34ee6e6e223','58.38.127.133','2017-02-22 13:24:57',1),(1211,'zhx','2',3,'2d9cfdf05a5be4fd1bb08dda66605349583738c887abe77f91063aafb5d50bda','58.38.127.133','2017-02-22 13:26:06',1),(1212,'zhx','2',3,'fdfcfd7ce9106bec714d1802afb39d35e0b48f171aa747ccfcf1137385b68070','58.38.127.133','2017-02-22 13:33:12',1),(1213,'zhx','2',3,'31817880da80b3b47e530e214964d369277a7c76cdb12fb73cd6c95f76bfaf33','58.38.127.133','2017-02-22 13:38:30',1),(1214,'zhx','2',3,'ea25f6c9b14557e33445210fbc3d50fe33f435c4ad702570cafd4f349f6eb5d5','58.38.127.133','2017-02-22 13:41:31',1),(1215,'zhx','2',3,'cae23b63e7ab6dcbe50802f05e21c4adb78f99e6aa95ee4ebfef0b32e7604fc5','58.38.127.133','2017-02-22 13:42:04',1),(1216,'zhx','2',3,'a8b14f90ef2f82eaec39d27235e5bd05b3e749d977c4df184948ce06c5bfc9bd','58.38.127.133','2017-02-22 13:47:01',1),(1217,'zhx','2',3,'3d545b77019d851d8ef82a1dfc5c61305b32a50d7c281ac8ac30c3242014447a','58.38.127.133','2017-02-22 13:49:55',1),(1218,'zhx','2',3,'83f25967c2fb962b94a6500bf1d8f833d29b59dec0334e26099d93f5189d7cc8','58.38.127.133','2017-02-22 13:53:39',1),(1219,'zhx','2',3,'4fc9f2a94fce74fb37561b43f7ad1c5ed99f7ca69317e9c7ce00fde1b59f4cdb','58.38.127.133','2017-02-22 13:57:56',1),(1220,'zhx','2',3,'7118944b64293b92d5f1e1f4c34c726eff4aa7aee57d492ea1d77e417e93fc71','58.38.127.133','2017-02-22 14:00:44',1),(1221,'zhx','2',3,'3838c12ab22cef8395638fed29f9b5077b30c3c2d0a8fe72c229b0f9fa69a2ee','58.38.127.133','2017-02-22 14:02:53',1),(1222,'zhx','2',3,'cb88ebb968a8207926c34187054ee530d84a7f47e58b6c66cf048fd537f51620','58.38.127.133','2017-02-22 14:03:58',1),(1223,'zhx','2',3,'8a33f0c35243b56a40a64c0781cca7fe9871bedc79ced13a04d3f11a423e4851','58.38.127.133','2017-02-22 14:04:47',1),(1224,'zhx','2',3,'c3ce590cf569021774eed15b3a1de79b1c6fa7326c94b6713aa117f00abed11d','58.38.127.133','2017-02-22 14:10:42',1),(1225,'zhx','2',3,'865f745fd88c03574e6e7b0d9012f3c6c8dbc60aae07b6e350b243e80dd304a7','58.38.127.133','2017-02-22 14:12:48',1),(1226,'zhx','2',3,'1af2ab4a8ce4090402035b567ba7ae31d100c6518400c886bf050242fbb918bd','58.38.127.133','2017-02-22 14:15:04',1),(1227,'zhx','2',3,'52941189e07d051a8fcd36f4d6aea32d9fcd46baa0948bdf24331d1fd9465c41','58.38.127.133','2017-02-22 14:16:29',1),(1228,'zhx','2',3,'51fd05b9c00e917abe16222e11dd20d3f32444c6babb67b04accb31dd86a2d4e','58.38.127.133','2017-02-22 14:20:07',1),(1229,'zhx','2',3,'e2fb6ac5ead8c222e99a5ed05f234f3d6c6c228a409f2296fbf7e660501fff4e','58.38.127.133','2017-02-22 14:23:27',1),(1230,'zhx','2',3,'20e61da5682808fdba8a7d3cdb90e638e890b2be033c24021218e9e0a823c312','58.38.127.133','2017-02-22 14:31:14',1),(1231,'zhx','2',3,'a080bf58550c4e0e104715c56bae4dcb5a128426a896aa6aca772592af10051c','58.38.127.133','2017-02-22 14:31:37',1),(1232,'zhouyijun','2',171,'4048779bd734fb06a23dd735b5730424cc42bca54647e28f050f0187da01fa6b','58.38.127.133','2017-02-22 14:31:44',1),(1233,'zhouyijun','2',171,'a72ffe3bf8f657231141d639f2a9814844bdd96a00be303385166a316fb43fda','58.38.127.133','2017-02-22 14:35:40',1),(1234,'zhouyijun','2',171,'b99bbc9b8e9516baf46caf84fafbe8669f8a63bc39bb8def0e5d2cdb3af37025','58.38.127.133','2017-02-22 14:36:20',1),(1235,'zhouyijun','2',171,'4d98c65308587467df5a8331359324adc02da7f074578989538261192ea95c2a','58.38.127.133','2017-02-22 14:38:18',1),(1236,'zhouyijun','2',171,'35c0c6396d0717a7771600aeb5bf0cbd1af0a644da5900fd36aa912f27f5713b','58.38.127.133','2017-02-22 14:39:33',1),(1237,'zhx','2',3,'edf0dc2102cd682a36ff1c685a7af0034a87bce7d96f08b3308730da40b9b074','58.38.127.133','2017-02-22 14:41:13',1),(1238,'zhx','2',3,'e9643cb43c69cab6ea9618e10e87b4f203d2e9d585ed4d29754e80603523f21a','58.38.127.133','2017-02-22 14:42:48',1),(1239,'zhouyijun','2',171,'52903236de11a19ddea16291047ae92116462cf4b1f69d8b4ff5366299fe20d2','58.38.127.133','2017-02-22 14:43:14',1),(1240,'zhouyijun','2',171,'9fa036c1724b62ffa9d0a62e9a31635b3c73480dd026a4642aa5d465e75080b0','58.38.127.133','2017-02-22 14:50:52',1),(1241,'zhouyijun','2',171,'619944a58079a01a86b5a153a2a8494bff1176e11fb111d771575ada80f32d7d','58.38.127.133','2017-02-22 14:52:00',1),(1242,'zhouyijun','2',171,'b3f88bd0c54c44a5f79b0c61cac18de6361f072f09a7d04c8a0aeef32b684d6b','58.38.127.133','2017-02-22 14:56:06',1),(1243,'zhouyijun','2',171,'4002ebde730933ee9ce666ee02652b1ae613c183c33e05715b0f47d2eb94cd99','58.38.127.133','2017-02-22 14:57:45',1),(1244,'zhouyijun','2',171,'7897c4ad0642fd31cf76140eae78229b3a285aa95abab03f21c02907f1858cea','58.38.127.133','2017-02-22 15:02:01',1),(1245,'zhouyijun','2',171,'287baf3188ec0cb98ef91639453e83ec8c16fa5e9e56f8bb7abb2941cccc83a5','58.38.127.133','2017-02-22 15:03:37',1),(1246,'zhouyijun','2',171,'888f972a7ac5999179b6972a932bd7dfba8d412be67fa85c548fdc8e6de931d6','58.38.127.133','2017-02-22 15:06:45',1),(1247,'zhouyijun','2',171,'cac3a3edafe84fc11ee65a9672f16f451333537f6e9e98126c35c23eaf735602','58.38.127.133','2017-02-22 15:08:41',1),(1248,'zhouyijun','2',171,'7fed304f3562a8f4bf3b9381d2b54967fbb15016c2dc61186a222a65597df602','58.38.127.133','2017-02-22 15:09:46',1),(1249,'zhouyijun','2',171,'b1c64c53d129d0f8c62f99c73e491e425fc0f8943875102b3212d2fce4afbf37','58.38.127.133','2017-02-22 15:11:07',1),(1250,'zhouyijun','2',171,'7bd5e3b8bd7813c9535d2f839747157a4b19ea4f132405d7597e987124b5df36','58.38.127.133','2017-02-22 15:14:58',1),(1251,'zhouyijun','2',171,'fdb16cbe9096c5863c3057b47c7a3a0f1a623b922ef8ff4080a16321690e2486','58.38.127.133','2017-02-22 15:16:49',1),(1252,'zhouyijun','2',171,'7c8fbef97371b9ae473406141cfcf11738b72c801c59c530794cd1c9ac998cdc','58.38.127.133','2017-02-22 15:22:51',1),(1253,'zhouyijun','2',171,'6646ffc2168b594e165dae25fb185f6bcd3fc07911803c9d892365a70558e13b','58.38.127.133','2017-02-22 16:09:13',1),(1254,'zhouyijun','2',171,'c12d72eda2929c835a0569ff02af0ad433cbcaf7929d5e3312157bd3ec8e4755','58.38.127.133','2017-02-22 16:27:02',1),(1255,'zhouyijun','2',171,'39366e1618aaa16af2fef5e5036b747b4b048b365d6214c54a97204c72cfba38','58.38.127.133','2017-02-22 16:27:36',1),(1256,'zhouyijun','2',171,'6d8a432350b0b43a518c39c9b1c0151d20ce4eaca4a94d7361a2eeea7e0e4db6','58.38.127.133','2017-02-22 16:29:07',1),(1257,'zhouyijun','2',171,'9d9292bad65e81eba86a086797ac2e8e3e5535d08baca11c0622e997a6f85e1f','58.38.127.133','2017-02-22 16:38:49',1),(1258,'zhouyijun','2',171,'11a11d137f21f769b44bd29f6e138ed34a19af86fd7a22369519788f0a0ac815','58.38.127.133','2017-02-22 16:41:27',1),(1259,'zhouyijun','2',171,'e16cb0afb2225c2889a17a37d298b6dd3d04569ead6ce7fd53b3904bb8a03a63','58.38.127.133','2017-02-22 16:51:05',1),(1260,'zhouyijun','2',171,'b91857d2871c182b1d200c907e82b8ed51bb8cd9f87dd4dbed95e203a3000e15','58.38.127.133','2017-02-22 16:55:19',1),(1261,'zhouyijun','2',171,'ba0d475989b625605e960e4e320cf3b5131cf87f8a909a928d701fba6bb409e8','58.38.127.133','2017-02-22 16:57:57',1),(1262,'zhouyijun','2',171,'efb47a17e20d844be2b885384e649c6e27a6d9ea9cc34ccf0a7629de8690d603','58.38.127.133','2017-02-22 17:00:23',1),(1263,'zhouyijun','2',171,'a48f6019fede9697e68bf09d6ef037c87a73b40df7cdac1805406d05a10cc9d5','58.38.127.133','2017-02-22 17:02:33',1),(1264,'zhouyijun','2',171,'e5c19911e9dc35ea22ec1f05962934dc4402a0dcb7c0da44f99ade99681f8b9b','58.38.127.133','2017-02-22 17:03:18',1),(1265,'zhouyijun','2',171,'e34f9a48f85066f1e6ceb676db9a34f84155514342d60395196ef82e3cde964b','58.38.127.133','2017-02-22 17:06:49',1),(1266,'zhouyijun','2',171,'2ec5e85a976f86433749e5a5bfc49ca10c743e44e486d08678a908f5c2c28ace','58.38.127.133','2017-02-22 17:09:46',1),(1267,'zhouyijun','2',171,'b85c2a5ffa4683d7518028cb56ae9b433626461e3438e932b5451d619ea5ce9b','58.38.127.133','2017-02-22 17:11:39',1),(1268,'zhouyijun','2',171,'5314550bbafc44574047ebb347e8d65a118eed869f1ae373be1eda01ba10152d','58.38.127.133','2017-02-22 17:15:45',1),(1269,'zhouyijun','2',171,'58cac5c02a1ea2fdcbe38c5e114934ec3da9eb8a7f1b0667a9ecb4decb0ba896','58.38.127.133','2017-02-22 17:25:09',1),(1270,'zhouyijun','2',171,'21ead44e0a95e9073056d2992353fa35822017182beeb171ca63fe1b6e0b89e3','58.38.127.133','2017-02-22 17:26:39',1),(1271,'zhouyijun','2',171,'613024b5ad201afebd54e0707fcaa5b73cbb05b15dcb3917c86786c87ff0aea1','58.38.127.133','2017-02-22 17:40:27',1),(1272,'zhouyijun','2',171,'a77ce9f897c70eb054a908e1e64f1557b6255c354f1f38d1cdb72e32ea688b92','58.38.127.133','2017-02-22 17:43:13',1),(1273,'zhouyijun','2',171,'bab074042d5801774f22426d95597ed1c6c5a6cb811877657418c627d43eb51c','58.38.127.133','2017-02-22 17:48:30',1),(1274,'zhouyijun','2',171,'01082db05961ad48d5a8280767bb9ef0781abbe88a7b6f4eba9f80c29ceea153','58.38.127.133','2017-02-22 17:55:28',1),(1275,'zhouyijun','2',171,'36102c8416e0d2464392e1ff3b66dc6cd6ae63deb672f5be630d18f2866c7c6c','58.38.127.133','2017-02-22 18:06:23',1),(1276,'zhouyijun','2',171,'214a3af95813369861d09979d72ab88165b9028feb3bbd14cae354f1fd3876c0','58.38.127.133','2017-02-22 18:19:26',1),(1277,'zhx','2',3,'dd15539dd1148d90edda0fc6311c71e4523ddd5370474ba6673c3afefabb56d3','101.86.105.174','2017-02-22 18:34:21',1),(1278,'jiang','2',2,'69e46200f91602a9eaa83e45f1a10aecbd90915c3149f47f416a5da9671d1b56','101.86.105.174','2017-02-22 18:41:02',1),(1279,'jiang','2',2,'292ea91a236e9b26d4610e11225a98289470f09faa4d5e82a94bb1f44c56b705','117.184.140.229','2017-02-22 19:03:33',1),(1280,'jiang','2',2,'75b71278dc3d7e56a3ee265a4c978ddc788be36c94704e46d576b5bd5bd38fff','117.184.140.229','2017-02-22 19:05:28',1),(1281,'jiang','2',2,'7c6175126cfba4d463216af96c331088e2418bed7a5a97df966ed7dda68007e2','117.184.140.229','2017-02-22 19:05:40',1),(1282,'jiang','2',2,'3cd56f7d8455c09bac69e16549452fd8ca31f6b04c959267863723d58f916258','223.104.5.232','2017-02-22 21:52:33',1),(1283,'jiang','2',2,'8a7d39a60d44aeb598abd343b73f97ef352ac5e782ed88a5d26fad35da6cf8b0','223.104.5.232','2017-02-23 08:10:00',1),(1284,'kellen','1',185,'75247ebb3b1191dcc24218af76184e32307bb2497add97e4ced72382167408de','::1','2017-02-23 22:02:01',1),(1285,'jiang','2',2,'94a17a6bdafcbbc153bed1fecf8b339404f9954d7f2a78882f21f7d47bc3388a','117.184.140.226','2017-02-26 12:40:57',1),(1286,'jiang','1',2,'ea4646ec2ef954c4ee15b2891ed09560963b863faed6bd99eebcf0e1b7f62385','::1','2017-02-27 11:50:59',1),(1287,'786185931@qq.com','1',2,'59e82b94cd88ed943ac391fd301035eb3d6d70c5f743df078603022f25f201ee','::1','2017-02-27 13:48:00',1),(1288,'jiang','1',2,'8c62dfd98c25647a2c539732e1940343df3ad8c96a13306a44cfde8ceac351c6','192.168.3.8','2017-02-27 18:06:30',1),(1289,'jiang','1',2,'ef21973c3d95dadaa317829114e065d5b741ebcb91aeb7671cb36fe318b5c8b0','192.168.3.8','2017-02-27 18:13:06',1),(1290,'786185931@qq.com','1',2,'15bbd76a44ce4f5a13c71e4507b9abb7ce377536f50acc72562ed7d0dfbd3326','::1','2017-02-27 18:23:41',1),(1291,'zhx','1',3,'7ff0bb105630c12e2accfa19530ecf92667e7c01d292bc085b06e4549b50bba2','101.86.105.174','2017-02-27 18:25:26',1),(1292,'jiang','1',2,'3d17a5f2f17b4ec2dd8db7679de73c9a675e2e04c8799e2c014335d57402870e','192.168.3.8','2017-02-27 18:38:51',1),(1293,'jiang','1',2,'d4e5567965d07119ebf02b47ec0da92b4a9813e68282455d69183b1271c60dc5','192.168.3.8','2017-02-27 18:39:30',1),(1294,'zhx','1',3,'36a10dc27ee72f9cda273307a0dfc7f2d185c711cfa7e145ab33d49606cf98bd','101.86.105.174','2017-02-27 18:44:51',1),(1295,'jiang','1',2,'4adb57f35c2ffb66e729d8b146b036224a41f3ba0bcfef0b40d19aae321f9bfe','192.168.3.8','2017-02-28 09:45:20',1),(1296,'jiang','1',2,'7dfb854d4540db9bfbd5a13b3622e062f57aed498ff57eb1c8b084d59083ef44','192.168.3.8','2017-02-28 10:02:07',1),(1297,'jiang','1',2,'','192.168.3.8','2017-02-28 10:02:12',0),(1298,'zhouyijun','2',171,'944fffb618151bf05d8c272cf475a7b7afc9d61c482929c24b045183bc2091ea','58.38.127.133','2017-02-28 10:02:21',1),(1299,'zhouyijun','2',171,'1d2f6256277deab322a7c31e1fd29d39f18a2c2e9cb78d6b3e5eb774296c9744','58.38.127.133','2017-02-28 10:02:42',1),(1300,'zhouyijun','2',171,'7a2a169dd9d0c17749888fa086bbf2e0ad17535453aa5bafbab24ab994639363','58.38.127.133','2017-02-28 10:03:14',1),(1301,'zhouyijun','2',171,'88394e1237df29008353715e28f146526292b9927e22fe119b87df2cdd135160','58.38.127.133','2017-02-28 10:03:56',1),(1302,'zhouyijun','2',171,'69c1b6873772ab7fe75853ce87104b862531626ca5c6388c67febbc11b355766','58.38.127.133','2017-02-28 10:09:11',1),(1303,'jiang','1',2,'3ed59ba7b28004e8ddcdeae407ea75279af735b4a36b475c2e9b7cae270371c9','192.168.3.8','2017-02-28 10:13:33',1),(1304,'jiang','1',2,'','192.168.3.8','2017-02-28 10:13:40',0),(1305,'zhouyijun','2',171,'a93adfe5668960ce94b5e7347665fd8b218b996de575c19de4b762e5c0657c80','58.38.127.133','2017-02-28 10:14:01',1),(1306,'jiang','1',2,'','192.168.3.8','2017-02-28 10:16:32',0),(1307,'jiang','1',2,'','192.168.3.8','2017-02-28 10:21:16',0),(1308,'jiang','1',2,'','192.168.3.8','2017-02-28 10:21:24',0),(1309,'jiang','1',2,'','192.168.3.8','2017-02-28 10:29:36',0),(1310,'jiang','1',2,'','192.168.3.8','2017-02-28 10:30:27',0),(1311,'jiang','1',2,'','192.168.3.8','2017-02-28 10:30:58',0),(1312,'jiang','1',2,'','192.168.3.8','2017-02-28 10:31:00',0),(1313,'jiang','1',2,'','192.168.3.8','2017-02-28 10:31:01',0),(1314,'jiang','1',2,'','192.168.3.8','2017-02-28 10:31:01',0),(1315,'jiang','1',2,'','192.168.3.8','2017-02-28 10:31:02',0),(1316,'jiang','1',2,'','192.168.3.8','2017-02-28 10:31:03',0),(1317,'jiang','1',2,'','192.168.3.8','2017-02-28 10:31:03',0),(1318,'jiang','1',2,'','192.168.3.8','2017-02-28 10:31:04',0),(1319,'jiang','1',2,'','192.168.3.8','2017-02-28 10:31:24',0),(1320,'jiang','1',2,'','192.168.3.8','2017-02-28 10:31:26',0),(1321,'jiang','1',2,'','192.168.3.8','2017-02-28 10:33:25',0),(1322,'jiang','1',2,'','192.168.3.8','2017-02-28 10:33:31',0),(1323,'jiang','1',2,'','192.168.3.8','2017-02-28 10:34:10',0),(1324,'jiang','1',2,'','192.168.3.8','2017-02-28 10:34:12',0),(1325,'jiang','1',2,'','192.168.3.8','2017-02-28 10:39:20',0),(1326,'jiang','1',2,'','192.168.3.8','2017-02-28 10:39:23',0),(1327,'jiang','1',2,'','192.168.3.8','2017-02-28 10:39:47',0),(1328,'jiang','1',2,'','192.168.3.8','2017-02-28 10:40:04',0),(1329,'jiang','1',2,'','192.168.3.8','2017-02-28 10:42:05',0),(1330,'jiang','1',2,'','192.168.3.8','2017-02-28 10:42:08',0),(1331,'jiang','1',2,'','192.168.3.8','2017-02-28 10:42:09',0),(1332,'jiang','1',2,'','192.168.3.8','2017-02-28 10:42:09',0),(1333,'jiang','1',2,'','192.168.3.8','2017-02-28 10:42:09',0),(1334,'jiang','1',2,'','192.168.3.8','2017-02-28 10:42:10',0),(1335,'zhouyijun','2',171,'45dd8f385899e8df29bedb61dff5e4f19747f404406310db1780a06f7dc189ee','58.38.127.133','2017-02-28 10:42:10',1),(1336,'zhouyijun','2',171,'1dbbba2ce20c5761f7b948646f13381f7e7901a176e6b10114a2917008067072','58.38.127.133','2017-02-28 10:42:20',1),(1337,'jiang','2',2,'4b0766726907a8444a2293fa381ecf1041a7f89bb678568bad2f0caac7e98093','58.38.127.133','2017-02-28 10:42:29',1),(1338,'jiang','2',2,'54d63e2a9a9797ba846bf00c92a7d49631d4f5ac0d2956ca50dae7a37c51f348','58.38.127.133','2017-02-28 10:43:14',1),(1339,'jiang','1',2,'','192.168.3.8','2017-02-28 10:43:33',0),(1340,'jiang','1',2,'','192.168.3.8','2017-02-28 10:43:39',0),(1341,'jiang','1',2,'','192.168.3.8','2017-02-28 10:43:42',0),(1342,'jiang','1',2,'','192.168.3.8','2017-02-28 10:43:58',0),(1343,'jiang','1',2,'','192.168.3.8','2017-02-28 10:44:08',0),(1344,'jiang','1',2,'7771ff0d0e8d93315841757404b68ea4047a4c4a12aa31efeb715f0c208d97fc','192.168.3.8','2017-02-28 10:44:14',1),(1345,'jiang','2',2,'1400db484970324c2cb20eec7209277753559ed9488056a1f2cb59d6c6f202e9','58.38.127.133','2017-02-28 10:51:24',1),(1346,'jiang','1',2,'410a08435632ad083821c7c3d0bb2047cae2f9e48516360a43263a57c6f22169','58.38.127.133','2017-02-28 10:52:05',1),(1347,'jiang','2',2,'860d199645a06d719c1823992f74fc75de4de392fccafc7f1faba54b4e55a209','58.38.127.133','2017-02-28 10:53:51',1),(1348,'jiang','2',2,'50006722b57011569d0f08edcb03e95b4a92b911cb05ee0de7763d97adf7267d','58.38.127.133','2017-02-28 10:55:35',1),(1349,'zhouyijun','2',171,'75a9c2a4b4395fef27b2fb376c4e8e513bc0da4b9f32bc9acc39d59105dd1799','58.38.127.133','2017-02-28 10:58:09',1),(1350,'zhouyijun','2',171,'13dc844fc70094a766b32519033a0e4719d65cb70e11029c80cc8c3af6a42eba','58.38.127.133','2017-02-28 11:03:19',1),(1351,'zhouyijun','2',171,'8c0673f84644dab67f3dafc4fefec0201ceab20959eb00ac32af632f26d74c82','58.38.127.133','2017-02-28 11:18:40',1),(1352,'zhouyijun','2',171,'417e90b501a1a0debcd5e8fc580ef3a398877bfd078410346e7f48c68d0deaa4','58.38.127.133','2017-02-28 11:23:22',1),(1353,'zhouyijun','2',171,'77192722cd9fa381055a6fec980e5490012aac0e5d36f2ee2cc698933a17894a','58.38.127.133','2017-02-28 11:25:47',1),(1354,'zhouyijun','2',171,'24aaf0be8fa24170f0ecff4583d2d84d4bd379282d6dd6a3470618a43a14a22c','58.38.127.133','2017-02-28 11:31:37',1),(1355,'zhouyijun','2',171,'4190c9b3caf50b78e24dbea97f5eb6ea04f481d5506bd3f48d7bf64a16106ac0','58.38.127.133','2017-02-28 11:42:05',1),(1356,'jiang','2',2,'0ab230724a60811246c582800ed92172edc7b1aa344b9ad4b9f9b39b382261a5','58.38.127.133','2017-02-28 11:45:59',1),(1357,'zhouyijun','2',171,'1533adba117e5b62a920b65b205e365456fda70a8936608595c3ee5c8a98ce68','58.38.127.133','2017-02-28 11:47:58',1),(1358,'zhouyijun','2',171,'674c2b02cdd88f6581eca915e52d9de0ce3d72191b0ffc37144fc0318ef74d8a','58.38.127.133','2017-02-28 11:50:06',1),(1359,'zhouyijun','2',171,'535db6a127f9650c386843f8562e0a75d4b2d406113211621a5cc0f308297486','58.38.127.133','2017-02-28 11:55:30',1),(1360,'zhouyijun','2',171,'b1e47028d4195d2e9cf937cdc0eff0f4cfbf42490fa73d5975f75ebdccdc39e8','58.38.127.133','2017-02-28 11:57:53',1),(1361,'zhouyijun','2',171,'903dc12404677f3f362d34b5085d35aac278968ced97d2cb5adf8e3864004283','58.38.127.133','2017-02-28 11:58:53',1),(1362,'jiang','1',2,'','192.168.3.8','2017-02-28 12:11:03',0),(1363,'jiang','1',2,'','192.168.3.8','2017-02-28 12:11:06',0),(1364,'jiang','2',2,'a566173b0f26bb5b6a4025a73e643e86a290f0bc8882ca1b3b152309fc3c749f','101.86.105.174','2017-02-28 13:33:33',1),(1365,'jiang','2',2,'446a6c69c342c8b0483ef9e7822c2c54b3f7d1e6545c72d3282631b2a1d3e97e','101.86.105.174','2017-02-28 13:34:21',1),(1366,'jiang','1',2,'87d13f12b696c602cc2f573691dc98887acc745f30db88f5e5d48f0960f1b831','192.168.3.8','2017-02-28 13:36:31',1),(1367,'jiang','1',2,'','192.168.3.8','2017-02-28 13:50:01',0),(1368,'jiang','1',2,'36ac177b0e212b178188f250cf7710a4036a975e7350c0998a5c17a2f82968d2','192.168.3.8','2017-02-28 13:50:05',1),(1369,'zhouyijun','1',171,'b31436e6eb25f1ba66b9bb8745f0850390f13b3f1e638a199488a6037eea4541','58.38.127.133','2017-02-28 14:23:02',1),(1370,'zhouyijun','1',171,'33fd3a591136bf635bd0cd678eb5803546f8ed340b9b0978d3488273caf6babb','58.38.127.133','2017-02-28 14:27:32',1),(1371,'zhouyijun','1',171,'dc96a8982ac0b9f201e8f65367e286914c1db0fa0991d5fb4283674250913e78','58.38.127.133','2017-02-28 14:33:13',1),(1372,'zhouyijun','2',171,'ac3f5d85498661043882f237fac567a4f4fabbc4cea0328c19c88571d99da38b','58.38.127.133','2017-02-28 14:38:55',1),(1373,'zhouyijun','2',171,'551dba52da5d78189be945f4e1d5b52173030be5db1e3dc05b9a00d8bed2602a','58.38.127.133','2017-02-28 14:58:08',1),(1374,'zhouyijun','2',171,'a09fb336066867c09fc2885cb27876816f8d6321d41f4662eb9f9c198c16370d','58.38.127.133','2017-02-28 15:04:38',1),(1375,'zhouyijun','2',171,'01dfdd6a869d43a53dade5bee92c82c3e2fdf896e19f5297afce1c04c7b42511','58.38.127.133','2017-02-28 15:06:29',1),(1376,'zhouyijun','2',171,'fad0e44df14289aa35787a7ee79ca801ff7096ffd2e9648ce077370eacf3f337','58.38.127.133','2017-02-28 15:09:37',1),(1377,'zhouyijun','2',171,'faf0a6d54a10b6f95b138bd65545334cb17a5150519fdfc3eb29ed0abeaec9da','58.38.127.133','2017-02-28 15:09:58',1),(1378,'zhouyijun','2',171,'d56cbc06c8f757511ba339e0b4b5dd85556413cd0f3ea06067bc65ce2ee87272','58.38.127.133','2017-02-28 15:11:46',1),(1379,'zhouyijun','2',171,'2ea03ad144e149e004a85902ec358b770074e0dd7fb1ad8e9d99a4c831c4ff50','58.38.127.133','2017-02-28 15:13:52',1),(1380,'zhouyijun','2',171,'0436735cff75eb8f1760073a81e382d2dfc236f7c26c11342f1d92801a39ee52','58.38.127.133','2017-02-28 15:15:17',1),(1381,'zhouyijun','2',171,'6fd4df0bd5126ff80567b7694da9ec4c10896b04c2c201fb7756cd57d2f1de5c','58.38.127.133','2017-02-28 15:16:09',1),(1382,'zhouyijun','2',171,'4ef289443a5241874d6b636bf92dcfbd680a68bdb242cafe8c256b4a7b1409c8','58.38.127.133','2017-02-28 15:18:33',1),(1383,'zhouyijun','2',171,'a31a2fb0938f43608b60cc59780fcc4bf41c7c7636d8b4364e701a6434506aee','58.38.127.133','2017-02-28 15:19:00',1),(1384,'zhouyijun','2',171,'00ab2c49cec05c5bfd71d4a5dbacbd533e93a65c38faf35842877c2593447e77','58.38.127.133','2017-02-28 15:33:29',1),(1385,'zhouyijun','2',171,'a1ffb55f85825fa2dea7da45f4119571b27db4e9c1f90fa44f35123389adf78b','58.38.127.133','2017-02-28 15:33:29',1),(1386,'zhouyijun','2',171,'db49401131b3a79228e725031418e42f262b1732c47ea4793a026915917749b5','58.38.127.133','2017-02-28 15:34:15',1),(1387,'zhouyijun','2',171,'84167fd2a66d53585a6305382565ccd797a5501f9623bc2f281103c569989201','58.38.127.133','2017-02-28 15:35:14',1),(1388,'jiang','1',2,'7ebbc356b5d787b53b2ce3586918ebc9834296c4a0ddafeeb6d5b12beaece32f','192.168.3.8','2017-02-28 15:42:38',1),(1389,'zhouyijun','2',171,'e842be1d9f34055e25741cff97e5072f473db82521440cd15b25448b65e55720','58.38.127.133','2017-02-28 15:43:14',1),(1390,'jiang','1',2,'2939cdf66f7144d5571041331b02febcb99d419e7d2dc3b0793dcedfbfa96cf4','192.168.3.8','2017-02-28 15:50:29',1),(1391,'jiang','1',2,'ee79ef00dcf9fd3a4476d882548069deea44d4a054fcc5c235e8b847f56d5cb4','192.168.3.8','2017-02-28 15:50:55',1),(1392,'zhouyijun','2',171,'c096bdbd10397964d60503d6cebb2708a595717bee2776c02f365556efb34876','58.38.127.133','2017-02-28 15:55:03',1),(1393,'jiang','1',2,'5509c21ef5da71b527d5cebad0350acf770c938d25d688877a414b870692030e','192.168.3.8','2017-02-28 15:55:30',1),(1394,'zhouyijun','2',171,'d65ffd8324e5d44901452bf53317344207eda2395af31cffb981f1467d4d0e1f','58.38.127.133','2017-02-28 15:57:10',1),(1395,'jiang','1',2,'ccea126ac3ac6a593eac62997fef12c0cf0748e09d21b21d88ec8665253ae588','192.168.3.8','2017-02-28 15:57:30',1),(1396,'jiang','1',2,'8dce8810db8e25b0696d55b7e40d3997023bcb4ef0900427b20ee744b39b2e3c','192.168.3.8','2017-02-28 15:59:05',1),(1397,'jiang','1',2,'7f84fef8adace878a1bc796acc8036c1e6cf3c86a864986a3558587833a5d309','192.168.3.8','2017-02-28 15:59:50',1),(1398,'zhouyijun','2',171,'0db8910bb9785940502dabec9fcb8dc54bfa74261f659bf07cefb308761254be','58.38.127.133','2017-02-28 16:02:26',1),(1399,'jiang','1',2,'2f2dc4c9ebc279f0a14edd15cc4f0fb69ea709734be796adb23f1318073c3144','192.168.3.8','2017-02-28 16:04:49',1),(1400,'jiang','1',2,'30ec3570c4e7d92dbd2ab3ff094b2ec4b841d119d6cacec4e852da41c6700395','192.168.3.8','2017-02-28 16:05:10',1),(1401,'jiang','1',2,'9cd1efa0fa485ec4b80dc16c236b3262c95053f0bf4413ee5eb030085dec9d6f','192.168.3.8','2017-02-28 16:06:20',1),(1402,'jiang','1',2,'af752f0a2bdd7336a8e0630685ef256ea90e04b8785fb655309b6caae5a24098','192.168.3.8','2017-02-28 16:06:46',1),(1403,'jiang','1',2,'1ba3eb444621f25dcfaf2db280573244d922d106ff679820af702726fd20fe43','192.168.3.8','2017-02-28 16:07:30',1),(1404,'jiang','1',2,'3d1380f78cf5ed72ab7e58ce5c4af219bb3491e9bbae340af54d6f08d9e14fa1','192.168.3.8','2017-02-28 16:10:37',1),(1405,'jiang','1',2,'62cc47d00597b726cedd680c11bf3b19d3d1fb9562c1a63367fb923d57c1ee5a','192.168.3.8','2017-02-28 16:12:00',1),(1406,'jiang','1',2,'2d6b10d1d4762d081687374cfc0d787c504011639d39fe7d220f6a7afc05a0eb','192.168.3.8','2017-02-28 16:12:26',1),(1407,'zhouyijun','2',171,'8da8d9bff32910aebf2f80d737a0a1a0149dda851a0af6e139ae4f3e34718c69','58.38.127.133','2017-02-28 16:13:13',1),(1408,'jiang','1',2,'3c7d3bf6d6a44cca06ac5b58a2a9cc7713c216a41db9300d04cded1bdc3c35a1','192.168.3.8','2017-02-28 16:14:15',1),(1409,'jiang','1',2,'b1dfbd7ba1aec183844d167f4af2bc35a3690132869fc6605f43c8704af26ff3','192.168.3.8','2017-02-28 16:28:44',1),(1410,'jiang','1',2,'4eda7d04ba3c5bdfd84c20760d43dbff4566e6c619cafd1a357fe130040f04b7','192.168.3.8','2017-02-28 16:31:43',1),(1411,'jiang','1',2,'eec1fbcce0a3b4a1e08035f72ea8154e6fd9286971e8e66f4302ec0c297886c7','192.168.3.8','2017-02-28 16:32:27',1),(1412,'jiang','1',2,'b9f2d3da94ef5bc97735d48b647be8e517042a67215ba05f32d96333306e8b50','192.168.3.8','2017-02-28 16:34:18',1),(1413,'jiang','1',2,'1390580c84af7c339759bab1312da3e88b15917c4da19ede262d967bd88172b5','192.168.3.8','2017-02-28 16:36:50',1),(1414,'jiang','1',2,'a38580d4b489df908a085e4ae65b449c59a85af4755c9278c74378f5e24e72a0','192.168.3.8','2017-02-28 16:37:36',1),(1415,'jiang','1',2,'e48feff5a383dafa7ab88c2b44b07f0ea491aa957448df583bf43270785d427e','192.168.3.8','2017-02-28 16:37:53',1),(1416,'jiang','1',2,'77a64d49d4325a9b936d4c87e767c883733c0a0e63fcc5433be5724b12e37ffd','192.168.3.8','2017-02-28 16:46:11',1),(1417,'jiang','1',2,'85953bbd97297202e5580bdc678ba88027be46b056853e814e3406345b174663','192.168.3.8','2017-02-28 16:47:07',1),(1418,'jiang','1',2,'b2b1e22606de75bd8db7dcfcaca84e3a9481d3e5af15c9a54c2f7af61c636542','192.168.3.8','2017-02-28 16:47:26',1),(1419,'zhouyijun','2',171,'a0b94d72dba4bbd4e3cf95bd0f5f2ded355a08037f3e2557158e95decdc28846','58.38.127.133','2017-02-28 16:49:42',1),(1420,'jiang','1',2,'3ce24e123c1cbd408681f6725fe2e43ba26a9ab1f66c0fd49dede3f85aed72d1','192.168.3.8','2017-02-28 16:52:04',1),(1421,'jiang','1',2,'0e65e3cee6a36a3dc02393a694d4fd3f19f6c3ebbcc5fc9d25dce0e35c48e774','192.168.3.8','2017-02-28 16:54:27',1),(1422,'jiang','1',2,'98614cb54aabf66ecd9581ff847df257449a7941ce4df3fdcc0db1b17bbe25e9','192.168.3.8','2017-02-28 16:54:38',1),(1423,'zhouyijun','2',171,'1f29a720d067dbc39d9b24d49e5b4bc75828eae332d3e36ca69e60d160b643d4','58.38.127.133','2017-02-28 16:57:03',1),(1424,'jiang','1',2,'a9e0c095f4d873602e6828a3e601723af94ac59f0318c0dd545e2d55f982c5a1','192.168.3.8','2017-02-28 16:57:42',1),(1425,'jiang','1',2,'64392151268a8dd97bebf41ff5996f8ede7ec26a53681787533e3f283db6dfe0','192.168.3.8','2017-02-28 16:57:56',1),(1426,'jiang','1',2,'ef641e0ca911de152387ad0e60a51aca8cd74c601afd8f6ad4eab63f14fe7654','192.168.3.8','2017-02-28 16:58:46',1),(1427,'jiang','1',2,'07b736bdfb34b921072d72f6da06c635acd798706abb1ce9d45a17d3e59320c1','192.168.3.8','2017-02-28 16:58:57',1),(1428,'zhouyijun','2',171,'31234250409263037b67e4798e2f05ea850ffaec2be810c38e1d0ed0052288e8','58.38.127.133','2017-02-28 16:59:57',1),(1429,'zhouyijun','2',171,'96e9b6c095a8e56ff2ad67e3765c7eeb867b462491b30d93ab8c819e71419cca','58.38.127.133','2017-02-28 17:00:38',1),(1430,'zhouyijun','2',171,'29155cab67e83553aee320e4a9f5fde42d8a54ccdeeaeebfa74638ea76df6063','58.38.127.133','2017-02-28 17:02:21',1),(1431,'zhouyijun','2',171,'c3059efa1e5e8e01d9372c19a8f5516c68fa42c90a6cec7accd65e147ce5a6d1','58.38.127.133','2017-02-28 17:04:35',1),(1432,'zhouyijun','2',171,'ba881a75722a55f74b820bbe3f6c49f4fdc9cbb321e0c66436010406e37e7976','58.38.127.133','2017-02-28 17:07:53',1),(1433,'jiang','1',2,'783ba5893efd93fdea36a9cd8ceb1ec8983407ee5f1bd7ef65a22e1d364d8ac9','192.168.3.8','2017-02-28 17:09:09',1),(1434,'jiang','1',2,'9117d2ca199c4cd55629d77818f1c84b91aaf0fad4e4a6dbbd42fd96363c5737','192.168.3.8','2017-02-28 17:09:15',1),(1435,'zhouyijun','2',171,'110d77ac12a7338c2795def014b3e03eba2a5ad9d074406680ca46818ab751be','58.38.127.133','2017-02-28 17:10:19',1),(1436,'zhouyijun','2',171,'b76927375bc42e0ab511827144b8fb195e0cdcf67011ae136a517974468a7816','58.38.127.133','2017-02-28 17:11:09',1),(1437,'zhouyijun','2',171,'4f8fbeb4ab8127894ae4b35427a0564a4d37ee8e7478841e0e8dfaccfa49cb11','58.38.127.133','2017-02-28 17:14:13',1),(1438,'zhouyijun','2',171,'c4e192b806762687f73a6561d420870f1aeb8fe97d925c320551f701f758a706','58.38.127.133','2017-02-28 17:26:24',1),(1439,'zhouyijun','2',171,'d353144df65a4dc28c90fea7f79cd9aa20ffeae0d598c20f02d19ca08839d2f1','58.38.127.133','2017-02-28 17:28:50',1),(1440,'zhouyijun','2',171,'bac623adce0ca37911ba5782d3b12b28a212d850ab8277868eaf2edfc02bc1fe','58.38.127.133','2017-02-28 17:30:43',1),(1441,'zhouyijun','2',171,'b13735d7ce55a2e098af409fabcc98d1fe1ab3bb7f6253ff7b2e45d60b8fb2aa','101.86.105.174','2017-02-28 17:31:28',1),(1442,'zhx','1',3,'9ee3d086890fd8c3b9951b90e6ef86b077f30a68b45bf7084b9c8f1b44ed40f9','101.86.105.174','2017-02-28 17:34:28',1),(1443,'zhouyijun','2',171,'d7bf3806dcb7b4bf9ed0cbc7403140e487f59be1173a2f283de4b88051fe3f98','58.38.127.133','2017-02-28 17:36:51',1),(1444,'jiang','2',2,'eb9535348e32b3e209e961611c70267c8082088e47f08a196a81fadf3862aa5c','58.38.127.133','2017-02-28 18:34:33',1),(1445,'jiang','1',2,'08f95b46f99b500a34817a9d30c22c7fcffa2a5246bea5b89b6b7e77fcb99ea7','192.168.3.8','2017-02-28 18:34:58',1),(1446,'zhouyijun','2',171,'fd6a2fa5a6008798368ae83773ec34533cd5c1d382d3d5840778feed04ed8e2c','58.38.127.133','2017-02-28 18:36:30',1),(1447,'jiang','1',2,'502dd336e75153036284eafd196302e8642c794e3a00c50e4f0b7e095b3035e4','192.168.3.8','2017-02-28 18:37:20',1),(1448,'zhouyijun','2',171,'6dd9497821867264a319739f7e5d4608b55a75cb0fa5c3b8d7b3ccf2770eb42c','58.38.127.133','2017-03-01 10:29:14',1),(1449,'18321260399','2',205,'c66e510b42045651b23c2b56111792396d5cbc8118bd2eef5c81d18d0acaf47f','58.38.127.133','2017-03-01 12:02:48',1),(1450,'zhouy','2',205,'d0a8137be2934900053b3cd64cf7d9c465d5f322a7dfd1d86249816f3449a71f','58.38.127.133','2017-03-01 12:02:59',1),(1451,'zhouyijun','2',171,'93f32977a8d74af68178988e8b705143e553136d73749ec86599e35202e99826','58.38.127.133','2017-03-01 12:03:05',1),(1452,'zhouyijun','2',171,'176a0f2aaf15bf1e91377bbf4a8b251f8ea565b8a909b5642254dfddee8c9408','58.38.127.133','2017-03-01 12:08:49',1),(1453,'zhouyijun','2',171,'d087c3060bf18697c38393e9ffec576550be1e1f500a6901c378a3060ee8c39e','58.38.127.133','2017-03-01 12:15:04',1),(1454,'zhouyijun','2',171,'9f228c3c7bc834b29d8918f057f8b48de78df72af51d8682afca18fd31129611','58.38.127.133','2017-03-01 12:15:34',1),(1455,'zhx','1',3,'e4b5152514d6efbd593c383a5254d68d16de07ef29afb019027ffd12f6e66ff8','106.7.211.13','2017-03-01 12:17:36',1),(1456,'zhouyijun','2',171,'e7ec5610f517159808035cf49d25de7082c094f29bf6717f58862bb46caa2fd0','58.38.127.133','2017-03-01 13:26:09',1),(1457,'zhouyijun','2',171,'6601d36f6a9a68bc7271fa1f4f2c14a6d9d8b41422bc7994d3e3c251b4db6c38','58.38.127.133','2017-03-01 13:26:45',1),(1458,'zhouyijun','2',171,'a54d232d5e2fa589c979342d0b4d3ec3f4ebd71d02bd24b80bad514cadb21aaa','58.38.127.133','2017-03-01 13:28:44',1),(1459,'zhouyijun','2',171,'bdcfebdd70abd85b92b2d1ecee4ce8b318f53edd4124d2718f2a57432b587147','58.38.127.133','2017-03-01 13:30:27',1),(1460,'zhouyijun','2',171,'ee93c8880d109fba6c27985aa4fea9d2871eb00357805c8b20e3efcd4f0fef1d','58.38.127.133','2017-03-01 13:34:11',1),(1461,'zhouyijun','2',171,'c5c3c2ccc7e463446993792c00c06222689e3514ff857c79bf17c398ea96e392','58.38.127.133','2017-03-01 13:41:44',1),(1462,'zhouyijun','2',171,'2ef6df7e8809867f654b993cc62425d3ad67554c6647e8c54ba944706d940e03','58.38.127.133','2017-03-01 13:44:16',1),(1463,'jiang','1',2,'966841cbc050af2bba1762fb9414fae536564337cd33749171d03c55b88490b2','192.168.3.8','2017-03-01 13:48:05',1),(1464,'jiang','1',2,'9bf9e206d84ce8fd6268f541d7f2be9baaa8e2af32fea0755c4ece1e8d2e6fd3','192.168.3.8','2017-03-01 13:59:32',1),(1465,'zhouyijun','2',171,'2a5d081d73b6548ac093e457775c471311a5c62e0dcea0d077b0a99f53436d08','58.38.127.133','2017-03-01 14:12:49',1),(1466,'zhouyijun','2',171,'53b8c9f770b5cab3c9a7422871db6a3eebe10a368aada67fd32be14e602f2f31','58.38.127.133','2017-03-01 14:13:45',1),(1467,'zhouyijun','2',171,'f2055465462a000cc773276bae25dfac87a6741001d80af23b538ee3bb0ebbf6','58.38.127.133','2017-03-01 14:17:14',1),(1468,'zhouyijun','2',171,'e612796fd111927f431cdffdf5bab46866af29c70f2d4be2773f8757d06bc207','58.38.127.133','2017-03-01 14:17:41',1),(1469,'zhouyijun','2',171,'0fabe96f4630922d619e1cb7d503138a3f6801dbde0a348e7c80a5235d8811e1','58.38.127.133','2017-03-01 14:17:55',1),(1470,'zhouyijun','2',171,'94f32612ebdf821961d29e23f24980686904b02acbbbb156d64c2adcdbad192b','58.38.127.133','2017-03-01 14:18:25',1),(1471,'zhouyijun','2',171,'1fdec19093fdf32d224d32b8ca8c8e26e98b3ab92e74e7e856091af2cc77cba0','58.38.127.133','2017-03-01 14:19:59',1),(1472,'zhouyijun','2',171,'b4d14de998325d1ee4b70f55f74d2dcf34e3fe81b027f7f1ccf87a3b538638d2','58.38.127.133','2017-03-01 14:34:25',1),(1473,'jiang','1',2,'517121e2f33d22d662976515e73dcd38ae96ac71ea19151b53630ab3056e6173','192.168.3.8','2017-03-01 14:37:15',1),(1474,'zhouyijun','2',171,'6b260cad1b87674bcb96b5f86bb244f374cd70a98a004c205c579e150b768a04','58.38.127.133','2017-03-01 14:38:01',1),(1475,'zhouyijun','2',171,'01502f693c24fcaadc3d94718aa2cd015b2e86981ac236ddcbfb1efcb7d8ff35','58.38.127.133','2017-03-01 14:45:06',1),(1476,'zhouyijun','2',171,'65527f4630ad3ea863d3787dc0799b56a6ed39df3e4bf13f329bbe3a85674f75','58.38.127.133','2017-03-01 14:49:09',1),(1477,'zhouyijun','2',171,'e82bdefbe0669aa19be8d6d41419d435adb6bea6105bd1710d26e8453abeeb4f','58.38.127.133','2017-03-01 15:52:13',1),(1478,'zhouyijun','2',171,'0f5b8731e108dc2931bd1146a672c09fdef8b98cdc7549190cd330742ba7195a','58.38.127.133','2017-03-01 15:52:33',1),(1479,'zhouyijun','2',171,'40dfa99acf0199aad502c2b3bfd1db9631a77a8655a4300e03c6daa703c1699a','58.38.127.133','2017-03-01 16:00:52',1),(1480,'zhouyijun','2',171,'ca51a9df0914058200a9dd7307f42121d2526d637c79dfe7e56e2bcdbce87568','58.38.127.133','2017-03-01 16:05:28',1),(1481,'zhouyijun','2',171,'e55f4fe2bca5f56dc0dcb383e1fb3e28374c3957ee19d55e68e2428d3b8a4225','58.38.127.133','2017-03-01 16:10:48',1),(1482,'zhouyijun','2',171,'3bdee9f546b9692fcffcc65278a22a7c8365b465b0e6ffd6c3a44564c650028d','58.38.127.133','2017-03-01 16:16:49',1),(1483,'zhouyijun','2',171,'214f927911d988ba99c3812186d48ef593d018f7d87228d81a3272e5eab8624c','58.38.127.133','2017-03-01 16:22:32',1),(1484,'zhouyijun','2',171,'0f0915d41cc315c2479ab38b8b77386696f6354f102ddd99e10fe867aec9b196','58.38.127.133','2017-03-01 16:24:23',1),(1485,'zhouyijun','2',171,'4501b0d955149dd0454ffff65cf46c853643733f529e58b96d76dffb46463bb5','58.38.127.133','2017-03-01 16:25:03',1),(1486,'zhouyijun','2',171,'e0109d7733e40856320d20b72f9136f44b69aefa01de618b0584e66f2fcd3322','58.38.127.133','2017-03-01 16:27:48',1),(1487,'zhouyijun','2',171,'3c0bf79986c94d05fec87aecbfda32e1b86fdf5ac37951cd92df05006ae79efe','58.38.127.133','2017-03-01 16:39:00',1),(1488,'zhouyijun','2',171,'8872550a356295f1a542f2630a1308cacc2b75de3b4a1f29c52c4648738575f7','58.38.127.133','2017-03-01 16:46:17',1),(1489,'jiang','1',2,'b69f4b7c1864695f0262b0787a96125248c3442c42375a75da16976d51bdced3','192.168.3.8','2017-03-01 17:10:32',1),(1490,'jiang','1',2,'3456abfbe587a68e8a0c6099405adddb1dfd81e24fab670a0250c5367756a779','192.168.3.8','2017-03-01 17:10:41',1),(1491,'zhouyijun','2',171,'2f2d537e525242ee082446d1c03a42134d07ee34822c635731c4f88b79d6fb72','58.38.127.133','2017-03-01 17:13:37',1),(1492,'zhx','1',3,'72735f0789ec74f9ae5a5eb73ac3944b0386885cb3e75351e9114a73bd1be77d','101.86.105.174','2017-03-01 17:14:05',1),(1493,'zhx','1',3,'a86cfeb84e1f2472e7e6f08daaa4791c92abed2a4bb30fc356f7a3cbe1cc6747','101.86.105.174','2017-03-01 17:16:00',1),(1494,'zhouyijun','2',171,'92b2f66bdc659c7ec5d0ee9cf50502cb202bcbe9eeb73f88d2341196b1317ca7','58.38.127.133','2017-03-01 17:24:51',1),(1495,'zhx','2',3,'806926d5d5db6b88dfe620dfbade6585fba1f2fca872c6a1d6839a50a398f128','101.86.105.174','2017-03-01 17:41:53',1),(1496,'zhx','2',3,'0bec72fe6973ff85343295058dabd70887ce8ae10e9dc8aaa6300bf8f721cb49','101.90.126.65','2017-03-01 17:57:22',1),(1497,'zhx','2',3,'80403dcca63d944665ab1036d3d4667543224d7c85780fd20fe9cd2844ec1869','101.90.126.65','2017-03-01 18:00:51',1),(1498,'zhx','2',3,'8a606dd66791f0617c7ebb1dea3638c8093db689e3155a2d04604e8037830cd4','101.90.126.65','2017-03-01 18:04:31',1),(1499,'zhouyijun','2',171,'be89a2f1f705037bd52ce04f8c7ee387b6620628ea75a3ca2a438a7061836c60','58.38.127.133','2017-03-01 18:10:33',1),(1500,'zhouyijun','2',171,'ec888980480622763d2148dd437969aef25daa08a29cde88204a4f4d4995a3d5','180.160.178.76','2017-03-01 23:17:38',1),(1501,'zhouyijun','2',171,'ab2683cc1d66ff935439ed1ff6e9be9d8dada32ef3ebcdd10d56a883c81f1dc4','180.160.178.76','2017-03-01 23:17:38',1),(1502,'zhouyijun','2',171,'df3017733303c1d15fa36186f15d5d69f67959ca8132689dff9c02dcc47d8a15','180.160.178.76','2017-03-01 23:17:38',1),(1503,'jiang','1',2,'7798d575baafc068bb362ede218850901aa44dfc4ce6922f3c87d967c63af376','192.168.3.8','2017-03-02 10:48:16',1),(1504,'zhouyijun','2',171,'9c2bc743087b34d33100d9ad8dfb5a313185ee1e96ca4fa1a0854cedd427ecff','101.86.105.174','2017-03-02 13:30:56',1);
/*!40000 ALTER TABLE `gener_loginHistory` ENABLE KEYS */;
UNLOCK TABLES;

--
-- Table structure for table `gener_significantEvent`
--

DROP TABLE IF EXISTS `gener_significantEvent`;
/*!40101 SET @saved_cs_client     = @@character_set_client */;
/*!40101 SET character_set_client = utf8 */;
CREATE TABLE `gener_significantEvent` (
  `id` int(30) NOT NULL AUTO_INCREMENT,
  `personId` int(30) NOT NULL,
  `userId` int(30) NOT NULL,
  `familyId` int(30) NOT NULL,
  `exp_time` date NOT NULL,
  `exp_name` varchar(100) NOT NULL,
  `exp_content` text NOT NULL,
  `write_mode` int(10) NOT NULL,
  `create_time` datetime NOT NULL,
  `create_by` int(30) NOT NULL,
  `update_time` datetime NOT NULL,
  `update_by` int(30) NOT NULL,
  PRIMARY KEY (`id`)
) ENGINE=InnoDB AUTO_INCREMENT=34 DEFAULT CHARSET=utf8;
/*!40101 SET character_set_client = @saved_cs_client */;

--
-- Dumping data for table `gener_significantEvent`
--

LOCK TABLES `gener_significantEvent` WRITE;
/*!40000 ALTER TABLE `gener_significantEvent` DISABLE KEYS */;
INSERT INTO `gener_significantEvent` VALUES (18,148,0,29,'2016-01-09','','更改事件内容更改事件内容更改事件内容更改事件内容',0,'2016-12-17 17:35:32',2,'2016-12-17 18:30:54',2),(19,148,0,29,'2016-02-02','','经历的内容经历的内容经历的内容经历的内容经历的内容经历的内容经历的内容经历的内容',0,'2016-12-17 17:35:33',2,'2016-12-17 17:35:33',2),(20,148,0,29,'2016-02-02','','经历的内容经历的内容经历的内容经历的内容经历的内容经历的内容经历的内容经历的内容',0,'2016-12-17 17:35:33',2,'2016-12-17 17:35:33',2),(21,148,0,29,'2016-02-02','','经历的内容经历的内容经历的内容经历的内容经历的内容经历的内容经历的内容经历的内容',0,'2016-12-17 17:35:34',2,'2016-12-17 17:35:34',2),(25,148,0,28,'2016-02-02','','经历的内容经历的内容经历的内容经历的内容经历的内容经历的内容经历的内容经历的内容',0,'2016-12-17 18:25:06',2,'2016-12-17 18:25:06',2),(26,148,0,29,'2016-02-02','','经历的内容经历的内容经历的内容经历的内容经历的内容经历的内容经历的内容经历的内容',0,'2016-12-17 18:25:17',2,'2016-12-17 18:25:17',2),(28,413,0,104,'2017-01-01','111','111',1,'2017-02-22 17:01:32',171,'2017-02-22 17:01:32',171),(29,398,0,103,'2017-05-05','vgvt','gvt',1,'2017-02-28 10:06:53',171,'2017-02-28 10:06:53',171),(31,421,171,105,'2017-01-01','tdtxt','dtdtxr',1,'2017-02-28 15:55:47',171,'2017-02-28 15:55:47',171),(32,424,0,105,'2017-04-02','fgcgdg2','dyfgdg',1,'2017-02-28 17:27:01',171,'2017-03-01 15:52:56',171),(33,424,0,105,'2017-01-01','十年后购房团','吃太多飞车',1,'2017-03-01 16:50:46',171,'2017-03-01 16:50:46',171);
/*!40000 ALTER TABLE `gener_significantEvent` ENABLE KEYS */;
UNLOCK TABLES;

--
-- Table structure for table `gener_testFamily`
--

DROP TABLE IF EXISTS `gener_testFamily`;
/*!40101 SET @saved_cs_client     = @@character_set_client */;
/*!40101 SET character_set_client = utf8 */;
CREATE TABLE `gener_testFamily` (
  `id` int(30) unsigned NOT NULL AUTO_INCREMENT,
  `name` varchar(100) NOT NULL,
  `password` varchar(100) NOT NULL,
  `min_level` int(10) NOT NULL,
  `max_level` int(10) NOT NULL,
  `permission` int(10) NOT NULL,
  `originator` int(30) NOT NULL,
  `create_by` int(30) NOT NULL,
  `create_time` datetime NOT NULL,
  `update_by` int(30) NOT NULL,
  `update_time` datetime NOT NULL,
  PRIMARY KEY (`id`)
) ENGINE=InnoDB AUTO_INCREMENT=106 DEFAULT CHARSET=utf8;
/*!40101 SET character_set_client = @saved_cs_client */;

--
-- Dumping data for table `gener_testFamily`
--

LOCK TABLES `gener_testFamily` WRITE;
/*!40000 ALTER TABLE `gener_testFamily` DISABLE KEYS */;
INSERT INTO `gener_testFamily` VALUES (29,'江','123456',-2,3,0,2,2,'2016-11-05 17:15:09',2,'2016-11-05 17:15:09'),(65,'123','q789456123',0,0,0,6,6,'2016-11-12 16:47:50',6,'2016-11-12 16:47:50'),(66,'123','q789456123',0,0,0,6,6,'2016-11-12 16:49:49',6,'2016-11-12 16:49:49'),(67,'周家','123456',-1,1,0,159,159,'2016-11-19 11:54:25',159,'2016-11-19 11:54:25'),(68,'老李家','123456',-2,1,0,3,3,'2016-11-19 14:38:10',3,'2016-11-19 14:38:10'),(73,'haha','123456',-3,0,0,2,2,'2016-11-19 18:23:52',2,'2016-11-19 18:23:52'),(74,'周家2','123456',-1,1,0,159,159,'2016-11-26 15:40:14',159,'2016-11-26 15:40:14'),(75,'周家','123456',-1,0,0,171,171,'2016-12-10 12:07:11',171,'2016-12-10 12:07:11'),(76,'%E5%91%A8%E5%AE%B62','123456',0,0,0,171,171,'2016-12-10 12:45:05',171,'2016-12-10 12:45:05'),(77,'周家3','123456',-1,1,0,171,171,'2016-12-10 12:46:36',171,'2016-12-10 12:46:36'),(78,'周家4','123456',0,0,0,171,171,'2016-12-24 13:39:48',171,'2016-12-24 13:39:48'),(79,'周家5','123456',-1,0,0,171,171,'2016-12-24 13:48:11',171,'2016-12-24 13:48:11'),(80,'周家6','123456',-2,1,0,171,171,'2016-12-24 13:54:00',171,'2016-12-24 13:54:00'),(81,'周家7','123456',-1,1,0,171,171,'2016-12-25 10:24:17',171,'2016-12-25 10:24:17'),(82,'周家9','123456',-1,0,0,171,171,'2017-01-14 10:14:05',171,'2017-01-14 10:14:05'),(83,'hqhq','babana',0,0,0,2,2,'2017-01-14 12:37:52',2,'2017-01-14 12:37:52'),(84,'jsbnw','gwhjw',0,0,0,2,2,'2017-01-14 12:39:03',2,'2017-01-14 12:39:03'),(85,'vbbb','vbhh',0,0,0,2,2,'2017-01-14 12:39:55',2,'2017-01-14 12:39:55'),(86,'龚','123456',-1,0,0,184,184,'2017-01-14 15:41:35',184,'2017-01-14 15:41:35'),(87,'周家10','123456',-1,0,0,171,171,'2017-01-16 10:03:14',171,'2017-01-16 10:03:14'),(88,'周家11','123456',-1,0,0,171,171,'2017-01-16 10:05:00',171,'2017-01-16 10:05:00'),(89,'182666781@qq.com','123',-1,0,0,185,185,'2017-01-16 10:26:49',185,'2017-01-16 10:26:49'),(90,'周家12','123456',-1,0,0,171,171,'2017-01-16 11:48:49',171,'2017-01-16 11:48:49'),(91,'周家13','123456',-1,1,0,171,171,'2017-01-17 12:43:29',171,'2017-01-17 12:43:29'),(92,'hh','qqq',-1,0,0,186,186,'2017-01-18 11:20:58',186,'2017-01-18 11:20:58'),(93,'周家14','123456',-1,1,0,171,171,'2017-01-18 17:37:14',171,'2017-01-18 17:37:14'),(94,'老周','123466',-2,0,0,191,191,'2017-01-31 13:33:09',191,'2017-01-31 13:33:09'),(97,'786185931@qq.com','123456',0,0,0,2,2,'2017-02-08 12:54:59',2,'2017-02-08 12:54:59'),(98,'测试的家族','123456',0,0,0,2,2,'2017-02-13 16:03:46',2,'2017-02-13 16:03:46'),(99,'注册','123456',0,1,0,200,200,'2017-02-13 16:05:38',200,'2017-02-13 16:05:38'),(100,'9','999',0,0,0,185,185,'2017-02-17 14:12:30',185,'2017-02-17 14:12:30'),(101,'周家14','123456',-1,1,0,171,171,'2017-02-17 17:09:52',171,'2017-02-17 17:09:52'),(102,'老赵家','123456',-2,0,0,3,3,'2017-02-17 17:39:18',3,'2017-02-17 17:39:18'),(103,'周家15','123456',-1,1,0,171,171,'2017-02-21 18:16:09',171,'2017-02-21 18:16:09'),(104,'周家16','123456',-1,6,0,171,171,'2017-02-22 14:43:35',171,'2017-02-22 14:43:35'),(105,'周家17','123456',-1,1,0,171,171,'2017-02-28 11:03:59',171,'2017-02-28 11:03:59');
/*!40000 ALTER TABLE `gener_testFamily` ENABLE KEYS */;
UNLOCK TABLES;

--
-- Table structure for table `gener_testPerson`
--

DROP TABLE IF EXISTS `gener_testPerson`;
/*!40101 SET @saved_cs_client     = @@character_set_client */;
/*!40101 SET character_set_client = utf8 */;
CREATE TABLE `gener_testPerson` (
  `id` int(30) unsigned NOT NULL AUTO_INCREMENT,
  `name` varchar(100) NOT NULL,
  `address` varchar(100) NOT NULL,
  `birthday` datetime NOT NULL,
  `gender` int(10) NOT NULL,
  `photo` varchar(250) NOT NULL,
  `share_url` varchar(250) NOT NULL,
  `familyId` int(30) NOT NULL,
  `ref_familyId` int(30) DEFAULT NULL,
  `father` varchar(100) DEFAULT '',
  `mother` varchar(100) DEFAULT '',
  `son` varchar(100) DEFAULT '',
  `daughter` varchar(100) DEFAULT '',
  `spouse` varchar(100) DEFAULT '',
  `sister` varchar(100) DEFAULT '',
  `brother` varchar(100) DEFAULT '',
  `level` int(30) NOT NULL,
  `userId` int(30) NOT NULL,
  `confirm` int(1) NOT NULL COMMENT 'confirm表示这条记录有没有被管理员确认',
  `create_by` int(30) NOT NULL,
  `create_time` datetime NOT NULL,
  `update_by` int(30) NOT NULL,
  `update_time` datetime NOT NULL,
  PRIMARY KEY (`id`)
) ENGINE=InnoDB AUTO_INCREMENT=428 DEFAULT CHARSET=utf8;
/*!40101 SET character_set_client = @saved_cs_client */;

--
-- Dumping data for table `gener_testPerson`
--

LOCK TABLES `gener_testPerson` WRITE;
/*!40000 ALTER TABLE `gener_testPerson` DISABLE KEYS */;
INSERT INTO `gener_testPerson` VALUES (141,'编辑1','测试编辑地址','2016-08-08 00:00:00',1,'/images/upload/14842052952017-01-06 18-26-03屏幕截图.png','1412e182c17fe99ed8376bb2354e92d3',29,NULL,'142|','144|','154|155|','156|207|378|','153|270|','141|148|149|','145|146|147|',0,2,0,2,'2016-11-05 17:15:09',2,'2016-11-05 17:15:09'),(142,'父亲','安徽','1978-10-31 00:00:00',1,'/images/upload/14872286301.png','1422e182c17fe99ed8376bb2354e92d3',29,NULL,'211|','369|','145|146|147|','141|148|149|','144|268|269|','','142|',-1,0,0,2,'2016-11-05 17:17:18',2,'2016-11-05 17:17:18'),(144,'母亲','','1997-12-10 12:42:23',0,'/images/upload/1487729663hahahahahahahahahahh.png','1432e182c17fe99ed8376bb2354e92d3',29,NULL,'','','145|146|147|','141|148|149|','142|','144|','',-1,0,0,2,'2016-11-05 17:18:31',2,'2016-11-05 17:18:31'),(145,'兄弟1','','1997-12-10 12:42:23',1,'/images/upload/1487754239hahahahahahahahahahh.png','1442e182c17fe99ed8376bb2354e92d3',29,NULL,'142|','144|','214|','','213|','141|148|149|','145|146|147|',0,0,0,2,'2016-11-05 17:19:09',2,'2016-11-05 17:19:09'),(146,'兄弟2','','1997-12-10 12:42:23',1,'','1452e182c17fe99ed8376bb2354e92d3',29,NULL,'142|','144|','','','','141|148|149|','146|145|147|',0,0,0,2,'2016-11-05 17:19:49',2,'2016-11-05 17:19:49'),(147,'兄弟3','','1997-12-10 12:42:23',1,'','1462e182c17fe99ed8376bb2354e92d3',29,NULL,'142|','144|','','','','141|148|149|','147|145|146|',0,0,0,2,'2016-11-05 17:19:53',2,'2016-11-05 17:19:53'),(148,'姐妹1','','1997-12-10 12:42:23',0,'','1472e182c17fe99ed8376bb2354e92d3',29,NULL,'142|','144|','','','','148|149|','141|145|146|147|',0,0,0,2,'2016-11-05 17:20:07',2,'2016-11-05 17:20:07'),(149,'姐妹2','','1997-12-10 12:42:23',0,'','1482e182c17fe99ed8376bb2354e92d3',29,NULL,'142|','144|','','','','149|148|','141|145|146|147|',0,0,0,2,'2016-11-05 17:20:10',2,'2016-11-05 17:20:10'),(153,'配偶','','1997-12-10 12:42:23',0,'','1502e182c17fe99ed8376bb2354e92d3',29,NULL,'','','154|155|','156|207|378|','141|','153|','',0,0,0,2,'2016-11-05 17:20:55',2,'2016-11-05 17:20:55'),(154,'儿子2','','1997-12-10 12:42:23',1,'','1512e182c17fe99ed8376bb2354e92d3',29,NULL,'141|','153|','208|','','','156|207|378|','154|155|',1,0,0,2,'2016-11-05 17:32:39',2,'2016-11-05 17:32:39'),(155,'测试iframe的单点添加','','1997-12-10 12:42:23',1,'','1522e182c17fe99ed8376bb2354e92d3',29,NULL,'141|','153|','','','','156|207|378|','155|154|',1,0,0,2,'2016-11-05 17:53:48',2,'2016-11-05 17:53:48'),(156,'女儿2','','1997-12-10 12:42:23',0,'','1532e182c17fe99ed8376bb2354e92d3',29,NULL,'141|','153|','210|','','203|','156|207|378|','154|155|',1,0,0,2,'2016-11-05 17:59:43',2,'2016-11-05 17:59:43'),(173,'zc','undefined','1997-12-10 12:42:23',0,'','',65,NULL,'','','','','','173|','',0,6,0,6,'2016-11-12 16:47:50',6,'2016-11-12 16:47:50'),(174,'123','undefined','1997-12-10 12:42:23',0,'','',66,NULL,'','','','','','174|','',0,6,0,6,'2016-11-12 16:49:49',6,'2016-11-12 16:49:49'),(200,'周','','1997-12-10 12:42:23',0,'','',67,NULL,'212|','217|','','219|','','200|218|','220|221|',0,159,0,159,'2016-11-19 11:54:25',159,'2016-11-19 11:54:25'),(201,'赵鑫烜','undefined','1997-12-10 00:00:00',1,'/images/upload/1485795647xuan.jpg','',68,NULL,'277|','278|','','280|','279|','','201|',0,3,0,3,'2016-11-19 14:38:10',3,'2016-11-19 14:38:10'),(203,'李山','上海','2009-02-03 00:00:00',1,'','1542e182c17fe99ed8376bb2354e92d3',29,NULL,'','','210|','','156|','','203|',1,0,0,2,'2016-11-19 14:57:58',2,'2016-11-19 14:57:58'),(207,'姐妹','','1997-02-04 00:00:00',0,'','1552e182c17fe99ed8376bb2354e92d3',29,NULL,'141|','153|','','','','207|378|','156|154|155|',1,0,0,2,'2016-11-19 15:16:09',2,'2016-11-19 15:16:09'),(208,'孙子','','2016-11-02 00:00:00',1,'','1562e182c17fe99ed8376bb2354e92d3',29,NULL,'154|','','209|','','','','208|',2,0,0,2,'2016-11-19 15:18:34',2,'2016-11-19 15:18:34'),(209,'重孙','','2016-11-09 00:00:00',1,'/images/upload/1488084080test.jpg','1572e182c17fe99ed8376bb2354e92d3',29,NULL,'208|','','','','','','209|',3,0,0,2,'2016-11-19 15:19:28',2,'2016-11-19 15:19:28'),(210,'二孙子','','2016-11-07 00:00:00',1,'','1582e182c17fe99ed8376bb2354e92d3',29,NULL,'203|','156|','','','','','210|',2,0,0,2,'2016-11-19 15:19:51',2,'2016-11-19 15:19:51'),(211,'祖父','','1993-02-03 00:00:00',1,'/images/upload/1487231736hahahahahahahahahahh.png','1622e182c17fe99ed8376bb2354e92d3',29,NULL,'','','142|','','369|','','211|',-2,169,0,2,'2016-11-19 15:48:11',2,'2016-11-19 15:48:11'),(212,'周爸','','1997-12-10 12:42:23',0,'','',67,NULL,'','','220|221|','200|218|','217|','212|','',-1,0,0,159,'2016-11-19 16:11:41',159,'2016-11-19 16:11:41'),(213,'配偶','','2016-10-31 00:00:00',0,'/images/upload/14872134662017-02-14 14-18-42屏幕截图.png','8b656d4b86ee4e30f0ba937110ab5c85',29,NULL,'','','214|','','145|','213|','',0,0,0,169,'2016-11-19 17:17:33',169,'2016-11-19 17:17:33'),(214,'女儿','','2016-11-10 00:00:00',0,'','c610f22895e084e4b20747b8c6a6079f',29,NULL,'145|','213|','','','','214|','',1,0,0,169,'2016-11-19 17:22:30',169,'2016-11-19 17:22:30'),(215,'haahah','','1997-12-10 12:42:23',0,'','dec8e7ef5dd8a3b3dfe0ccc8aeac8e6c',73,NULL,'216|','370|','','','','215|','',0,2,0,2,'2016-11-19 18:23:52',2,'2016-11-19 18:23:52'),(216,'父亲','','2016-11-02 00:00:00',1,'','8ba46d9d7fcf632ac6a95c622df7ff23',73,NULL,'374|','','','215|','370|','','216|',-1,0,0,2,'2016-11-19 18:24:15',2,'2016-11-19 18:24:15'),(217,'周妈','','1997-12-10 12:42:23',0,'','19562b764a0889bc959df6d4cf456b4c',67,NULL,'','','220|221|','200|218|','212|','217|','',-1,0,0,159,'2016-11-26 10:43:42',159,'2016-11-26 10:43:42'),(218,'周兄','','1997-12-10 12:42:23',0,'','1488c08a6c8ee66790ac76f464cbeb56',67,NULL,'212|','217|','','','','218|','200|220|221|',0,0,0,159,'2016-11-26 10:44:26',159,'2016-11-26 10:44:26'),(219,'周子','','1997-12-10 12:42:23',0,'','0560623f4387fc5eb786d5e43a48fd40',67,NULL,'','200|','','','','219|','',1,0,0,159,'2016-11-26 10:45:17',159,'2016-11-26 10:45:17'),(220,'周妻','','1997-12-10 12:42:23',0,'','458ad9e7c52db66228b278b1d6700bd1',67,NULL,'212|','217|','','','','220|200|218|','221|',0,0,0,159,'2016-11-26 10:45:44',159,'2016-11-26 10:45:44'),(221,'兄妻','','1997-12-10 12:42:23',0,'','8b87687d07b02b6e27345c3a72a76cc2',67,NULL,'212|','217|','','','','221|218|','200|220|',0,0,0,159,'2016-11-26 12:00:44',159,'2016-11-26 12:00:44'),(222,'周','','1997-12-10 12:42:23',0,'','9a581205956c14db8aa4470334d321ed',74,NULL,'223|','224|','227|','229|','226|','222|','225|',0,159,0,159,'2016-11-26 15:40:14',159,'2016-11-26 15:40:14'),(223,'周爸','','1997-12-10 12:42:23',0,'','553f950f44e25c91f8e7b3a3e8f6595b',74,NULL,'','','225|','222|','224|','223|','',-1,0,0,159,'2016-11-26 15:40:32',159,'2016-11-26 15:40:32'),(224,'周妈','','1997-12-10 12:42:23',0,'','56ee31634d7e1587492128eb1b84e454',74,NULL,'','','225|','222|','223|','224|','',-1,0,0,159,'2016-11-26 15:40:48',159,'2016-11-26 15:40:48'),(225,'周兄','','1997-12-10 12:42:23',0,'','ac1b4d85d2eeee24e0b891d8dd33c4e9',74,NULL,'223|','224|','','','228|','225|222|','',0,0,0,159,'2016-11-26 15:41:03',159,'2016-11-26 15:41:03'),(226,'周妻','','1997-12-10 12:42:23',0,'','ede8ef63827785ee31b47f1e523a91c9',74,NULL,'','','227|','229|','222|','226|','',0,0,0,159,'2016-11-26 15:41:15',159,'2016-11-26 15:41:15'),(227,'周子','','1997-12-10 12:42:23',0,'','141e748c992bbea722cb4fd9e5831d86',74,NULL,'226|','222|','','','','227|229|','',1,0,0,159,'2016-11-26 15:41:25',159,'2016-11-26 15:41:25'),(228,'兄妻','','1997-12-10 12:42:23',0,'','5246833ea97af82c30846a3dfb8d0571',74,NULL,'','','','','225|','228|','',0,0,0,159,'2016-11-26 15:41:59',159,'2016-11-26 15:41:59'),(229,'周女','','1997-12-10 12:42:23',0,'','b4f4ef2908a69027838d867cfa704ac6',74,NULL,'226|','222|','','','','229|','227|',1,0,0,159,'2016-11-26 15:42:42',159,'2016-11-26 15:42:42'),(230,'周','','1997-12-10 12:42:23',0,'','09588cb3a423bac8e3eb54b8a62b20b8',75,NULL,'231|','233|','','','','230|','',0,171,0,0,'2016-12-10 12:07:11',171,'2016-12-10 12:07:11'),(231,'周爸','','1997-12-10 12:42:23',0,'/images/upload/1487212234rrgaos29.jpg','20db63756e0195f5674735a670d32e41',75,NULL,'','','','230|','232|233|','231|','',-1,0,0,0,'2016-12-10 12:07:30',0,'2016-12-10 12:07:30'),(233,'周妈','','1997-12-10 12:42:23',0,'','7e2091083bbcf0e46333e8a815e10624',75,NULL,'','','','230|','231|','233|','',-1,0,0,0,'2016-12-10 12:44:10',0,'2016-12-10 12:44:10'),(235,'周','','1997-12-10 12:42:23',0,'','b2366bd239295b55f2543478fdf829d6',77,NULL,'236|','237|','242|','','241|','235|244|','238|',0,171,0,0,'2016-12-10 12:46:36',171,'2016-12-10 12:46:36'),(236,'周爸','','1997-12-10 12:42:23',0,'','3a57993b3b89c4e7277d4cb847613d6e',77,NULL,'','','238|','235|244|','237|','236|','',-1,0,0,0,'2016-12-10 12:46:55',0,'2016-12-10 12:46:55'),(237,'周妈','','1997-12-10 12:42:23',0,'','cf656a0dfe5343e7bbfaf94048fb7dd4',77,NULL,'','','238|','235|244|','236|','237|','',-1,0,0,0,'2016-12-10 12:47:10',0,'2016-12-10 12:47:10'),(238,'周兄','','1997-12-10 12:42:23',0,'','4ccd95424d408c0df1f0946e0659de5b',77,NULL,'236|','237|','243|','240|','239|','238|235|244|','',0,0,0,0,'2016-12-10 12:47:30',0,'2016-12-10 12:47:30'),(239,'兄妻','','1997-12-10 12:42:23',0,'','3e2f3fc9eea7a486b393512040143a02',77,NULL,'','','243|','240|','238|','239|','',0,0,0,0,'2016-12-10 12:48:11',0,'2016-12-10 12:48:11'),(240,'兄女','','1997-12-10 12:42:23',0,'','e02332770004ccc11df51f423c4deb8d',77,NULL,'239|','238|','','','','240|','243|',1,0,0,0,'2016-12-10 12:48:33',0,'2016-12-10 12:48:33'),(241,'妻','','1997-12-10 12:42:23',0,'','5089f3c50032029109bf4799255ab434',77,NULL,'','','242|','','235|','241|','',0,0,0,0,'2016-12-10 12:49:03',0,'2016-12-10 12:49:03'),(243,'兄子','','1997-12-10 12:42:23',0,'','aae7d912fb581b3aa447f916bb44c39a',77,NULL,'239|','238|','','','','243|240|','',1,0,0,0,'2016-12-10 13:00:06',0,'2016-12-10 13:00:06'),(244,'周姐','','1997-12-10 12:42:23',0,'','6eaefcd8a7704f78730f1562a55dd5f5',77,NULL,'236|','237|','','','245|','244|','235|238|',0,0,0,0,'2016-12-10 13:38:55',0,'2016-12-10 13:38:55'),(245,'姐夫','','1997-12-10 12:42:23',0,'','c1391cc0c352d0fa2bde740cbda2909c',77,NULL,'','','','','244|','245|','',0,0,0,0,'2016-12-10 13:39:14',0,'2016-12-10 13:39:14'),(246,'周','','1997-12-10 12:42:23',0,'','89c7e5db78a3ce86486d09a7ce4dbb6b',78,NULL,'','','','','','246|','',0,171,0,0,'2016-12-24 13:39:48',171,'2016-12-24 13:39:48'),(248,'周','','1997-12-10 12:42:23',1,'','1cbb3521485761043fbbbe629108f3c7',80,NULL,'249|','250|','','','','','248|251|',0,171,0,0,'2016-12-24 13:54:00',171,'2016-12-24 13:54:00'),(249,'周爸','','1997-12-10 12:42:23',0,'','7f38a6336533ccc55b8d9efd7d11ae3d',80,NULL,'404|','','248|251|','','250|','249|','',-1,0,0,0,'2016-12-24 13:55:34',0,'2016-12-24 13:55:34'),(250,'周妈','','1997-12-10 12:42:23',0,'','ec23c3bf800cb351f6044da27c5ce43e',80,NULL,'','','248|251|','','249|','250|','',-1,0,0,0,'2016-12-24 13:56:02',0,'2016-12-24 13:56:02'),(251,'周兄','','1997-12-10 12:42:23',0,'','73ac59f6a7920456e44609363598e027',80,NULL,'249|','250|','253|','254|','252|','251|','248|',0,0,0,0,'2016-12-24 14:00:02',0,'2016-12-24 14:00:02'),(252,'兄妻','','1997-12-10 12:42:23',0,'','458b68d240e33ca25b7b87a9d4a9f09c',80,NULL,'','','253|','254|','251|','252|','',0,0,0,0,'2016-12-24 14:00:23',0,'2016-12-24 14:00:23'),(253,'兄子','','1997-12-10 12:42:23',0,'','bd37500c2a987e995b8741d0c258a001',80,NULL,'252|','251|','','','','253|254|','',1,0,0,0,'2016-12-24 14:00:39',0,'2016-12-24 14:00:39'),(254,'兄女','','1997-12-10 12:42:23',0,'','a60869e2acbe7282e83257bf489d7ff1',80,NULL,'252|','251|','','','','254|','253|',1,0,0,0,'2016-12-25 00:29:56',0,'2016-12-25 00:29:56'),(255,'周','','1997-12-10 12:42:23',1,'','5c5b1ac0d7eb4beda4b92fa6cb51ce3c',81,NULL,'256|','257|','','','','','255|258|',0,171,0,0,'2016-12-25 10:24:17',171,'2016-12-25 10:24:17'),(256,'周爸','','1997-12-10 12:42:23',0,'','706bb410d262266c2b1a66a389c2b8e5',81,NULL,'','','255|258|','','257|','256|','',-1,0,0,0,'2016-12-25 10:24:27',0,'2016-12-25 10:24:27'),(257,'周妈','','1997-12-10 12:42:23',0,'','6beff95910aa8cfe23d8deb00185f33a',81,NULL,'','','255|258|','','256|','257|','',-1,0,0,0,'2016-12-25 10:24:53',0,'2016-12-25 10:24:53'),(258,'周兄','egrgr','1997-12-10 12:42:23',0,'/images/upload/1487305857test.jpg','bba664c3ecd540290b5d8405710a655a',81,NULL,'256|','257|','261|','260|','259|','258|','255|',0,0,0,0,'2016-12-25 10:26:47',0,'2016-12-25 10:26:47'),(259,'兄妻','','1997-12-10 12:42:23',0,'','e585575243b973fcd133f481133640dd',81,NULL,'','','261|','260|','258|','259|','',0,0,0,0,'2016-12-25 10:27:29',0,'2016-12-25 10:27:29'),(260,'兄女','','1997-12-10 12:42:23',0,'','e3f2ed965dac8554bc368d62072b770f',81,NULL,'259|','258|','','','','260|','261|',1,0,0,0,'2016-12-25 10:27:47',0,'2016-12-25 10:27:47'),(261,'兄子','','1997-12-10 12:42:23',0,'/images/upload/1487663560test.jpg','609de1ce057040eab0a85366a33bbda7',81,NULL,'259|','258|','','','','261|260|','',1,0,0,0,'2016-12-25 10:28:04',0,'2016-12-25 10:28:04'),(263,'周','','0000-00-00 00:00:00',1,'','8f1a90be7b6d6f48ac304739011f37ad',82,NULL,'264|','267|','','','','','263|266|',0,171,0,171,'2017-01-14 10:14:05',171,'2017-01-14 10:14:05'),(264,'周爸','','0000-00-00 00:00:00',1,'','cab041973f589b58764872e75258116e',82,NULL,'','','263|266|','','265|267|','','264|',-1,0,0,171,'2017-01-14 10:14:16',171,'2017-01-14 10:14:16'),(266,'周兄','','0000-00-00 00:00:00',1,'','f1499855de5ec58bd23e374aa81a5b93',82,NULL,'264|','267|','','','','','266|263|',0,0,0,171,'2017-01-14 10:14:51',171,'2017-01-14 10:14:51'),(267,'配偶2','','0000-00-00 00:00:00',0,'','aa8aba1ba6f023a9ca743df7d03c0003',82,NULL,'','','263|266|','','264|','267|','',-1,0,0,171,'2017-01-14 10:15:15',171,'2017-01-14 10:15:15'),(271,'jajja','','0000-00-00 00:00:00',0,'','4666d2a735d95660196b54e17a313308',83,NULL,'','','','','','271|','',0,2,0,2,'2017-01-14 12:37:52',2,'2017-01-14 12:37:52'),(272,'jbjqjjqk','','0000-00-00 00:00:00',0,'','14a0071f6fb36121dd15bfcdc75e56c1',84,NULL,'','','','','','272|','',0,2,0,2,'2017-01-14 12:39:03',2,'2017-01-14 12:39:03'),(273,'jnnhb','','0000-00-00 00:00:00',0,'','7775b34168aa4138cd47b9c26678b940',85,NULL,'','','','','','273|','',0,2,0,2,'2017-01-14 12:39:55',2,'2017-01-14 12:39:55'),(274,'zeo','','0000-00-00 00:00:00',0,'','46781741e0fc92bac9dade0663f99555',86,NULL,'276|','275|','','','','274|','',0,184,0,184,'2017-01-14 15:41:35',184,'2017-01-14 15:41:35'),(275,'在线','','0000-00-00 00:00:00',0,'','f169a0a0379bdfc0801be84a05a857f3',86,NULL,'','','','274|','276|','275|','',-1,0,0,184,'2017-01-14 15:42:16',184,'2017-01-14 15:42:16'),(276,'犹豫','','0000-00-00 00:00:00',1,'','f3106c87433de92d94f5b6f984d2946f',86,NULL,'','','','274|','275|','','276|',-1,0,0,184,'2017-01-14 15:42:38',184,'2017-01-14 15:42:38'),(277,'赵贵生','','0000-00-00 00:00:00',1,'/images/upload/1485795830guisheng.jpg','e127d30afe117a8029b2584a2950ae47',68,NULL,'','','201|','','278|','','277|',-1,0,0,3,'2017-01-14 15:52:21',3,'2017-01-14 15:52:21'),(278,'李惠英','','0000-00-00 00:00:00',0,'/images/upload/1485795174yingying.jpg','4d6df14ff2dcf9ccbd78fa204dd1a66e',68,NULL,'317|','334|','201|','','277|','278|331|335|340|343|347|355|356|','350|',-1,0,0,3,'2017-01-14 15:52:48',3,'2017-01-14 15:52:48'),(279,'廖湘','','0000-00-00 00:00:00',0,'/images/upload/1485795603xiang1.jpg','b3062da9d9603faf964295c444726b86',68,NULL,'','','','280|','201|','279|','',0,189,0,3,'2017-01-14 15:53:24',3,'2017-01-14 15:53:24'),(280,'赵子涵','','0000-00-00 00:00:00',0,'/images/upload/1485797720nini.jpg','91f3881532da54283eacbdf225edb300',68,NULL,'201|','279|','','','','280|','',1,0,0,3,'2017-01-14 15:57:52',3,'2017-01-14 15:57:52'),(284,'周','','0000-00-00 00:00:00',1,'','9606e1addc6f30f745d9d9522c473754',87,NULL,'285|','286|','','','','','284|',0,171,0,171,'2017-01-16 10:03:14',171,'2017-01-16 10:03:14'),(285,'周爸','','0000-00-00 00:00:00',1,'','0ecef1fe961df51b18681d7a41b63c31',87,NULL,'','','284|','','286|','','285|',-1,0,0,171,'2017-01-16 10:03:28',171,'2017-01-16 10:03:28'),(286,'周妈','','0000-00-00 00:00:00',1,'','37706709465c52c623c3fcbeaf2983cc',87,NULL,'','','284|','','285|','','286|',-1,0,0,171,'2017-01-16 10:03:38',171,'2017-01-16 10:03:38'),(287,'周','','0000-00-00 00:00:00',1,'','266fe164183e042c74a7ffa6d49c716b',88,NULL,'288|','289|','','','','','287|',0,171,0,171,'2017-01-16 10:05:00',171,'2017-01-16 10:05:00'),(288,'周爸','','0000-00-00 00:00:00',1,'','bd323181796a2863ee8ae2f789e5ce87',88,NULL,'','','287|','','289|','','288|',-1,0,0,171,'2017-01-16 10:05:10',171,'2017-01-16 10:05:10'),(289,'周妈','','0000-00-00 00:00:00',0,'','b37f1ef4b8ba8109ec6d228732f78686',88,NULL,'','','287|','','288|','289|','',-1,0,0,171,'2017-01-16 10:05:24',171,'2017-01-16 10:05:24'),(292,'妻','','0000-00-00 00:00:00',0,'','5c8d7247216fe85c882d0ccf82c03b59',88,NULL,'','','','','290|','292|','',0,0,0,171,'2017-01-16 10:08:25',171,'2017-01-16 10:08:25'),(293,'王凯伦','','0000-00-00 00:00:00',0,'/images/upload/1484533799QQ图片20170107101435.jpg','7e7688cd73372796de08d6e3070b6f88',89,NULL,'294|','395|','','','','293|','',0,185,0,185,'2017-01-16 10:26:49',185,'2017-01-16 10:26:49'),(294,'王康龙','安徽省，六安市','2017-01-10 00:00:00',1,'/images/upload/1484533788图片1.png','00c9ef779fbff0be418210f99212968c',89,NULL,'','','','293|','395|','','294|',-1,0,0,185,'2017-01-16 10:28:56',185,'2017-01-16 10:28:56'),(295,'周','。。','0000-00-00 00:00:00',1,'','c5bc80f81022949b1c9b1e01ab651005',90,NULL,'296|','297|','','','','','295|303|',0,171,0,171,'2017-01-16 11:48:49',171,'2017-01-16 11:48:49'),(296,'周爸','','0000-00-00 00:00:00',1,'','82d68962409b41b3fd547d42fe617ddd',90,NULL,'','','295|303|','','297|','','296|',-1,0,0,171,'2017-01-16 11:48:59',171,'2017-01-16 11:48:59'),(297,'周妈','','0000-00-00 00:00:00',0,'','7c2e0d990d5a5dfd76b35cdba0612064',90,NULL,'','','295|303|','','296|','297|','',-1,0,0,171,'2017-01-16 11:49:07',171,'2017-01-16 11:49:07'),(303,'周兄','。。','0000-00-00 00:00:00',1,'','8e9646751f3382ec05f05100106f29bc',90,NULL,'296|','297|','','','306|307|','','303|295|',0,0,0,171,'2017-01-16 13:20:02',171,'2017-01-16 13:20:02'),(307,'妻','','0000-00-00 00:00:00',0,'','4a3368028c4c0503e6dfcbf5e6eb27a0',90,NULL,'','','','','303|','307|','',0,0,0,171,'2017-01-17 11:23:26',171,'2017-01-17 11:23:26'),(308,'周','','0000-00-00 00:00:00',1,'','57bb1603d8183863fc066c3bc4961826',91,NULL,'309|','310|','','','','314|','308|',0,171,0,171,'2017-01-17 12:43:29',171,'2017-01-17 12:43:29'),(309,'周爸','','0000-00-00 00:00:00',1,'/images/upload/1487327737rrgaos29.jpg','314b18fd58dbf62a84ad26126031b05c',91,NULL,'','','308|','314|','310|','','309|',-1,0,0,171,'2017-01-17 12:43:41',171,'2017-01-17 12:43:41'),(310,'周妈','','0000-00-00 00:00:00',0,'/images/upload/1487219795test.jpg','ee4164c143690eb7631ab19489ca502e',91,NULL,'','','308|','314|','309|','310|','',-1,0,0,171,'2017-01-17 12:43:53',171,'2017-01-17 12:43:53'),(314,'姐','。。','0000-00-00 00:00:00',0,'','adcf5ccc0590534066d85f7a30d0ce8d',91,NULL,'309|','310|','','','319|','314|','308|',0,0,0,171,'2017-01-17 12:52:54',171,'2017-01-17 12:52:54'),(317,'李发桂','12312','1945-08-08 00:00:00',1,'/images/upload/1485799038waigong3.jpg','7f3be85016abf569be496e24946764f9',68,NULL,'','','350|','278|331|335|340|343|347|355|356|','334|','','317|',-2,0,0,3,'2017-01-17 17:37:08',3,'2017-01-17 17:37:08'),(319,'夫','','0000-00-00 00:00:00',1,'/images/upload/1487327563test.jpg','154b229c9fe46266ddd2f146d5b6f00a',91,NULL,'','','','','314|','','319|',0,0,0,171,'2017-01-17 18:21:40',171,'2017-01-17 18:21:40'),(320,'hh','','0000-00-00 00:00:00',0,'','e6dfe9259b190662a0912d401d1deb77',92,NULL,'330|','','','','','320|','',0,186,0,186,'2017-01-18 11:20:58',186,'2017-01-18 11:20:58'),(322,'周爸','','0000-00-00 00:00:00',1,'/images/upload/1487229019rrgaos29.jpg','ccc7ed872b13bee103af4a7c09d04a8a',93,NULL,'','','','325|','323|','','322|',-1,0,0,171,'2017-01-18 17:37:48',171,'2017-01-18 17:37:48'),(323,'周妈','','0000-00-00 00:00:00',0,'/images/upload/1487232299test.jpg','b81de882d4ee2316ee48b80e1596edc3',93,NULL,'','','','325|','322|','323|','',-1,0,0,171,'2017-01-18 17:37:59',171,'2017-01-18 17:37:59'),(325,'周姐','','0000-00-00 00:00:00',0,'/images/upload/1487237619test.jpg','13abe6b97c6cb4f4ab3665cb8d47c226',93,NULL,'322|','323|','','','328|','325|','',0,0,0,171,'2017-01-18 17:38:15',171,'2017-01-18 17:38:15'),(326,'妻','。。','0000-00-00 00:00:00',0,'','495d0d9e101527b8f918622812fd4183',93,NULL,'','','','','324|','326|','',0,0,0,171,'2017-01-18 17:38:30',171,'2017-01-18 17:38:30'),(328,'夫','','0000-00-00 00:00:00',1,'','ddcd66674560d83d79744a5d994636ce',93,NULL,'','','','','325|','','328|',0,0,0,171,'2017-01-18 17:39:26',171,'2017-01-18 17:39:26'),(330,'15','','0000-00-00 00:00:00',1,'','70699b22869575084cc0b3b39cac29a2',92,NULL,'','','','320|','','','330|',-1,0,0,186,'2017-01-18 19:56:16',186,'2017-01-18 19:56:16'),(331,'李惠华','','0000-00-00 00:00:00',0,'/images/upload/1485795002huahua.jpg','d8527f00ec57d5bc93792c4ceb9f81fe',68,NULL,'317|','334|','333|','','332|','331|335|340|343|347|355|356|','278|350|',-1,0,0,3,'2017-01-24 18:29:56',3,'2017-01-24 18:29:56'),(332,'曾松林','','0000-00-00 00:00:00',1,'/images/upload/1485796527zengsonglin.jpg','b444cf98ab4a79165269a63d718a9311',68,NULL,'','','333|','','331|','','332|',-1,0,0,3,'2017-01-24 18:30:19',3,'2017-01-24 18:30:19'),(333,'曾宇乔','','0000-00-00 00:00:00',1,'/images/upload/1485796636qiaoqiao.jpg','2a2945d5c5e25eed96880bd873f06c07',68,NULL,'332|','331|','','','','','333|',0,0,0,3,'2017-01-24 18:30:49',3,'2017-01-24 18:30:49'),(334,'陈淑珍','','0000-00-00 00:00:00',0,'/images/upload/1485798967waipo5.jpg','8ccc0114854e70ba18fdcb70eb3dd009',68,NULL,'','','350|','278|331|335|340|343|347|355|356|','317|','334|','',-2,0,0,3,'2017-01-24 18:31:36',3,'2017-01-24 18:31:36'),(335,'李惠芳','','0000-00-00 00:00:00',0,'/images/upload/1485795218fangfang.jpg','6a423139ee7ad6e06186441b249c20b8',68,NULL,'317|','334|','337|339|','','336|','335|331|340|343|347|355|356|','278|350|',-1,0,0,3,'2017-01-28 21:31:35',3,'2017-01-28 21:31:35'),(336,'周水生','','0000-00-00 00:00:00',1,'/images/upload/1485796323dayifu.jpg','e56bcb708b3831f5742abf12e54b0334',68,NULL,'','','337|339|','','335|','','336|',-1,0,0,3,'2017-01-28 21:32:00',3,'2017-01-28 21:32:00'),(337,'周晓军','','0000-00-00 00:00:00',1,'/images/upload/1485793805junjun.jpg','c285f3525db0543d668d36cf751b7f3d',68,NULL,'336|','335|','338|','','364|','','337|339|',0,191,0,3,'2017-01-28 21:32:32',3,'2017-01-28 21:32:32'),(338,'周子渊','123','2010-01-28 00:00:00',1,'/images/upload/1485798237ziyuan.jpg','d0531e76d20476e664ddaf9c114653b8',68,NULL,'337|','364|','','','','','338|',1,0,0,3,'2017-01-28 21:32:55',3,'2017-01-28 21:32:55'),(339,'周晓欢','','0000-00-00 00:00:00',1,'/images/upload/1485793736huanhuan.jpg','64b4d0dbabc5aca9c04474f38af6e0ec',68,NULL,'336|','335|','363|','','362|','','339|337|',0,0,0,3,'2017-01-28 21:34:17',3,'2017-01-28 21:34:17'),(340,'李惠兰','','0000-00-00 00:00:00',0,'/images/upload/1485794613lanlan.jpg','abbf002d98a27589b3fac7ecb0c0d7d7',68,NULL,'317|','334|','342|','','341|','340|331|343|347|355|356|','335|278|350|',-1,0,0,3,'2017-01-28 21:35:53',3,'2017-01-28 21:35:53'),(341,'孙燕林','','0000-00-00 00:00:00',1,'/images/upload/1485794837sunyanlin.jpg','dd9866ba183b5a7a8f98d013536a69e3',68,NULL,'','','342|','','340|','','341|',-1,0,0,3,'2017-01-28 21:36:27',3,'2017-01-28 21:36:27'),(342,'孙冰','','0000-00-00 00:00:00',1,'/images/upload/1485792523sunbing.jpg','eab017195699f364d72e529cb652f156',68,NULL,'341|','340|','','','','','342|',0,195,0,3,'2017-01-28 21:36:59',3,'2017-01-28 21:36:59'),(343,'李惠莲','','0000-00-00 00:00:00',0,'/images/upload/1485795109lianlian.jpg','efedeadb32df6eef4dec65c5044e733b',68,NULL,'317|','334|','346|','345|','344|','343|331|335|340|347|355|356|','278|350|',-1,0,0,3,'2017-01-28 21:37:39',3,'2017-01-28 21:37:39'),(344,'温舰生','123','1970-09-01 00:00:00',1,'/images/upload/1485797561wenjiansheng.jpg','f00b925ee40c7f8aa0a9d72393a20a39',68,NULL,'','','346|','345|','343|','','344|',-1,0,0,3,'2017-01-28 21:38:17',3,'2017-01-28 21:38:17'),(345,'温宏','','0000-00-00 00:00:00',0,'/images/upload/1485794775wenhong.jpg','1827ee5245cdd4f4e5132f67f451b666',68,NULL,'344|','343|','','','','345|','346|',0,0,0,3,'2017-01-28 21:38:37',3,'2017-01-28 21:38:37'),(346,'温群','','0000-00-00 00:00:00',1,'/images/upload/1485793871wenqun.jpg','249878d3ab61f2089ff6aa375ddea1d6',68,NULL,'344|','343|','','','','345|','346|',0,0,0,3,'2017-01-28 21:39:03',3,'2017-01-28 21:39:03'),(347,'李惠珍','','0000-00-00 00:00:00',0,'/images/upload/1485795060zhenzhen.jpg','7b3f1e9147edc919254b06f1a3c279c0',68,NULL,'317|','334|','349|','','348|','347|331|340|343|355|356|','335|278|350|',-1,0,0,3,'2017-01-30 22:31:17',3,'2017-01-30 22:31:17'),(348,'曾昌文','','0000-00-00 00:00:00',1,'/images/upload/1485793559zengchangwen.jpg','ca83c5a1ab25c84e53fdadf66d62c57e',68,NULL,'','','349|','','347|','','348|',-1,0,0,3,'2017-01-30 22:44:57',3,'2017-01-30 22:44:57'),(349,'曾义杰','宁都','2017-01-31 00:00:00',1,'/images/upload/1485792727zengyijie.jpg','24d03c1b1cd877aa83c5f0c40f100bfa',68,NULL,'348|','347|','','','','','349|',0,0,0,3,'2017-01-30 22:45:33',3,'2017-01-30 22:45:33'),(350,'李建宁','宁都','1973-05-19 00:00:00',1,'/images/upload/1485793665jiujiu.jpg','eacdaf9d508b573220674c00fce83572',68,NULL,'317|','334|','354|','352|353|','351|','347|331|340|343|355|356|','350|335|278|',-1,192,0,3,'2017-01-30 22:47:03',3,'2017-01-30 22:47:03'),(351,'彭红群','宁都','1978-07-25 00:00:00',0,'/images/upload/1485792625penghongqun.jpg','614dd632e9a357e9ad65264de8338716',68,NULL,'','','354|','352|353|','350|','351|','',-1,190,0,3,'2017-01-30 22:47:31',3,'2017-01-30 22:47:31'),(352,'李杰懿','','0000-00-00 00:00:00',0,'/images/upload/1485796113tongtong.jpg','d276b2b3bbaf1b60051b7d3aa2060fb1',68,NULL,'350|','351|','','','','352|353|','354|',0,0,0,3,'2017-01-30 23:00:29',3,'2017-01-30 23:00:29'),(353,'李铭煜','231','2002-01-01 00:00:00',0,'/images/upload/1485794338xinxin.jpg','1c6fe77c8a1675b89c938be6186a4339',68,NULL,'350|','351|','','','','353|352|','354|',0,0,0,3,'2017-01-30 23:06:08',3,'2017-01-30 23:06:08'),(354,'李章鑫','','0000-00-00 00:00:00',1,'/images/upload/1485792449yuanyuan.jpg','87a541de7e3f5d5a613a32b94ef39f45',68,NULL,'350|','351|','','','','352|353|','354|',0,0,0,3,'2017-01-30 23:06:27',3,'2017-01-30 23:06:27'),(355,'李惠萍','','0000-00-00 00:00:00',0,'/images/upload/1485795326pingping2.jpg','61af1ddc268d0e7a9eb7ae3df89ec8f0',68,NULL,'317|','334|','359|','','357|','355|331|335|340|343|347|356|','278|350|',-1,194,0,3,'2017-01-30 23:07:16',3,'2017-01-30 23:07:16'),(356,'李惠琳','123','2009-01-31 00:00:00',0,'/images/upload/1485795249qingqing.jpg','b3c01db5deec6b134ea8d7111e804ea8',68,NULL,'317|','334|','360|','361|','358|','356|331|335|340|343|347|','355|278|350|',-1,0,0,3,'2017-01-30 23:07:34',3,'2017-01-30 23:07:34'),(357,'邓文海','','0000-00-00 00:00:00',1,'/images/upload/1485800474wenhai.jpg','81d78876981d82b88b912c73c6105d76',68,NULL,'','','359|','','355|','','357|',-1,0,0,3,'2017-01-30 23:10:20',3,'2017-01-30 23:10:20'),(358,'卢辉','123','1977-09-12 00:00:00',1,'/images/upload/1485799294卢辉1.jpg','12dd9a7da79123cad422f1a81cee7090',68,NULL,'','','360|','361|','356|','','358|',-1,193,0,3,'2017-01-30 23:10:45',3,'2017-01-30 23:10:45'),(359,'邓睿骐','123','2017-01-31 00:00:00',1,'/images/upload/1485799189rongrong2.jpg','d9b4c87f49d5a7057579887c273e8eef',68,NULL,'357|','355|','','','','','359|',0,0,0,3,'2017-01-30 23:11:38',3,'2017-01-30 23:11:38'),(360,'卢宏豪','','0000-00-00 00:00:00',1,'/images/upload/1485793930haohao.jpg','34d07f9c2d4d0f461d45f9944664895d',68,NULL,'358|','356|','','','','361|','360|',0,0,0,3,'2017-01-30 23:12:13',3,'2017-01-30 23:12:13'),(361,'卢锦玥','宁都','2016-12-23 00:00:00',0,'/images/upload/1485799525yueyue.jpg','4ab0481a103ef71cae1cfc4b2699f7a6',68,NULL,'358|','356|','','','','361|','360|',0,0,0,3,'2017-01-30 23:12:34',3,'2017-01-30 23:12:34'),(362,'谈荣慧','','0000-00-00 00:00:00',0,'/images/upload/1485796866tanronghui.jpg','19234dceca537a710eddcee67a8b12f5',68,NULL,'','','363|','','339|','362|','',0,0,0,3,'2017-01-30 23:14:58',3,'2017-01-30 23:14:58'),(363,'周诗骐','123','2013-09-30 00:00:00',1,'/images/upload/1485796933zhousiqi.jpg','88bffadfb71bb0ad5b62ed44cfe37e37',68,NULL,'339|','362|','','','','','363|',1,0,0,3,'2017-01-30 23:15:40',3,'2017-01-30 23:15:40'),(364,'刘心仪','','0000-00-00 00:00:00',0,'/images/upload/1485798313liuxinyi.jpg','bdf1dae51bfa5d5d01219d10be18be0e',68,NULL,'','','338|','','337|','364|','',0,0,0,3,'2017-01-30 23:45:37',3,'2017-01-30 23:45:37'),(365,'周晓军','','0000-00-00 00:00:00',0,'','802dca426d2f0856f1777b7a3209578f',94,NULL,'366|','','','','','365|','',0,191,0,191,'2017-01-31 13:33:09',191,'2017-01-31 13:33:09'),(366,'周水生','','0000-00-00 00:00:00',1,'','bfdbbedde25d9cb8d7ccca333f977184',94,NULL,'367|','','','365|','','','366|',-1,0,0,191,'2017-01-31 13:33:58',191,'2017-01-31 13:33:58'),(367,'周传南','','0000-00-00 00:00:00',1,'','e37916846aa584b03fd23815ff448866',94,NULL,'','','366|','','','','367|',-2,0,0,191,'2017-01-31 13:34:36',191,'2017-01-31 13:34:36'),(368,'121212','','0000-00-00 00:00:00',0,'','1e7e4241cdcd6cc63f21670dbb4a2cc8',97,NULL,'','','','','','368|','',0,2,0,2,'2017-02-08 12:54:59',2,'2017-02-08 12:54:59'),(369,'祖父的配偶','上海市','2017-02-01 00:00:00',0,'/images/upload/1487729683hahahahahahahahahahh.png','e8e75f84eb2b6adaed2a9cae2049a84f',29,NULL,'','','142|','','211|','369|','',-2,0,0,2,'2017-02-10 10:28:28',2,'2017-02-10 10:28:28'),(370,'配偶','','2017-02-01 00:00:00',0,'','14fdf225e245a23ee17251a1f4a69667',73,NULL,'','','','215|','216|','370|','',-1,0,0,2,'2017-02-13 16:00:36',2,'2017-02-13 16:00:36'),(371,'测试','','0000-00-00 00:00:00',0,'/images/upload/14869730472017-01-06 18-26-03屏幕截图.png','6fc805413e4fc0adadf29f0f871bd2ca',98,NULL,'','','','','','371|','',0,2,0,2,'2017-02-13 16:03:46',2,'2017-02-13 16:03:46'),(372,'江','','0000-00-00 00:00:00',0,'/images/upload/14869731632017-01-06 18-26-03屏幕截图.png','78af424a5edef9b058df0c5194699458',99,NULL,'','','373|','','','372|','',0,200,0,200,'2017-02-13 16:05:38',200,'2017-02-13 16:05:38'),(373,'儿子','','2017-01-31 00:00:00',1,'','a53319451f84d47374578cac38418adb',99,NULL,'','372|','','','','','373|',1,0,0,200,'2017-02-13 16:05:56',200,'2017-02-13 16:05:56'),(374,'父亲的父亲','','0000-00-00 00:00:00',1,'','4bc658bcee573fcbc3e300f64aae3409',73,NULL,'376|377|','','216|','','','','374|',-2,0,0,2,'2017-02-14 17:10:02',2,'2017-02-14 17:10:02'),(376,'父亲的父亲的父亲','','0000-00-00 00:00:00',1,'','95235a96f753395440613251147565f1',73,NULL,'','','374|','','377|','','376|',-3,0,0,2,'2017-02-14 17:36:50',2,'2017-02-14 17:36:50'),(377,'测试同性','','0000-00-00 00:00:00',1,'','5bd3652f0b61c82d6c661f53677a5b30',73,NULL,'','','374|','','376|','','377|',-3,0,0,2,'2017-02-15 13:58:30',2,'2017-02-15 13:58:30'),(378,'兄弟','2','2017-01-30 00:00:00',1,'','e61c4ca8706665c03f5fbfad241487d2',29,NULL,'141|','153|','','','','207|','378|156|154|155|',1,0,0,2,'2017-02-15 16:31:36',2,'2017-02-15 16:31:36'),(379,'99','','0000-00-00 00:00:00',0,'','bac17c035f2cf4a1d9f6ddc8a5444cfe',100,NULL,'','','','','','379|','',0,185,0,185,'2017-02-17 14:12:30',185,'2017-02-17 14:12:30'),(381,'周爸','11','2017-07-14 00:00:00',1,'','b3b631b075b48537b6bf1f8785fc16a5',101,NULL,'','','384|385|','386|387|','382|','','381|',-1,0,0,171,'2017-02-17 17:10:39',171,'2017-02-17 17:10:39'),(382,'周妈','','0000-00-00 00:00:00',0,'','9c71870ebab44dd0958650ee1980c3d8',101,NULL,'','','384|385|','386|387|','381|383|','382|','',-1,0,0,171,'2017-02-17 17:10:54',171,'2017-02-17 17:10:54'),(384,'周弟','','0000-00-00 00:00:00',1,'','00199c7533ba6f8de136ff42103a5df2',101,NULL,'381|','382|','','','','386|387|','384|385|',0,0,0,171,'2017-02-17 17:11:11',171,'2017-02-17 17:11:11'),(385,'周兄','','0000-00-00 00:00:00',1,'','115b767b6ebeb6e79c04d6170ca3a11f',101,NULL,'381|','382|','389|','390|','388|','386|387|','385|384|',0,0,0,171,'2017-02-17 17:11:37',171,'2017-02-17 17:11:37'),(386,'周姐','','0000-00-00 00:00:00',0,'','f2151635ec8bf636d1b17c3e4abf31a2',101,NULL,'381|','382|','','','','386|387|','384|385|',0,0,0,171,'2017-02-17 17:11:45',171,'2017-02-17 17:11:45'),(387,'周妹','','0000-00-00 00:00:00',0,'','cfae04fb257e6ac206bc6503198926fc',101,NULL,'381|','382|','','','','387|386|','384|385|',0,0,0,171,'2017-02-17 17:11:57',171,'2017-02-17 17:11:57'),(388,'妻','','0000-00-00 00:00:00',0,'/images/upload/1487324462test.jpg','01b0874830672cecff945013b3017079',101,NULL,'','','389|','390|','385|','388|','',0,0,0,171,'2017-02-17 17:12:21',171,'2017-02-17 17:12:21'),(389,'子','','0000-00-00 00:00:00',1,'','f8c4aea21ce341c1c5e2cd2d646cf3cf',101,NULL,'385|','388|','','','','390|','389|',1,0,0,171,'2017-02-17 17:13:50',171,'2017-02-17 17:13:50'),(390,'女儿','','0000-00-00 00:00:00',0,'','1c9d773d4a5225e5d0db8ba9f8891f14',101,NULL,'385|','388|','','','','390|','389|',1,0,0,171,'2017-02-17 17:22:30',171,'2017-02-17 17:22:30'),(391,'赵鑫烜','','0000-00-00 00:00:00',1,'','70a43f43e5d822ab1b8953effeeec3c5',102,NULL,'392|','','','','','','391|',0,3,0,3,'2017-02-17 17:39:18',3,'2017-02-17 17:39:18'),(392,'赵贵生','','0000-00-00 00:00:00',1,'','82fa5ab84cc7b1005cd69ac10468f577',102,NULL,'393|','','391|','','','','392|',-1,0,0,3,'2017-02-17 17:39:59',3,'2017-02-17 17:39:59'),(393,'赵经国','','0000-00-00 00:00:00',1,'','7926251d42440122008336ad73ec0a0f',102,NULL,'','','392|','','','','393|',-2,0,0,3,'2017-02-17 17:42:17',3,'2017-02-17 17:42:17'),(395,'胡家玉','','1976-03-04 00:00:00',0,'','c649589d8d19330e26b9417275a50980',89,NULL,'','','','293|','294|','395|','',-1,0,0,185,'2017-02-19 17:30:20',185,'2017-02-19 17:30:20'),(396,'周','','0000-00-00 00:00:00',1,'','f12e04bbb93acc64705e7f743ed94097',103,NULL,'','398|','','','','400|411|420|','396|399|405|406|407|408|409|410|419|',0,171,0,171,'2017-02-21 18:16:09',171,'2017-02-21 18:16:09'),(398,'周妈','tfyvy','0000-00-00 00:00:00',0,'/images/upload/1488247592test.jpg','eadeb8e9ca41870aec225ddf3e889d72',103,NULL,'','','396|399|405|406|407|408|409|410|419|','400|411|420|','397|','398|','',-1,0,0,171,'2017-02-21 18:16:32',171,'2017-02-21 18:16:32'),(399,'周兄','','0000-00-00 00:00:00',1,'','a302edeefc15f59785f3ba482ca82088',103,NULL,'','398|','402|','','401|','400|411|420|','399|396|405|406|407|408|409|410|419|',0,0,0,171,'2017-02-21 18:16:43',171,'2017-02-21 18:16:43'),(400,'周姐','','0000-00-00 00:00:00',0,'','8d7d0f63cc6cadf82f699cfda5690524',103,NULL,'','398|','','','403|','400|411|420|','396|399|405|406|407|408|409|410|419|',0,0,0,171,'2017-02-21 18:16:52',171,'2017-02-21 18:16:52'),(401,'妻','','0000-00-00 00:00:00',0,'','4e0a9538b8d81b2198813d89d895e887',103,NULL,'','','402|','','399|','401|','',0,0,0,171,'2017-02-21 18:17:37',171,'2017-02-21 18:17:37'),(402,'子','','0000-00-00 00:00:00',1,'','11b007fc0112ae1b4a0f26cc9a3bb49c',103,NULL,'399|','401|','','','','','402|',1,0,0,171,'2017-02-21 18:18:17',171,'2017-02-21 18:18:17'),(403,'夫','','0000-00-00 00:00:00',1,'','7cc3837bdc3c63a88c79169883214cb0',103,NULL,'','','','','400|','','403|',0,0,0,171,'2017-02-21 18:19:52',171,'2017-02-21 18:19:52'),(404,'画江湖','','0000-00-00 00:00:00',0,'','0f7bafbc8f67ab8ba10b9d682501dd26',80,NULL,'','','','249|','','404|','',-2,0,0,171,'2017-02-22 10:36:19',171,'2017-02-22 10:36:19'),(405,'周2','','0000-00-00 00:00:00',1,'','5e63bbcfed7654b9d8dd03a01d274df8',103,NULL,'','398|','','','','400|411|420|','405|396|399|406|407|408|409|410|419|',0,0,0,171,'2017-02-22 10:43:18',171,'2017-02-22 10:43:18'),(406,'周3','','0000-00-00 00:00:00',1,'','2167d0368a1011efc282b190de11be68',103,NULL,'','398|','','','','400|411|420|','406|396|399|405|407|408|409|410|419|',0,0,0,171,'2017-02-22 10:43:27',171,'2017-02-22 10:43:27'),(407,'周4','','0000-00-00 00:00:00',1,'','a908ce99c99ec23bd642c97da2c9e95b',103,NULL,'','398|','','','','400|411|420|','407|396|399|405|406|408|409|410|419|',0,0,0,171,'2017-02-22 10:43:36',171,'2017-02-22 10:43:36'),(408,'周5','','0000-00-00 00:00:00',1,'','e7436bc116ef80bb2fba2238a0220eda',103,NULL,'','398|','','','','400|411|420|','408|396|399|405|406|407|409|410|419|',0,0,0,171,'2017-02-22 10:43:45',171,'2017-02-22 10:43:45'),(409,'周6','','0000-00-00 00:00:00',1,'','d460b5cd16460870674346a87e7ae64f',103,NULL,'','398|','','','','400|411|420|','409|396|399|405|406|407|408|410|419|',0,0,0,171,'2017-02-22 10:43:59',171,'2017-02-22 10:43:59'),(410,'周7','','0000-00-00 00:00:00',1,'','a97e69701ba2c6d3502a601aadacd8eb',103,NULL,'','398|','','','','400|411|420|','410|396|399|405|406|407|408|409|419|',0,0,0,171,'2017-02-22 10:44:07',171,'2017-02-22 10:44:07'),(411,'周10','','0000-00-00 00:00:00',0,'','7aebb8426cbbe5441a7337b788ddb30e',103,NULL,'','398|','','','','411|400|420|','396|399|405|406|407|408|409|410|419|',0,0,0,171,'2017-02-22 11:27:14',171,'2017-02-22 11:27:14'),(412,'周','','0000-00-00 00:00:00',1,'','e7a3f53678f9fa1ce1c6f2c46fa2dbb3',104,NULL,'413|','','414|','','','','412|',0,171,0,171,'2017-02-22 14:43:35',171,'2017-02-22 14:43:35'),(413,'周','','0000-00-00 00:00:00',1,'','19a2aa2b524cd9cfe545b2e95fd82c45',104,NULL,'','','412|','','','','413|',-1,0,0,171,'2017-02-22 14:43:48',171,'2017-02-22 14:43:48'),(414,'周1','','0000-00-00 00:00:00',1,'','fd2a1cf56afc38c1edf3ccf44c6c46ba',104,NULL,'412|','','415|','','','','414|',1,0,0,171,'2017-02-22 14:44:10',171,'2017-02-22 14:44:10'),(415,'周2','','0000-00-00 00:00:00',1,'','e8ba6a67397c8ec43198d7a0725be9f3',104,NULL,'414|','','416|','','','','415|',2,0,0,171,'2017-02-22 14:44:20',171,'2017-02-22 14:44:20'),(416,'周3','','0000-00-00 00:00:00',1,'','035c69168000f73184a2485a7040c69f',104,NULL,'415|','','417|','','','','416|',3,0,0,171,'2017-02-22 14:44:45',171,'2017-02-22 14:44:45'),(417,'周4','','0000-00-00 00:00:00',1,'','8586f3ab144730dc97608a5cde111479',104,NULL,'416|','','418|','','','','417|',4,0,0,171,'2017-02-22 14:45:14',171,'2017-02-22 14:45:14'),(418,'周5','','0000-00-00 00:00:00',1,'','018feddf034a824637ee50c07a84d997',104,NULL,'417|','','427|','','','','418|',5,0,0,171,'2017-02-22 14:45:27',171,'2017-02-22 14:45:27'),(419,'zhou','','0000-00-00 00:00:00',1,'','9126d3f4df83b65ba51cfd8004c7ca5a',103,NULL,'','398|','','','','400|411|420|','419|396|399|405|406|407|408|409|410|',0,0,0,171,'2017-02-28 10:05:38',171,'2017-02-28 10:05:38'),(420,'gcvg','','0000-00-00 00:00:00',0,'','70962fca4e7f6f62553904a751111a43',103,NULL,'','398|','','','','420|400|411|','396|399|405|406|407|408|409|410|419|',0,0,0,171,'2017-02-28 10:07:45',171,'2017-02-28 10:07:45'),(421,'周','','0000-00-00 00:00:00',1,'','7d657ad09c467d855d795045fc01adef',105,NULL,'422|','423|','','','','425|','421|424|',0,171,0,171,'2017-02-28 11:03:59',171,'2017-02-28 11:03:59'),(422,'周爸','','0000-00-00 00:00:00',1,'','a53661a29bbade3a9d9207cddbd25386',105,NULL,'','','421|424|','425|','423|','','422|',-1,0,0,171,'2017-02-28 11:18:53',171,'2017-02-28 11:18:53'),(423,'周妈','','0000-00-00 00:00:00',0,'','0b2104603dad7fb8aa71ef8cb8917466',105,NULL,'','','421|424|','425|','422|','423|','',-1,0,0,171,'2017-02-28 11:19:03',171,'2017-02-28 11:19:03'),(424,'周兄','地址','0000-00-00 00:00:00',1,'/images/upload/1488362403test.jpg','8748de978a3f70d1a8551fa9c5810950',105,NULL,'422|','423|','426|','','','425|','424|421|',0,0,0,171,'2017-02-28 11:19:20',171,'2017-02-28 11:19:20'),(425,'周姐','','0000-00-00 00:00:00',0,'','8d8da74f09866d99c3bcbc362d20f4e9',105,NULL,'422|','423|','','','','425|','421|424|',0,0,0,171,'2017-02-28 11:19:32',171,'2017-02-28 11:19:32'),(426,'子','','0000-00-00 00:00:00',1,'','6b8b7a472284d16f781d2937f2733d00',105,NULL,'424|','','','','','','426|',1,0,0,171,'2017-02-28 15:15:56',171,'2017-02-28 15:15:56'),(427,'周6','','0000-00-00 00:00:00',1,'','a7b9acfab566a23170cf174daa32eea7',104,NULL,'418|','','','','','','427|',6,0,0,171,'2017-03-01 18:04:30',171,'2017-03-01 18:04:30');
/*!40000 ALTER TABLE `gener_testPerson` ENABLE KEYS */;
UNLOCK TABLES;

--
-- Table structure for table `gener_user`
--

DROP TABLE IF EXISTS `gener_user`;
/*!40101 SET @saved_cs_client     = @@character_set_client */;
/*!40101 SET character_set_client = utf8 */;
CREATE TABLE `gener_user` (
  `id` int(11) NOT NULL AUTO_INCREMENT,
  `username` varchar(255) NOT NULL,
  `phone` varchar(30) DEFAULT NULL,
  `email` varchar(255) DEFAULT NULL,
  `password` varchar(255) NOT NULL,
  `photo` varchar(255) DEFAULT NULL,
  `gender` varchar(255) DEFAULT NULL,
  `birthday` int(30) DEFAULT NULL,
  `address` varchar(255) DEFAULT NULL,
  `create_time` int(255) DEFAULT NULL,
  `update_time` int(255) DEFAULT NULL,
  PRIMARY KEY (`id`)
) ENGINE=InnoDB AUTO_INCREMENT=206 DEFAULT CHARSET=utf8;
/*!40101 SET character_set_client = @saved_cs_client */;

--
-- Dumping data for table `gener_user`
--

LOCK TABLES `gener_user` WRITE;
/*!40000 ALTER TABLE `gener_user` DISABLE KEYS */;
INSERT INTO `gener_user` VALUES (2,'jiang',NULL,'786185931@qq.com','8d969eef6ecad3c29a3a629280e686cf0c3f5d5a86aff3ca12020c923adc6c92','/images/upload/1479522526pd.jpg','0',1996,'上海市松江区',NULL,NULL),(3,'zhx',NULL,'zhaoxinxuan@xinhuotech.com','8d969eef6ecad3c29a3a629280e686cf0c3f5d5a86aff3ca12020c923adc6c92','/images/upload/1479537858company1.png',NULL,NULL,NULL,NULL,NULL),(4,'shmao',NULL,'shmao288@gmail.com','276966e5c13d2a542dcadc150e7b84ad',NULL,NULL,NULL,NULL,NULL,NULL),(5,'2144804428',NULL,'2414804428@qq.com','8214be4641d4b62f679adea7a33896ea',NULL,NULL,NULL,NULL,NULL,NULL),(6,'zc99999',NULL,'237812367@qq.com','bbebb8ca1e5968fcd8d4e164443d7cb5','/images/upload/1479553742u',NULL,NULL,NULL,NULL,NULL),(7,'qq',NULL,'1084264084@qq.com','aa3ebb781b024bfcaf25b0599bd1d4c0',NULL,NULL,NULL,NULL,NULL,NULL),(80,'vivo',NULL,'123@qq.com','e10adc3949ba59abbe56e057f20f883e',NULL,NULL,NULL,NULL,NULL,NULL),(81,'wang',NULL,'280317769@qq.com','e0d9d3862dfb270de65719d43749df5e',NULL,NULL,NULL,NULL,NULL,NULL),(92,'joyme1234',NULL,'222@qq.com','e10adc3949ba59abbe56e057f20f883e',NULL,NULL,NULL,NULL,NULL,NULL),(93,'mao',NULL,'123456@qq.com','e10adc3949ba59abbe56e057f20f883e',NULL,NULL,NULL,NULL,NULL,NULL),(94,'shmao',NULL,'1234567@qq.com','fcea920f7412b5da7be0cf42b8c93759',NULL,NULL,NULL,NULL,NULL,NULL),(95,'mao',NULL,'12345678@qq.com','25d55ad283aa400af464c76d713c07ad',NULL,NULL,NULL,NULL,NULL,NULL),(96,'m',NULL,'1@qq.com','c4ca4238a0b923820dcc509a6f75849b',NULL,NULL,NULL,NULL,NULL,NULL),(97,'1',NULL,'1','c4ca4238a0b923820dcc509a6f75849b',NULL,NULL,NULL,NULL,NULL,NULL),(98,'2',NULL,'2','c81e728d9d4c2f636f067f89cc14862c',NULL,NULL,NULL,NULL,NULL,NULL),(99,'qian2',NULL,'1234@qq.com','e10adc3949ba59abbe56e057f20f883e',NULL,NULL,NULL,NULL,NULL,NULL),(100,'1',NULL,'1','c4ca4238a0b923820dcc509a6f75849b',NULL,NULL,NULL,NULL,NULL,NULL),(101,'u',NULL,'123@qq.com','e10adc3949ba59abbe56e057f20f883e',NULL,NULL,NULL,NULL,NULL,NULL),(102,'liuche',NULL,'2414804429@qq.com','e10adc3949ba59abbe56e057f20f883e',NULL,NULL,NULL,NULL,NULL,NULL),(103,'liuche',NULL,'141420201@qq.com','e10adc3949ba59abbe56e057f20f883e',NULL,NULL,NULL,NULL,NULL,NULL),(104,'liuche',NULL,'2414804450@qq.com','e10adc3949ba59abbe56e057f20f883e',NULL,NULL,NULL,NULL,NULL,NULL),(105,'yanghui',NULL,'2414804451@qq.com','e10adc3949ba59abbe56e057f20f883e',NULL,NULL,NULL,NULL,NULL,NULL),(106,'lihong',NULL,'2414804452@qq.com','e10adc3949ba59abbe56e057f20f883e',NULL,NULL,NULL,NULL,NULL,NULL),(107,'changyuan',NULL,'2414804453@qq.com','e10adc3949ba59abbe56e057f20f883e',NULL,NULL,NULL,NULL,NULL,NULL),(108,'shenming',NULL,'2414804454@qq.com','e10adc3949ba59abbe56e057f20f883e',NULL,NULL,NULL,NULL,NULL,NULL),(109,'12',NULL,'12@12.com','c20ad4d76fe97759aa27a0c99bff6710',NULL,NULL,NULL,NULL,NULL,NULL),(110,'行啊',NULL,'ads','d964fcc76368f57aca59d0fcfae023f5',NULL,NULL,NULL,NULL,NULL,NULL),(111,'撒啊',NULL,'qqq','b2ca678b4c936f905fb82f2733f5297f',NULL,NULL,NULL,NULL,NULL,NULL),(112,'一只小猫猫',NULL,'1334415779@qq.com','7295485882e1b56b3bc5bd970fde6bcd',NULL,NULL,NULL,NULL,NULL,NULL),(113,'asd',NULL,'asd','7815696ecbf1c96e6894b779456d330e',NULL,NULL,NULL,NULL,NULL,NULL),(153,'年后',NULL,'11111111@qq.com','1bbd886460827015e5d605ed44252251',NULL,NULL,NULL,NULL,NULL,NULL),(154,'555',NULL,'55@qq.com','15de21c670ae7c3f6f3f1f37029303c9',NULL,NULL,NULL,NULL,NULL,NULL),(155,'555',NULL,'55@qq.com','15de21c670ae7c3f6f3f1f37029303c9',NULL,NULL,NULL,NULL,NULL,NULL),(156,'测试登录注册页面',NULL,'jiangpengfei@xinhuotech.com','e10adc3949ba59abbe56e057f20f883e',NULL,NULL,NULL,NULL,NULL,NULL),(157,'小测测',NULL,'test@qq.com','e10adc3949ba59abbe56e057f20f883e',NULL,NULL,NULL,NULL,NULL,NULL),(158,'王凯伦',NULL,'1826667810@qq.com','e8e31a35fec8909d9fae59c6baed43ae',NULL,NULL,NULL,NULL,NULL,NULL),(161,'测试新接口',NULL,'testnewapi@qqq.com','e10adc3949ba59abbe56e057f20f883e',NULL,NULL,NULL,NULL,NULL,NULL),(162,'zc121212',NULL,'zc121212@qq.com','bbebb8ca1e5968fcd8d4e164443d7cb5',NULL,NULL,NULL,NULL,NULL,NULL),(163,'测试新接口',NULL,'testnewapi@qqq.com','e10adc3949ba59abbe56e057f20f883e',NULL,NULL,NULL,NULL,NULL,NULL),(164,'zc121212',NULL,'123@qq.com','bbebb8ca1e5968fcd8d4e164443d7cb5','/images/upload/1479538147QQ图片20161118171024.png',NULL,NULL,NULL,NULL,NULL),(169,'joyme',NULL,'111@qq.com','e10adc3949ba59abbe56e057f20f883e',NULL,NULL,NULL,NULL,NULL,NULL),(171,'zhouyijun',NULL,'1176902387@qq.com','8d969eef6ecad3c29a3a629280e686cf0c3f5d5a86aff3ca12020c923adc6c92',NULL,NULL,NULL,NULL,NULL,NULL),(172,'zhouyijun',NULL,'1176902387@qq.com','8d969eef6ecad3c29a3a629280e686cf0c3f5d5a86aff3ca12020c923adc6c92',NULL,NULL,NULL,NULL,NULL,NULL),(177,'15000895132','15000895132','','e10adc3949ba59abbe56e057f20f883e',NULL,NULL,NULL,NULL,NULL,NULL),(179,'jiang12','1500895132','','e10adc3949ba59abbe56e057f20f883e',NULL,NULL,NULL,NULL,NULL,NULL),(180,'jiang123','','78618593111@qq.com','e10adc3949ba59abbe56e057f20f883e',NULL,NULL,NULL,NULL,NULL,NULL),(181,'测试','','7816821@qaq.com','e10adc3949ba59abbe56e057f20f883e',NULL,NULL,NULL,NULL,NULL,NULL),(182,'测试12','','122@qq.com','8d969eef6ecad3c29a3a629280e686cf0c3f5d5a86aff3ca12020c923adc6c92',NULL,NULL,NULL,NULL,NULL,NULL),(183,'qwerty','','jsjwko@qq.com','8d969eef6ecad3c29a3a629280e686cf0c3f5d5a86aff3ca12020c923adc6c92',NULL,NULL,NULL,NULL,NULL,NULL),(184,'zeo','','gongyijing@xinhuotech.com','8d969eef6ecad3c29a3a629280e686cf0c3f5d5a86aff3ca12020c923adc6c92',NULL,NULL,NULL,NULL,NULL,NULL),(185,'kellen','','182666781@qq.com','a665a45920422f9d417e4867efdc4fb8a04a1f3fff1fa07e998e86f7f7a27ae3',NULL,NULL,NULL,NULL,NULL,NULL),(186,'qqqe','','589632583@qq.com','a665a45920422f9d417e4867efdc4fb8a04a1f3fff1fa07e998e86f7f7a27ae3',NULL,NULL,NULL,NULL,NULL,NULL),(187,'kellenwang','','18266678@qq.com','a665a45920422f9d417e4867efdc4fb8a04a1f3fff1fa07e998e86f7f7a27ae3',NULL,NULL,NULL,NULL,NULL,NULL),(188,'TEST110','','TSET110@QQ.COM','8d969eef6ecad3c29a3a629280e686cf0c3f5d5a86aff3ca12020c923adc6c92',NULL,NULL,NULL,NULL,NULL,NULL),(189,'CCCC','','flora1109@163.com','29886a1c71247b9d7e10063a69b7eabee5b17288e39b66d6c63a0a718025c866',NULL,NULL,NULL,NULL,NULL,NULL),(190,'群群群','','617995483@qq.com','429e3f5ac675b51e94609a3d1d9a689edd090e0bcfe1493444631cf15a766fcc',NULL,NULL,NULL,NULL,NULL,NULL),(191,'军哥哥','','619786636@qq.com','306a9fe771046f6eff0df1b1759e6c21c225fbfbe0f95af02199531b09cd219d',NULL,NULL,NULL,NULL,NULL,NULL),(192,'宁宁圈','','522195100@qq.com','429e3f5ac675b51e94609a3d1d9a689edd090e0bcfe1493444631cf15a766fcc',NULL,NULL,NULL,NULL,NULL,NULL),(193,'luhui','','969817966@qq.com','bf4a2a248c0640ac6c6f293a41ebd884319dd8dae81b2008be393a4347b13f69',NULL,NULL,NULL,NULL,NULL,NULL),(194,'萍淡是福','','724226469@qq.com','148276d0b834e483e4200d5de440a3a2b5a5d75395fd4bbc06945f54c7db0fb3',NULL,NULL,NULL,NULL,NULL,NULL),(195,'孙冰','','sl1826@sina.com','1dcb9dea83c69b00df9a3db8d5e4f8f8ef1fb23b02ca259953661aa541c22c0d',NULL,NULL,NULL,NULL,NULL,NULL),(196,'qqqet','','qqqwcgghh@qq.com','ed103a5485d5982e447205fec59a1cf8805400793f3ee4e0fbee079041081298',NULL,NULL,NULL,NULL,NULL,NULL),(197,'kel','','182666@qq.com','e75873fbf340e10a919fb0b992d21da645051923b24a7fd185abc8a1cfc3564f',NULL,NULL,NULL,NULL,NULL,NULL),(198,'黄焖鸡米饭','','Antibody17@163.com','fefdd21c07a5c4628907b65de99e245cb6799c7ebfabb2cc24843b81fc76161d',NULL,NULL,NULL,NULL,NULL,NULL),(199,'jgth1987','','jgyh1987@hotmail.com','8bfeff79372bc0f7d9ffb1eead40fabe1b77f7e2b05380b023c9d4e8740ae457',NULL,NULL,NULL,NULL,NULL,NULL),(200,'注册','','1698236817@qq.com','44281c839d3b3a4647bbcf0b8b29597db646f4774337d1a910de038630f3861c',NULL,NULL,NULL,NULL,NULL,NULL),(201,'',NULL,NULL,'',NULL,'',0,'',NULL,NULL),(202,'',NULL,NULL,'',NULL,'0',2017,'kellen',NULL,NULL),(203,'jiang1','15000895126','','afb070129ccdfc0c521cd2bead66f23802d434fc66110f64ef5af51ca6ea030f',NULL,NULL,NULL,NULL,NULL,NULL),(204,'zhou','18321260396','','44281c839d3b3a4647bbcf0b8b29597db646f4774337d1a910de038630f3861c',NULL,NULL,NULL,NULL,NULL,NULL),(205,'zhouy','18321260399','','44281c839d3b3a4647bbcf0b8b29597db646f4774337d1a910de038630f3861c',NULL,NULL,NULL,NULL,NULL,NULL);
/*!40000 ALTER TABLE `gener_user` ENABLE KEYS */;
UNLOCK TABLES;

--
-- Table structure for table `gener_zone`
--

DROP TABLE IF EXISTS `gener_zone`;
/*!40101 SET @saved_cs_client     = @@character_set_client */;
/*!40101 SET character_set_client = utf8 */;
CREATE TABLE `gener_zone` (
  `id` int(30) NOT NULL AUTO_INCREMENT,
  `userId` int(30) NOT NULL,
  `content` varchar(255) NOT NULL,
  `create_time` datetime NOT NULL,
  `create_by` int(30) NOT NULL,
  `update_time` datetime NOT NULL,
  `update_by` int(30) NOT NULL,
  PRIMARY KEY (`id`)
) ENGINE=InnoDB AUTO_INCREMENT=11 DEFAULT CHARSET=utf8;
/*!40101 SET character_set_client = @saved_cs_client */;

--
-- Dumping data for table `gener_zone`
--

LOCK TABLES `gener_zone` WRITE;
/*!40000 ALTER TABLE `gener_zone` DISABLE KEYS */;
INSERT INTO `gener_zone` VALUES (8,2,'空间描述','2017-02-10 11:50:21',2,'2017-02-10 11:50:21',2),(10,171,'chh','2017-02-28 10:23:29',171,'2017-02-28 11:27:49',171);
/*!40000 ALTER TABLE `gener_zone` ENABLE KEYS */;
UNLOCK TABLES;

--
-- Table structure for table `gener_zoneComment`
--

DROP TABLE IF EXISTS `gener_zoneComment`;
/*!40101 SET @saved_cs_client     = @@character_set_client */;
/*!40101 SET character_set_client = utf8 */;
CREATE TABLE `gener_zoneComment` (
  `id` int(30) NOT NULL AUTO_INCREMENT,
  `postId` int(30) NOT NULL,
  `userId` int(30) NOT NULL,
  `replyto` int(11) NOT NULL,
  `comment` varchar(255) NOT NULL,
  `create_time` datetime NOT NULL,
  `create_by` int(11) NOT NULL,
  `update_time` datetime NOT NULL,
  `update_by` int(11) NOT NULL,
  PRIMARY KEY (`id`)
) ENGINE=InnoDB AUTO_INCREMENT=2 DEFAULT CHARSET=utf8;
/*!40101 SET character_set_client = @saved_cs_client */;

--
-- Dumping data for table `gener_zoneComment`
--

LOCK TABLES `gener_zoneComment` WRITE;
/*!40000 ALTER TABLE `gener_zoneComment` DISABLE KEYS */;
INSERT INTO `gener_zoneComment` VALUES (1,2,2,-1,'评论内容','2017-01-12 16:13:53',2,'2017-01-12 16:13:53',2);
/*!40000 ALTER TABLE `gener_zoneComment` ENABLE KEYS */;
UNLOCK TABLES;

--
-- Table structure for table `gener_zonePost`
--

DROP TABLE IF EXISTS `gener_zonePost`;
/*!40101 SET @saved_cs_client     = @@character_set_client */;
/*!40101 SET character_set_client = utf8 */;
CREATE TABLE `gener_zonePost` (
  `id` int(11) NOT NULL AUTO_INCREMENT,
  `zoneId` int(11) NOT NULL,
  `userId` int(11) NOT NULL,
  `content` varchar(255) NOT NULL,
  `address` varchar(45) DEFAULT NULL,
  `comments` int(30) NOT NULL DEFAULT '0',
  `likes` int(30) NOT NULL DEFAULT '0',
  `create_time` datetime NOT NULL,
  `create_by` int(11) NOT NULL,
  `update_time` datetime NOT NULL,
  `update_by` int(11) NOT NULL,
  PRIMARY KEY (`id`)
) ENGINE=InnoDB AUTO_INCREMENT=117 DEFAULT CHARSET=utf8;
/*!40101 SET character_set_client = @saved_cs_client */;

--
-- Dumping data for table `gener_zonePost`
--

LOCK TABLES `gener_zonePost` WRITE;
/*!40000 ALTER TABLE `gener_zonePost` DISABLE KEYS */;
INSERT INTO `gener_zonePost` VALUES (1,2,2,'这是一条很认真的测试数据这是一条很认真的测试数据这是一条很认真的测试数据这是一条很认真的测试数据这是一条很认真的测试数据这是一条很认真的测试数据这是一条很认真的测试数据这是一条很认真的测试数据','闵行',0,0,'2017-01-12 15:50:24',2,'2017-01-12 15:50:24',2),(75,8,2,'这是一条很认真的测试数据这是一条很认真的测试数据这是一条很认真的测试数据这是一条很认真的测试数据这是一条很认真的测试数据这是一条很认真的测试数据这是一条很认真的测试数据这是一条很认真的测试数据','闵行',0,0,'2017-02-27 18:27:17',2,'2017-02-27 18:27:18',2),(76,8,2,'这是一条很认真的测试数据这是一条很认真的测试数据这是一条很认真的测试数据这是一条很认真的测试数据这是一条很认真的测试数据这是一条很认真的测试数据这是一条很认真的测试数据这是一条很认真的测试数据','闵行',0,0,'2017-02-27 18:28:34',2,'2017-02-27 18:28:34',2),(77,8,2,'这是一条很认真的测试数据这是一条很认真的测试数据这是一条很认真的测试数据这是一条很认真的测试数据这是一条很认真的测试数据这是一条很认真的测试数据这是一条很认真的测试数据这是一条很认真的测试数据','闵行',0,0,'0000-00-00 00:00:00',2,'0000-00-00 00:00:00',2),(78,8,2,'这是一条很认真的测试数据这是一条很认真的测试数据这是一条很认真的测试数据这是一条很认真的测试数据这是一条很认真的测试数据这是一条很认真的测试数据这是一条很认真的测试数据这是一条很认真的测试数据','闵行',0,0,'0000-00-00 00:00:00',2,'0000-00-00 00:00:00',2),(79,8,2,'这是一条很认真的测试数据这是一条很认真的测试数据这是一条很认真的测试数据这是一条很认真的测试数据这是一条很认真的测试数据这是一条很认真的测试数据这是一条很认真的测试数据这是一条很认真的测试数据','闵行',0,0,'2017-02-27 18:33:37',2,'2017-02-27 18:33:37',2),(80,9,171,'vgvgv','address',0,0,'2017-02-28 10:16:34',171,'2017-02-28 10:16:34',171),(81,10,171,'xfxfxf','address',0,0,'2017-02-28 11:48:05',171,'2017-02-28 11:48:05',171),(82,10,171,'gcgcgcgx','address',0,0,'2017-02-28 11:48:11',171,'2017-02-28 11:48:11',171),(83,10,171,'萨哈','address',0,0,'2017-02-28 11:48:18',171,'2017-02-28 11:48:18',171),(84,10,171,'瘦了十几斤','address',0,0,'2017-02-28 11:50:18',171,'2017-02-28 11:50:18',171),(85,10,171,'计算机三级','address',0,0,'2017-02-28 11:50:30',171,'2017-02-28 11:50:30',171),(86,10,171,'HK曲谱','address',0,0,'2017-02-28 11:57:16',171,'2017-02-28 11:57:16',171),(87,10,171,'V5水枯石烂','address',0,0,'2017-02-28 11:58:08',171,'2017-02-28 11:58:08',171),(88,10,171,'凸透镜8哈','address',0,0,'2017-02-28 11:59:01',171,'2017-02-28 11:59:01',171),(89,10,171,'家具','address',0,0,'2017-02-28 12:14:43',171,'2017-02-28 12:14:43',171),(90,10,171,'利济路科技','address',0,0,'2017-02-28 15:04:56',171,'2017-02-28 15:04:56',171),(92,8,2,'dasdasdasd','',0,0,'2017-03-01 10:33:04',2,'2017-03-01 10:33:04',2),(93,8,2,'大叔大婶','',0,0,'2017-03-01 10:40:08',2,'2017-03-01 10:40:08',2),(94,8,2,'大叔大婶多','',0,0,'2017-03-01 10:42:49',2,'2017-03-01 10:42:49',2),(95,8,2,'大叔大婶','',0,0,'2017-03-01 10:43:32',2,'2017-03-01 10:43:32',2),(96,8,2,'大叔大婶','',0,0,'2017-03-01 10:44:57',2,'2017-03-01 10:44:57',2),(97,8,2,'大叔大婶','',0,0,'2017-03-01 10:59:13',2,'2017-03-01 10:59:13',2),(98,8,2,'dasdasd','',0,0,'2017-03-01 11:00:57',2,'2017-03-01 11:00:57',2),(99,8,2,'dasdasd','',0,0,'2017-03-01 11:01:20',2,'2017-03-01 11:01:20',2),(100,8,2,'dasd','',0,0,'2017-03-01 11:03:15',2,'2017-03-01 11:03:15',2),(101,8,2,'dasdasdas','',0,0,'2017-03-01 11:03:56',2,'2017-03-01 11:03:56',2),(102,8,2,'测试添加数据','',0,0,'2017-03-01 11:05:22',2,'2017-03-01 11:05:22',2),(103,8,2,'test data','',0,0,'2017-03-01 11:07:48',2,'2017-03-01 11:07:48',2),(104,8,2,'dasdas','',0,1,'2017-03-01 11:08:53',2,'2017-03-01 11:08:53',2),(105,8,2,'hfg','',0,1,'2017-03-01 13:36:21',2,'2017-03-01 13:36:21',2),(106,10,171,'$fgcgfg','address',0,0,'2017-03-01 13:53:47',171,'2017-03-01 13:53:47',171),(107,8,2,'朋友圈','',0,1,'2017-03-01 13:59:06',2,'2017-03-01 13:59:06',2),(108,8,2,'哈哈哈','',0,1,'2017-03-01 15:24:16',2,'2017-03-01 15:24:16',2),(109,8,2,'恶趣味群无','',0,1,'2017-03-01 16:06:23',2,'2017-03-01 16:06:23',2),(110,8,2,'DSAD','',0,1,'2017-03-01 17:18:47',2,'2017-03-01 17:18:47',2),(111,8,2,'AAA','',0,1,'2017-03-01 17:20:19',2,'2017-03-01 17:20:19',2),(112,10,171,'非常非常凡人','address',0,0,'2017-03-01 17:25:18',171,'2017-03-01 17:25:18',171),(113,8,2,'dasdas','',0,1,'2017-03-01 18:11:13',2,'2017-03-01 18:11:13',2),(114,8,2,'fsdfsdf','',0,0,'2017-03-01 18:13:12',2,'2017-03-01 18:13:12',2),(115,8,2,'测试发布','',0,0,'2017-03-02 16:11:15',2,'2017-03-02 16:11:15',2),(116,8,2,'UI哦','',0,0,'2017-03-02 18:29:46',2,'2017-03-02 18:29:46',2);
/*!40000 ALTER TABLE `gener_zonePost` ENABLE KEYS */;
UNLOCK TABLES;
/*!40103 SET TIME_ZONE=@OLD_TIME_ZONE */;

/*!40101 SET SQL_MODE=@OLD_SQL_MODE */;
/*!40014 SET FOREIGN_KEY_CHECKS=@OLD_FOREIGN_KEY_CHECKS */;
/*!40014 SET UNIQUE_CHECKS=@OLD_UNIQUE_CHECKS */;
/*!40101 SET CHARACTER_SET_CLIENT=@OLD_CHARACTER_SET_CLIENT */;
/*!40101 SET CHARACTER_SET_RESULTS=@OLD_CHARACTER_SET_RESULTS */;
/*!40101 SET COLLATION_CONNECTION=@OLD_COLLATION_CONNECTION */;
/*!40111 SET SQL_NOTES=@OLD_SQL_NOTES */;

-- Dump completed on 2017-03-02 18:34:26
