-- MySQL dump 10.13  Distrib 5.7.18, for Linux (x86_64)
--
-- Host: 120.26.103.174    Database: family
-- ------------------------------------------------------
-- Server version	5.5.55-0ubuntu0.14.04.1

/*!40101 SET @OLD_CHARACTER_SET_CLIENT=@@CHARACTER_SET_CLIENT */;
/*!40101 SET @OLD_CHARACTER_SET_RESULTS=@@CHARACTER_SET_RESULTS */;
/*!40101 SET @OLD_COLLATION_CONNECTION=@@COLLATION_CONNECTION */;
/*!40101 SET NAMES utf8 */;
/*!40103 SET @OLD_TIME_ZONE=@@TIME_ZONE */;
/*!40103 SET TIME_ZONE='+00:00' */;
/*!40014 SET @OLD_UNIQUE_CHECKS=@@UNIQUE_CHECKS, UNIQUE_CHECKS=0 */;
/*!40014 SET @OLD_FOREIGN_KEY_CHECKS=@@FOREIGN_KEY_CHECKS, FOREIGN_KEY_CHECKS=0 */;
/*!40101 SET @OLD_SQL_MODE=@@SQL_MODE, SQL_MODE='NO_AUTO_VALUE_ON_ZERO' */;
/*!40111 SET @OLD_SQL_NOTES=@@SQL_NOTES, SQL_NOTES=0 */;

--
-- Table structure for table `gener_action`
--

DROP TABLE IF EXISTS `gener_action`;
/*!40101 SET @saved_cs_client     = @@character_set_client */;
/*!40101 SET character_set_client = utf8 */;
CREATE TABLE `gener_action` (
  `action` int(11) NOT NULL AUTO_INCREMENT,
  `name` varchar(45) COLLATE utf8mb4_unicode_ci NOT NULL,
  `module` int(11) NOT NULL,
  PRIMARY KEY (`action`),
  UNIQUE KEY `name_UNIQUE` (`name`),
  KEY `fk_gener_action_module_idx` (`module`),
  CONSTRAINT `fk_gener_action_module` FOREIGN KEY (`module`) REFERENCES `gener_module` (`module`) ON DELETE NO ACTION ON UPDATE NO ACTION
) ENGINE=InnoDB AUTO_INCREMENT=11 DEFAULT CHARSET=utf8mb4 COLLATE=utf8mb4_unicode_ci;
/*!40101 SET character_set_client = @saved_cs_client */;

--
-- Dumping data for table `gener_action`
--

LOCK TABLES `gener_action` WRITE;
/*!40000 ALTER TABLE `gener_action` DISABLE KEYS */;
INSERT INTO `gener_action` VALUES (1,'ADDPHOTO',8),(2,'ADDRELATEPERSON',8),(3,'DELETEPERSON',8),(4,'EDITPERSON',8),(5,'ADDADMIN',9),(6,'RESCINDADMIN',9),(7,'TRANSFERORIGINATOR',9),(8,'ADDEVENT',4),(9,'DELETEEVENT',4),(10,'UPDATEEVENT',4);
/*!40000 ALTER TABLE `gener_action` ENABLE KEYS */;
UNLOCK TABLES;

--
-- Table structure for table `gener_activity`
--

DROP TABLE IF EXISTS `gener_activity`;
/*!40101 SET @saved_cs_client     = @@character_set_client */;
/*!40101 SET character_set_client = utf8 */;
CREATE TABLE `gener_activity` (
  `id` int(10) unsigned zerofill NOT NULL AUTO_INCREMENT,
  `familyId` int(10) unsigned NOT NULL,
  `title` varchar(45) COLLATE utf8mb4_unicode_ci NOT NULL,
  `content` text COLLATE utf8mb4_unicode_ci NOT NULL,
  `photo` varchar(255) COLLATE utf8mb4_unicode_ci NOT NULL,
  `start_time` datetime NOT NULL,
  `end_time` datetime NOT NULL,
  `create_by` int(11) NOT NULL,
  `create_time` datetime NOT NULL,
  `update_by` int(11) NOT NULL,
  `update_time` datetime NOT NULL,
  PRIMARY KEY (`id`),
  KEY `fk_gener_activity_2_idx` (`create_by`),
  KEY `fk_gener_activity_1_idx` (`familyId`),
  KEY `fk_gener_activity_3_idx` (`update_by`),
  CONSTRAINT `fk_gener_activity_1` FOREIGN KEY (`familyId`) REFERENCES `gener_family` (`id`) ON DELETE CASCADE ON UPDATE NO ACTION,
  CONSTRAINT `fk_gener_activity_2` FOREIGN KEY (`create_by`) REFERENCES `gener_user` (`id`) ON DELETE NO ACTION ON UPDATE NO ACTION,
  CONSTRAINT `fk_gener_activity_3` FOREIGN KEY (`update_by`) REFERENCES `gener_user` (`id`) ON DELETE NO ACTION ON UPDATE NO ACTION
) ENGINE=InnoDB AUTO_INCREMENT=49 DEFAULT CHARSET=utf8mb4 COLLATE=utf8mb4_unicode_ci;
/*!40101 SET character_set_client = @saved_cs_client */;

--
-- Dumping data for table `gener_activity`
--

LOCK TABLES `gener_activity` WRITE;
/*!40000 ALTER TABLE `gener_activity` DISABLE KEYS */;
INSERT INTO `gener_activity` VALUES (0000000007,121,'血流成河','啊啊啊','/assets/imgs/family/6.jpg','2017-04-29 00:00:00','2017-04-30 00:00:00',2,'2017-04-27 10:58:10',2,'2017-04-27 10:58:10'),(0000000008,121,'血流成河','啊啊啊','/assets/imgs/family/6.jpg','2017-04-29 00:00:00','2017-04-30 00:00:00',2,'2017-04-27 10:58:16',2,'2017-04-27 10:58:16'),(0000000009,121,'血流成河','啊啊啊','/assets/imgs/family/6.jpg','2017-04-29 00:00:00','2017-04-30 00:00:00',2,'2017-04-27 10:58:52',2,'2017-04-27 10:58:52'),(0000000010,121,'血流成河','啊啊啊','/assets/imgs/family/6.jpg','2017-04-29 00:00:00','2017-04-30 00:00:00',2,'2017-04-27 10:59:08',2,'2017-04-27 10:59:08'),(0000000011,121,'五一出去玩儿','哈哈哈','/assets/imgs/family/8.jpg','2017-05-01 00:00:00','2017-05-01 00:00:00',2,'2017-04-27 11:21:30',2,'2017-04-27 11:21:30'),(0000000012,121,'去旅游','去旅游','/images/upload/2/1493265317xk8JhruQxXwBz0nfRV4r5P9b','2017-06-09 00:00:00','2017-08-18 00:00:00',2,'2017-04-27 11:55:18',2,'2017-04-27 11:55:18'),(0000000013,102,'去划船','苏打水法','/assets/imgs/family/6.jpg','2017-05-05 00:00:00','2017-05-10 00:00:00',3,'2017-05-02 17:40:15',3,'2017-05-02 17:40:15'),(0000000014,121,'烦烦烦','烦烦烦','/assets/imgs/family/6.jpg','2017-05-13 00:00:00','2017-06-02 00:00:00',2,'2017-05-02 17:43:21',2,'2017-05-02 17:43:21'),(0000000015,138,'划龙舟','周末划龙舟去拉','/assets/imgs/family/7.jpg','2017-05-13 00:00:00','2017-05-14 00:00:00',3,'2017-05-10 18:38:15',3,'2017-05-10 18:38:15'),(0000000016,139,'上课','每个人都要去上课','/assets/imgs/family/3.jpg','2017-05-04 00:00:00','2017-05-06 00:00:00',260,'2017-05-11 13:24:58',260,'2017-05-11 13:24:58'),(0000000017,139,'下班','我要去下班','/assets/imgs/family/1.jpg','2017-05-04 00:00:00','2017-05-20 00:00:00',260,'2017-05-11 13:26:16',260,'2017-05-11 13:26:16'),(0000000018,86,'fafa','sdada','/images/upload/184/1494498927Dc1AS9L07ysoQsQGKYjJYKsv','2017-05-05 00:00:00','2017-05-12 00:00:00',184,'2017-05-11 18:35:30',184,'2017-05-11 18:35:30'),(0000000019,86,'dsada','sdasd','/images/upload/184/1494498968hVLFAtQt9TUrW7M9pec3nNj','2017-05-05 00:00:00','2017-05-12 00:00:00',184,'2017-05-11 18:36:10',184,'2017-05-11 18:36:10'),(0000000020,137,'vvv','vvv','/assets/imgs/family/3.jpg','2017-05-25 00:00:00','2017-05-06 00:00:00',2,'2017-05-12 16:20:44',2,'2017-05-12 16:20:44'),(0000000021,137,'更改','嘎嘎嘎','/assets/imgs/family/6.jpg','2017-05-13 00:00:00','2017-05-20 00:00:00',2,'2017-05-12 16:21:44',2,'2017-05-12 16:21:44'),(0000000022,102,'吃肉丸子','宁中肉丸子店','/assets/imgs/family/5.jpg','2017-05-13 00:00:00','2017-05-13 00:00:00',3,'2017-05-12 16:34:26',3,'2017-05-12 16:34:26'),(0000000023,102,'吃饭饭','啦啦啦啦','/assets/imgs/family/7.jpg','2017-05-14 00:00:00','2017-05-14 00:00:00',3,'2017-05-12 16:42:16',3,'2017-05-12 16:42:16'),(0000000024,121,'活动','家族活动','/assets/imgs/family/8.jpg','2017-05-12 00:00:00','2017-05-27 00:00:00',2,'2017-05-16 13:28:30',2,'2017-05-16 13:28:30'),(0000000025,121,'活动','家族活动','/assets/imgs/family/8.jpg','2017-05-12 00:00:00','2017-05-27 00:00:00',2,'2017-05-16 13:28:32',2,'2017-05-16 13:28:32'),(0000000026,121,'活动','家族活动','/assets/imgs/family/8.jpg','2017-05-12 00:00:00','2017-05-27 00:00:00',2,'2017-05-16 13:28:38',2,'2017-05-16 13:28:38'),(0000000027,121,'活动','家族活动','/assets/imgs/family/8.jpg','2017-05-12 00:00:00','2017-05-27 00:00:00',2,'2017-05-16 13:29:40',2,'2017-05-16 13:29:40'),(0000000028,121,'测试','测试','/assets/imgs/family/6.jpg','2017-05-20 00:00:00','2017-05-27 00:00:00',2,'2017-05-16 15:00:05',2,'2017-05-16 15:00:05'),(0000000029,121,'阿迪达斯多','敖德萨','/assets/imgs/family/6.jpg','2017-05-12 00:00:00','2017-05-19 00:00:00',2,'2017-05-17 15:26:51',2,'2017-05-17 15:26:51'),(0000000030,121,'test','test','/assets/imgs/family/4.jpg','2017-05-06 00:00:00','2017-05-27 00:00:00',2,'2017-05-17 16:36:37',2,'2017-05-17 16:36:37'),(0000000031,121,'test','test','/assets/imgs/family/4.jpg','2017-05-06 00:00:00','2017-05-27 00:00:00',2,'2017-05-17 16:36:47',2,'2017-05-17 16:36:47'),(0000000032,121,'test','test','/assets/imgs/family/4.jpg','2017-05-06 00:00:00','2017-05-27 00:00:00',2,'2017-05-17 16:36:59',2,'2017-05-17 16:36:59'),(0000000033,121,'run','run','/assets/imgs/family/8.jpg','2017-05-05 00:00:00','2017-05-27 00:00:00',2,'2017-05-17 16:38:07',2,'2017-05-17 16:38:07'),(0000000034,121,'run','run','/assets/imgs/family/8.jpg','2017-05-05 00:00:00','2017-05-27 00:00:00',2,'2017-05-17 16:38:13',2,'2017-05-17 16:38:13'),(0000000035,121,'run','run','/assets/imgs/family/8.jpg','2017-05-05 00:00:00','2017-05-27 00:00:00',2,'2017-05-17 16:38:21',2,'2017-05-17 16:38:21'),(0000000036,121,'厌倦碎片化，长篇新闻回归主流','在碎片化阅读的时代，人们已经对信息产生了排斥和厌倦。曾经有人预测，未来会有大量网媒倒下，此时纸媒又会重唤新生，因为真正意义上的阅读还是体现在“长篇”。当然我并不赞成这样的观点，我相信纸质载体必死，但新闻永存、阅读永存。\n\n此篇所讲的“长篇”并不仅仅是文字堆砌、长篇大段，而是运用新技术和多媒体，提升内容的丰富性和深度，并赋予性情。\n\n \n\n美国社交网站Twitter上有一个常被使用的标签是#Longform#，如果你输入这个标签去搜索可以找到成千上万的推文，人们在这个只能容纳140个字的地方寻找可能是它100倍长度的内容。\n\n当人们大量使用“短平快”形容新闻内容、用速读描述当今大众的阅读习惯时，长篇新闻却在悄然而又快速地重新赢得读者青睐。过去几年内美国诞生了数十个长篇新闻网站，网站内容的主题和发表频率不一，但都用大篇幅的深度报道弥补快新闻消费品缺失的阅读感。\n\n在纽约布鲁克林成立的网站Narratively.com专门讲述“纽约故事”。它的全职员工只有两个人，在当地一家媒体孵化器里办公，但兼职编辑和签约撰稿人、摄影师、设计师等却多达650人。\n\n传统媒体如《纽约时报》和《大西洋月刊》这几年纷纷加强了长篇新闻板块，就连以快速消费和娱乐著称的新媒体Buzzfeed也专门开辟了长篇板块，做起了和原本定位看似相去甚远的内容。\n\n“大家已经对24小时不间断的新闻轰炸和各个媒体上千篇一律的标题厌倦了，我们需要一些深度。长篇新闻并不是一种新的模式，只是数字媒体技术让它变得更比以前‘性感’了，”Narratively.com的创始人诺亚•卢森伯格告诉我。\n\n \n\n更“性感”的长新闻\n\n“让普通人的故事被完整而勇敢地叙述出来”，这是Narratively.com的初衷。它围绕纽约这个城市寻找题材，每天只发布一篇稿子。每周五篇之间有主题上的联系，但侧重不同的媒介表现手法，若周一主要是文字叙述，那周二则主打视频或者绘图，这是其区别于其他长篇新闻网站的最大特点。\n\n“纽约有八百万人，被埋没的好故事太多了”。\n网站上线一年半以来向读者呈现了大量离奇曲折或震撼人心的的人生故事，点击量最高的包括一个上世纪中期活跃在纽约布鲁克林的俄罗斯间谍，一个致力于让全世界非穆斯林人理解和懂得欣赏穆斯林头巾的年轻女子，以及一个几十年来在家中收集了上百副复古眼镜框的老奶奶。“只要是纽约客都会对它们产生共鸣，”卢森伯格说。\n\nNarratively.com对所谓“长篇”没有确切的定义。“我们只是在为每个故事寻找最适合的表现形式。最长的稿子是6500字，大多数在1500至4500字之间，”卢森伯格说。稿子的形式通常取决于内容或者作者的技能特长，比如当专业摄影师投稿时，他们会首先考虑做成视频，因为这是作者最擅长的表现形式；而如果是文字记者投稿，他们就会找来插画师或摄影师，让平面的东西可视化。\n\n刚成立这个网站的时候卢森伯格和合伙人斯皮格做了一期“和媒体面对面”（Meet the Press）的选题。具体流程是，他将这个想法群发给撰稿人，在之后的一两周内接收筛选选题，采写过程中专题编辑负责和作者沟通，决定五篇稿子的媒介形式和主题关系；稿子提交之后至少要经过两次编辑，最后校对编辑进行核实和发布。“每个选题基本都遵照这个流程，我们会提前三个月就开始筹备，”卢森伯格说。\n\n“秘密”系列是该网站最受欢迎的报道之一，读者乐于跟随作者走入别样的生活，窥视他人的内心世界。在其中一篇名为《曼哈顿公寓前台的秘密》的报道中，作者嘉利特•麦格拉斯用2200多字回顾了自己17岁暑假做某公寓楼门童的特别经历——夜晚沉睡的纽约和清醒的自己，120户业主的脸和他们的生活习惯，难忘的强效清洁剂和死尸的味道，以及每周四十小时值班换来的660美金工资。这篇发布于2013年10月的文章获得了极高的点击量，甚至有好莱坞经纪公司找到Narratively.com要求以该故事为原型拍成电视节目。\n\n \n\n用技术讲一个好故事\n\n同样在布鲁克林，Atavist.com也是一家著名的长篇新闻网站，同时也是Narratively.com的合作伙伴。相比后者主打“人情味”的特点，Atavist.com更倚重技术在打造这类新闻中的作用。\n\n2009年，三个媒体人聚在当地一个酒吧小酌，闲聊中抱怨起现有媒体阅读体验的不完善。其中伊万•拉特利夫是美国《Wired》杂志的长期撰稿人，尼古拉斯•托马斯是《纽约客》的网站编辑，杰斐逊•拉伯是一位书籍网站程序员。放下杯子踏出酒吧的时候，三人已经决定要合作搭建一个结合技术平台和新闻内容的新媒体，取名”Atavist”。这个词的意思是显隔代遗传物，意在突出长篇新闻作为一个重要而被忽视的内容特征得到重现并获得大众的关注。\n\n“我们就是想做比杂志篇幅长、比书籍短的内容，因为不光我们自己想读，很多大众读者也想读，而又有很多人热衷于生产这样的稿子，”首席执行官拉特利夫说。拉伯买了一本新的编程书，用一个月自学了一套新语言并写出了一版试用程序。六个月后，三人成功开发出了Creatavist——一个多媒体新闻编辑技术平台，用户可以用它设计和组合文字、图片、视频、音频等内容，并且根据网页和不同移动设备的特征编排内容呈现方式。随后他们开始利用这个平台发布长篇新闻，频率比Narratively.com更低，一个月只选一篇。字数通常在一万至两万字左右，同样强调图片、视频和音频等元素应当与文字的地位不分伯仲。订阅用户购买每篇作品的费用是2.99美金。\n\n与Narratively.com一样，他们利用美国发达的撰稿人网络，通过各种渠道收集选题，甄选后分发经费。在那之后作者有几个月的时间去完成采访和拍摄。“必须要叙事性很强，有很生动的人物，有冲突和曲折。所有的稿子都是非小说类作品，所以报道技巧一定要很高，”拉特利夫说。他不限定题材和背景，与之合作的多数是美国人，但他们行走在世界各地。\n\n2011年，Atavist.com开始对外出售Creatavist软件给企业客户，帮助他们发布适用于手机和其他电子阅读器的内容。从媒体到教育行业都对这个产品表现出了浓厚的兴趣，因为这可以省掉开发的时间和成本，并且帮助他们找到组合素材的最佳方式。很快，这块业务成为了Atavist.com营收的主要来源，合作对象包括了老牌媒体《华尔街日报》和《巴黎评论》以及生产了诸多面对大众的普及刊物的TED Conferecen和Pearson。他们有的直接购买这款应用，有的要求定制服务。《New York Daily News》做披头士纪念专题的时候就曾求助过Atavist，最后他们决定自己注册使用这个工具。而《华尔街日报》则签了定制服务合同，以便获得特殊而灵活的功能模块。\n\n2013年，Creatavist被该公司正式开放给公众，任何人都可以上网注册一个免费账号，将自己的多媒体内容制作成适合电子书、电子杂志和其他网络刊物的形式，然后借助iPad和iPhone应用里的发布平台提供给Kinkdle、Nook或者网页版读者。“注册账号之后可以发布一篇免费的内容，之后他们要交月租费。每个月10美金可以发布无限量的故事，花50美金用户就可以在这个平台上自制应用，比如做一个在线商店去出售自己的内容，”拉特利夫说。\n\nAtavist.com目前有13个员工，大部分人是Creatavist团队的。虽然相比Narratively.com这家公司的盈利模式更偏技术，但它的内容平台本身也是也一个成功的典范。这上面曾经发布的一个故事叫《我母亲的爱》，作者大卫•多波斯用丰富的影像资料和上万字讲述了二战时期他母亲和一个空军外科医生的爱情故事。其中最动人的莫过于作者徐徐朗读自己文章的声音，那饱含感情的一字一句滑过他及母亲生命的点点滴滴，让读者亲临他和两个老人的内心世界，非任何人可以替代。\n\n“我们想让读者知道，在这个时代我们不仅可以选择故事，更可以自己打造看故事的方式，”拉特利夫说。\n\n \n\n速读时代的深阅读需求\n\n约翰森•马勒曾于不久前在《纽约时报》撰文点评如雨后春笋一般新生的长篇新闻媒体。他在文中指出：“当人们特别迷恋某样事物时，最后总免不了演变成一场陶醉于这个点子而不是关注这个事物本身的盛宴。”他表达了对长篇作为独立形式存在发展的担忧，害怕这类新闻成为记者自我英雄化的内容载体。\n\n“他表达的意思很显然，就是长篇新闻不一定都是好新闻。但是，谁不知道这个呢？”哥伦比亚大学新闻学院客座教授、《哥伦比亚新闻评论》前主编迈克•霍特回应说。“世上有很多故事可以而且应当被简短地描述出来，但也有很多不能。而且现在大众对深度新闻有更高的需求。”\n\n霍特是长篇深度报道在新媒体时代复兴的积极拥护者。去年，他和另一位教授马克•谢皮罗，以及两个哥大毕业生共同创办了网站TheBigRoundtable.com，收集和发布优秀的长篇报道作品。其中一个哥大毕业生安娜•海耶特是哥大Tow数字媒体研究中心的学者，围绕新媒体环境下的长篇新闻做了一系列案例研究。“长篇新闻从来就没有消失过，它的市场一直存在”，她说，“不过，传统媒体和新媒体在制作这类内容上的代价不同。后者的运作效率也许更高，因为他们对故事呈现形式的选择更灵活；而诸如《纽约时报》那样的大媒体可能在选择和编排上受的局限更多，考虑一个选题时也会更谨慎。这也是我们为什么会看到创新型媒体在这领域快速成长的原因。”\n\n根据Narratively.com的统计，这个平台35%的访问流量来自移动设备。每周发出的两封订阅邮件有高达37.5%的打开率，而且在之后一两周内还会上升。每天中午11至12点是阅读高峰，因为那是多数人休息和午餐的时间。\n\n“从网站上线开始就有很多人问：你们什么时候来柏林？上海？伦敦？”Narratively.com创始人卢森伯格说。虽然现在大部分故事还是关于纽约，但他们也开始接受来自美国其他城市甚至世界各地的投稿。相应地，网站流量的来源也更多元化了。\n\n“下周我们还要上线新的筛选和搜索功能，以后读者可以按地点，话题，作者和故事形式来查找故事，”他告诉我。“同时我们也要上线‘故事集‘功能。比如每年情人节，我们就能整合过去一年里推出的所有和爱有关的故事，重新打包成集合。”\n\n和纸质书危机一样，人们对长篇的质疑自互联网时代步入繁盛以来就从未停止。但正如这个领域的创业家和学者们所言，“长篇”是个最笼统和偷懒的概括，它所指的真实对象其实是必须花时间和精力才能讲明白的人和事，与其叫长篇，不如称之为“深阅读”。这种写作不是文字的堆砌，而是和140字的推特一样在用最简洁的话叙述最重要的东西。速读时代时光有限，但学会了对时间进行零存整取的读者正在让长篇新闻重新回归主流。','/assets/imgs/family/6.jpg','2017-05-12 00:00:00','2017-05-27 00:00:00',2,'2017-05-17 17:35:07',2,'2017-05-17 17:35:07'),(0000000037,121,'厌倦碎片化，长篇新闻回归主流','在碎片化阅读的时代，人们已经对信息产生了排斥和厌倦。曾经有人预测，未来会有大量网媒倒下，此时纸媒又会重唤新生，因为真正意义上的阅读还是体现在“长篇”。当然我并不赞成这样的观点，我相信纸质载体必死，但新闻永存、阅读永存。\n\n此篇所讲的“长篇”并不仅仅是文字堆砌、长篇大段，而是运用新技术和多媒体，提升内容的丰富性和深度，并赋予性情。\n\n \n\n美国社交网站Twitter上有一个常被使用的标签是#Longform#，如果你输入这个标签去搜索可以找到成千上万的推文，人们在这个只能容纳140个字的地方寻找可能是它100倍长度的内容。\n\n当人们大量使用“短平快”形容新闻内容、用速读描述当今大众的阅读习惯时，长篇新闻却在悄然而又快速地重新赢得读者青睐。过去几年内美国诞生了数十个长篇新闻网站，网站内容的主题和发表频率不一，但都用大篇幅的深度报道弥补快新闻消费品缺失的阅读感。\n\n在纽约布鲁克林成立的网站Narratively.com专门讲述“纽约故事”。它的全职员工只有两个人，在当地一家媒体孵化器里办公，但兼职编辑和签约撰稿人、摄影师、设计师等却多达650人。\n\n传统媒体如《纽约时报》和《大西洋月刊》这几年纷纷加强了长篇新闻板块，就连以快速消费和娱乐著称的新媒体Buzzfeed也专门开辟了长篇板块，做起了和原本定位看似相去甚远的内容。\n\n“大家已经对24小时不间断的新闻轰炸和各个媒体上千篇一律的标题厌倦了，我们需要一些深度。长篇新闻并不是一种新的模式，只是数字媒体技术让它变得更比以前‘性感’了，”Narratively.com的创始人诺亚•卢森伯格告诉我。\n\n \n\n更“性感”的长新闻\n\n“让普通人的故事被完整而勇敢地叙述出来”，这是Narratively.com的初衷。它围绕纽约这个城市寻找题材，每天只发布一篇稿子。每周五篇之间有主题上的联系，但侧重不同的媒介表现手法，若周一主要是文字叙述，那周二则主打视频或者绘图，这是其区别于其他长篇新闻网站的最大特点。\n\n“纽约有八百万人，被埋没的好故事太多了”。\n网站上线一年半以来向读者呈现了大量离奇曲折或震撼人心的的人生故事，点击量最高的包括一个上世纪中期活跃在纽约布鲁克林的俄罗斯间谍，一个致力于让全世界非穆斯林人理解和懂得欣赏穆斯林头巾的年轻女子，以及一个几十年来在家中收集了上百副复古眼镜框的老奶奶。“只要是纽约客都会对它们产生共鸣，”卢森伯格说。\n\nNarratively.com对所谓“长篇”没有确切的定义。“我们只是在为每个故事寻找最适合的表现形式。最长的稿子是6500字，大多数在1500至4500字之间，”卢森伯格说。稿子的形式通常取决于内容或者作者的技能特长，比如当专业摄影师投稿时，他们会首先考虑做成视频，因为这是作者最擅长的表现形式；而如果是文字记者投稿，他们就会找来插画师或摄影师，让平面的东西可视化。\n\n刚成立这个网站的时候卢森伯格和合伙人斯皮格做了一期“和媒体面对面”（Meet the Press）的选题。具体流程是，他将这个想法群发给撰稿人，在之后的一两周内接收筛选选题，采写过程中专题编辑负责和作者沟通，决定五篇稿子的媒介形式和主题关系；稿子提交之后至少要经过两次编辑，最后校对编辑进行核实和发布。“每个选题基本都遵照这个流程，我们会提前三个月就开始筹备，”卢森伯格说。\n\n“秘密”系列是该网站最受欢迎的报道之一，读者乐于跟随作者走入别样的生活，窥视他人的内心世界。在其中一篇名为《曼哈顿公寓前台的秘密》的报道中，作者嘉利特•麦格拉斯用2200多字回顾了自己17岁暑假做某公寓楼门童的特别经历——夜晚沉睡的纽约和清醒的自己，120户业主的脸和他们的生活习惯，难忘的强效清洁剂和死尸的味道，以及每周四十小时值班换来的660美金工资。这篇发布于2013年10月的文章获得了极高的点击量，甚至有好莱坞经纪公司找到Narratively.com要求以该故事为原型拍成电视节目。\n\n \n\n用技术讲一个好故事\n\n同样在布鲁克林，Atavist.com也是一家著名的长篇新闻网站，同时也是Narratively.com的合作伙伴。相比后者主打“人情味”的特点，Atavist.com更倚重技术在打造这类新闻中的作用。\n\n2009年，三个媒体人聚在当地一个酒吧小酌，闲聊中抱怨起现有媒体阅读体验的不完善。其中伊万•拉特利夫是美国《Wired》杂志的长期撰稿人，尼古拉斯•托马斯是《纽约客》的网站编辑，杰斐逊•拉伯是一位书籍网站程序员。放下杯子踏出酒吧的时候，三人已经决定要合作搭建一个结合技术平台和新闻内容的新媒体，取名”Atavist”。这个词的意思是显隔代遗传物，意在突出长篇新闻作为一个重要而被忽视的内容特征得到重现并获得大众的关注。\n\n“我们就是想做比杂志篇幅长、比书籍短的内容，因为不光我们自己想读，很多大众读者也想读，而又有很多人热衷于生产这样的稿子，”首席执行官拉特利夫说。拉伯买了一本新的编程书，用一个月自学了一套新语言并写出了一版试用程序。六个月后，三人成功开发出了Creatavist——一个多媒体新闻编辑技术平台，用户可以用它设计和组合文字、图片、视频、音频等内容，并且根据网页和不同移动设备的特征编排内容呈现方式。随后他们开始利用这个平台发布长篇新闻，频率比Narratively.com更低，一个月只选一篇。字数通常在一万至两万字左右，同样强调图片、视频和音频等元素应当与文字的地位不分伯仲。订阅用户购买每篇作品的费用是2.99美金。\n\n与Narratively.com一样，他们利用美国发达的撰稿人网络，通过各种渠道收集选题，甄选后分发经费。在那之后作者有几个月的时间去完成采访和拍摄。“必须要叙事性很强，有很生动的人物，有冲突和曲折。所有的稿子都是非小说类作品，所以报道技巧一定要很高，”拉特利夫说。他不限定题材和背景，与之合作的多数是美国人，但他们行走在世界各地。\n\n2011年，Atavist.com开始对外出售Creatavist软件给企业客户，帮助他们发布适用于手机和其他电子阅读器的内容。从媒体到教育行业都对这个产品表现出了浓厚的兴趣，因为这可以省掉开发的时间和成本，并且帮助他们找到组合素材的最佳方式。很快，这块业务成为了Atavist.com营收的主要来源，合作对象包括了老牌媒体《华尔街日报》和《巴黎评论》以及生产了诸多面对大众的普及刊物的TED Conferecen和Pearson。他们有的直接购买这款应用，有的要求定制服务。《New York Daily News》做披头士纪念专题的时候就曾求助过Atavist，最后他们决定自己注册使用这个工具。而《华尔街日报》则签了定制服务合同，以便获得特殊而灵活的功能模块。\n\n2013年，Creatavist被该公司正式开放给公众，任何人都可以上网注册一个免费账号，将自己的多媒体内容制作成适合电子书、电子杂志和其他网络刊物的形式，然后借助iPad和iPhone应用里的发布平台提供给Kinkdle、Nook或者网页版读者。“注册账号之后可以发布一篇免费的内容，之后他们要交月租费。每个月10美金可以发布无限量的故事，花50美金用户就可以在这个平台上自制应用，比如做一个在线商店去出售自己的内容，”拉特利夫说。\n\nAtavist.com目前有13个员工，大部分人是Creatavist团队的。虽然相比Narratively.com这家公司的盈利模式更偏技术，但它的内容平台本身也是也一个成功的典范。这上面曾经发布的一个故事叫《我母亲的爱》，作者大卫•多波斯用丰富的影像资料和上万字讲述了二战时期他母亲和一个空军外科医生的爱情故事。其中最动人的莫过于作者徐徐朗读自己文章的声音，那饱含感情的一字一句滑过他及母亲生命的点点滴滴，让读者亲临他和两个老人的内心世界，非任何人可以替代。\n\n“我们想让读者知道，在这个时代我们不仅可以选择故事，更可以自己打造看故事的方式，”拉特利夫说。\n\n \n\n速读时代的深阅读需求\n\n约翰森•马勒曾于不久前在《纽约时报》撰文点评如雨后春笋一般新生的长篇新闻媒体。他在文中指出：“当人们特别迷恋某样事物时，最后总免不了演变成一场陶醉于这个点子而不是关注这个事物本身的盛宴。”他表达了对长篇作为独立形式存在发展的担忧，害怕这类新闻成为记者自我英雄化的内容载体。\n\n“他表达的意思很显然，就是长篇新闻不一定都是好新闻。但是，谁不知道这个呢？”哥伦比亚大学新闻学院客座教授、《哥伦比亚新闻评论》前主编迈克•霍特回应说。“世上有很多故事可以而且应当被简短地描述出来，但也有很多不能。而且现在大众对深度新闻有更高的需求。”\n\n霍特是长篇深度报道在新媒体时代复兴的积极拥护者。去年，他和另一位教授马克•谢皮罗，以及两个哥大毕业生共同创办了网站TheBigRoundtable.com，收集和发布优秀的长篇报道作品。其中一个哥大毕业生安娜•海耶特是哥大Tow数字媒体研究中心的学者，围绕新媒体环境下的长篇新闻做了一系列案例研究。“长篇新闻从来就没有消失过，它的市场一直存在”，她说，“不过，传统媒体和新媒体在制作这类内容上的代价不同。后者的运作效率也许更高，因为他们对故事呈现形式的选择更灵活；而诸如《纽约时报》那样的大媒体可能在选择和编排上受的局限更多，考虑一个选题时也会更谨慎。这也是我们为什么会看到创新型媒体在这领域快速成长的原因。”\n\n根据Narratively.com的统计，这个平台35%的访问流量来自移动设备。每周发出的两封订阅邮件有高达37.5%的打开率，而且在之后一两周内还会上升。每天中午11至12点是阅读高峰，因为那是多数人休息和午餐的时间。\n\n“从网站上线开始就有很多人问：你们什么时候来柏林？上海？伦敦？”Narratively.com创始人卢森伯格说。虽然现在大部分故事还是关于纽约，但他们也开始接受来自美国其他城市甚至世界各地的投稿。相应地，网站流量的来源也更多元化了。\n\n“下周我们还要上线新的筛选和搜索功能，以后读者可以按地点，话题，作者和故事形式来查找故事，”他告诉我。“同时我们也要上线‘故事集‘功能。比如每年情人节，我们就能整合过去一年里推出的所有和爱有关的故事，重新打包成集合。”\n\n和纸质书危机一样，人们对长篇的质疑自互联网时代步入繁盛以来就从未停止。但正如这个领域的创业家和学者们所言，“长篇”是个最笼统和偷懒的概括，它所指的真实对象其实是必须花时间和精力才能讲明白的人和事，与其叫长篇，不如称之为“深阅读”。这种写作不是文字的堆砌，而是和140字的推特一样在用最简洁的话叙述最重要的东西。速读时代时光有限，但学会了对时间进行零存整取的读者正在让长篇新闻重新回归主流。','/assets/imgs/family/6.jpg','2017-05-12 00:00:00','2017-05-27 00:00:00',2,'2017-05-17 17:35:16',2,'2017-05-17 17:35:16'),(0000000038,121,'厌倦碎片化，长篇新闻回归主流','在碎片化阅读的时代，人们已经对信息产生了排斥和厌倦。曾经有人预测，未来会有大量网媒倒下，此时纸媒又会重唤新生，因为真正意义上的阅读还是体现在“长篇”。当然我并不赞成这样的观点，我相信纸质载体必死，但新闻永存、阅读永存。\n\n此篇所讲的“长篇”并不仅仅是文字堆砌、长篇大段，而是运用新技术和多媒体，提升内容的丰富性和深度，并赋予性情。\n\n \n\n美国社交网站Twitter上有一个常被使用的标签是#Longform#，如果你输入这个标签去搜索可以找到成千上万的推文，人们在这个只能容纳140个字的地方寻找可能是它100倍长度的内容。\n\n当人们大量使用“短平快”形容新闻内容、用速读描述当今大众的阅读习惯时，长篇新闻却在悄然而又快速地重新赢得读者青睐。过去几年内美国诞生了数十个长篇新闻网站，网站内容的主题和发表频率不一，但都用大篇幅的深度报道弥补快新闻消费品缺失的阅读感。\n\n在纽约布鲁克林成立的网站Narratively.com专门讲述“纽约故事”。它的全职员工只有两个人，在当地一家媒体孵化器里办公，但兼职编辑和签约撰稿人、摄影师、设计师等却多达650人。\n\n传统媒体如《纽约时报》和《大西洋月刊》这几年纷纷加强了长篇新闻板块，就连以快速消费和娱乐著称的新媒体Buzzfeed也专门开辟了长篇板块，做起了和原本定位看似相去甚远的内容。\n\n“大家已经对24小时不间断的新闻轰炸和各个媒体上千篇一律的标题厌倦了，我们需要一些深度。长篇新闻并不是一种新的模式，只是数字媒体技术让它变得更比以前‘性感’了，”Narratively.com的创始人诺亚•卢森伯格告诉我。\n\n \n\n更“性感”的长新闻\n\n“让普通人的故事被完整而勇敢地叙述出来”，这是Narratively.com的初衷。它围绕纽约这个城市寻找题材，每天只发布一篇稿子。每周五篇之间有主题上的联系，但侧重不同的媒介表现手法，若周一主要是文字叙述，那周二则主打视频或者绘图，这是其区别于其他长篇新闻网站的最大特点。\n\n“纽约有八百万人，被埋没的好故事太多了”。\n网站上线一年半以来向读者呈现了大量离奇曲折或震撼人心的的人生故事，点击量最高的包括一个上世纪中期活跃在纽约布鲁克林的俄罗斯间谍，一个致力于让全世界非穆斯林人理解和懂得欣赏穆斯林头巾的年轻女子，以及一个几十年来在家中收集了上百副复古眼镜框的老奶奶。“只要是纽约客都会对它们产生共鸣，”卢森伯格说。\n\nNarratively.com对所谓“长篇”没有确切的定义。“我们只是在为每个故事寻找最适合的表现形式。最长的稿子是6500字，大多数在1500至4500字之间，”卢森伯格说。稿子的形式通常取决于内容或者作者的技能特长，比如当专业摄影师投稿时，他们会首先考虑做成视频，因为这是作者最擅长的表现形式；而如果是文字记者投稿，他们就会找来插画师或摄影师，让平面的东西可视化。\n\n刚成立这个网站的时候卢森伯格和合伙人斯皮格做了一期“和媒体面对面”（Meet the Press）的选题。具体流程是，他将这个想法群发给撰稿人，在之后的一两周内接收筛选选题，采写过程中专题编辑负责和作者沟通，决定五篇稿子的媒介形式和主题关系；稿子提交之后至少要经过两次编辑，最后校对编辑进行核实和发布。“每个选题基本都遵照这个流程，我们会提前三个月就开始筹备，”卢森伯格说。\n\n“秘密”系列是该网站最受欢迎的报道之一，读者乐于跟随作者走入别样的生活，窥视他人的内心世界。在其中一篇名为《曼哈顿公寓前台的秘密》的报道中，作者嘉利特•麦格拉斯用2200多字回顾了自己17岁暑假做某公寓楼门童的特别经历——夜晚沉睡的纽约和清醒的自己，120户业主的脸和他们的生活习惯，难忘的强效清洁剂和死尸的味道，以及每周四十小时值班换来的660美金工资。这篇发布于2013年10月的文章获得了极高的点击量，甚至有好莱坞经纪公司找到Narratively.com要求以该故事为原型拍成电视节目。\n\n \n\n用技术讲一个好故事\n\n同样在布鲁克林，Atavist.com也是一家著名的长篇新闻网站，同时也是Narratively.com的合作伙伴。相比后者主打“人情味”的特点，Atavist.com更倚重技术在打造这类新闻中的作用。\n\n2009年，三个媒体人聚在当地一个酒吧小酌，闲聊中抱怨起现有媒体阅读体验的不完善。其中伊万•拉特利夫是美国《Wired》杂志的长期撰稿人，尼古拉斯•托马斯是《纽约客》的网站编辑，杰斐逊•拉伯是一位书籍网站程序员。放下杯子踏出酒吧的时候，三人已经决定要合作搭建一个结合技术平台和新闻内容的新媒体，取名”Atavist”。这个词的意思是显隔代遗传物，意在突出长篇新闻作为一个重要而被忽视的内容特征得到重现并获得大众的关注。\n\n“我们就是想做比杂志篇幅长、比书籍短的内容，因为不光我们自己想读，很多大众读者也想读，而又有很多人热衷于生产这样的稿子，”首席执行官拉特利夫说。拉伯买了一本新的编程书，用一个月自学了一套新语言并写出了一版试用程序。六个月后，三人成功开发出了Creatavist——一个多媒体新闻编辑技术平台，用户可以用它设计和组合文字、图片、视频、音频等内容，并且根据网页和不同移动设备的特征编排内容呈现方式。随后他们开始利用这个平台发布长篇新闻，频率比Narratively.com更低，一个月只选一篇。字数通常在一万至两万字左右，同样强调图片、视频和音频等元素应当与文字的地位不分伯仲。订阅用户购买每篇作品的费用是2.99美金。\n\n与Narratively.com一样，他们利用美国发达的撰稿人网络，通过各种渠道收集选题，甄选后分发经费。在那之后作者有几个月的时间去完成采访和拍摄。“必须要叙事性很强，有很生动的人物，有冲突和曲折。所有的稿子都是非小说类作品，所以报道技巧一定要很高，”拉特利夫说。他不限定题材和背景，与之合作的多数是美国人，但他们行走在世界各地。\n\n2011年，Atavist.com开始对外出售Creatavist软件给企业客户，帮助他们发布适用于手机和其他电子阅读器的内容。从媒体到教育行业都对这个产品表现出了浓厚的兴趣，因为这可以省掉开发的时间和成本，并且帮助他们找到组合素材的最佳方式。很快，这块业务成为了Atavist.com营收的主要来源，合作对象包括了老牌媒体《华尔街日报》和《巴黎评论》以及生产了诸多面对大众的普及刊物的TED Conferecen和Pearson。他们有的直接购买这款应用，有的要求定制服务。《New York Daily News》做披头士纪念专题的时候就曾求助过Atavist，最后他们决定自己注册使用这个工具。而《华尔街日报》则签了定制服务合同，以便获得特殊而灵活的功能模块。\n\n2013年，Creatavist被该公司正式开放给公众，任何人都可以上网注册一个免费账号，将自己的多媒体内容制作成适合电子书、电子杂志和其他网络刊物的形式，然后借助iPad和iPhone应用里的发布平台提供给Kinkdle、Nook或者网页版读者。“注册账号之后可以发布一篇免费的内容，之后他们要交月租费。每个月10美金可以发布无限量的故事，花50美金用户就可以在这个平台上自制应用，比如做一个在线商店去出售自己的内容，”拉特利夫说。\n\nAtavist.com目前有13个员工，大部分人是Creatavist团队的。虽然相比Narratively.com这家公司的盈利模式更偏技术，但它的内容平台本身也是也一个成功的典范。这上面曾经发布的一个故事叫《我母亲的爱》，作者大卫•多波斯用丰富的影像资料和上万字讲述了二战时期他母亲和一个空军外科医生的爱情故事。其中最动人的莫过于作者徐徐朗读自己文章的声音，那饱含感情的一字一句滑过他及母亲生命的点点滴滴，让读者亲临他和两个老人的内心世界，非任何人可以替代。\n\n“我们想让读者知道，在这个时代我们不仅可以选择故事，更可以自己打造看故事的方式，”拉特利夫说。\n\n \n\n速读时代的深阅读需求\n\n约翰森•马勒曾于不久前在《纽约时报》撰文点评如雨后春笋一般新生的长篇新闻媒体。他在文中指出：“当人们特别迷恋某样事物时，最后总免不了演变成一场陶醉于这个点子而不是关注这个事物本身的盛宴。”他表达了对长篇作为独立形式存在发展的担忧，害怕这类新闻成为记者自我英雄化的内容载体。\n\n“他表达的意思很显然，就是长篇新闻不一定都是好新闻。但是，谁不知道这个呢？”哥伦比亚大学新闻学院客座教授、《哥伦比亚新闻评论》前主编迈克•霍特回应说。“世上有很多故事可以而且应当被简短地描述出来，但也有很多不能。而且现在大众对深度新闻有更高的需求。”\n\n霍特是长篇深度报道在新媒体时代复兴的积极拥护者。去年，他和另一位教授马克•谢皮罗，以及两个哥大毕业生共同创办了网站TheBigRoundtable.com，收集和发布优秀的长篇报道作品。其中一个哥大毕业生安娜•海耶特是哥大Tow数字媒体研究中心的学者，围绕新媒体环境下的长篇新闻做了一系列案例研究。“长篇新闻从来就没有消失过，它的市场一直存在”，她说，“不过，传统媒体和新媒体在制作这类内容上的代价不同。后者的运作效率也许更高，因为他们对故事呈现形式的选择更灵活；而诸如《纽约时报》那样的大媒体可能在选择和编排上受的局限更多，考虑一个选题时也会更谨慎。这也是我们为什么会看到创新型媒体在这领域快速成长的原因。”\n\n根据Narratively.com的统计，这个平台35%的访问流量来自移动设备。每周发出的两封订阅邮件有高达37.5%的打开率，而且在之后一两周内还会上升。每天中午11至12点是阅读高峰，因为那是多数人休息和午餐的时间。\n\n“从网站上线开始就有很多人问：你们什么时候来柏林？上海？伦敦？”Narratively.com创始人卢森伯格说。虽然现在大部分故事还是关于纽约，但他们也开始接受来自美国其他城市甚至世界各地的投稿。相应地，网站流量的来源也更多元化了。\n\n“下周我们还要上线新的筛选和搜索功能，以后读者可以按地点，话题，作者和故事形式来查找故事，”他告诉我。“同时我们也要上线‘故事集‘功能。比如每年情人节，我们就能整合过去一年里推出的所有和爱有关的故事，重新打包成集合。”\n\n和纸质书危机一样，人们对长篇的质疑自互联网时代步入繁盛以来就从未停止。但正如这个领域的创业家和学者们所言，“长篇”是个最笼统和偷懒的概括，它所指的真实对象其实是必须花时间和精力才能讲明白的人和事，与其叫长篇，不如称之为“深阅读”。这种写作不是文字的堆砌，而是和140字的推特一样在用最简洁的话叙述最重要的东西。速读时代时光有限，但学会了对时间进行零存整取的读者正在让长篇新闻重新回归主流。','/assets/imgs/family/6.jpg','2017-05-12 00:00:00','2017-05-27 00:00:00',2,'2017-05-17 17:35:30',2,'2017-05-17 17:35:30'),(0000000039,121,'厌倦碎片化，长篇新闻回归主流','在碎片化阅读的时代，人们已经对信息产生了排斥和厌倦。曾经有人预测，未来会有大量网媒倒下，此时纸媒又会重唤新生，因为真正意义上的阅读还是体现在“长篇”。当然我并不赞成这样的观点，我相信纸质载体必死，但新闻永存、阅读永存。\n\n此篇所讲的“长篇”并不仅仅是文字堆砌、长篇大段，而是运用新技术和多媒体，提升内容的丰富性和深度，并赋予性情。\n\n \n\n美国社交网站Twitter上有一个常被使用的标签是#Longform#，如果你输入这个标签去搜索可以找到成千上万的推文，人们在这个只能容纳140个字的地方寻找可能是它100倍长度的内容。\n\n当人们大量使用“短平快”形容新闻内容、用速读描述当今大众的阅读习惯时，长篇新闻却在悄然而又快速地重新赢得读者青睐。过去几年内美国诞生了数十个长篇新闻网站，网站内容的主题和发表频率不一，但都用大篇幅的深度报道弥补快新闻消费品缺失的阅读感。\n\n在纽约布鲁克林成立的网站Narratively.com专门讲述“纽约故事”。它的全职员工只有两个人，在当地一家媒体孵化器里办公，但兼职编辑和签约撰稿人、摄影师、设计师等却多达650人。\n\n传统媒体如《纽约时报》和《大西洋月刊》这几年纷纷加强了长篇新闻板块，就连以快速消费和娱乐著称的新媒体Buzzfeed也专门开辟了长篇板块，做起了和原本定位看似相去甚远的内容。\n\n“大家已经对24小时不间断的新闻轰炸和各个媒体上千篇一律的标题厌倦了，我们需要一些深度。长篇新闻并不是一种新的模式，只是数字媒体技术让它变得更比以前‘性感’了，”Narratively.com的创始人诺亚•卢森伯格告诉我。\n\n \n\n更“性感”的长新闻\n\n“让普通人的故事被完整而勇敢地叙述出来”，这是Narratively.com的初衷。它围绕纽约这个城市寻找题材，每天只发布一篇稿子。每周五篇之间有主题上的联系，但侧重不同的媒介表现手法，若周一主要是文字叙述，那周二则主打视频或者绘图，这是其区别于其他长篇新闻网站的最大特点。\n\n“纽约有八百万人，被埋没的好故事太多了”。\n网站上线一年半以来向读者呈现了大量离奇曲折或震撼人心的的人生故事，点击量最高的包括一个上世纪中期活跃在纽约布鲁克林的俄罗斯间谍，一个致力于让全世界非穆斯林人理解和懂得欣赏穆斯林头巾的年轻女子，以及一个几十年来在家中收集了上百副复古眼镜框的老奶奶。“只要是纽约客都会对它们产生共鸣，”卢森伯格说。\n\nNarratively.com对所谓“长篇”没有确切的定义。“我们只是在为每个故事寻找最适合的表现形式。最长的稿子是6500字，大多数在1500至4500字之间，”卢森伯格说。稿子的形式通常取决于内容或者作者的技能特长，比如当专业摄影师投稿时，他们会首先考虑做成视频，因为这是作者最擅长的表现形式；而如果是文字记者投稿，他们就会找来插画师或摄影师，让平面的东西可视化。\n\n刚成立这个网站的时候卢森伯格和合伙人斯皮格做了一期“和媒体面对面”（Meet the Press）的选题。具体流程是，他将这个想法群发给撰稿人，在之后的一两周内接收筛选选题，采写过程中专题编辑负责和作者沟通，决定五篇稿子的媒介形式和主题关系；稿子提交之后至少要经过两次编辑，最后校对编辑进行核实和发布。“每个选题基本都遵照这个流程，我们会提前三个月就开始筹备，”卢森伯格说。\n\n“秘密”系列是该网站最受欢迎的报道之一，读者乐于跟随作者走入别样的生活，窥视他人的内心世界。在其中一篇名为《曼哈顿公寓前台的秘密》的报道中，作者嘉利特•麦格拉斯用2200多字回顾了自己17岁暑假做某公寓楼门童的特别经历——夜晚沉睡的纽约和清醒的自己，120户业主的脸和他们的生活习惯，难忘的强效清洁剂和死尸的味道，以及每周四十小时值班换来的660美金工资。这篇发布于2013年10月的文章获得了极高的点击量，甚至有好莱坞经纪公司找到Narratively.com要求以该故事为原型拍成电视节目。\n\n \n\n用技术讲一个好故事\n\n同样在布鲁克林，Atavist.com也是一家著名的长篇新闻网站，同时也是Narratively.com的合作伙伴。相比后者主打“人情味”的特点，Atavist.com更倚重技术在打造这类新闻中的作用。\n\n2009年，三个媒体人聚在当地一个酒吧小酌，闲聊中抱怨起现有媒体阅读体验的不完善。其中伊万•拉特利夫是美国《Wired》杂志的长期撰稿人，尼古拉斯•托马斯是《纽约客》的网站编辑，杰斐逊•拉伯是一位书籍网站程序员。放下杯子踏出酒吧的时候，三人已经决定要合作搭建一个结合技术平台和新闻内容的新媒体，取名”Atavist”。这个词的意思是显隔代遗传物，意在突出长篇新闻作为一个重要而被忽视的内容特征得到重现并获得大众的关注。\n\n“我们就是想做比杂志篇幅长、比书籍短的内容，因为不光我们自己想读，很多大众读者也想读，而又有很多人热衷于生产这样的稿子，”首席执行官拉特利夫说。拉伯买了一本新的编程书，用一个月自学了一套新语言并写出了一版试用程序。六个月后，三人成功开发出了Creatavist——一个多媒体新闻编辑技术平台，用户可以用它设计和组合文字、图片、视频、音频等内容，并且根据网页和不同移动设备的特征编排内容呈现方式。随后他们开始利用这个平台发布长篇新闻，频率比Narratively.com更低，一个月只选一篇。字数通常在一万至两万字左右，同样强调图片、视频和音频等元素应当与文字的地位不分伯仲。订阅用户购买每篇作品的费用是2.99美金。\n\n与Narratively.com一样，他们利用美国发达的撰稿人网络，通过各种渠道收集选题，甄选后分发经费。在那之后作者有几个月的时间去完成采访和拍摄。“必须要叙事性很强，有很生动的人物，有冲突和曲折。所有的稿子都是非小说类作品，所以报道技巧一定要很高，”拉特利夫说。他不限定题材和背景，与之合作的多数是美国人，但他们行走在世界各地。\n\n2011年，Atavist.com开始对外出售Creatavist软件给企业客户，帮助他们发布适用于手机和其他电子阅读器的内容。从媒体到教育行业都对这个产品表现出了浓厚的兴趣，因为这可以省掉开发的时间和成本，并且帮助他们找到组合素材的最佳方式。很快，这块业务成为了Atavist.com营收的主要来源，合作对象包括了老牌媒体《华尔街日报》和《巴黎评论》以及生产了诸多面对大众的普及刊物的TED Conferecen和Pearson。他们有的直接购买这款应用，有的要求定制服务。《New York Daily News》做披头士纪念专题的时候就曾求助过Atavist，最后他们决定自己注册使用这个工具。而《华尔街日报》则签了定制服务合同，以便获得特殊而灵活的功能模块。\n\n2013年，Creatavist被该公司正式开放给公众，任何人都可以上网注册一个免费账号，将自己的多媒体内容制作成适合电子书、电子杂志和其他网络刊物的形式，然后借助iPad和iPhone应用里的发布平台提供给Kinkdle、Nook或者网页版读者。“注册账号之后可以发布一篇免费的内容，之后他们要交月租费。每个月10美金可以发布无限量的故事，花50美金用户就可以在这个平台上自制应用，比如做一个在线商店去出售自己的内容，”拉特利夫说。\n\nAtavist.com目前有13个员工，大部分人是Creatavist团队的。虽然相比Narratively.com这家公司的盈利模式更偏技术，但它的内容平台本身也是也一个成功的典范。这上面曾经发布的一个故事叫《我母亲的爱》，作者大卫•多波斯用丰富的影像资料和上万字讲述了二战时期他母亲和一个空军外科医生的爱情故事。其中最动人的莫过于作者徐徐朗读自己文章的声音，那饱含感情的一字一句滑过他及母亲生命的点点滴滴，让读者亲临他和两个老人的内心世界，非任何人可以替代。\n\n“我们想让读者知道，在这个时代我们不仅可以选择故事，更可以自己打造看故事的方式，”拉特利夫说。\n\n \n\n速读时代的深阅读需求\n\n约翰森•马勒曾于不久前在《纽约时报》撰文点评如雨后春笋一般新生的长篇新闻媒体。他在文中指出：“当人们特别迷恋某样事物时，最后总免不了演变成一场陶醉于这个点子而不是关注这个事物本身的盛宴。”他表达了对长篇作为独立形式存在发展的担忧，害怕这类新闻成为记者自我英雄化的内容载体。\n\n“他表达的意思很显然，就是长篇新闻不一定都是好新闻。但是，谁不知道这个呢？”哥伦比亚大学新闻学院客座教授、《哥伦比亚新闻评论》前主编迈克•霍特回应说。“世上有很多故事可以而且应当被简短地描述出来，但也有很多不能。而且现在大众对深度新闻有更高的需求。”\n\n霍特是长篇深度报道在新媒体时代复兴的积极拥护者。去年，他和另一位教授马克•谢皮罗，以及两个哥大毕业生共同创办了网站TheBigRoundtable.com，收集和发布优秀的长篇报道作品。其中一个哥大毕业生安娜•海耶特是哥大Tow数字媒体研究中心的学者，围绕新媒体环境下的长篇新闻做了一系列案例研究。“长篇新闻从来就没有消失过，它的市场一直存在”，她说，“不过，传统媒体和新媒体在制作这类内容上的代价不同。后者的运作效率也许更高，因为他们对故事呈现形式的选择更灵活；而诸如《纽约时报》那样的大媒体可能在选择和编排上受的局限更多，考虑一个选题时也会更谨慎。这也是我们为什么会看到创新型媒体在这领域快速成长的原因。”\n\n根据Narratively.com的统计，这个平台35%的访问流量来自移动设备。每周发出的两封订阅邮件有高达37.5%的打开率，而且在之后一两周内还会上升。每天中午11至12点是阅读高峰，因为那是多数人休息和午餐的时间。\n\n“从网站上线开始就有很多人问：你们什么时候来柏林？上海？伦敦？”Narratively.com创始人卢森伯格说。虽然现在大部分故事还是关于纽约，但他们也开始接受来自美国其他城市甚至世界各地的投稿。相应地，网站流量的来源也更多元化了。\n\n“下周我们还要上线新的筛选和搜索功能，以后读者可以按地点，话题，作者和故事形式来查找故事，”他告诉我。“同时我们也要上线‘故事集‘功能。比如每年情人节，我们就能整合过去一年里推出的所有和爱有关的故事，重新打包成集合。”\n\n和纸质书危机一样，人们对长篇的质疑自互联网时代步入繁盛以来就从未停止。但正如这个领域的创业家和学者们所言，“长篇”是个最笼统和偷懒的概括，它所指的真实对象其实是必须花时间和精力才能讲明白的人和事，与其叫长篇，不如称之为“深阅读”。这种写作不是文字的堆砌，而是和140字的推特一样在用最简洁的话叙述最重要的东西。速读时代时光有限，但学会了对时间进行零存整取的读者正在让长篇新闻重新回归主流。','/assets/imgs/family/6.jpg','2017-05-12 00:00:00','2017-05-27 00:00:00',2,'2017-05-17 17:35:39',2,'2017-05-17 17:35:39'),(0000000040,121,'aaa','aaaa','/assets/imgs/family/5.jpg','2017-05-06 00:00:00','2017-05-06 00:00:00',2,'2017-05-18 10:01:02',2,'2017-05-18 10:01:02'),(0000000041,121,'aaa','aaaa','/assets/imgs/family/5.jpg','2017-05-06 00:00:00','2017-05-06 00:00:00',2,'2017-05-18 10:01:03',2,'2017-05-18 10:01:03'),(0000000042,121,'qqq','qqq','/assets/imgs/family/7.jpg','2017-05-06 00:00:00','2017-05-25 00:00:00',2,'2017-05-18 10:48:11',2,'2017-05-18 10:48:11'),(0000000043,121,'qqq','qqq','/assets/imgs/family/7.jpg','2017-05-06 00:00:00','2017-05-25 00:00:00',2,'2017-05-18 10:48:17',2,'2017-05-18 10:48:17'),(0000000044,121,'qwq','qwq','/assets/imgs/family/5.jpg','2017-05-18 00:00:00','2017-05-20 00:00:00',2,'2017-05-18 10:49:50',2,'2017-05-18 10:49:50'),(0000000045,121,'qwq','qwq','/assets/imgs/family/3.jpg','2017-05-06 00:00:00','2017-05-13 00:00:00',2,'2017-05-18 11:01:53',2,'2017-05-18 11:01:53'),(0000000046,121,'啊啊啊','啊啊啊','/assets/imgs/family/6.jpg','2017-05-12 00:00:00','2017-05-27 00:00:00',2,'2017-05-18 16:49:15',2,'2017-05-18 16:49:15'),(0000000047,121,'哈哈哈','湖广会馆','/assets/imgs/family/3.jpg','2017-05-06 00:00:00','2017-05-13 00:00:00',2,'2017-05-18 16:51:31',2,'2017-05-18 16:51:31'),(0000000048,121,'哈哈','大蒜','/assets/imgs/family/6.jpg','2017-06-03 00:00:00','2017-06-02 00:00:00',2,'2017-06-01 14:14:23',2,'2017-06-01 14:14:23');
/*!40000 ALTER TABLE `gener_activity` ENABLE KEYS */;
UNLOCK TABLES;

--
-- Table structure for table `gener_auth`
--

DROP TABLE IF EXISTS `gener_auth`;
/*!40101 SET @saved_cs_client     = @@character_set_client */;
/*!40101 SET character_set_client = utf8 */;
CREATE TABLE `gener_auth` (
  `id` int(10) unsigned NOT NULL AUTO_INCREMENT,
  `auth` varchar(500) COLLATE utf8mb4_unicode_ci NOT NULL,
  `create_time` datetime NOT NULL,
  `userId` int(11) NOT NULL,
  `operateId` int(11) NOT NULL,
  PRIMARY KEY (`id`)
) ENGINE=InnoDB AUTO_INCREMENT=32 DEFAULT CHARSET=utf8mb4 COLLATE=utf8mb4_unicode_ci;
/*!40101 SET character_set_client = @saved_cs_client */;

--
-- Dumping data for table `gener_auth`
--

LOCK TABLES `gener_auth` WRITE;
/*!40000 ALTER TABLE `gener_auth` DISABLE KEYS */;
INSERT INTO `gener_auth` VALUES (1,'kKlVk3MO5hGttlMuQqVQ1biA','2017-04-17 11:55:35',0,1),(2,'ODDG633qOpj7t4VymzPVMiJabybnQM9snPyrTYdggkJkdgGNfuG0MoaXWmiL6sbtfJV7G6nWr4fFkVqAo4A8sL3n5m6bOiF20y9','2017-04-17 12:29:39',0,1),(3,'HlsKUD4oWARa_hNqBMZmIRz6tcmRFKdl3G4Yi8kcJ9nHr860U4nAVWHn71dNLq6P5bLnk4A1eXJF3QGXU2wOZc95dmSZMZNS8xdt','2017-04-17 12:30:39',225,1),(5,'Yehdm0pidDVOHjHSAxgQWCq7ZCNI69T3n9hK9H0niVaZdRQOm5ChH1oFDamKjeNHo2qyJqV0k4_yWOkgUXyAYXeA5AipP45c6vKQ','2017-04-17 16:06:56',2,2),(6,'my39AHajpYBXMRilV0EA8KiMZc0tixsE3vODaYXzUwvFmNfOEQWm6GkiHOBceegK0TUYOsRjXvGJvVw7KquR5P8MBJZPYdxY5qV','2017-04-19 15:21:00',228,1),(7,'1d4kE1jf8jHSAXAg7LOJrLtZP0wspfErsJL5K3kTm0KWYja42ZNuIfsvfYYEcB3FiPK1S2Ud3D8Wi3ZfQrY3UriRoX1Z_GfOogF','2017-04-19 15:25:37',229,1),(8,'r9SvM_uGhxDxm3uqXWIMiEOfCsupRL2hVVMFUekaMYI7axX4eImSuBtW4TMPW1IPNmI0HTNDzUDKqzOEf9vJLYEPPoDJqkxcHec','2017-04-19 15:27:39',230,1),(9,'cnl66hgxu3bshkSc9uDA8M4voXoKuKWLxlvw6vtujpHFLPutvWIV9rIrQBj156U92dgNiBNnXviUxE8Pcda7y_IgD7Dd4nesYYp','2017-04-28 14:51:02',234,1),(10,'NiHqAeqi0WVTrUkk77Ev9rJARgpMG2yYJYxYnQZhKRJC91JgGdq5X5NfuxVw3Seobmc9EW_lx7mfo0sO6oOb91GGXbKNpJ9B4','2017-04-28 14:54:04',235,1),(11,'mKIhI1OQo1dpu0vTOH0PlHKxpwW7Fwc0eVhXW3Mj5ZIzZbqLTrzd6hKwOFEs9RsoKJjEN3XS0Ep_PPKHfhUlzDSlgvNpkdN2X5HI','2017-04-28 15:03:14',236,1),(12,'KeWliMZAVkp1VjyBE1udqWyBMiM5UcWCrRXKBViveIx704IE5bSv5o5SHSXz2S9uH5ch_vMcbijbm0PrbFWh208JS4hVWrnBwASv','2017-04-28 15:07:57',237,1),(13,'IeV0qf0eGcUBtXCCFsGWmAlJ9Si0llD2Aw2_L3dqg6K1BkG2_BozW6JMoJ6Jk8hRbgAfu_vA_dCAxgCwR_3M5MwtuDbOMtDXKcb','2017-04-28 15:15:09',238,1),(14,'G1WLJDUk91A59DRmQ6_9NdkNIzAye1t_K4S3eUDj1f91CZ8B6VOrHure2qNhrfgak6dy_RS0501IZah443vLxX_AmMSN6Yk','2017-04-28 15:16:21',239,1),(15,'daTb0Kc6KdOHo3Ls7fbFbaexX4jXbffoq6AqQMwy_iemm_Oue_7p9lX4qeBueZUlxiaiPIg6XCtVpX7o3xxpsBPHAo9Pm18Tkia','2017-04-28 15:18:57',240,1),(16,'cbGN9UnKpEkWtjZdoKKScm26wC2ePdr_Ud8MAT9cb4Gv1UUMDLZZNY3iz5wmiYla9uXKl4Wx9B0btUX4DU1pQ5HoacKt84Eiyz0','2017-04-28 15:19:50',241,1),(17,'9gUTGQB8LeYIYUuVnfcPYP12Ji9jYmH6DAZipyr8NnQJfiDCyQquDrwkJGDG1jMFTKXghmp2KeMZxoA3c_yPq387JLNL3yoWgkbx','2017-04-28 15:21:49',242,1),(18,'mdCax8cwy00LiZRGh8pYpaN0yWBncPiz0UJy0W3zX3id18UigifFt1G0Xgn73GH4zoCzjG6eKpsLxk2ODis5j75fntmq72uHq5eK','2017-04-28 15:22:36',243,1),(19,'DcJ_pAXLWfpjspAXxJiYNUwKPvpe3ODG_kEoVz7QOw7fWHarptobmVV9pins564kKtdhA1458kQvrdZQojKis7BQzGQFL8oclF','2017-04-28 15:23:26',244,1),(20,'HBApPknlJXpVVXJj_SrICdrFLQz9LwQk5e8qBu7wT1qPKJNB9ubmWQ5Ko5T7CIsHWB5w4c0XeqLZ8wyhJEVxKDVPv1pcu574aD','2017-04-28 15:30:31',245,1),(21,'Bak0hsvni1yPPS_k5pbhZNUgdL6BVHMdI1FcpXdXL1OJlOPLZ4ILZYYJY3iRL33s5IEuERpoTc5c_VYYZEHXBEExHXnq_qS37u','2017-04-28 15:31:44',246,1),(22,'7G59ndbrEl8wPLmRrsIrXCDLRNJkjsBr7HAuUMVx511UNnKcQqEL1fvS1calFMMMslfl58TbaU3XgN84cMQe0j42vfn908Vst8Oz','2017-04-28 15:32:44',247,1),(23,'BKDFxnMuomVdgmpjMcPt9BwoWZLaFBLfknUSKEk7ekfAKzlWmP3XjrShb0XNMa572YSHhZGviW41tpXQcMvrCNCDInnStuVplA','2017-04-28 15:34:49',248,1),(25,'XU1Kxxgn6kOgAZH3n_QT9hTIIbbMvD1qv391AqoGKaXj8CmvAbmKteqaqCWVdYkJtKAT7fCiaVqMgWksh3Wvu4V5_OiW60WALur','2017-04-28 16:29:38',250,1),(26,'C7H8KbW0Folr39quCiBrfYJPi2yUMBuThDBtxC6WYy_5YsHf27u_QigPkPH5o9ZGMz7i9ec5MbbJETYG_rEOKVC3Ih85r6McFUv','2017-04-28 16:30:44',251,1),(27,'QAal8zdZGisXAJ1RCUTHNhlAKVGg_NQPl_9uymrcFT8dA92b2WTQbcoW52a4Q_TaZ0Evn3I1WQevZhH0cyQnLciRfsV3rMeoNSU8','2017-04-28 16:31:42',252,1),(28,'hS_ijQyPUB8IaD7cxUGxrKuW8GjoAtrSjp8DeGr7gzQrbXDIQhdfIa8mtxWXYMfmVTAAiIRSwg1rTJg8Xw8EGg_8OU3KFi4zaF7','2017-04-28 16:40:06',253,1),(29,'2Ew97suCSBLQFrJF7SlVDIdoa401kM8moFww5_6YzSNchuRplbiYTwl1Am3U6cfvRLXJ6ThYEtd7jDsuWpmqKo_5sTcE7HuTHpB','2017-05-03 18:12:24',254,1),(31,'Ra2KVHinwLxoDxQxEAH1OU5aFpgJZ1y73g0LzogjVFXqts3185Q0aFA_WhXXP3_34KCs_WmDRM4hQ6qVXr4W4EVVRWJUUMYDn','2017-05-12 13:41:28',262,1);
/*!40000 ALTER TABLE `gener_auth` ENABLE KEYS */;
UNLOCK TABLES;

--
-- Table structure for table `gener_eventEditHistory`
--

DROP TABLE IF EXISTS `gener_eventEditHistory`;
/*!40101 SET @saved_cs_client     = @@character_set_client */;
/*!40101 SET character_set_client = utf8 */;
CREATE TABLE `gener_eventEditHistory` (
  `id` int(50) NOT NULL AUTO_INCREMENT,
  `eventId` int(30) NOT NULL,
  `exp_time` date NOT NULL,
  `exp_name` varchar(100) CHARACTER SET utf8mb4 NOT NULL,
  `exp_content` text CHARACTER SET utf8mb4 NOT NULL,
  `edit_type` int(10) NOT NULL,
  `writer` int(30) NOT NULL,
  `create_by` int(30) NOT NULL,
  `create_time` datetime NOT NULL,
  `update_by` int(30) NOT NULL,
  `update_time` datetime NOT NULL,
  PRIMARY KEY (`id`),
  KEY `fk_gener_eventEditHistory_1_idx` (`eventId`),
  KEY `fk_gener_eventEditHistory_writer_idx` (`writer`),
  CONSTRAINT `fk_gener_eventEditHistory_1` FOREIGN KEY (`eventId`) REFERENCES `gener_significantEvent` (`id`) ON DELETE CASCADE ON UPDATE NO ACTION,
  CONSTRAINT `fk_gener_eventEditHistory_writer` FOREIGN KEY (`writer`) REFERENCES `gener_user` (`id`) ON DELETE NO ACTION ON UPDATE NO ACTION
) ENGINE=InnoDB AUTO_INCREMENT=308 DEFAULT CHARSET=utf8mb4 COLLATE=utf8mb4_unicode_ci;
/*!40101 SET character_set_client = @saved_cs_client */;

--
-- Dumping data for table `gener_eventEditHistory`
--

LOCK TABLES `gener_eventEditHistory` WRITE;
/*!40000 ALTER TABLE `gener_eventEditHistory` DISABLE KEYS */;
INSERT INTO `gener_eventEditHistory` VALUES (302,282,'2017-06-01','这是大事件的第一个版本','&lt;p&gt;哈哈哈哈&lt;/p&gt;\n&lt;p&gt;&amp;nbsp;&lt;/p&gt;\n&lt;p&gt;这是大事件的第一个版本&lt;/p&gt;\n&lt;p&gt;&amp;nbsp;&lt;/p&gt;\n&lt;p&gt;&amp;nbsp;&lt;/p&gt;\n&lt;p&gt;第一个版本的内容是这样的&lt;/p&gt;\n&lt;p&gt;&amp;nbsp;&lt;/p&gt;\n&lt;p&gt;&amp;nbsp;&lt;/p&gt;\n&lt;p&gt;打啊啊 爱迪生啊&lt;/p&gt;',0,2,2,'2017-06-05 10:58:10',2,'2017-06-05 10:58:10'),(303,282,'2017-06-01','这是大事件的第二个版本','&lt;p&gt;哈哈哈哈&lt;/p&gt;\n&lt;p&gt;&amp;nbsp;&lt;/p&gt;\n&lt;p&gt;这是大事件的第二个版本&lt;/p&gt;\n&lt;p&gt;&amp;nbsp;&lt;/p&gt;\n&lt;p&gt;&amp;nbsp;&lt;/p&gt;\n&lt;p&gt;第二个版本的内容是这样的&lt;/p&gt;\n&lt;p&gt;&amp;nbsp;&lt;/p&gt;\n&lt;p&gt;&amp;nbsp;&lt;/p&gt;\n&lt;p&gt;打啊啊 爱迪生啊&lt;/p&gt;',1,2,2,'2017-06-05 11:05:53',2,'2017-06-05 11:05:53'),(304,282,'2017-06-01','这是大事件的第三个版本','&lt;p&gt;哈哈哈哈&lt;/p&gt;\n&lt;p&gt;&amp;nbsp;&lt;/p&gt;\n&lt;p&gt;这是大事件的第三个版本&lt;/p&gt;\n&lt;p&gt;&amp;nbsp;&lt;/p&gt;\n&lt;p&gt;&amp;nbsp;&lt;/p&gt;\n&lt;p&gt;第三个版本的内容是这样的&lt;/p&gt;\n&lt;p&gt;&amp;nbsp;&lt;/p&gt;\n&lt;p&gt;&amp;nbsp;&lt;/p&gt;\n&lt;p&gt;打啊啊 爱迪生啊&lt;/p&gt;',1,2,2,'2017-06-06 10:35:08',2,'2017-06-06 10:35:08'),(305,282,'2017-06-01','这是大事件的第三个版本','&lt;p&gt;哈哈哈哈&lt;/p&gt;\n&lt;p&gt;&amp;nbsp;&lt;/p&gt;\n&lt;p&gt;这是大事件的第三个版本&lt;/p&gt;\n&lt;p&gt;&amp;nbsp;&lt;/p&gt;\n&lt;p&gt;&amp;nbsp;&lt;/p&gt;\n&lt;p&gt;第三个版本的内容是这样的&lt;/p&gt;\n&lt;p&gt;&amp;nbsp;&lt;/p&gt;\n&lt;p&gt;&amp;nbsp;&lt;/p&gt;\n&lt;p&gt;打啊啊 爱迪生啊&lt;/p&gt;',1,2,2,'2017-06-06 10:35:17',2,'2017-06-06 10:35:17'),(306,282,'2017-06-01','这是大事件的第三个版本','&lt;p&gt;哈哈哈哈&lt;/p&gt;\n&lt;p&gt;&amp;nbsp;&lt;/p&gt;\n&lt;p&gt;这是大事件的第三个版本&lt;/p&gt;\n&lt;p&gt;&amp;nbsp;&lt;/p&gt;\n&lt;p&gt;&amp;nbsp;&lt;/p&gt;\n&lt;p&gt;第三个版本的内容是这样的&lt;/p&gt;\n&lt;p&gt;&amp;nbsp;&lt;/p&gt;\n&lt;p&gt;&amp;nbsp;&lt;/p&gt;\n&lt;p&gt;打啊啊 爱迪生啊&lt;/p&gt;',1,2,2,'2017-06-06 10:35:43',2,'2017-06-06 10:35:43'),(307,283,'2017-06-01','哈哈的大事件','&lt;p&gt;哈哈哈哈哈哈哈哈哈哈&lt;/p&gt;',0,2,2,'2017-06-07 10:26:59',2,'2017-06-07 10:26:59');
/*!40000 ALTER TABLE `gener_eventEditHistory` ENABLE KEYS */;
UNLOCK TABLES;

--
-- Table structure for table `gener_family`
--

DROP TABLE IF EXISTS `gener_family`;
/*!40101 SET @saved_cs_client     = @@character_set_client */;
/*!40101 SET character_set_client = utf8 */;
CREATE TABLE `gener_family` (
  `id` int(30) unsigned NOT NULL AUTO_INCREMENT,
  `name` varchar(100) CHARACTER SET utf8mb4 NOT NULL,
  `password` varchar(100) CHARACTER SET utf8 NOT NULL,
  `min_level` int(10) NOT NULL,
  `max_level` int(10) NOT NULL,
  `permission` int(10) NOT NULL,
  `originator` int(30) NOT NULL,
  `member_count` int(11) NOT NULL,
  `description` varchar(100) COLLATE utf8mb4_unicode_ci NOT NULL,
  `photo` varchar(255) COLLATE utf8mb4_unicode_ci NOT NULL,
  `is_delete` int(11) NOT NULL DEFAULT '0',
  `create_by` int(30) NOT NULL,
  `create_time` datetime NOT NULL,
  `update_by` int(30) NOT NULL,
  `update_time` datetime NOT NULL,
  PRIMARY KEY (`id`),
  KEY `fk_gener_testFamily_originator_idx` (`originator`)
) ENGINE=InnoDB AUTO_INCREMENT=141 DEFAULT CHARSET=utf8mb4 COLLATE=utf8mb4_unicode_ci;
/*!40101 SET character_set_client = @saved_cs_client */;

--
-- Dumping data for table `gener_family`
--

LOCK TABLES `gener_family` WRITE;
/*!40000 ALTER TABLE `gener_family` DISABLE KEYS */;
INSERT INTO `gener_family` VALUES (65,'123','q789456123',0,0,0,6,0,'','',0,6,'2016-11-12 16:47:50',6,'2016-11-12 16:47:50'),(66,'123','q789456123',0,0,0,6,0,'','',0,6,'2016-11-12 16:49:49',6,'2016-11-12 16:49:49'),(67,'周家','123456',-1,1,0,159,0,'','',0,159,'2016-11-19 11:54:25',159,'2016-11-19 11:54:25'),(73,'haha','123456',-3,0,0,2,0,'','',0,2,'2016-11-19 18:23:52',2,'2016-11-19 18:23:52'),(74,'周家2','123456',-1,1,0,159,0,'','',0,159,'2016-11-26 15:40:14',159,'2016-11-26 15:40:14'),(76,'%E5%91%A8%E5%AE%B62','123456',0,0,0,171,0,'','',0,171,'2016-12-10 12:45:05',171,'2016-12-10 12:45:05'),(79,'周家5','123456',-1,0,0,171,0,'','',0,171,'2016-12-24 13:48:11',171,'2016-12-24 13:48:11'),(83,'hqhq','babana',0,0,0,2,0,'','',0,2,'2017-01-14 12:37:52',2,'2017-01-14 12:37:52'),(84,'jsbnw','gwhjw',0,0,0,2,0,'','',0,2,'2017-01-14 12:39:03',2,'2017-01-14 12:39:03'),(85,'vbbb','vbhh',0,0,0,2,0,'','',0,2,'2017-01-14 12:39:55',2,'2017-01-14 12:39:55'),(86,'龚','123456',-1,0,0,184,0,'','',0,184,'2017-01-14 15:41:35',184,'2017-01-14 15:41:35'),(89,'182666781@qq.com','123',-1,0,0,185,0,'','',0,185,'2017-01-16 10:26:49',185,'2017-01-16 10:26:49'),(92,'hh','qqq',-1,0,0,186,0,'','',0,186,'2017-01-18 11:20:58',186,'2017-01-18 11:20:58'),(93,'周家14','123456',-1,1,0,171,0,'','',0,171,'2017-01-18 17:37:14',171,'2017-01-18 17:37:14'),(94,'老周','123466',-2,0,0,191,0,'','',0,191,'2017-01-31 13:33:09',191,'2017-01-31 13:33:09'),(99,'注册','123456',0,1,0,200,0,'','',0,200,'2017-02-13 16:05:38',200,'2017-02-13 16:05:38'),(100,'9','999',0,0,0,185,0,'','',0,185,'2017-02-17 14:12:30',185,'2017-02-17 14:12:30'),(101,'周家14','123456',-1,1,0,171,0,'','',0,171,'2017-02-17 17:09:52',171,'2017-02-17 17:09:52'),(102,'老赵家','123456',-4,1,0,3,0,'仁义礼','',0,3,'2017-02-17 17:39:18',3,'2017-02-17 17:39:18'),(106,'jiang','123456',-1,0,0,213,0,'','',0,213,'2017-03-21 15:23:28',213,'2017-03-21 15:23:28'),(108,'1','1',-1,0,0,207,0,'','',0,207,'2017-03-23 21:54:08',207,'2017-03-23 21:54:08'),(113,'2','2',0,0,0,207,0,'','',0,207,'2017-04-11 11:30:36',207,'2017-04-11 11:30:36'),(114,'周1','123456',-1,0,0,214,0,'','',0,214,'2017-04-11 15:39:09',214,'2017-04-11 15:39:09'),(115,'z','123456',0,0,0,226,0,'','',0,226,'2017-04-19 14:57:52',226,'2017-04-19 14:57:52'),(116,'饿得','zzzzz',0,0,0,214,0,'','',0,214,'2017-04-19 19:27:29',214,'2017-04-19 19:27:29'),(121,'乐观家族','',0,2,0,2,0,'我被指定成管理员啦','/images/upload/2/1493114646hiSZa5csYGuqhcc8CH72R502',0,2,'2017-04-25 18:05:14',2,'2017-04-25 18:05:14'),(122,'1','1',-1,0,0,227,0,'','',0,227,'2017-04-26 10:48:06',227,'2017-04-26 10:48:06'),(123,'贾府','',-1,4,0,231,0,'红楼梦贾府','/assets/imgs/family/8.jpg',0,231,'2017-04-26 14:25:21',231,'2017-04-26 14:25:21'),(126,'周家3','123456',0,0,0,171,0,'','',0,171,'2017-05-09 15:59:05',171,'2017-05-09 15:59:05'),(128,'周家2','123456',-2,1,0,171,0,'','',0,171,'2017-05-09 16:29:54',171,'2017-05-09 16:29:54'),(137,'测试删除','',0,2,0,2,0,'111','/assets/imgs/family/8.jpg',0,2,'2017-05-10 10:16:41',2,'2017-05-10 10:16:41'),(138,'老李家','',-2,1,0,3,0,'发建章','/assets/imgs/family/1.jpg',0,3,'2017-05-10 17:41:59',3,'2017-05-10 17:41:59'),(139,'kellen家族','',0,0,0,260,0,'很好的家族','/assets/imgs/family/8.jpg',0,260,'2017-05-11 13:06:32',260,'2017-05-11 13:06:32'),(140,'dasd','',0,0,0,184,0,'asda','/assets/imgs/family/3.jpg',0,184,'2017-05-11 18:37:41',184,'2017-05-11 18:37:41');
/*!40000 ALTER TABLE `gener_family` ENABLE KEYS */;
UNLOCK TABLES;

--
-- Table structure for table `gener_familyAdmin`
--

DROP TABLE IF EXISTS `gener_familyAdmin`;
/*!40101 SET @saved_cs_client     = @@character_set_client */;
/*!40101 SET character_set_client = utf8 */;
CREATE TABLE `gener_familyAdmin` (
  `id` int(30) NOT NULL AUTO_INCREMENT,
  `familyId` int(30) unsigned NOT NULL,
  `adminId` int(30) NOT NULL,
  `create_by` int(30) NOT NULL,
  `create_time` datetime NOT NULL,
  `update_by` int(30) NOT NULL,
  `update_time` datetime NOT NULL,
  PRIMARY KEY (`id`),
  KEY `fk_gener_familyAdmin_1_idx` (`familyId`),
  KEY `fk_gener_familyAdmin_admin_idx` (`adminId`),
  KEY `fk_gener_familyAdmin_user_idx` (`create_by`),
  KEY `fk_gener_familyAdmin_updateBy_idx` (`update_by`),
  CONSTRAINT `fk_gener_familyAdmin_admin` FOREIGN KEY (`adminId`) REFERENCES `gener_user` (`id`) ON DELETE NO ACTION ON UPDATE NO ACTION,
  CONSTRAINT `fk_gener_familyAdmin_createBy` FOREIGN KEY (`create_by`) REFERENCES `gener_user` (`id`) ON DELETE NO ACTION ON UPDATE NO ACTION,
  CONSTRAINT `fk_gener_familyAdmin_family` FOREIGN KEY (`familyId`) REFERENCES `gener_family` (`id`) ON DELETE CASCADE ON UPDATE NO ACTION,
  CONSTRAINT `fk_gener_familyAdmin_updateBy` FOREIGN KEY (`update_by`) REFERENCES `gener_user` (`id`) ON DELETE NO ACTION ON UPDATE NO ACTION
) ENGINE=InnoDB AUTO_INCREMENT=67 DEFAULT CHARSET=utf8mb4 COLLATE=utf8mb4_unicode_ci;
/*!40101 SET character_set_client = @saved_cs_client */;

--
-- Dumping data for table `gener_familyAdmin`
--

LOCK TABLES `gener_familyAdmin` WRITE;
/*!40000 ALTER TABLE `gener_familyAdmin` DISABLE KEYS */;
INSERT INTO `gener_familyAdmin` VALUES (8,99,200,200,'2017-02-13 16:05:38',200,'2017-02-13 16:05:38'),(9,100,185,185,'2017-02-17 14:12:30',185,'2017-02-17 14:12:30'),(10,101,171,171,'2017-02-17 17:09:52',171,'2017-02-17 17:09:52'),(13,102,3,3,'2017-02-17 17:39:18',3,'2017-02-17 17:39:18'),(17,106,213,213,'2017-03-21 15:23:28',213,'2017-03-21 15:23:28'),(19,108,207,207,'2017-03-23 21:54:08',207,'2017-03-23 21:54:08'),(24,113,207,207,'2017-04-11 11:30:36',207,'2017-04-11 11:30:36'),(25,114,214,214,'2017-04-11 15:39:09',214,'2017-04-11 15:39:09'),(26,115,226,226,'2017-04-19 14:57:52',226,'2017-04-19 14:57:52'),(27,116,214,214,'2017-04-19 19:27:29',214,'2017-04-19 19:27:29'),(39,122,227,227,'2017-04-26 10:48:06',227,'2017-04-26 10:48:06'),(40,123,231,231,'2017-04-26 14:25:21',231,'2017-04-26 14:25:21'),(43,126,171,171,'2017-05-09 15:59:05',171,'2017-05-09 15:59:05'),(45,128,171,171,'2017-05-09 16:29:54',171,'2017-05-09 16:29:54'),(50,137,2,2,'2017-05-10 10:16:41',2,'2017-05-10 10:16:41'),(51,138,3,3,'2017-05-10 17:41:59',3,'2017-05-10 17:41:59'),(52,138,192,3,'2017-05-10 18:33:42',3,'2017-05-10 18:33:42'),(53,139,260,260,'2017-05-11 13:06:32',260,'2017-05-11 13:06:32'),(54,140,184,184,'2017-05-11 18:37:41',184,'2017-05-11 18:37:41'),(65,121,2,2,'2017-05-31 14:10:40',2,'2017-05-31 14:10:40'),(66,121,231,2,'2017-06-02 18:12:45',2,'2017-06-02 18:12:45');
/*!40000 ALTER TABLE `gener_familyAdmin` ENABLE KEYS */;
UNLOCK TABLES;

--
-- Table structure for table `gener_familyNews`
--

DROP TABLE IF EXISTS `gener_familyNews`;
/*!40101 SET @saved_cs_client     = @@character_set_client */;
/*!40101 SET character_set_client = utf8 */;
CREATE TABLE `gener_familyNews` (
  `id` int(11) NOT NULL AUTO_INCREMENT,
  `familyId` int(30) unsigned NOT NULL,
  `module` int(6) NOT NULL,
  `action` int(6) NOT NULL,
  `operatorId` int(30) NOT NULL,
  `thingId` int(30) NOT NULL COMMENT '存储的是被操作的事物的id',
  `thing_name` varchar(100) CHARACTER SET utf8mb4 NOT NULL,
  `extra_info1` varchar(255) CHARACTER SET utf8mb4 DEFAULT NULL COMMENT '额外信息1，例如某人为某人增加了照片，可以在这里存放照片的路径',
  `extra_info2` varchar(255) CHARACTER SET utf8mb4 DEFAULT NULL COMMENT '额外信息2',
  `create_by` int(30) NOT NULL,
  `create_time` datetime NOT NULL,
  `update_by` int(30) NOT NULL,
  `update_time` datetime NOT NULL,
  PRIMARY KEY (`id`),
  KEY `fk_gener_familyNews_familyId_idx` (`familyId`),
  KEY `fk_gener_familyNews_module_idx` (`module`),
  KEY `fk_gener_familyNews_action_idx` (`action`),
  CONSTRAINT `fk_gener_familyNews_action` FOREIGN KEY (`action`) REFERENCES `gener_action` (`action`) ON DELETE NO ACTION ON UPDATE NO ACTION,
  CONSTRAINT `fk_gener_familyNews_family` FOREIGN KEY (`familyId`) REFERENCES `gener_family` (`id`) ON DELETE CASCADE ON UPDATE NO ACTION,
  CONSTRAINT `fk_gener_familyNews_module` FOREIGN KEY (`module`) REFERENCES `gener_module` (`module`) ON DELETE NO ACTION ON UPDATE NO ACTION
) ENGINE=InnoDB AUTO_INCREMENT=2146 DEFAULT CHARSET=utf8mb4 COLLATE=utf8mb4_unicode_ci;
/*!40101 SET character_set_client = @saved_cs_client */;

--
-- Dumping data for table `gener_familyNews`
--

LOCK TABLES `gener_familyNews` WRITE;
/*!40000 ALTER TABLE `gener_familyNews` DISABLE KEYS */;
INSERT INTO `gener_familyNews` VALUES (1766,102,8,2,3,476,'赖章刚','','',3,'2017-04-10 17:43:15',3,'2017-04-10 17:43:15'),(1767,102,8,2,3,477,'赖菀滴','','',3,'2017-04-10 17:45:54',3,'2017-04-10 17:45:54'),(1768,102,8,2,3,478,'江黎黎','','',3,'2017-04-10 17:47:42',3,'2017-04-10 17:47:42'),(1769,102,8,2,3,479,'赵晨伊','','',3,'2017-04-10 17:50:25',3,'2017-04-10 17:50:25'),(1770,102,8,2,3,480,'王雪松','','',3,'2017-04-10 17:56:40',3,'2017-04-10 17:56:40'),(1771,102,8,2,3,481,'赵宝丹','','',3,'2017-04-10 17:58:25',3,'2017-04-10 17:58:25'),(1772,102,8,2,3,482,'陈小芳','','',3,'2017-04-10 17:58:50',3,'2017-04-10 17:58:50'),(1773,102,8,2,3,483,'曾晨','','',3,'2017-04-10 17:59:30',3,'2017-04-10 17:59:30'),(1774,102,8,2,3,484,'周周','','',3,'2017-04-10 18:01:02',3,'2017-04-10 18:01:02'),(1775,102,8,2,3,485,'周周','','',3,'2017-04-10 18:01:02',3,'2017-04-10 18:01:02'),(1781,108,8,2,207,486,'1','','',207,'2017-04-11 11:11:03',207,'2017-04-11 11:11:03'),(1782,108,8,2,207,487,'2','','',207,'2017-04-11 11:11:19',207,'2017-04-11 11:11:19'),(1785,114,8,2,214,492,'周兄','','',214,'2017-04-11 15:40:54',214,'2017-04-11 15:40:54'),(1786,114,8,1,214,492,'周兄','/images/upload/1491902268ZEhUw5v5dU0q8QTPo9HEM31F','',214,'2017-04-11 17:17:48',214,'2017-04-11 17:17:48'),(1825,121,8,2,2,521,'哈哈','','',2,'2017-04-25 18:06:03',2,'2017-04-25 18:06:03'),(1826,121,8,2,2,522,'配偶','','',2,'2017-04-25 18:10:10',2,'2017-04-25 18:10:10'),(1827,121,8,2,2,523,'族母','','',2,'2017-04-25 18:14:42',2,'2017-04-25 18:14:42'),(1828,121,4,8,2,110,'这里用来测试人物的大事件','','',2,'2017-04-25 18:27:02',2,'2017-04-25 18:27:02'),(1829,122,8,2,227,525,'1','','',227,'2017-04-26 10:48:19',227,'2017-04-26 10:48:19'),(1830,122,8,2,227,526,'2','','',227,'2017-04-26 10:48:30',227,'2017-04-26 10:48:30'),(1831,121,8,2,2,529,'兄弟','','',2,'2017-04-26 11:22:43',2,'2017-04-26 11:22:43'),(1832,121,8,2,2,530,'姐妹','','',2,'2017-04-26 11:23:07',2,'2017-04-26 11:23:07'),(1833,121,8,2,2,531,'姐妹','','',2,'2017-04-26 11:23:25',2,'2017-04-26 11:23:25'),(1834,121,8,2,2,532,'张大山','','',2,'2017-04-26 11:24:05',2,'2017-04-26 11:24:05'),(1835,121,8,2,2,533,'泮宫催','','',2,'2017-04-26 11:24:35',2,'2017-04-26 11:24:35'),(1836,123,8,2,231,535,'宁国公','','',231,'2017-04-26 14:26:24',231,'2017-04-26 14:26:24'),(1837,123,8,2,231,536,'贾代化','','',231,'2017-04-26 14:26:59',231,'2017-04-26 14:26:59'),(1838,123,8,2,231,537,'贾敷','','',231,'2017-04-26 14:27:31',231,'2017-04-26 14:27:31'),(1839,123,8,2,231,538,'贾敬','','',231,'2017-04-26 14:28:14',231,'2017-04-26 14:28:14'),(1840,123,8,2,231,539,'贾珍','','',231,'2017-04-26 14:29:35',231,'2017-04-26 14:29:35'),(1841,123,8,2,231,540,'贾惜春','','',231,'2017-04-26 14:30:06',231,'2017-04-26 14:30:06'),(1842,123,8,2,231,541,'贾蓉','','',231,'2017-04-26 14:30:46',231,'2017-04-26 14:30:46'),(1843,123,8,2,231,542,'秦可卿','','',231,'2017-04-26 14:31:35',231,'2017-04-26 14:31:35'),(1844,102,8,3,3,485,'周周','','',3,'2017-05-02 17:29:00',3,'2017-05-02 17:29:00'),(1845,121,4,8,2,111,'阿拉姆','','',2,'2017-05-03 11:03:45',2,'2017-05-03 11:03:45'),(1846,121,4,8,2,112,'在linux系统shell 命令行操作mongodb','','',2,'2017-05-03 11:09:37',2,'2017-05-03 11:09:37'),(1847,121,4,8,2,113,'在linux系统shell 命令行操作mongodb','','',2,'2017-05-03 11:09:50',2,'2017-05-03 11:09:50'),(1848,121,4,8,2,114,'在linux系统shell 命令行操作mongodb','','',2,'2017-05-03 11:10:32',2,'2017-05-03 11:10:32'),(1849,121,4,8,2,115,'在linux系统shell 命令行操作mongodb','','',2,'2017-05-03 11:10:44',2,'2017-05-03 11:10:44'),(1850,121,4,8,2,116,'怒海劫','','',2,'2017-05-03 11:19:22',2,'2017-05-03 11:19:22'),(1851,121,4,8,2,117,'雄安配套怎样的医疗教育资源 习近平指明方向','','',2,'2017-05-03 11:48:03',2,'2017-05-03 11:48:03'),(1852,121,4,8,2,118,'哈哈哈哈哈哈哈哈哈哈哈','','',2,'2017-05-03 12:00:50',2,'2017-05-03 12:00:50'),(1853,121,4,8,2,119,'大叔大婶阿萨德暗示阿萨德暗示  爱迪生啊十大十大撒旦阿萨德啊','','',2,'2017-05-03 12:03:32',2,'2017-05-03 12:03:32'),(1854,121,4,8,2,121,'哈哈哈','','',2,'2017-05-03 12:24:38',2,'2017-05-03 12:24:38'),(1855,121,4,8,2,122,'哈哈哈','','',2,'2017-05-03 12:58:18',2,'2017-05-03 12:58:18'),(1856,121,4,8,2,123,'哈哈哈哈','','',2,'2017-05-03 13:02:34',2,'2017-05-03 13:02:34'),(1857,121,4,8,2,124,'哈哈哈哈哈哈哈或或或','','',2,'2017-05-03 13:17:42',2,'2017-05-03 13:17:42'),(1858,121,4,8,2,125,'发生的撒旦阿萨德暗示大','','',2,'2017-05-03 13:53:52',2,'2017-05-03 13:53:52'),(1859,121,4,8,2,126,'望闻问切无群','','',2,'2017-05-03 13:58:33',2,'2017-05-03 13:58:33'),(1860,121,4,8,2,127,'望闻问切无群','','',2,'2017-05-03 13:58:39',2,'2017-05-03 13:58:39'),(1861,121,4,8,2,128,'发放','','',2,'2017-05-03 14:00:04',2,'2017-05-03 14:00:04'),(1862,121,4,8,2,129,'发放','','',2,'2017-05-03 14:00:06',2,'2017-05-03 14:00:06'),(1863,121,4,8,2,130,'打算大奥所大所多','','',2,'2017-05-03 14:03:46',2,'2017-05-03 14:03:46'),(1864,121,4,8,2,131,'打算大奥所大所多','','',2,'2017-05-03 14:03:47',2,'2017-05-03 14:03:47'),(1865,121,4,8,2,132,'大手大脚','','',2,'2017-05-03 14:06:11',2,'2017-05-03 14:06:11'),(1866,121,4,8,2,133,'大大撒多撒多所大撒多所大所','','',2,'2017-05-03 14:10:19',2,'2017-05-03 14:10:19'),(1867,121,4,8,2,134,'大大撒多撒多所大撒多所大所','','',2,'2017-05-03 14:10:20',2,'2017-05-03 14:10:20'),(1868,121,4,8,2,135,'方式十分大方的说法都是谁发的啥地方放大师傅的说法都是','','',2,'2017-05-03 14:14:06',2,'2017-05-03 14:14:06'),(1869,121,4,8,2,136,'方式十分大方的说法都是谁发的啥地方放大师傅的说法都是','','',2,'2017-05-03 14:14:07',2,'2017-05-03 14:14:07'),(1870,121,4,8,2,137,'打撒所大所多大撒所大所多','','',2,'2017-05-03 14:14:34',2,'2017-05-03 14:14:34'),(1871,121,4,8,2,138,'打撒所大所多大撒所大所多','','',2,'2017-05-03 14:14:38',2,'2017-05-03 14:14:38'),(1872,121,4,8,2,139,'打算大大撒大撒多撒多撒撒','','',2,'2017-05-03 14:15:42',2,'2017-05-03 14:15:42'),(1873,121,4,8,2,140,'打算大大撒大撒多撒多撒撒','','',2,'2017-05-03 14:17:37',2,'2017-05-03 14:17:37'),(1874,121,4,8,2,141,'李克强在山东关切的这件事出新措施了','','',2,'2017-05-03 16:28:25',2,'2017-05-03 16:28:25'),(1875,121,4,8,2,142,'李克强在山东关切的这件事出新措施了','','',2,'2017-05-03 16:28:28',2,'2017-05-03 16:28:28'),(1876,121,4,8,2,143,'李克强在山东关切的这件事出新措施了','','',2,'2017-05-03 16:28:30',2,'2017-05-03 16:28:30'),(1877,121,4,8,2,144,'李克强在山东关切的这件事出新措施了','','',2,'2017-05-03 16:28:37',2,'2017-05-03 16:28:37'),(1878,121,4,8,2,145,'李克强在山东关切的这件事出新措施了','','',2,'2017-05-03 16:31:02',2,'2017-05-03 16:31:02'),(1879,121,4,8,2,146,'李克强在山东关切的这件事出新措施了','','',2,'2017-05-03 16:32:31',2,'2017-05-03 16:32:31'),(1880,121,4,8,2,147,'李克强在山东关切的这件事出新措施了','','',2,'2017-05-03 16:32:36',2,'2017-05-03 16:32:36'),(1881,121,4,8,2,148,'李克强在山东关切的这件事出新措施了','','',2,'2017-05-03 16:36:05',2,'2017-05-03 16:36:05'),(1882,121,4,8,2,149,'李克强在山东关切的这件事出新措施了','','',2,'2017-05-03 16:37:10',2,'2017-05-03 16:37:10'),(1883,121,4,8,2,150,'李克强在山东关切的这件事出新措施了','','',2,'2017-05-03 16:39:39',2,'2017-05-03 16:39:39'),(1884,121,4,8,2,151,'李克强在山东关切的这件事出新措施了','','',2,'2017-05-03 16:39:49',2,'2017-05-03 16:39:49'),(1885,121,4,8,2,152,'李克强在山东关切的这件事出新措施了','','',2,'2017-05-03 16:40:47',2,'2017-05-03 16:40:47'),(1886,121,4,8,2,153,'李克强在山东关切的这件事出新措施了','','',2,'2017-05-03 16:41:33',2,'2017-05-03 16:41:33'),(1887,121,4,8,2,154,'测  敖德萨爱仕达爱仕达','','',2,'2017-05-03 16:43:16',2,'2017-05-03 16:43:16'),(1888,121,4,8,2,156,'打算大大所大所大所大撒所大多撒多所','','',2,'2017-05-03 17:12:46',2,'2017-05-03 17:12:46'),(1889,121,4,8,2,157,'打算大大所大所大所大撒所大多撒多所','','',2,'2017-05-03 17:12:47',2,'2017-05-03 17:12:47'),(1890,121,4,8,2,158,'答案是多多撒大所大所大撒多所大撒多撒多撒所大多撒所多大所','','',2,'2017-05-03 17:14:23',2,'2017-05-03 17:14:23'),(1891,121,4,8,2,160,'答案是大多撒多所','','',2,'2017-05-03 17:15:38',2,'2017-05-03 17:15:38'),(1892,121,4,8,2,162,'答案多所大所大所大所大所大撒所多','','',2,'2017-05-03 17:16:27',2,'2017-05-03 17:16:27'),(1893,121,4,8,2,163,'打撒所多多撒所大奥所多多撒大撒所','','',2,'2017-05-03 17:18:17',2,'2017-05-03 17:18:17'),(1894,121,4,8,2,164,'打撒大所多撒所多所','','',2,'2017-05-03 17:19:03',2,'2017-05-03 17:19:03'),(1895,121,4,8,2,165,'李克强','','',2,'2017-05-04 17:06:29',2,'2017-05-04 17:06:29'),(1896,121,4,8,2,166,'山东','','',2,'2017-05-04 17:06:51',2,'2017-05-04 17:06:51'),(1897,121,4,8,2,167,'山东李克强','','',2,'2017-05-04 17:08:28',2,'2017-05-04 17:08:28'),(1910,128,8,2,171,558,'周爸','','',171,'2017-05-09 17:43:56',171,'2017-05-09 17:43:56'),(1911,128,8,2,171,559,'周妈','','',171,'2017-05-09 17:44:27',171,'2017-05-09 17:44:27'),(1912,128,8,3,171,559,'周妈','','',171,'2017-05-09 17:44:48',171,'2017-05-09 17:44:48'),(1913,128,8,2,171,560,'周妈','','',171,'2017-05-09 17:46:40',171,'2017-05-09 17:46:40'),(1914,128,8,3,171,560,'周妈','','',171,'2017-05-09 17:48:32',171,'2017-05-09 17:48:32'),(1915,128,8,2,171,561,'周','','',171,'2017-05-09 17:57:50',171,'2017-05-09 17:57:50'),(1916,128,8,3,171,561,'周','','',171,'2017-05-09 18:01:16',171,'2017-05-09 18:01:16'),(1917,128,8,2,171,562,'周妈','','',171,'2017-05-09 18:04:03',171,'2017-05-09 18:04:03'),(1918,128,8,3,171,562,'周妈','','',171,'2017-05-09 18:22:44',171,'2017-05-09 18:22:44'),(1919,128,8,2,171,563,'周妈','','',171,'2017-05-09 18:36:31',171,'2017-05-09 18:36:31'),(1920,128,8,2,171,564,'周兄','','',171,'2017-05-09 18:37:50',171,'2017-05-09 18:37:50'),(1921,128,8,2,171,565,'周姐','','',171,'2017-05-09 18:38:36',171,'2017-05-09 18:38:36'),(1922,128,8,2,171,566,'爷爷','','',171,'2017-05-09 18:39:19',171,'2017-05-09 18:39:19'),(1923,137,8,2,2,568,'删除','','',2,'2017-05-10 10:40:01',2,'2017-05-10 10:40:01'),(1924,137,8,3,2,568,'删除','','',2,'2017-05-10 10:40:18',2,'2017-05-10 10:40:18'),(1925,137,8,2,2,569,'删除','','',2,'2017-05-10 10:41:39',2,'2017-05-10 10:41:39'),(1926,137,8,3,2,569,'删除','','',2,'2017-05-10 10:42:03',2,'2017-05-10 10:42:03'),(1927,137,8,2,2,570,'啊啊大','','',2,'2017-05-10 10:43:47',2,'2017-05-10 10:43:47'),(1928,137,8,4,2,570,'啊啊','','',2,'2017-05-10 10:48:37',2,'2017-05-10 10:48:37'),(1929,137,8,3,2,570,'啊啊','','',2,'2017-05-10 11:00:52',2,'2017-05-10 11:00:52'),(1930,137,8,3,2,570,'啊啊','','',2,'2017-05-10 11:06:05',2,'2017-05-10 11:06:05'),(1931,137,8,3,2,570,'啊啊','','',2,'2017-05-10 11:12:39',2,'2017-05-10 11:12:39'),(1932,138,8,2,3,572,'李惠英','','',3,'2017-05-10 17:44:23',3,'2017-05-10 17:44:23'),(1933,138,8,2,3,573,'赵贵生','','',3,'2017-05-10 17:45:12',3,'2017-05-10 17:45:12'),(1934,138,8,2,3,574,'李发桂','','',3,'2017-05-10 17:46:36',3,'2017-05-10 17:46:36'),(1935,138,8,2,3,575,'陈淑贞','','',3,'2017-05-10 17:47:32',3,'2017-05-10 17:47:32'),(1936,138,8,2,3,576,'李惠芳','','',3,'2017-05-10 17:48:49',3,'2017-05-10 17:48:49'),(1937,138,8,2,3,577,'李惠兰','','',3,'2017-05-10 17:50:09',3,'2017-05-10 17:50:09'),(1938,138,8,2,3,578,'李惠莲','','',3,'2017-05-10 17:51:06',3,'2017-05-10 17:51:06'),(1939,138,8,2,3,579,'李惠珍','','',3,'2017-05-10 17:51:52',3,'2017-05-10 17:51:52'),(1940,138,8,2,3,580,'李惠华','','',3,'2017-05-10 17:52:32',3,'2017-05-10 17:52:32'),(1941,138,8,2,3,581,'李建宁','','',3,'2017-05-10 17:52:58',3,'2017-05-10 17:52:58'),(1942,138,8,2,3,582,'李惠萍','','',3,'2017-05-10 17:53:43',3,'2017-05-10 17:53:43'),(1943,138,8,2,3,583,'李惠琳','','',3,'2017-05-10 17:54:26',3,'2017-05-10 17:54:26'),(1944,138,8,2,3,584,'周水生','','',3,'2017-05-10 17:55:47',3,'2017-05-10 17:55:47'),(1945,138,8,2,3,585,'孙燕林','','',3,'2017-05-10 17:56:36',3,'2017-05-10 17:56:36'),(1946,138,8,2,3,586,'温舰生','','',3,'2017-05-10 17:58:03',3,'2017-05-10 17:58:03'),(1947,138,8,2,3,587,'曾昌文','','',3,'2017-05-10 17:58:41',3,'2017-05-10 17:58:41'),(1948,138,8,2,3,588,'曾松林','','',3,'2017-05-10 17:59:24',3,'2017-05-10 17:59:24'),(1949,138,8,2,3,589,'彭红群','','',3,'2017-05-10 18:00:10',3,'2017-05-10 18:00:10'),(1950,138,8,2,3,590,'邓文海','','',3,'2017-05-10 18:00:58',3,'2017-05-10 18:00:58'),(1951,138,8,2,3,591,'卢辉','','',3,'2017-05-10 18:02:53',3,'2017-05-10 18:02:53'),(1952,138,8,2,3,592,'周晓军','','',3,'2017-05-10 18:03:29',3,'2017-05-10 18:03:29'),(1953,138,8,2,3,593,'周晓欢','','',3,'2017-05-10 18:04:06',3,'2017-05-10 18:04:06'),(1954,138,8,2,3,594,'孙冰','','',3,'2017-05-10 18:05:19',3,'2017-05-10 18:05:19'),(1955,138,8,2,3,595,'温宏','','',3,'2017-05-10 18:05:59',3,'2017-05-10 18:05:59'),(1956,138,8,2,3,596,'温群','','',3,'2017-05-10 18:06:54',3,'2017-05-10 18:06:54'),(1957,138,8,2,3,597,'曾义杰','','',3,'2017-05-10 18:07:46',3,'2017-05-10 18:07:46'),(1958,138,8,2,3,598,'曾宇乔','','',3,'2017-05-10 18:08:31',3,'2017-05-10 18:08:31'),(1959,138,8,2,3,599,'李杰懿','','',3,'2017-05-10 18:09:04',3,'2017-05-10 18:09:04'),(1960,138,8,2,3,600,'李铭忆','','',3,'2017-05-10 18:14:47',3,'2017-05-10 18:14:47'),(1961,138,8,2,3,601,'李章鑫','','',3,'2017-05-10 18:16:03',3,'2017-05-10 18:16:03'),(1962,138,8,2,3,602,'邓睿骐','','',3,'2017-05-10 18:16:36',3,'2017-05-10 18:16:36'),(1963,138,8,2,3,603,'卢宏豪','','',3,'2017-05-10 18:17:45',3,'2017-05-10 18:17:45'),(1964,138,8,2,3,604,'廖湘','','',3,'2017-05-10 18:18:21',3,'2017-05-10 18:18:21'),(1965,138,8,2,3,605,'赵祎涵','','',3,'2017-05-10 18:19:01',3,'2017-05-10 18:19:01'),(1966,138,8,2,3,606,'刘心怡','','',3,'2017-05-10 18:20:05',3,'2017-05-10 18:20:05'),(1967,138,8,2,3,607,'周子渊','','',3,'2017-05-10 18:20:54',3,'2017-05-10 18:20:54'),(1968,138,8,2,3,608,'谈荣慧','','',3,'2017-05-10 18:21:23',3,'2017-05-10 18:21:23'),(1969,138,8,2,3,609,'周思琪','','',3,'2017-05-10 18:23:09',3,'2017-05-10 18:23:09'),(1970,138,8,2,3,610,'卢锦玥','','',3,'2017-05-10 18:24:22',3,'2017-05-10 18:24:22'),(1971,138,8,1,3,571,'赵鑫烜','/images/upload/3/1494411880N3kcF47fCVpBcwLdELaq1NlR','',3,'2017-05-10 18:24:41',3,'2017-05-10 18:24:41'),(1972,138,9,5,3,192,'宁宁圈','','',3,'2017-05-10 18:33:42',3,'2017-05-10 18:33:42'),(1973,137,8,1,2,567,'jiang','/images/upload/2/137/14945579182Rx931eoQJR5LTCkTy48Xsjg','',2,'2017-05-12 10:58:39',2,'2017-05-12 10:58:39'),(1974,102,8,2,265,613,'王霄苒','','',265,'2017-05-12 17:08:45',265,'2017-05-12 17:08:45'),(1975,137,8,4,2,567,'jiang','','',2,'2017-05-16 16:08:07',2,'2017-05-16 16:08:07'),(1976,137,8,4,2,567,'jiang','','',2,'2017-05-16 16:19:40',2,'2017-05-16 16:19:40'),(1977,121,4,8,2,169,'厌倦碎片化，长篇新闻回归主流','','',2,'2017-05-17 15:25:21',2,'2017-05-17 15:25:21'),(1978,121,4,8,2,170,'厌倦碎片化，长篇新闻回归主流','','',2,'2017-05-17 15:27:36',2,'2017-05-17 15:27:36'),(1979,137,4,8,2,171,'厌倦碎片化，长篇新闻回归主流','','',2,'2017-05-17 15:50:23',2,'2017-05-17 15:50:23'),(1980,121,4,8,2,174,'映射容器端口到宿主主机的实现','','',2,'2017-05-17 17:43:55',2,'2017-05-17 17:43:55'),(1981,121,4,8,2,175,'映射容器端口到宿主主机的实现','','',2,'2017-05-17 17:43:57',2,'2017-05-17 17:43:57'),(1982,121,4,8,2,176,'映射容器端口到宿主主机的实现','','',2,'2017-05-17 17:44:04',2,'2017-05-17 17:44:04'),(1983,121,4,8,2,177,'映射容器端口到宿主主机的实现','','',2,'2017-05-17 17:44:08',2,'2017-05-17 17:44:08'),(1984,121,4,8,2,178,'映射容器端口到宿主主机的实现','','',2,'2017-05-17 17:44:09',2,'2017-05-17 17:44:09'),(1985,121,4,8,2,179,'映射容器端口到宿主主机的实现','','',2,'2017-05-17 17:44:10',2,'2017-05-17 17:44:10'),(1986,121,4,8,2,180,'映射容器端口到宿主主机的实现','','',2,'2017-05-17 17:44:10',2,'2017-05-17 17:44:10'),(1987,121,4,8,2,181,'映射容器端口到宿主主机的实现','','',2,'2017-05-17 17:44:11',2,'2017-05-17 17:44:11'),(1988,121,4,8,2,182,'映射容器端口到宿主主机的实现','','',2,'2017-05-17 17:44:11',2,'2017-05-17 17:44:11'),(1989,121,4,8,2,183,'映射容器端口到宿主主机的实现','','',2,'2017-05-17 17:44:11',2,'2017-05-17 17:44:11'),(1990,121,4,8,2,184,'映射容器端口到宿主主机的实现','','',2,'2017-05-17 17:44:11',2,'2017-05-17 17:44:11'),(1991,121,4,8,2,185,'映射容器端口到宿主主机的实现','','',2,'2017-05-17 17:44:11',2,'2017-05-17 17:44:11'),(1992,121,4,8,2,186,'映射容器端口到宿主主机的实现','','',2,'2017-05-17 17:44:11',2,'2017-05-17 17:44:11'),(1993,121,4,8,2,187,'映射容器端口到宿主主机的实现','','',2,'2017-05-17 17:44:12',2,'2017-05-17 17:44:12'),(1994,121,4,8,2,188,'映射容器端口到宿主主机的实现','','',2,'2017-05-17 17:44:12',2,'2017-05-17 17:44:12'),(1995,121,4,8,2,189,'映射容器端口到宿主主机的实现','','',2,'2017-05-17 17:44:12',2,'2017-05-17 17:44:12'),(1996,121,4,8,2,190,'映射容器端口到宿主主机的实现','','',2,'2017-05-17 17:44:12',2,'2017-05-17 17:44:12'),(1997,121,4,8,2,191,'映射容器端口到宿主主机的实现','','',2,'2017-05-17 17:44:12',2,'2017-05-17 17:44:12'),(1998,121,4,8,2,192,'映射容器端口到宿主主机的实现','','',2,'2017-05-17 17:44:12',2,'2017-05-17 17:44:12'),(1999,121,4,8,2,193,'映射容器端口到宿主主机的实现','','',2,'2017-05-17 17:44:13',2,'2017-05-17 17:44:13'),(2000,121,4,8,2,194,'映射容器端口到宿主主机的实现','','',2,'2017-05-17 17:44:13',2,'2017-05-17 17:44:13'),(2001,121,4,8,2,195,'映射容器端口到宿主主机的实现','','',2,'2017-05-17 17:44:13',2,'2017-05-17 17:44:13'),(2002,121,4,8,2,196,'映射容器端口到宿主主机的实现','','',2,'2017-05-17 17:44:14',2,'2017-05-17 17:44:14'),(2003,121,4,8,2,197,'映射容器端口到宿主主机的实现','','',2,'2017-05-17 17:44:14',2,'2017-05-17 17:44:14'),(2004,121,4,8,2,198,'映射容器端口到宿主主机的实现','','',2,'2017-05-17 17:44:14',2,'2017-05-17 17:44:14'),(2005,121,4,8,2,199,'映射容器端口到宿主主机的实现','','',2,'2017-05-17 17:44:14',2,'2017-05-17 17:44:14'),(2006,121,4,8,2,200,'映射容器端口到宿主主机的实现','','',2,'2017-05-17 17:44:15',2,'2017-05-17 17:44:15'),(2007,121,4,8,2,201,'映射容器端口到宿主主机的实现','','',2,'2017-05-17 17:44:15',2,'2017-05-17 17:44:15'),(2008,121,4,8,2,202,'映射容器端口到宿主主机的实现','','',2,'2017-05-17 17:44:15',2,'2017-05-17 17:44:15'),(2009,121,4,8,2,203,'映射容器端口到宿主主机的实现','','',2,'2017-05-17 17:44:15',2,'2017-05-17 17:44:15'),(2010,121,4,8,2,204,'映射容器端口到宿主主机的实现','','',2,'2017-05-17 17:44:15',2,'2017-05-17 17:44:15'),(2011,121,4,8,2,205,'映射容器端口到宿主主机的实现','','',2,'2017-05-17 17:44:15',2,'2017-05-17 17:44:15'),(2012,121,4,8,2,206,'映射容器端口到宿主主机的实现','','',2,'2017-05-17 17:44:16',2,'2017-05-17 17:44:16'),(2013,121,4,8,2,207,'映射容器端口到宿主主机的实现','','',2,'2017-05-17 17:44:16',2,'2017-05-17 17:44:16'),(2014,121,4,8,2,208,'映射容器端口到宿主主机的实现','','',2,'2017-05-17 17:44:16',2,'2017-05-17 17:44:16'),(2015,121,4,8,2,209,'映射容器端口到宿主主机的实现','','',2,'2017-05-17 17:44:16',2,'2017-05-17 17:44:16'),(2016,121,4,8,2,210,'映射容器端口到宿主主机的实现','','',2,'2017-05-17 17:44:16',2,'2017-05-17 17:44:16'),(2017,121,4,8,2,211,'映射容器端口到宿主主机的实现','','',2,'2017-05-17 17:44:17',2,'2017-05-17 17:44:17'),(2018,121,4,8,2,212,'映射容器端口到宿主主机的实现','','',2,'2017-05-17 17:44:17',2,'2017-05-17 17:44:17'),(2019,121,4,8,2,213,'映射容器端口到宿主主机的实现','','',2,'2017-05-17 17:44:17',2,'2017-05-17 17:44:17'),(2020,121,4,8,2,214,'映射容器端口到宿主主机的实现','','',2,'2017-05-17 17:44:17',2,'2017-05-17 17:44:17'),(2021,121,4,8,2,215,'映射容器端口到宿主主机的实现','','',2,'2017-05-17 17:44:17',2,'2017-05-17 17:44:17'),(2022,121,4,8,2,216,'映射容器端口到宿主主机的实现','','',2,'2017-05-17 17:44:18',2,'2017-05-17 17:44:18'),(2023,121,4,8,2,217,'映射容器端口到宿主主机的实现','','',2,'2017-05-17 17:44:18',2,'2017-05-17 17:44:18'),(2024,121,4,8,2,218,'映射容器端口到宿主主机的实现','','',2,'2017-05-17 17:44:18',2,'2017-05-17 17:44:18'),(2025,121,4,8,2,219,'映射容器端口到宿主主机的实现','','',2,'2017-05-17 17:44:18',2,'2017-05-17 17:44:18'),(2026,121,4,8,2,220,'映射容器端口到宿主主机的实现','','',2,'2017-05-17 17:44:18',2,'2017-05-17 17:44:18'),(2027,121,4,8,2,221,'映射容器端口到宿主主机的实现','','',2,'2017-05-17 17:44:19',2,'2017-05-17 17:44:19'),(2028,121,4,8,2,222,'映射容器端口到宿主主机的实现','','',2,'2017-05-17 17:44:19',2,'2017-05-17 17:44:19'),(2029,121,4,8,2,223,'映射容器端口到宿主主机的实现','','',2,'2017-05-17 17:44:19',2,'2017-05-17 17:44:19'),(2030,121,4,8,2,224,'映射容器端口到宿主主机的实现','','',2,'2017-05-17 17:44:19',2,'2017-05-17 17:44:19'),(2031,121,4,8,2,225,'映射容器端口到宿主主机的实现','','',2,'2017-05-17 17:45:32',2,'2017-05-17 17:45:32'),(2032,121,4,8,2,226,'映射容器端口到宿主主机的实现','','',2,'2017-05-17 17:45:35',2,'2017-05-17 17:45:35'),(2033,121,4,8,2,227,'映射容器端口到宿主主机的实现','','',2,'2017-05-17 17:45:35',2,'2017-05-17 17:45:35'),(2034,121,4,8,2,228,'映射容器端口到宿主主机的实现','','',2,'2017-05-17 17:45:35',2,'2017-05-17 17:45:35'),(2035,121,4,8,2,229,'映射容器端口到宿主主机的实现','','',2,'2017-05-17 17:45:36',2,'2017-05-17 17:45:36'),(2036,121,4,8,2,230,'映射容器端口到宿主主机的实现','','',2,'2017-05-17 17:45:36',2,'2017-05-17 17:45:36'),(2037,121,4,8,2,231,'映射容器端口到宿主主机的实现','','',2,'2017-05-17 17:45:36',2,'2017-05-17 17:45:36'),(2038,121,4,8,2,232,'映射容器端口到宿主主机的实现','','',2,'2017-05-17 17:45:36',2,'2017-05-17 17:45:36'),(2039,121,4,8,2,233,'映射容器端口到宿主主机的实现','','',2,'2017-05-17 17:45:36',2,'2017-05-17 17:45:36'),(2040,121,4,8,2,234,'映射容器端口到宿主主机的实现','','',2,'2017-05-17 17:45:37',2,'2017-05-17 17:45:37'),(2041,121,4,8,2,235,'映射容器端口到宿主主机的实现','','',2,'2017-05-17 17:45:37',2,'2017-05-17 17:45:37'),(2042,121,4,8,2,236,'映射容器端口到宿主主机的实现','','',2,'2017-05-17 17:45:37',2,'2017-05-17 17:45:37'),(2043,121,4,8,2,237,'映射容器端口到宿主主机的实现','','',2,'2017-05-17 17:45:37',2,'2017-05-17 17:45:37'),(2044,121,4,8,2,238,'映射容器端口到宿主主机的实现','','',2,'2017-05-17 17:45:38',2,'2017-05-17 17:45:38'),(2045,121,4,8,2,239,'映射容器端口到宿主主机的实现','','',2,'2017-05-17 17:48:36',2,'2017-05-17 17:48:36'),(2046,121,4,8,2,240,'映射容器端口到宿主主机的实现','','',2,'2017-05-17 17:48:37',2,'2017-05-17 17:48:37'),(2047,137,4,8,2,241,'啊啊啊','','',2,'2017-05-17 17:50:12',2,'2017-05-17 17:50:12'),(2048,137,4,8,2,242,'aaa','','',2,'2017-05-17 17:50:34',2,'2017-05-17 17:50:34'),(2049,137,4,8,2,243,'aaa','','',2,'2017-05-17 17:51:16',2,'2017-05-17 17:51:16'),(2050,137,4,8,2,244,'aaa','','',2,'2017-05-17 17:56:13',2,'2017-05-17 17:56:13'),(2051,137,4,8,2,245,'aaa','','',2,'2017-05-17 17:56:37',2,'2017-05-17 17:56:37'),(2052,137,4,8,2,246,'啊啊啊啊','','',2,'2017-05-17 17:57:17',2,'2017-05-17 17:57:17'),(2053,137,4,8,2,247,'啊啊啊啊','','',2,'2017-05-17 17:59:02',2,'2017-05-17 17:59:02'),(2054,137,4,8,2,248,'啊啊啊啊','','',2,'2017-05-17 17:59:07',2,'2017-05-17 17:59:07'),(2055,137,4,8,2,249,'啊啊啊啊','','',2,'2017-05-17 17:59:07',2,'2017-05-17 17:59:07'),(2056,137,4,8,2,250,'啊啊啊啊','','',2,'2017-05-17 17:59:08',2,'2017-05-17 17:59:08'),(2057,137,4,8,2,251,'啊啊啊啊','','',2,'2017-05-17 17:59:08',2,'2017-05-17 17:59:08'),(2058,137,4,8,2,252,'啊啊啊啊','','',2,'2017-05-17 17:59:08',2,'2017-05-17 17:59:08'),(2059,137,4,8,2,253,'啊啊啊啊','','',2,'2017-05-17 18:00:52',2,'2017-05-17 18:00:52'),(2060,137,4,8,2,254,'啊啊啊啊','','',2,'2017-05-17 18:00:54',2,'2017-05-17 18:00:54'),(2061,137,4,8,2,255,'啊啊啊啊','','',2,'2017-05-17 18:00:55',2,'2017-05-17 18:00:55'),(2062,137,4,8,2,256,'啊啊啊啊','','',2,'2017-05-17 18:00:55',2,'2017-05-17 18:00:55'),(2063,137,4,8,2,257,'啊啊啊啊','','',2,'2017-05-17 18:00:55',2,'2017-05-17 18:00:55'),(2064,137,4,8,2,258,'啊啊啊啊','','',2,'2017-05-17 18:00:55',2,'2017-05-17 18:00:55'),(2065,137,4,8,2,259,'啊啊','','',2,'2017-05-17 18:01:10',2,'2017-05-17 18:01:10'),(2066,121,4,8,2,260,'啊啊啊啊','','',2,'2017-05-17 18:12:44',2,'2017-05-17 18:12:44'),(2067,137,4,8,2,261,'aaa','','',2,'2017-05-17 18:13:19',2,'2017-05-17 18:13:19'),(2068,121,4,8,2,262,'安达市','','',2,'2017-05-17 18:14:06',2,'2017-05-17 18:14:06'),(2069,121,4,8,2,263,'安达市','','',2,'2017-05-17 18:15:50',2,'2017-05-17 18:15:50'),(2070,121,4,8,2,264,'安达市','','',2,'2017-05-17 18:15:52',2,'2017-05-17 18:15:52'),(2071,121,4,8,2,265,'安达市','','',2,'2017-05-17 18:15:53',2,'2017-05-17 18:15:53'),(2072,121,4,8,2,266,'安达市','','',2,'2017-05-17 18:15:53',2,'2017-05-17 18:15:53'),(2073,121,4,8,2,267,'安达市','','',2,'2017-05-17 18:15:53',2,'2017-05-17 18:15:53'),(2074,121,4,8,2,268,'安达市','','',2,'2017-05-17 18:15:53',2,'2017-05-17 18:15:53'),(2075,121,4,8,2,269,'安达市','','',2,'2017-05-17 18:15:53',2,'2017-05-17 18:15:53'),(2076,121,4,8,2,270,'安达市','','',2,'2017-05-17 18:15:54',2,'2017-05-17 18:15:54'),(2077,121,4,8,2,271,'安达市','','',2,'2017-05-17 18:15:54',2,'2017-05-17 18:15:54'),(2078,121,4,8,2,272,'安达市','','',2,'2017-05-17 18:15:54',2,'2017-05-17 18:15:54'),(2079,121,4,8,2,273,'安达市','','',2,'2017-05-17 18:15:54',2,'2017-05-17 18:15:54'),(2080,137,4,8,2,274,'啊啊啊','','',2,'2017-05-17 18:27:17',2,'2017-05-17 18:27:17'),(2081,137,4,8,2,275,'啊啊啊','','',2,'2017-05-17 18:27:18',2,'2017-05-17 18:27:18'),(2082,121,4,8,2,276,'打开php错误提示 nginx php','','',2,'2017-05-18 11:27:40',2,'2017-05-18 11:27:40'),(2083,137,4,8,2,277,'搜索引擎索引之索引基础','','',2,'2017-05-18 11:52:21',2,'2017-05-18 11:52:21'),(2084,137,4,8,2,278,'搜索引擎索引之索引基础','','',2,'2017-05-18 11:54:02',2,'2017-05-18 11:54:02'),(2085,137,4,8,2,279,'c','','',2,'2017-05-18 16:43:03',2,'2017-05-18 16:43:03'),(2086,121,4,8,2,281,'幻觉','','',2,'2017-05-18 16:53:09',2,'2017-05-18 16:53:09'),(2087,137,8,2,2,614,'哈哈','','',2,'2017-05-18 18:37:33',2,'2017-05-18 18:37:33'),(2088,137,8,2,2,615,'哈哈','','',2,'2017-05-18 18:37:33',2,'2017-05-18 18:37:33'),(2089,137,8,2,2,616,'啊啊啊','','',2,'2017-05-18 18:50:31',2,'2017-05-18 18:50:31'),(2090,121,9,5,2,269,'testreg','','',2,'2017-05-31 11:21:59',2,'2017-05-31 11:21:59'),(2091,121,9,6,2,269,'testreg','','',2,'2017-05-31 11:22:03',2,'2017-05-31 11:22:03'),(2092,121,9,5,2,269,'testreg','','',2,'2017-05-31 11:22:56',2,'2017-05-31 11:22:56'),(2093,121,9,6,2,269,'testreg','','',2,'2017-05-31 11:23:16',2,'2017-05-31 11:23:16'),(2094,121,9,5,2,269,'testreg','','',2,'2017-05-31 11:42:26',2,'2017-05-31 11:42:26'),(2095,121,9,6,2,269,'testreg','','',2,'2017-05-31 11:42:28',2,'2017-05-31 11:42:28'),(2096,121,9,5,2,269,'testreg','','',2,'2017-05-31 11:42:32',2,'2017-05-31 11:42:32'),(2097,121,9,6,2,269,'testreg','','',2,'2017-05-31 11:43:01',2,'2017-05-31 11:43:01'),(2098,121,9,5,2,269,'testreg','','',2,'2017-05-31 11:43:05',2,'2017-05-31 11:43:05'),(2099,121,9,6,2,269,'testreg','','',2,'2017-05-31 11:44:19',2,'2017-05-31 11:44:19'),(2100,121,9,5,2,269,'testreg','','',2,'2017-05-31 11:46:06',2,'2017-05-31 11:46:06'),(2101,121,9,6,2,269,'testreg','','',2,'2017-05-31 11:48:37',2,'2017-05-31 11:48:37'),(2102,121,9,5,2,269,'testreg','','',2,'2017-05-31 11:48:42',2,'2017-05-31 11:48:42'),(2103,121,9,6,2,269,'testreg','','',2,'2017-05-31 11:48:45',2,'2017-05-31 11:48:45'),(2104,121,9,5,2,269,'testreg','','',2,'2017-05-31 11:48:49',2,'2017-05-31 11:48:49'),(2105,121,9,6,2,269,'testreg','','',2,'2017-05-31 11:52:30',2,'2017-05-31 11:52:30'),(2106,121,9,5,2,269,'testreg','','',2,'2017-05-31 11:54:12',2,'2017-05-31 11:54:12'),(2107,121,9,6,2,269,'testreg','','',2,'2017-05-31 11:54:15',2,'2017-05-31 11:54:15'),(2108,121,9,5,2,269,'testreg','','',2,'2017-05-31 11:54:18',2,'2017-05-31 11:54:18'),(2109,121,8,3,2,532,'张大山','','',2,'2017-05-31 11:57:01',2,'2017-05-31 11:57:01'),(2110,121,8,2,2,617,'女儿','','',2,'2017-05-31 13:46:33',2,'2017-05-31 13:46:33'),(2111,121,9,6,2,2,'jiang','','',2,'2017-05-31 14:10:37',2,'2017-05-31 14:10:37'),(2112,121,9,5,2,2,'jiang','','',2,'2017-05-31 14:10:40',2,'2017-05-31 14:10:40'),(2113,137,8,3,2,616,'啊啊啊','','',2,'2017-05-31 16:01:45',2,'2017-05-31 16:01:45'),(2114,121,9,6,2,269,'testreg','','',2,'2017-05-31 16:01:56',2,'2017-05-31 16:01:56'),(2115,121,8,4,2,617,'女儿','','',2,'2017-06-01 10:53:16',2,'2017-06-01 10:53:16'),(2116,121,8,4,2,520,'族长','','',2,'2017-06-01 13:51:15',2,'2017-06-01 13:51:15'),(2117,121,8,4,2,520,'族长','','',2,'2017-06-01 17:47:48',2,'2017-06-01 17:47:48'),(2118,121,4,10,2,281,'大学','','',2,'2017-06-02 10:36:26',2,'2017-06-02 10:36:26'),(2119,121,4,10,2,281,'大学','','',2,'2017-06-02 10:37:40',2,'2017-06-02 10:37:40'),(2120,121,4,10,2,281,'大学','','',2,'2017-06-02 10:38:24',2,'2017-06-02 10:38:24'),(2121,121,4,10,2,281,'大学','','',2,'2017-06-02 11:05:12',2,'2017-06-02 11:05:12'),(2122,121,4,10,2,281,'大学','','',2,'2017-06-02 11:18:42',2,'2017-06-02 11:18:42'),(2123,121,4,10,2,281,'大学','','',2,'2017-06-02 11:18:43',2,'2017-06-02 11:18:43'),(2124,121,4,10,2,281,'大学','','',2,'2017-06-02 11:18:44',2,'2017-06-02 11:18:44'),(2125,121,4,10,2,281,'大学','','',2,'2017-06-02 12:14:07',2,'2017-06-02 12:14:07'),(2126,121,4,10,2,281,'大学111','','',2,'2017-06-02 12:25:39',2,'2017-06-02 12:25:39'),(2127,121,4,10,2,281,'大学111','','',2,'2017-06-02 13:59:13',2,'2017-06-02 13:59:13'),(2128,121,4,10,2,281,'大学111','','',2,'2017-06-02 14:31:51',2,'2017-06-02 14:31:51'),(2129,121,4,10,2,281,'大学111','','',2,'2017-06-02 14:44:55',2,'2017-06-02 14:44:55'),(2130,121,4,10,2,167,'山东李克强','','',2,'2017-06-02 17:41:48',2,'2017-06-02 17:41:48'),(2131,121,4,10,2,167,'山东李克强','','',2,'2017-06-02 17:42:06',2,'2017-06-02 17:42:06'),(2132,121,4,10,231,167,'山东李克强','','',231,'2017-06-02 17:58:57',231,'2017-06-02 17:58:57'),(2133,121,9,5,2,231,'admin','','',2,'2017-06-02 18:12:45',2,'2017-06-02 18:12:45'),(2134,121,9,5,2,269,'testreg','','',2,'2017-06-02 18:36:40',2,'2017-06-02 18:36:40'),(2135,121,9,6,2,269,'testreg','','',2,'2017-06-02 18:36:45',2,'2017-06-02 18:36:45'),(2136,121,4,8,2,282,'这是大事件的第一个版本','','',2,'2017-06-05 10:58:10',2,'2017-06-05 10:58:10'),(2137,121,4,10,2,282,'这是大事件的第二个版本','','',2,'2017-06-05 11:05:53',2,'2017-06-05 11:05:53'),(2138,137,8,1,2,614,'哈哈','/images/upload/2/137/1496715702A0oq8FBT4XYse9I9vMQjX4mK','',2,'2017-06-06 10:21:43',2,'2017-06-06 10:21:43'),(2139,137,8,1,2,615,'哈哈','/images/upload/2/137/1496715712OgOjBADaAAJEaBI6x8lHRva','',2,'2017-06-06 10:21:53',2,'2017-06-06 10:21:53'),(2140,137,8,2,2,618,'儿子','','',2,'2017-06-06 10:25:23',2,'2017-06-06 10:25:23'),(2141,137,8,4,2,618,'儿子','','',2,'2017-06-06 10:34:26',2,'2017-06-06 10:34:26'),(2142,121,4,10,2,282,'这是大事件的第三个版本','','',2,'2017-06-06 10:35:08',2,'2017-06-06 10:35:08'),(2143,121,4,10,2,282,'这是大事件的第三个版本','','',2,'2017-06-06 10:35:17',2,'2017-06-06 10:35:17'),(2144,121,4,10,2,282,'这是大事件的第三个版本','121','520',2,'2017-06-06 10:35:43',2,'2017-06-06 10:35:43'),(2145,121,4,8,2,283,'哈哈的大事件','121','521',2,'2017-06-07 10:26:59',2,'2017-06-07 10:26:59');
/*!40000 ALTER TABLE `gener_familyNews` ENABLE KEYS */;
UNLOCK TABLES;

--
-- Table structure for table `gener_family_heirloom`
--

DROP TABLE IF EXISTS `gener_family_heirloom`;
/*!40101 SET @saved_cs_client     = @@character_set_client */;
/*!40101 SET character_set_client = utf8 */;
CREATE TABLE `gener_family_heirloom` (
  `id` int(10) unsigned zerofill NOT NULL AUTO_INCREMENT,
  `familyId` int(11) NOT NULL,
  `title` varchar(500) COLLATE utf8mb4_unicode_ci NOT NULL,
  `content` text COLLATE utf8mb4_unicode_ci NOT NULL,
  `photo` varchar(255) COLLATE utf8mb4_unicode_ci NOT NULL,
  `create_by` int(11) NOT NULL,
  `create_time` date NOT NULL,
  `update_by` int(11) NOT NULL,
  `update_time` date NOT NULL,
  PRIMARY KEY (`id`)
) ENGINE=InnoDB AUTO_INCREMENT=2 DEFAULT CHARSET=utf8mb4 COLLATE=utf8mb4_unicode_ci;
/*!40101 SET character_set_client = @saved_cs_client */;

--
-- Dumping data for table `gener_family_heirloom`
--

LOCK TABLES `gener_family_heirloom` WRITE;
/*!40000 ALTER TABLE `gener_family_heirloom` DISABLE KEYS */;
INSERT INTO `gener_family_heirloom` VALUES (0000000001,29,'更新家族传家宝的标题','更新家族传家宝的内容','222222',2,'2017-04-21',2,'2017-04-21');
/*!40000 ALTER TABLE `gener_family_heirloom` ENABLE KEYS */;
UNLOCK TABLES;

--
-- Table structure for table `gener_family_legend`
--

DROP TABLE IF EXISTS `gener_family_legend`;
/*!40101 SET @saved_cs_client     = @@character_set_client */;
/*!40101 SET character_set_client = utf8 */;
CREATE TABLE `gener_family_legend` (
  `id` int(11) unsigned zerofill NOT NULL AUTO_INCREMENT,
  `title` varchar(500) COLLATE utf8mb4_unicode_ci NOT NULL,
  `content` text COLLATE utf8mb4_unicode_ci NOT NULL,
  `familyId` int(11) NOT NULL,
  `create_by` int(11) NOT NULL,
  `create_time` date NOT NULL,
  `update_by` int(11) NOT NULL,
  `update_time` date NOT NULL,
  PRIMARY KEY (`id`)
) ENGINE=InnoDB AUTO_INCREMENT=2 DEFAULT CHARSET=utf8mb4 COLLATE=utf8mb4_unicode_ci;
/*!40101 SET character_set_client = @saved_cs_client */;

--
-- Dumping data for table `gener_family_legend`
--

LOCK TABLES `gener_family_legend` WRITE;
/*!40000 ALTER TABLE `gener_family_legend` DISABLE KEYS */;
INSERT INTO `gener_family_legend` VALUES (00000000001,'更新家族传说的标题','更新家族传说的内容',29,2,'2017-04-21',2,'2017-04-21');
/*!40000 ALTER TABLE `gener_family_legend` ENABLE KEYS */;
UNLOCK TABLES;

--
-- Table structure for table `gener_feedback`
--

DROP TABLE IF EXISTS `gener_feedback`;
/*!40101 SET @saved_cs_client     = @@character_set_client */;
/*!40101 SET character_set_client = utf8 */;
CREATE TABLE `gener_feedback` (
  `id` int(11) unsigned zerofill NOT NULL AUTO_INCREMENT,
  `userId` int(11) NOT NULL,
  `feedback_message` varchar(255) CHARACTER SET utf8mb4 NOT NULL,
  `handle_static` int(11) DEFAULT NULL,
  `message_from` varchar(255) CHARACTER SET utf8mb4 DEFAULT NULL,
  `message_to` varchar(255) CHARACTER SET utf8mb4 DEFAULT NULL,
  `topic_id` int(11) DEFAULT NULL,
  `create_by` char(255) CHARACTER SET latin1 DEFAULT NULL,
  `create_time` datetime DEFAULT NULL,
  `update_by` char(255) CHARACTER SET latin1 DEFAULT NULL,
  `update_time` datetime DEFAULT NULL,
  PRIMARY KEY (`id`),
  KEY `fk_gener_feedback_userId_idx` (`userId`),
  CONSTRAINT `fk_gener_feedback_userId` FOREIGN KEY (`userId`) REFERENCES `gener_user` (`id`) ON DELETE NO ACTION ON UPDATE NO ACTION
) ENGINE=InnoDB AUTO_INCREMENT=2 DEFAULT CHARSET=utf8mb4 COLLATE=utf8mb4_unicode_ci;
/*!40101 SET character_set_client = @saved_cs_client */;

--
-- Dumping data for table `gener_feedback`
--

LOCK TABLES `gener_feedback` WRITE;
/*!40000 ALTER TABLE `gener_feedback` DISABLE KEYS */;
INSERT INTO `gener_feedback` VALUES (00000000001,2,'helloworld',0,'2','0',1,NULL,'0000-00-00 00:00:00',NULL,NULL);
/*!40000 ALTER TABLE `gener_feedback` ENABLE KEYS */;
UNLOCK TABLES;

--
-- Table structure for table `gener_file`
--

DROP TABLE IF EXISTS `gener_file`;
/*!40101 SET @saved_cs_client     = @@character_set_client */;
/*!40101 SET character_set_client = utf8 */;
CREATE TABLE `gener_file` (
  `id` int(10) unsigned zerofill NOT NULL AUTO_INCREMENT,
  `file_path` varchar(255) CHARACTER SET utf8 NOT NULL,
  `module` int(11) NOT NULL,
  `create_by` int(8) NOT NULL,
  `create_time` datetime NOT NULL,
  PRIMARY KEY (`id`),
  UNIQUE KEY `file_path_UNIQUE` (`file_path`)
) ENGINE=InnoDB AUTO_INCREMENT=605 DEFAULT CHARSET=utf8mb4 COLLATE=utf8mb4_unicode_ci;
/*!40101 SET character_set_client = @saved_cs_client */;

--
-- Dumping data for table `gener_file`
--

LOCK TABLES `gener_file` WRITE;
/*!40000 ALTER TABLE `gener_file` DISABLE KEYS */;
INSERT INTO `gener_file` VALUES (0000000007,'/images/upload/2/14891291232017-01-06 14-30-49屏幕截图.png',4,2,'2017-03-10 14:58:43'),(0000000008,'/images/upload/2/14891291832017-01-06 14-30-49屏幕截图.png',4,2,'2017-03-10 14:59:43'),(0000000009,'/images/upload/2/14891299792017-01-06 14-30-49屏幕截图.png',4,2,'2017-03-10 15:12:59'),(0000000010,'/images/upload/2/14891307522017-01-06 14-30-49屏幕截图.png',4,2,'2017-03-10 15:25:52'),(0000000011,'/images/upload/2/14891312822017-01-06 14-30-49屏幕截图.png',4,2,'2017-03-10 15:34:42'),(0000000012,'/images/upload/2/14891325632017-01-06 14-30-49屏幕截图.png',4,2,'2017-03-10 15:56:03'),(0000000013,'/images/upload/2/14891326082017-01-06 14-30-49屏幕截图.png',4,2,'2017-03-10 15:56:47'),(0000000014,'/images/upload/2/14891335202017-01-06 14-30-49屏幕截图.png',4,2,'2017-03-10 16:12:00'),(0000000015,'/images/upload/2/14891336732017-01-06 14-30-49屏幕截图.png',4,2,'2017-03-10 16:14:33'),(0000000016,'/images/upload/2/14891336832017-01-06 14-30-49屏幕截图.png',4,2,'2017-03-10 16:14:43'),(0000000017,'/images/upload/2/14891353602017-01-06 14-30-49屏幕截图.png',4,2,'2017-03-10 16:42:40'),(0000000018,'/images/upload/2/14891355202017-01-06 14-30-49屏幕截图.png',4,2,'2017-03-10 16:45:20'),(0000000019,'/images/upload/2/14891356866808.jpg_wh300.jpg',4,2,'2017-03-10 16:48:06'),(0000000020,'/images/upload/2/14891357682017-01-06 14-30-49屏幕截图.png',4,2,'2017-03-10 16:49:28'),(0000000021,'/images/upload/2/1489135929photo.png',4,2,'2017-03-10 16:52:09'),(0000000022,'/images/upload/2/14891361596808.jpg_wh300.jpg',4,2,'2017-03-10 16:55:59'),(0000000023,'/images/upload/2/14891367912017-01-06 14-30-49屏幕截图.png',4,2,'2017-03-10 17:06:31'),(0000000024,'/images/upload/2/1489136837photo.png',4,2,'2017-03-10 17:07:17'),(0000000025,'/images/upload/2/14891397272017-01-06 18-26-03屏幕截图.png',4,2,'2017-03-10 17:55:27'),(0000000026,'/images/upload/2/14891398962017-01-06 14-30-49屏幕截图.png',4,2,'2017-03-10 17:58:16'),(0000000027,'/images/upload/2/14891402132017-01-06 14-30-49屏幕截图.png',4,2,'2017-03-10 18:03:33'),(0000000028,'/images/upload/2/14891404982017-01-06 14-30-49屏幕截图.png',4,2,'2017-03-10 18:08:18'),(0000000029,'/images/upload/2/14891424466808.jpg_wh300.jpg',4,2,'2017-03-10 18:40:46'),(0000000030,'/images/upload/2/14893700522017-01-06 14-30-49屏幕截图.png',4,2,'2017-03-13 09:54:12'),(0000000031,'/images/upload/2/14893701672017-01-06 14-30-49屏幕截图.png',4,2,'2017-03-13 09:56:07'),(0000000032,'/images/upload/2/14893949402017-01-06 14-30-49屏幕截图.png',4,2,'2017-03-13 16:49:00'),(0000000033,'/images/upload/3/1489401878tiger3.jpg',4,3,'2017-03-13 18:44:38'),(0000000034,'/images/upload/2/1489570978photo.png',4,2,'2017-03-15 17:42:58'),(0000000035,'/images/upload/3/1489642700895309692761421944.jpg',4,3,'2017-03-16 13:38:20'),(0000000036,'/images/upload/2/14899975762017-01-06 14-30-49屏幕截图.png',4,2,'2017-03-20 16:12:56'),(0000000037,'/images/upload/2/14899975872017-01-06 14-30-49屏幕截图.png',4,2,'2017-03-20 16:13:07'),(0000000039,'/images/upload/2/14899975872017-01-06 18-26-03屏幕截图.png',4,2,'2017-03-20 16:13:07'),(0000000040,'/images/upload/2/14899975872017-02-14 14-18-22屏幕截图.png',4,2,'2017-03-20 16:13:07'),(0000000041,'/images/upload/2/14899975876808.jpg_wh300.jpg',4,2,'2017-03-20 16:13:07'),(0000000042,'/images/upload/2/1489997587hahahahahahahahahahh.png',4,2,'2017-03-20 16:13:07'),(0000000043,'/images/upload/2/1489997587photo.png',4,2,'2017-03-20 16:13:07'),(0000000044,'/images/upload/2/14899978012017-01-06 14-30-49屏幕截图.png',4,2,'2017-03-20 16:16:41'),(0000000045,'/images/upload/2/14899978012017-01-06 18-26-03屏幕截图.png',4,2,'2017-03-20 16:16:41'),(0000000046,'/images/upload/2/14899978012017-02-14 14-18-22屏幕截图.png',4,2,'2017-03-20 16:16:41'),(0000000047,'/images/upload/2/14899978016808.jpg_wh300.jpg',4,2,'2017-03-20 16:16:41'),(0000000048,'/images/upload/2/1489997802hahahahahahahahahahh.png',4,2,'2017-03-20 16:16:41'),(0000000049,'/images/upload/2/1489997802photo.png',4,2,'2017-03-20 16:16:42'),(0000000050,'/images/upload/2/14899978422017-01-06 14-30-49屏幕截图.png',4,2,'2017-03-20 16:17:22'),(0000000051,'/images/upload/2/14899978422017-01-06 18-26-03屏幕截图.png',4,2,'2017-03-20 16:17:22'),(0000000052,'/images/upload/2/14899978422017-02-14 14-18-22屏幕截图.png',4,2,'2017-03-20 16:17:22'),(0000000053,'/images/upload/2/14899978426808.jpg_wh300.jpg',4,2,'2017-03-20 16:17:22'),(0000000054,'/images/upload/2/1489997842hahahahahahahahahahh.png',4,2,'2017-03-20 16:17:22'),(0000000055,'/images/upload/2/1489997842photo.png',4,2,'2017-03-20 16:17:22'),(0000000056,'/images/upload/2/14899979792017-01-06 14-30-49屏幕截图.png',4,2,'2017-03-20 16:19:38'),(0000000057,'/images/upload/2/14899979792017-01-06 18-26-03屏幕截图.png',4,2,'2017-03-20 16:19:39'),(0000000058,'/images/upload/2/14899979792017-02-14 14-18-22屏幕截图.png',4,2,'2017-03-20 16:19:39'),(0000000059,'/images/upload/2/14899979796808.jpg_wh300.jpg',4,2,'2017-03-20 16:19:39'),(0000000060,'/images/upload/2/1489997979hahahahahahahahahahh.png',4,2,'2017-03-20 16:19:39'),(0000000061,'/images/upload/2/1489997979photo.png',4,2,'2017-03-20 16:19:39'),(0000000062,'/images/upload/2/14899980032017-01-06 14-30-49屏幕截图.png',4,2,'2017-03-20 16:20:03'),(0000000063,'/images/upload/2/14899980032017-01-06 18-26-03屏幕截图.png',4,2,'2017-03-20 16:20:03'),(0000000064,'/images/upload/2/14899980032017-02-14 14-18-22屏幕截图.png',4,2,'2017-03-20 16:20:03'),(0000000065,'/images/upload/2/14899980036808.jpg_wh300.jpg',4,2,'2017-03-20 16:20:03'),(0000000066,'/images/upload/2/1489998003hahahahahahahahahahh.png',4,2,'2017-03-20 16:20:03'),(0000000067,'/images/upload/2/1489998003photo.png',4,2,'2017-03-20 16:20:03'),(0000000068,'/images/upload/2/14899980342017-01-06 14-30-49屏幕截图.png',4,2,'2017-03-20 16:20:34'),(0000000069,'/images/upload/2/14899980342017-01-06 18-26-03屏幕截图.png',4,2,'2017-03-20 16:20:34'),(0000000070,'/images/upload/2/14899980342017-02-14 14-18-22屏幕截图.png',4,2,'2017-03-20 16:20:34'),(0000000071,'/images/upload/2/14899980346808.jpg_wh300.jpg',4,2,'2017-03-20 16:20:34'),(0000000072,'/images/upload/2/1489998035hahahahahahahahahahh.png',4,2,'2017-03-20 16:20:35'),(0000000073,'/images/upload/2/1489998035photo.png',4,2,'2017-03-20 16:20:35'),(0000000074,'/images/upload/2/14899980382017-01-06 14-30-49屏幕截图.png',4,2,'2017-03-20 16:20:38'),(0000000075,'/images/upload/2/14899980392017-01-06 18-26-03屏幕截图.png',4,2,'2017-03-20 16:20:38'),(0000000076,'/images/upload/2/14899980392017-02-14 14-18-22屏幕截图.png',4,2,'2017-03-20 16:20:39'),(0000000077,'/images/upload/2/14899980396808.jpg_wh300.jpg',4,2,'2017-03-20 16:20:39'),(0000000078,'/images/upload/2/1489998039hahahahahahahahahahh.png',4,2,'2017-03-20 16:20:39'),(0000000079,'/images/upload/2/1489998039photo.png',4,2,'2017-03-20 16:20:39'),(0000000080,'/images/upload/2/14899980392017-01-06 14-30-49屏幕截图.png',4,2,'2017-03-20 16:20:39'),(0000000086,'/images/upload/2/14899989462017-01-06 14-30-49屏幕截图.png',4,2,'2017-03-20 16:35:46'),(0000000087,'/images/upload/2/14899989472017-01-06 18-26-03屏幕截图.png',4,2,'2017-03-20 16:35:47'),(0000000088,'/images/upload/2/14899989472017-02-14 14-18-22屏幕截图.png',4,2,'2017-03-20 16:35:47'),(0000000089,'/images/upload/2/14899989476808.jpg_wh300.jpg',4,2,'2017-03-20 16:35:47'),(0000000090,'/images/upload/2/1489998947hahahahahahahahahahh.png',4,2,'2017-03-20 16:35:47'),(0000000091,'/images/upload/2/1489998947photo.png',4,2,'2017-03-20 16:35:47'),(0000000092,'/images/upload/2/14899997512017-01-06 14-30-49屏幕截图.png',4,2,'2017-03-20 16:49:10'),(0000000093,'/images/upload/2/14899997512017-01-06 18-26-03屏幕截图.png',4,2,'2017-03-20 16:49:11'),(0000000094,'/images/upload/2/14899997512017-02-14 14-18-22屏幕截图.png',4,2,'2017-03-20 16:49:11'),(0000000095,'/images/upload/2/14899997516808.jpg_wh300.jpg',4,2,'2017-03-20 16:49:11'),(0000000096,'/images/upload/2/1489999751hahahahahahahahahahh.png',4,2,'2017-03-20 16:49:11'),(0000000097,'/images/upload/2/1489999751photo.png',4,2,'2017-03-20 16:49:11'),(0000000098,'/images/upload/2/14899999182017-01-06 14-30-49屏幕截图.png',4,2,'2017-03-20 16:51:58'),(0000000099,'/images/upload/2/14899999182017-01-06 18-26-03屏幕截图.png',4,2,'2017-03-20 16:51:58'),(0000000100,'/images/upload/2/14899999182017-02-14 14-18-22屏幕截图.png',4,2,'2017-03-20 16:51:58'),(0000000101,'/images/upload/2/14899999186808.jpg_wh300.jpg',4,2,'2017-03-20 16:51:58'),(0000000102,'/images/upload/2/1489999918hahahahahahahahahahh.png',4,2,'2017-03-20 16:51:58'),(0000000103,'/images/upload/2/1489999918photo.png',4,2,'2017-03-20 16:51:58'),(0000000104,'/images/upload/2/14900000002017-01-06 14-30-49屏幕截图.png',4,2,'2017-03-20 16:53:20'),(0000000105,'/images/upload/2/14900000002017-01-06 18-26-03屏幕截图.png',4,2,'2017-03-20 16:53:20'),(0000000106,'/images/upload/2/14900000012017-02-14 14-18-22屏幕截图.png',4,2,'2017-03-20 16:53:20'),(0000000107,'/images/upload/2/14900000016808.jpg_wh300.jpg',4,2,'2017-03-20 16:53:21'),(0000000108,'/images/upload/2/1490000001hahahahahahahahahahh.png',4,2,'2017-03-20 16:53:21'),(0000000109,'/images/upload/2/1490000001photo.png',4,2,'2017-03-20 16:53:21'),(0000000110,'/images/upload/2/14900000692017-01-06 14-30-49屏幕截图.png',4,2,'2017-03-20 16:54:29'),(0000000111,'/images/upload/2/14900000692017-01-06 18-26-03屏幕截图.png',4,2,'2017-03-20 16:54:29'),(0000000112,'/images/upload/2/14900000692017-02-14 14-18-22屏幕截图.png',4,2,'2017-03-20 16:54:29'),(0000000113,'/images/upload/2/14900000696808.jpg_wh300.jpg',4,2,'2017-03-20 16:54:29'),(0000000114,'/images/upload/2/1490000070hahahahahahahahahahh.png',4,2,'2017-03-20 16:54:30'),(0000000115,'/images/upload/2/1490000070photo.png',4,2,'2017-03-20 16:54:30'),(0000000116,'/images/upload/2/14900001752017-01-06 14-30-49屏幕截图.png',4,2,'2017-03-20 16:56:15'),(0000000117,'/images/upload/2/14900001752017-01-06 18-26-03屏幕截图.png',4,2,'2017-03-20 16:56:15'),(0000000118,'/images/upload/2/14900001752017-02-14 14-18-22屏幕截图.png',4,2,'2017-03-20 16:56:15'),(0000000119,'/images/upload/2/14900001766808.jpg_wh300.jpg',4,2,'2017-03-20 16:56:15'),(0000000120,'/images/upload/2/1490000176hahahahahahahahahahh.png',4,2,'2017-03-20 16:56:16'),(0000000121,'/images/upload/2/1490000176photo.png',4,2,'2017-03-20 16:56:16'),(0000000122,'/images/upload/2/14900002962017-01-06 14-30-49屏幕截图.png',4,2,'2017-03-20 16:58:16'),(0000000123,'/images/upload/2/14900002962017-01-06 18-26-03屏幕截图.png',4,2,'2017-03-20 16:58:16'),(0000000124,'/images/upload/2/14900002962017-02-14 14-18-22屏幕截图.png',4,2,'2017-03-20 16:58:16'),(0000000125,'/images/upload/2/14900002966808.jpg_wh300.jpg',4,2,'2017-03-20 16:58:16'),(0000000126,'/images/upload/2/1490000296hahahahahahahahahahh.png',4,2,'2017-03-20 16:58:16'),(0000000127,'/images/upload/2/1490000296photo.png',4,2,'2017-03-20 16:58:16'),(0000000128,'/images/upload/2/1490000444',4,2,'2017-03-20 17:00:44'),(0000000129,'/images/upload/2/1490000445',4,2,'2017-03-20 17:00:44'),(0000000134,'/images/upload/2/14900005064xV3UnbonhSZ_sdB5_5IpRjw',4,2,'2017-03-20 17:01:46'),(0000000135,'/images/upload/2/1490000506zsqy7vWb0QfUbrhzI7xHzLhF',4,2,'2017-03-20 17:01:46'),(0000000136,'/images/upload/2/1490000506Jnl7dFEM52jcxdox1Eqd3HNM',4,2,'2017-03-20 17:01:46'),(0000000137,'/images/upload/2/1490000506Pism2J0M4lTh_v24ylg3yFBA',4,2,'2017-03-20 17:01:46'),(0000000138,'/images/upload/2/1490000506hOkHz5uSxRVeRFjbxAa1Cez',4,2,'2017-03-20 17:01:46'),(0000000139,'/images/upload/2/1490000507YvCv8c3qbSLTqQlglb9A1PTc',4,2,'2017-03-20 17:01:46'),(0000000140,'/images/upload/2/1490000507krml2BU5vueHyETonKOb43x',4,2,'2017-03-20 17:01:47'),(0000000141,'/images/upload/2/1490000507fd5g1YtloQHrpzqu3UJLrlCP',4,2,'2017-03-20 17:01:47'),(0000000142,'/images/upload/2/1490000507JlCUpGqFUvVVrneQbWfAuG3x',4,2,'2017-03-20 17:01:47'),(0000000143,'/images/upload/2/1490000507zMg_6TNPcoIB26fXB9Q1w3RH',4,2,'2017-03-20 17:01:47'),(0000000144,'/images/upload/2/1490000507Z5grMkZj5ehb53hsHTuN6qn',4,2,'2017-03-20 17:01:47'),(0000000145,'/images/upload/2/1490000507geoMhesfkIH41En6TFiYJhe9',4,2,'2017-03-20 17:01:47'),(0000000146,'/images/upload/2/1490002283ZEzFuSIT0giKeKgnR3OGXzp5',4,2,'2017-03-20 17:31:23'),(0000000147,'/images/upload/2/1490002284pILHV0CSE9w70c0shKH03S',4,2,'2017-03-20 17:31:23'),(0000000148,'/images/upload/2/14900022842Rx_oW4ODPtwQ3ntdTAd4Aex',4,2,'2017-03-20 17:31:24'),(0000000149,'/images/upload/2/1490002284RYcSYfJ5e_u82gMSKhGNE7',4,2,'2017-03-20 17:31:24'),(0000000150,'/images/upload/2/1490002284wIcBgr66niYkyFkDTi60kmNb',4,2,'2017-03-20 17:31:24'),(0000000151,'/images/upload/2/149000228442RSHZRbF2MWtT0RaYaICuku',4,2,'2017-03-20 17:31:24'),(0000000152,'/images/upload/2/1490002286Mqv5NggRi6H_3xaJAXD2OEUY',4,2,'2017-03-20 17:31:26'),(0000000153,'/images/upload/2/1490002287B2Fbw_Gho9n9pEIKHGOcQwN',4,2,'2017-03-20 17:31:26'),(0000000154,'/images/upload/2/1490002287L8PyMHulJ8xe6bwukTEKwDqf',4,2,'2017-03-20 17:31:27'),(0000000155,'/images/upload/2/1490002287i41vVygFG4brLGMtOhIVtcoN',4,2,'2017-03-20 17:31:27'),(0000000156,'/images/upload/2/149000228740vAEWPXRqUnHy2LKuvoeZb',4,2,'2017-03-20 17:31:27'),(0000000157,'/images/upload/2/1490002287wF4_RsLWtfu6ai197s2v7AyT',4,2,'2017-03-20 17:31:27'),(0000000158,'/images/upload/2/1490002287j0nIfkTMZYKPpuJTKcZUu_2C',4,2,'2017-03-20 17:31:27'),(0000000159,'/images/upload/2/1490002287r46yFEqZFNFV6xG3upTUTBLC',4,2,'2017-03-20 17:31:27'),(0000000160,'/images/upload/2/1490002287NJvgIxT7CZGgC4egST9YoQ0S',4,2,'2017-03-20 17:31:27'),(0000000161,'/images/upload/2/1490002287dTL5tuHfbbvUJnkkFBXKPcA',4,2,'2017-03-20 17:31:27'),(0000000162,'/images/upload/2/1490002287Gmw3axWnpFsS785jkBc1Yblh',4,2,'2017-03-20 17:31:27'),(0000000163,'/images/upload/2/1490002287QWdyKp7oLErV9lgyJp7Sura',4,2,'2017-03-20 17:31:27'),(0000000164,'/images/upload/2/1490002555W7cvDicfrb3EFx7Puzptcq6',4,2,'2017-03-20 17:35:55'),(0000000165,'/images/upload/2/14900025552BjgbhE6oQB07OfyZibDQiri',4,2,'2017-03-20 17:35:55'),(0000000166,'/images/upload/2/1490002556SrIkD6qFIKWTy_omzoulE0j',4,2,'2017-03-20 17:35:55'),(0000000167,'/images/upload/2/1490002556WbWLum2kNKEoR32xNYpNunaR',4,2,'2017-03-20 17:35:56'),(0000000168,'/images/upload/2/1490002556WyjgbkA5vvR_RTjCBY_r1YN',4,2,'2017-03-20 17:35:56'),(0000000169,'/images/upload/2/1490002556ZlyrIIhDfAUqVswoXlnMdGnP',4,2,'2017-03-20 17:35:56'),(0000000170,'/images/upload/2/1490002558CleBmbmkwVMcB1QRCIfv8MU4',4,2,'2017-03-20 17:35:58'),(0000000171,'/images/upload/2/14900025586fRjWc7wxm6Uxtc1mZeY_3NB',4,2,'2017-03-20 17:35:58'),(0000000172,'/images/upload/2/1490002558L14UNZZTdOb7_iDwEJpaaCcx',4,2,'2017-03-20 17:35:58'),(0000000173,'/images/upload/2/1490002558zqtxuf6dgb6183VmR4tQn4k0',4,2,'2017-03-20 17:35:58'),(0000000174,'/images/upload/2/1490002558OKaZkmuTNYpfbwtrIAtQDnat',4,2,'2017-03-20 17:35:58'),(0000000175,'/images/upload/2/1490002558rEiOIDOvlZsFkXx5TXl2rOu7',4,2,'2017-03-20 17:35:58'),(0000000176,'/images/upload/2/1490002558mYY_j7rLLJxskkYGipkCkRHc',4,2,'2017-03-20 17:35:58'),(0000000177,'/images/upload/2/1490002558M0fcPKk9Gh8_pzJ9heBCzyhS',4,2,'2017-03-20 17:35:58'),(0000000178,'/images/upload/2/1490002558XBsgq8sb8IoYqJ65_e3nOMw4',4,2,'2017-03-20 17:35:58'),(0000000179,'/images/upload/2/14900025586GyFXpAxRRYZi76_w2pd9uc',4,2,'2017-03-20 17:35:58'),(0000000180,'/images/upload/2/1490002559nxz9h4dgbUPQQcol2ehwp6v',4,2,'2017-03-20 17:35:58'),(0000000181,'/images/upload/2/1490002559V9U7imjGUTP9X1q6VeXJrj3t',4,2,'2017-03-20 17:35:59'),(0000000182,'/images/upload/2/1490002622UNZM9_4Gp4b8ikGOA3U4e04k',4,2,'2017-03-20 17:37:02'),(0000000183,'/images/upload/2/1490002622Y4olEYPwJNhTMmx9qJiJ1YwC',4,2,'2017-03-20 17:37:02'),(0000000184,'/images/upload/2/14900026230oHfoLzlQXGsUuZBfftB_9',4,2,'2017-03-20 17:37:02'),(0000000185,'/images/upload/2/1490002623IrJKodkpBE_Kcjz8_00sZBI',4,2,'2017-03-20 17:37:03'),(0000000186,'/images/upload/2/1490002623d2IO1ROKhvsGIM3iMIguUA10',4,2,'2017-03-20 17:37:03'),(0000000187,'/images/upload/2/1490002623y20CHdFoHdOpvhR9_Cdhm',4,2,'2017-03-20 17:37:03'),(0000000188,'/images/upload/2/1490002625VyRO6SOEUPDUqj63H5LVU8o9',4,2,'2017-03-20 17:37:05'),(0000000189,'/images/upload/2/1490002625_y8AMpWGXLs1CfGv3iotBuxh',4,2,'2017-03-20 17:37:05'),(0000000190,'/images/upload/2/1490002625AgaspzCn6LYS8Tw4DZ6dcMJf',4,2,'2017-03-20 17:37:05'),(0000000191,'/images/upload/2/149000262536IEBeVav4CUEdgKYdB545aH',4,2,'2017-03-20 17:37:05'),(0000000192,'/images/upload/2/14900026252gVf1Du4JbJjqDtVH3Njh21e',4,2,'2017-03-20 17:37:05'),(0000000193,'/images/upload/2/1490002625fDjkIt0LKV_LxtQeExx28XQ',4,2,'2017-03-20 17:37:05'),(0000000194,'/images/upload/2/14900026253J7kM9y0MSktkkc2ebOLEC_g',4,2,'2017-03-20 17:37:05'),(0000000195,'/images/upload/2/14900026258wjgvf4yZcSJmpJ6f2zznMCB',4,2,'2017-03-20 17:37:05'),(0000000196,'/images/upload/2/1490002625XokziQ7O8oinsQlFG24M6k',4,2,'2017-03-20 17:37:05'),(0000000197,'/images/upload/2/1490002625PFTaquLlS4VRmKZ9SlreOfzr',4,2,'2017-03-20 17:37:05'),(0000000198,'/images/upload/2/1490002625WCrmxjabbkBF3Xw7RmuzjEq',4,2,'2017-03-20 17:37:05'),(0000000199,'/images/upload/2/1490002625E4EqjbSeNhd8Pxi_IDAlGwRO',4,2,'2017-03-20 17:37:05'),(0000000200,'/images/upload/2/1490002762xJqbBCZb2JpHskSPupFMCEkK',4,2,'2017-03-20 17:39:22'),(0000000201,'/images/upload/2/1490002762o0_72MiztIK3jIemqD1SXTFq',4,2,'2017-03-20 17:39:22'),(0000000202,'/images/upload/2/1490002762hjaTXvCkwArykJ5OqQSKw44X',4,2,'2017-03-20 17:39:22'),(0000000203,'/images/upload/2/1490002762H6NCZr0eKb6GHJ_chqLC8Rpz',4,2,'2017-03-20 17:39:22'),(0000000204,'/images/upload/2/1490002762Ffhajm5sTBqiCF1OLHusGHK',4,2,'2017-03-20 17:39:22'),(0000000205,'/images/upload/2/14900027624qkcfKMVZ14hoagQ1SektTlg',4,2,'2017-03-20 17:39:22'),(0000000206,'/images/upload/2/1490002764D1L4HqOMQ7Z4SJZQL257cmYe',4,2,'2017-03-20 17:39:24'),(0000000207,'/images/upload/2/1490002764dbyG3UWGVGLA4ylVFiZvXjL',4,2,'2017-03-20 17:39:24'),(0000000208,'/images/upload/2/1490002764ZpSaLOoZ_WD1OyHIcrggZCaD',4,2,'2017-03-20 17:39:24'),(0000000209,'/images/upload/2/1490002764U76U2qD0QtaAgyxet8fgHXYU',4,2,'2017-03-20 17:39:24'),(0000000210,'/images/upload/2/1490002764nd9kPjXHq2AttbuhFERVbm8F',4,2,'2017-03-20 17:39:24'),(0000000211,'/images/upload/2/1490002764voVbkR3H2cSvXyVZ6nqhRIW',4,2,'2017-03-20 17:39:24'),(0000000212,'/images/upload/2/1490002765uxQFUYiolbzF1Cl4OlWigtce',4,2,'2017-03-20 17:39:24'),(0000000213,'/images/upload/2/1490002765zzERplLTTAxLxP8SHv1iR54',4,2,'2017-03-20 17:39:25'),(0000000214,'/images/upload/2/1490002765a0nqtzE16hSvCBntaUdHHlxH',4,2,'2017-03-20 17:39:25'),(0000000215,'/images/upload/2/149000276511JjSOo0PLrgi3ipl8VYKgqU',4,2,'2017-03-20 17:39:25'),(0000000216,'/images/upload/2/14900027658DzQZ5w_6dhZ0GZPpp4Itm5O',4,2,'2017-03-20 17:39:25'),(0000000217,'/images/upload/2/1490002765u_Ldf95oNEcKJJJQW_NWFLK2',4,2,'2017-03-20 17:39:25'),(0000000218,'/images/upload/2/1490002795FNVgqPtooI8GuUo7tCOBcLR',4,2,'2017-03-20 17:39:55'),(0000000219,'/images/upload/2/1490002795GkrLWtCzsotJPhabFTkkmcIt',4,2,'2017-03-20 17:39:55'),(0000000220,'/images/upload/2/1490002795Gjgfv05alwWf_wPrVg8IyjUb',4,2,'2017-03-20 17:39:55'),(0000000221,'/images/upload/2/1490002796bcwxpc3vfjfoaAV4QTBDiv',4,2,'2017-03-20 17:39:55'),(0000000222,'/images/upload/2/1490002796UrbqL4CWg6rFjqJPG0OVoYui',4,2,'2017-03-20 17:39:56'),(0000000223,'/images/upload/2/14900027961j9CWs5PUheDlQxCXZfeoY12',4,2,'2017-03-20 17:39:56'),(0000000224,'/images/upload/2/1490002798ZQYlNqDOKNpEevs6MGJ6vfIq',4,2,'2017-03-20 17:39:58'),(0000000225,'/images/upload/2/1490002798cYEAVGCTuydfZR2HCrkQWMWH',4,2,'2017-03-20 17:39:58'),(0000000226,'/images/upload/2/1490002798rEOWTuk4rZFlDfc6OpmMeosR',4,2,'2017-03-20 17:39:58'),(0000000227,'/images/upload/2/1490002798QMGKxBqYdcT5Hc979OtN2FTR',4,2,'2017-03-20 17:39:58'),(0000000228,'/images/upload/2/14900027983dBiC18qOO9kozgBL8HrkRyt',4,2,'2017-03-20 17:39:58'),(0000000229,'/images/upload/2/1490002798DfGF6vJk50X78lVXudj2uVO',4,2,'2017-03-20 17:39:58'),(0000000230,'/images/upload/2/1490002798DBdXqLp2LEIoLc54i5pelj9',4,2,'2017-03-20 17:39:58'),(0000000231,'/images/upload/2/1490002798PxtS0nEDYSzmBYolB5JkhPpA',4,2,'2017-03-20 17:39:58'),(0000000232,'/images/upload/2/1490002799VoZ7JhhxPLoQ60r2SpsYNNx',4,2,'2017-03-20 17:39:58'),(0000000233,'/images/upload/2/1490002799TvS8ifJbDHilYATMjfApf0s6',4,2,'2017-03-20 17:39:59'),(0000000234,'/images/upload/2/1490002799RzXDksuPjD5ykhazvY8mJr',4,2,'2017-03-20 17:39:59'),(0000000235,'/images/upload/2/1490002799ChRRhhYh7vcLQFdDZRJva_Fa',4,2,'2017-03-20 17:39:59'),(0000000236,'/images/upload/2/1490003087c1dnKBDKSFZ_GCZ5o2pRQWY',4,2,'2017-03-20 17:44:47'),(0000000237,'/images/upload/2/1490003087q7oqSLI3MWquv1dlHbklNhr9',4,2,'2017-03-20 17:44:47'),(0000000238,'/images/upload/2/1490003087jQ8L496szYcgYaqrFsF7',4,2,'2017-03-20 17:44:47'),(0000000239,'/images/upload/2/1490003087QktCBVMVJL1sK5CQyaNKqNHA',4,2,'2017-03-20 17:44:47'),(0000000240,'/images/upload/2/1490003088b6eEMeMBydb87Y1QI2hq8TfG',4,2,'2017-03-20 17:44:47'),(0000000241,'/images/upload/2/149000308811psP40_bfDXunw0BI8IEaxk',4,2,'2017-03-20 17:44:48'),(0000000242,'/images/upload/2/1490003090dOLlG0I0p8Pu9OFppATM5Tm',4,2,'2017-03-20 17:44:50'),(0000000243,'/images/upload/2/1490003090N02qazLolvJ0uKIu7RiC_5fo',4,2,'2017-03-20 17:44:50'),(0000000244,'/images/upload/2/1490003090vQffV7BH8E5jbRHxkoxO7ehf',4,2,'2017-03-20 17:44:50'),(0000000245,'/images/upload/2/14900030903AR2F4q8UGoON_tVCzcOpUjJ',4,2,'2017-03-20 17:44:50'),(0000000246,'/images/upload/2/1490003090hQwo3ND6ms9xA8qexc0vGW6',4,2,'2017-03-20 17:44:50'),(0000000247,'/images/upload/2/1490003090d7UCbkg0QE3CgaZIjYdU5D6',4,2,'2017-03-20 17:44:50'),(0000000248,'/images/upload/2/1490003091CQ76u1cI85i7gDnhs0k3gv0Z',4,2,'2017-03-20 17:44:50'),(0000000249,'/images/upload/2/1490003091PZbH2POFDVL5WYN214aiIyz8',4,2,'2017-03-20 17:44:51'),(0000000250,'/images/upload/2/1490003091yUbPnbMa8YSbLEQmxAsswevx',4,2,'2017-03-20 17:44:51'),(0000000251,'/images/upload/2/1490003091iFP_bn7KfixDuiODeEOZhDkP',4,2,'2017-03-20 17:44:51'),(0000000252,'/images/upload/2/1490003091bMfI_Keho1gzpnhEGPf851Lk',4,2,'2017-03-20 17:44:51'),(0000000253,'/images/upload/2/1490003091GyhX9CKlmZ1lIfD4hUEGfWjV',4,2,'2017-03-20 17:44:51'),(0000000254,'/images/upload/2/1490003422qtzz6NiCxdb6NcM55Bs7ThZr',5,2,'2017-03-20 17:50:22'),(0000000255,'/images/upload/2/14900034228Q8fxUumJmlVMJfIGVn8QU82',5,2,'2017-03-20 17:50:22'),(0000000256,'/images/upload/2/14900034231AT9jaiethi4MmPNtXjmOzmP',5,2,'2017-03-20 17:50:23'),(0000000257,'/images/upload/2/1490003423I8SBOfMdIkMP52pDgAJ1Nu7T',5,2,'2017-03-20 17:50:23'),(0000000258,'/images/upload/2/14900034247GbUYt84ihjP9N9T7vNUc0AT',5,2,'2017-03-20 17:50:24'),(0000000259,'/images/upload/2/1490003424I8K0u35wDYGX7ZaBesFPtMg',5,2,'2017-03-20 17:50:24'),(0000000260,'/images/upload/2/14900034283z_XRXny4e8TuU4bcR_iUnV8',5,2,'2017-03-20 17:50:28'),(0000000261,'/images/upload/2/1490003428WYKQ7NYOYQLqZPIe7voVFf1',5,2,'2017-03-20 17:50:28'),(0000000262,'/images/upload/2/1490003429o3DbDZ_k6JlBMr6onMjuJt3Y',5,2,'2017-03-20 17:50:29'),(0000000263,'/images/upload/2/1490003429YDaJ6hB9Rz5HvtdAHmsaexlr',5,2,'2017-03-20 17:50:29'),(0000000264,'/images/upload/2/149000342980Vl1tcXqbGfjsb5o0QPZEvc',5,2,'2017-03-20 17:50:29'),(0000000265,'/images/upload/2/1490003429WJXJaI_zMBKnzIIFp2fatlyR',5,2,'2017-03-20 17:50:29'),(0000000266,'/images/upload/2/1490003429mjKeHDnDfxllPWvEuBjZ2xyK',5,2,'2017-03-20 17:50:29'),(0000000267,'/images/upload/2/1490003429LBEEQGNRz6T1iPruuGNWSTj',5,2,'2017-03-20 17:50:29'),(0000000268,'/images/upload/2/14900034306SjPjnLd5HXgnVP7vxu2ebIE',5,2,'2017-03-20 17:50:30'),(0000000269,'/images/upload/2/1490003430T_U6vexSxg5cUsQ7_9tN4Yqy',5,2,'2017-03-20 17:50:30'),(0000000270,'/images/upload/2/1490003430TI6RlB15ACKdro_hX58YoXoS',5,2,'2017-03-20 17:50:30'),(0000000271,'/images/upload/2/1490003430dYOGilvocPbvbXJhCFxZzk42',5,2,'2017-03-20 17:50:30'),(0000000272,'/images/upload/2/1490003518xJwAf2j60cdwqLmYr8TUZ_S',5,2,'2017-03-20 17:51:58'),(0000000273,'/images/upload/2/1490003518p3EkWvDNcJCxjDCUek5GI4XE',5,2,'2017-03-20 17:51:58'),(0000000274,'/images/upload/2/1490003519Sz54LOJYKwD0R7o1XAx6wfn6',5,2,'2017-03-20 17:51:59'),(0000000275,'/images/upload/2/14900035197rEbo2KWMevgO6h_jNp28l1',5,2,'2017-03-20 17:51:59'),(0000000276,'/images/upload/2/149000351993Bx_no10JXvkII2jdlXQd9',5,2,'2017-03-20 17:51:59'),(0000000277,'/images/upload/2/1490003519UV4sd9u3JA8smRp5l16b8vd3',5,2,'2017-03-20 17:51:59'),(0000000278,'/images/upload/2/14900610053b59fznk9yyMDaiKX3jID1gI',4,2,'2017-03-21 09:50:05'),(0000000279,'/images/upload/2/1490061005AvuPZY074anExIN3eyGpQpk',4,2,'2017-03-21 09:50:05'),(0000000280,'/images/upload/2/1490061005UJ1wKiciNG6LD5MLaW6OrOAv',4,2,'2017-03-21 09:50:05'),(0000000281,'/images/upload/2/1490061005179qXyLPgMj_3whRbnAOtkxE',4,2,'2017-03-21 09:50:05'),(0000000282,'/images/upload/2/1490061005fDrGq0as7jS2SBS6ma5qGmfR',4,2,'2017-03-21 09:50:05'),(0000000283,'/images/upload/2/1490061005KPEc89RnNg2cgcEnwuqn4huq',4,2,'2017-03-21 09:50:05'),(0000000284,'/images/upload/2/1490061008rzQ6W4YEUAR0KGovWrHbEjy9',4,2,'2017-03-21 09:50:08'),(0000000285,'/images/upload/2/1490061008OZwSe_hGy6MsaJ52hX3Bsvw',4,2,'2017-03-21 09:50:08'),(0000000286,'/images/upload/2/1490061008UaIxueGgcb6qao4IuR9FyeIQ',4,2,'2017-03-21 09:50:08'),(0000000287,'/images/upload/2/14900610089LQLcjg5uYCYbgcnrjNCHSi9',4,2,'2017-03-21 09:50:08'),(0000000288,'/images/upload/2/1490061008HrOdGu2QeSAr9QwDM6AXnMiP',4,2,'2017-03-21 09:50:08'),(0000000289,'/images/upload/2/149006100834pLWIUB8HPOaRDpIbQSltM',4,2,'2017-03-21 09:50:08'),(0000000290,'/images/upload/2/1490061009s1HQO_DS21BYJuySamElcgKU',4,2,'2017-03-21 09:50:08'),(0000000291,'/images/upload/2/1490061009rzKrUccleT91SMTUOtRwYom6',4,2,'2017-03-21 09:50:09'),(0000000292,'/images/upload/2/1490061009KrWfaPHJy7CKjXYb4Z1RRWD',4,2,'2017-03-21 09:50:09'),(0000000293,'/images/upload/2/1490061009iL8e7ulStMNJXBpE7weRQ9O',4,2,'2017-03-21 09:50:09'),(0000000294,'/images/upload/2/1490061009eM13BXHUHP7PhsFLdrt80SN7',4,2,'2017-03-21 09:50:09'),(0000000295,'/images/upload/2/1490061009n0ZbaLbowcr687_PW6CcygYM',4,2,'2017-03-21 09:50:09'),(0000000296,'/images/upload/213/149007096214YFepCnDqaLCcEemx4VJ7if',5,213,'2017-03-21 12:36:02'),(0000000297,'/images/upload/213/1490070962mw9z3r_4vXKJkl5YLfImrlAN',5,213,'2017-03-21 12:36:02'),(0000000298,'/images/upload/213/1490070962SFHAMZP6uZGxoECUzkCUFHRo',5,213,'2017-03-21 12:36:02'),(0000000299,'/images/upload/213/1490070962WyLmTj7KZPiJM5Qe3uMr7mjH',5,213,'2017-03-21 12:36:02'),(0000000300,'/images/upload/213/1490070962HWzlBpKwYtSQN_yKNQsyWgNZ',5,213,'2017-03-21 12:36:02'),(0000000301,'/images/upload/213/1490070962LxpSUJxAD5VdvDJs4AgRzOAk',5,213,'2017-03-21 12:36:02'),(0000000302,'/images/upload/213/1490070962D0SxhEv09UT2CpCdvvr_79qb',5,213,'2017-03-21 12:36:02'),(0000000303,'/images/upload/2/1490080468qk1434keI7lWXW3YDvYaGRfb',5,2,'2017-03-21 15:14:28'),(0000000304,'/images/upload/2/1490080468gIjsajHAEIFHN_Wu6fp19s_N',5,2,'2017-03-21 15:14:28'),(0000000305,'/images/upload/2/1490080468YWXCLbO0U6t2q8D2RhKCgE5m',5,2,'2017-03-21 15:14:28'),(0000000306,'/images/upload/2/1490080468Tuo1XmOTgKu0Wg0PmuRMCtPs',5,2,'2017-03-21 15:14:28'),(0000000307,'/images/upload/2/1490080468Kx398l1CJ3y3RpkAUku8liv',5,2,'2017-03-21 15:14:28'),(0000000308,'/images/upload/2/1490080468Q7grB3TkAXjK3EMGmPcpFCKd',5,2,'2017-03-21 15:14:28'),(0000000309,'/images/upload/2/1490080468u3IDp_7d6nEHrw00rjKvYv9i',5,2,'2017-03-21 15:14:28'),(0000000310,'/images/upload/2/1490080471imIXZr9ruR3TQa5WyKC_eC_G',5,2,'2017-03-21 15:14:31'),(0000000311,'/images/upload/2/1490080471WJ9Scj9vFSqChz2Lp6DdhI7Q',5,2,'2017-03-21 15:14:31'),(0000000312,'/images/upload/2/1490080471rJOFkNjeut5HMfaq5B1n847x',5,2,'2017-03-21 15:14:31'),(0000000313,'/images/upload/2/1490080471aKKrrSgSA2wUPQ7ihd_2s8sy',5,2,'2017-03-21 15:14:31'),(0000000314,'/images/upload/2/1490080471JuVSy0nIL68aYp1wrxpfmxyD',5,2,'2017-03-21 15:14:31'),(0000000315,'/images/upload/2/1490080472KwFaE6JmACc6CAPlGYwCly7N',5,2,'2017-03-21 15:14:31'),(0000000316,'/images/upload/2/14900804724w0q1y1M2HXHNE1meetROgbs',5,2,'2017-03-21 15:14:31'),(0000000317,'/images/upload/2/1490080472dI3yebjiHkJJTLuWqpBc1Dzg',5,2,'2017-03-21 15:14:32'),(0000000318,'/images/upload/2/1490080472R06Egh5u_80cjkvEdJwYbqm',5,2,'2017-03-21 15:14:32'),(0000000319,'/images/upload/2/1490080472BzCD6Tt6Z5nfbRdjSqDbWDP',5,2,'2017-03-21 15:14:32'),(0000000320,'/images/upload/2/14900804727lk3xKq6KZJl4AObxUyN3o_n',5,2,'2017-03-21 15:14:32'),(0000000321,'/images/upload/2/1490080472foqjDeqZytugTB_RikVS74o',5,2,'2017-03-21 15:14:32'),(0000000322,'/images/upload/2/14900804720D9308rfxrFQ3Te0qIvGA5Fp',5,2,'2017-03-21 15:14:32'),(0000000323,'/images/upload/2/1490080472nZje4oD40N80VAgr0Wf3Nu4b',5,2,'2017-03-21 15:14:32'),(0000000324,'/images/upload/3/14900937782rjgJbpbw2ZhCethcup99dpf',4,3,'2017-03-21 18:56:18'),(0000000325,'/images/upload/2/1490249570hbiu9cuv0r3kwu0Uhqu5KqvX',4,2,'2017-03-23 14:12:50'),(0000000326,'/images/upload/185/14906847484Enpai81C922rpR2pE0X5t',5,185,'2017-03-28 15:05:48'),(0000000327,'/images/upload/185/1490684762YH1Rz0bwoALDjubNSdcfYECu',5,185,'2017-03-28 15:06:02'),(0000000328,'/images/upload/185/14906847668LWnv5V0cHLRqm6OOQEfV1Hy',5,185,'2017-03-28 15:06:06'),(0000000329,'/images/upload/185/1490684766hOaFbgRfVdF3vN56X48_vyQx',5,185,'2017-03-28 15:06:06'),(0000000330,'/images/upload/2/1490927914cQ7GgiiqjnxRiKAcpTojdxi',6,2,'2017-03-31 10:38:34'),(0000000331,'/images/upload/2/1490928381l7ExCCChR9w4IfOQ6iuhB',6,2,'2017-03-31 10:46:21'),(0000000332,'/images/upload/2/14909284236IHph1PhHAbNeVxK2xUS0ODM',6,2,'2017-03-31 10:47:03'),(0000000333,'/images/upload/2/1490928664cIGJUT7wX3mUhWQJJzMlHH',6,2,'2017-03-31 10:51:04'),(0000000334,'/images/upload/2/1490928775nQEJBntO37vX7n2Dj6ZboT6',6,2,'2017-03-31 10:52:55'),(0000000335,'/images/upload/2/14909288810Y8ev_qy290RbrH8Z1UFIlCD',6,2,'2017-03-31 10:54:41'),(0000000336,'/images/upload/2/1490929102GXLh95qf2ucLctluL7L1C7Mw',6,2,'2017-03-31 10:58:22'),(0000000337,'/images/upload/2/1490929447BzTXeyWCmzjYWMK_UeV0CYDV',6,2,'2017-03-31 11:04:07'),(0000000338,'/images/upload/2/1490930610xsRcTBY_iEnAFaSkL15ZWDIY',6,2,'2017-03-31 11:23:30'),(0000000339,'/images/upload/2/14909309323B4st4y3Dp_SYVtjsNfny_lq',6,2,'2017-03-31 11:28:52'),(0000000340,'/images/upload/2/1490931037GmcAbM8nBf1RykgyDD4tWP16',6,2,'2017-03-31 11:30:37'),(0000000341,'/images/upload/2/1490933130Z9ixeD6TngSswsHt0Z_MGz3b',6,2,'2017-03-31 12:05:30'),(0000000342,'/images/upload/2/1490941453Aodp69OSNOdJDaDOhzwFA9k',6,2,'2017-03-31 14:24:13'),(0000000343,'/images/upload/2/14914466843ywByzzPMaqoFQTymuk64KKK',5,2,'2017-04-06 10:44:44'),(0000000344,'/images/upload/2/1491446684nEdkO2nkzZT6wHTG5gjV7Sg',5,2,'2017-04-06 10:44:44'),(0000000345,'/images/upload/2/1491446684BamGV5pgKot2awpv3mmaS11x',5,2,'2017-04-06 10:44:44'),(0000000346,'/images/upload/2/14914466846hR0pHgRCFLI2qrtsC_S51',5,2,'2017-04-06 10:44:44'),(0000000347,'/images/upload/2/1491446684drb4tdBzvqzU6QTYqwH7zHx_',5,2,'2017-04-06 10:44:44'),(0000000348,'/images/upload/2/14914466849_A7RG825k6zxH606GVcvM9W',5,2,'2017-04-06 10:44:44'),(0000000349,'/images/upload/2/1491446685hQ1RwzPFxoMn2Vp8dvHLbOMi',5,2,'2017-04-06 10:44:45'),(0000000350,'/images/upload/2/1491446685tFvYqESItTxZqlCYJnkMgJVu',5,2,'2017-04-06 10:44:45'),(0000000351,'/images/upload/2/1491446685dAdpn_HQEaN2PDLgvgdWBQTj',5,2,'2017-04-06 10:44:45'),(0000000352,'/images/upload/2/1491446685bb4rVZV6y7vV5bKJmwM97vqD',5,2,'2017-04-06 10:44:45'),(0000000353,'/images/upload/2/1491466448iGsadqXLdrHagO_GmEjqZFP2',4,2,'2017-04-06 16:14:08'),(0000000354,'/images/upload/2/1491468466lCy05X4ObmRhRtJIFKpy3eKb',4,2,'2017-04-06 16:47:46'),(0000000355,'/images/upload/2/1491799419rZ32lEd9QEJ_VmXpDF2820c',4,2,'2017-04-10 12:43:38'),(0000000356,'/images/upload/2/1491801355K5mjIpaP2_CKnbauYQuPJXp_',4,2,'2017-04-10 13:15:55'),(0000000357,'/images/upload/2/14918020669FyKTeKSHwyIydsbk8dhWQkY',4,2,'2017-04-10 13:27:45'),(0000000358,'/images/upload/2/1491802494ac9gX3e1EZsRiZ_TgC1t0MNE',4,2,'2017-04-10 13:34:54'),(0000000359,'/images/upload/2/1491802819xur1_9_9m7phbDiPBKFTIDKZ',4,2,'2017-04-10 13:40:19'),(0000000360,'/images/upload/2/1491815889DHlZQThF7OFen4eLvLhCwbr',5,2,'2017-04-10 17:18:09'),(0000000361,'/images/upload/2/1491815889jhGPNowp4SnUKEyRrb4OgjxL',5,2,'2017-04-10 17:18:09'),(0000000362,'/images/upload/2/14918158892Pl2kwtDO8qzwXYBOjuwY0mn',5,2,'2017-04-10 17:18:09'),(0000000363,'/images/upload/2/1491815889cr9tKHdNuzPP4gqSoRqVNnvA',5,2,'2017-04-10 17:18:09'),(0000000364,'/images/upload/2/1491815889HZ5DZr_aT7DBPRnioa5srwjQ',5,2,'2017-04-10 17:18:09'),(0000000365,'/images/upload/2/1491815889lJK74dILaNm8dki4sWGfM1x8',5,2,'2017-04-10 17:18:09'),(0000000366,'/images/upload/2/1491815889cCBD7UstBaAFngpy2LGf4Zjx',5,2,'2017-04-10 17:18:09'),(0000000367,'/images/upload/2/1491815889UZNEjMbWmP1eguQr3tPkTlm',5,2,'2017-04-10 17:18:10'),(0000000368,'/images/upload/2/1491815890C0BHZUdRS_uShe2bBScP6HDx',5,2,'2017-04-10 17:18:10'),(0000000369,'/images/upload/2/1491815890K5k2YGozGZeDSstJqXAIaCUL',5,2,'2017-04-10 17:18:10'),(0000000370,'/images/upload/2/1491815890t5yzMa5ufqxc4VLLT_mKqQsR',5,2,'2017-04-10 17:18:10'),(0000000371,'/images/upload/2/1491815890L0xWDpF4ucEfnKJC8fPd8yY0',5,2,'2017-04-10 17:18:10'),(0000000372,'/images/upload/2/1491815890xjLX7bMTciOPIrUaExqf7Co',5,2,'2017-04-10 17:18:10'),(0000000373,'/images/upload/2/1491815890nqBvYywtRfpZraQDsCr82kjH',5,2,'2017-04-10 17:18:10'),(0000000374,'/images/upload/2/1491815891RJH5RitcI3IFBd7qswoUGdw7',5,2,'2017-04-10 17:18:11'),(0000000375,'/images/upload/2/1491815978C0ebCFL9CAL6aGFs7HxPEy8l',5,2,'2017-04-10 17:19:38'),(0000000376,'/images/upload/2/1491816012TIGyqRe3eie1YpBjNryzJgO6',5,2,'2017-04-10 17:20:12'),(0000000377,'/images/upload/2/1491816012XRmMllpc14KsVYv7eJ9a6KuT',5,2,'2017-04-10 17:20:12'),(0000000378,'/images/upload/2/1491817115FKYnU2IGM1gyuQRscJ5Tc3vh',6,2,'2017-04-10 17:38:34'),(0000000379,'/images/upload/2/1491817707o4IKD4rHqsAZO9JJrSBjEBC',6,2,'2017-04-10 17:48:27'),(0000000380,'/images/upload/2/1491818227_MPTVp9PiDsvPFUi8lj_olqL',6,2,'2017-04-10 17:57:07'),(0000000381,'/images/upload/2/1491818844ALH7nhIWHhogHUijSmDqzu',0,2,'2017-04-10 18:07:24'),(0000000382,'/images/upload/2/1491818952Zv27a4BKdvTJ3DZ_BjGiRQh',10,2,'2017-04-10 18:09:12'),(0000000383,'/images/upload/2/1491819665ZcBvdFmdr91yNwaYYBs2df',9,2,'2017-04-10 18:21:05'),(0000000384,'/images/upload/2/1491819709G72ktU23cLMwSKXIrbqDXS',9,2,'2017-04-10 18:21:49'),(0000000385,'/images/upload/2/149181988513xAMqkEI_hL8s1o478ZTQPU',9,2,'2017-04-10 18:24:45'),(0000000386,'/images/upload/2/1491819911tY7wIRnxtnue_8bMxjNPnwT',9,2,'2017-04-10 18:25:11'),(0000000387,'/images/upload/2/1491819931W1DtHnKYhGMHaDx7T94efS',9,2,'2017-04-10 18:25:31'),(0000000388,'/images/upload/2/14918199671mKtHbgYbULlfMTOqfTrJvBl',9,2,'2017-04-10 18:26:07'),(0000000389,'/images/upload/2/1491819981E25tQ6LPSzHMYRzfs0KgFDyO',9,2,'2017-04-10 18:26:21'),(0000000390,'/images/upload/2/1491967173gdsCIf_8T_9GftLxZVstHOcv',10,2,'2017-04-12 11:19:33'),(0000000391,'/images/upload/2/1491967216IK0PCeCuuLjAffHt1kWZfH9v',10,2,'2017-04-12 11:20:16'),(0000000392,'/images/upload/2/1491967303A8TO_jxySw0YP1YyguPEFKcJ',10,2,'2017-04-12 11:21:43'),(0000000393,'/images/upload/2/1491967323L197guKIwnwJbYkxfIcnyhY5',10,2,'2017-04-12 11:22:03'),(0000000394,'/images/upload/2/1491969277iSHtuo2CfQAzm6qT7nG8kcp',10,2,'2017-04-12 11:54:37'),(0000000395,'/images/upload/2/1491969422ifm98VYYVCmgFwBYUw0VBshb',10,2,'2017-04-12 11:57:02'),(0000000396,'/images/upload/2/14919695502jtR_r15dKug225TE1eAIYDC',10,2,'2017-04-12 11:59:10'),(0000000397,'/images/upload/2/1491969716SCK_EtkFVndRbsxm2RpbXYK',10,2,'2017-04-12 12:01:56'),(0000000398,'/images/upload/2/1491969776zskzQ3maWBDYXT2mtbNoFv4',10,2,'2017-04-12 12:02:56'),(0000000399,'/images/upload/2/1491970337P1sKdaJw0pZvN51QFBaM1',10,2,'2017-04-12 12:12:17'),(0000000400,'/images/upload/2/1491970353k2MPClSFoIPUvKKCq2yWOQtG',10,2,'2017-04-12 12:12:33'),(0000000401,'/images/upload/2/1491970549Re8CcKPMa7k_bG95gM1bE4y6',10,2,'2017-04-12 12:15:49'),(0000000402,'/images/upload/2/1491972324R0z3soleuOXyUMfrFUQn36m',10,2,'2017-04-12 12:45:24'),(0000000403,'/images/upload/2/14919723514avZxdRRgBESXvwjcjcH2Xit',10,2,'2017-04-12 12:45:51'),(0000000404,'/images/upload/2/1491972818sGbGsTgjt_i5rCLlZYaZ8Dvu',10,2,'2017-04-12 12:53:37'),(0000000405,'/images/upload/2/1491972871N0KK5nHqkRnMqWyZMmmnsqqF',10,2,'2017-04-12 12:54:31'),(0000000406,'/images/upload/2/14919728814JTsnmwcAEPNmCxxKSwVwFM',10,2,'2017-04-12 12:54:41'),(0000000407,'/images/upload/2/1491972901nciBUtcBhzEukGNiw3b9ye5B',10,2,'2017-04-12 12:55:01'),(0000000408,'/images/upload/2/1491972915cJDFFAsWNVwu8uC0tLGIdqeb',10,2,'2017-04-12 12:55:15'),(0000000409,'/images/upload/2/1491972927TmI0GUptUrVCF4k95K7Av6Fx',10,2,'2017-04-12 12:55:27'),(0000000410,'/images/upload/2/1491972930Wj65356WsPX6HkAAMubpywzD',10,2,'2017-04-12 12:55:30'),(0000000411,'/images/upload/2/1491972936GkURgRAIvMnYDDg5Cyb29Xn6',10,2,'2017-04-12 12:55:36'),(0000000412,'/images/upload/2/1491972940Tx409zvPUnF8cdRI_cFCQVHq',10,2,'2017-04-12 12:55:40'),(0000000413,'/images/upload/2/1491983379wUgB3vVPkl7R_U5oLKKTafBF',9,2,'2017-04-12 15:49:39'),(0000000414,'/images/upload/2/1491983892vp8yEv5wT0O8ct2vOBtN3HQ',9,2,'2017-04-12 15:58:12'),(0000000415,'/images/upload/2/1491984013G0AR20rK0ffXc_DgWXFYjrvP',9,2,'2017-04-12 16:00:13'),(0000000416,'/images/upload/2/1492070864HgKoTilbcIHAFLvyqEKtsfxD',5,2,'2017-04-13 16:07:44'),(0000000417,'/images/upload/2/14924170992B53mAN2imZoB3pxE2Jze0XQ',4,2,'2017-04-17 16:18:19'),(0000000418,'/images/upload/2/1492422222FZMswrn3FqGtMplefgRcmA_',4,2,'2017-04-17 17:43:42'),(0000000419,'/images/upload/2/1492424693Gm5Q1ZVGWF7W9yhdcIUFshH',4,2,'2017-04-17 18:24:53'),(0000000420,'/images/upload/2/1492493647sfDOG9Q2HviaVAp1xBbkheo2',4,2,'2017-04-18 13:34:07'),(0000000421,'/images/upload/2/1492494123e1t6IPfvVdkWjF2PiSDnxG9n',4,2,'2017-04-18 13:42:04'),(0000000422,'/images/upload/171/1492586457yl69oWpZqTADlTBHrG8Qt9x7',5,171,'2017-04-19 15:20:57'),(0000000423,'/images/upload/2/1492587730m5__FTBnh8aWojp53mKTa7vU',10,2,'2017-04-19 15:42:10'),(0000000424,'/images/upload/2/1492587757xPqKuEWRJVPnMpK2yUYWcm0f',10,2,'2017-04-19 15:42:37'),(0000000425,'/images/upload/2/1492672809_83L1WKMXqIeFMQlsBV7LsbY',10,2,'2017-04-20 15:20:09'),(0000000426,'/images/upload/2/1492672822JihJGkaFtdou77f3yXhcI5x8',10,2,'2017-04-20 15:20:22'),(0000000427,'/images/upload/2/1492673838HrgqUrnBKFioZs2rGqVOx9S4',10,2,'2017-04-20 15:37:18'),(0000000428,'/images/upload/2/1492674062AnXRRu205kYk9urKfddnojkE',10,2,'2017-04-20 15:41:02'),(0000000429,'/images/upload/2/1492766887Jh0rEV4yJH3seqWtMx9UvNk',10,2,'2017-04-21 17:28:08'),(0000000430,'/images/upload/2/1492766909r8x7IO5YroWuo7bSFXBHSDHg',10,2,'2017-04-21 17:28:29'),(0000000431,'/images/upload/2/1492767090FMWGxDHLlf67pIBQySjllH2',4,2,'2017-04-21 17:31:30'),(0000000432,'/images/upload/2/1492767138q7VsaP4U45j4Jd9gXQjn2Khw',4,2,'2017-04-21 17:32:18'),(0000000433,'/images/upload/2/1492768054L97TocR45cZWNhY7dHpGZrkC',10,2,'2017-04-21 17:47:35'),(0000000434,'/images/upload/2/1493005951Ag6J1oZDXyphy35vPkWNUN',9,2,'2017-04-24 11:52:32'),(0000000435,'/images/upload/2/1493006052zDlKDMUA5AOpmCLOxGRIOVH',9,2,'2017-04-24 11:54:12'),(0000000436,'/images/upload/2/1493006084ahMcyER7VXQWkOxflXxluAqZ',9,2,'2017-04-24 11:54:45'),(0000000437,'/images/upload/2/1493006122JNzkbGvNr2H5Alj4Nggmdbtd',9,2,'2017-04-24 11:55:22'),(0000000438,'/images/upload/2/1493006126ayIt2DsLo03AHzl6B1camwe8',9,2,'2017-04-24 11:55:26'),(0000000439,'/images/upload/2/14930066915ettgyYcDhiGJAprP1jeEX0P',9,2,'2017-04-24 12:04:51'),(0000000440,'/images/upload/2/14930067021Zi_eqRPeMk2E6ZBagzEPurK',9,2,'2017-04-24 12:05:02'),(0000000441,'/images/upload/2/14930287928PSkep6TmZ__5eqbMCmwXNb',10,2,'2017-04-24 18:13:12'),(0000000442,'/images/upload/2/1493087495Q6AdjJuKewvKgWpVOrShQLXz',9,2,'2017-04-25 10:31:35'),(0000000443,'/images/upload/2/1493087629SdrMXADPeH8lxa8kp92thRIP',9,2,'2017-04-25 10:33:49'),(0000000444,'/images/upload/2/1493090691NwYgLraW76gwbMOGtMJmxqtk',9,2,'2017-04-25 11:24:51'),(0000000445,'/images/upload/2/1493114373_l2VDsdI4Q4dP2BG0TZP_lu',9,2,'2017-04-25 17:59:33'),(0000000446,'/images/upload/2/1493114385LMwjyUCH6BKCfFbvt33_BRsB',9,2,'2017-04-25 17:59:45'),(0000000447,'/images/upload/2/1493114646hiSZa5csYGuqhcc8CH72R502',9,2,'2017-04-25 18:04:07'),(0000000448,'/images/upload/2/1493114665TSeLQiSmT8jhacQtptjwDmG',9,2,'2017-04-25 18:04:25'),(0000000449,'/images/upload/2/1493114751HoIZTEGchZKo1f960MXCi1Q4',9,2,'2017-04-25 18:05:51'),(0000000450,'/images/upload/2/1493115000BFQwsNgr7ikLKysPmx0azCQA',9,2,'2017-04-25 18:10:00'),(0000000451,'/images/upload/2/1493115272vHkWx0SJrEr0tTiaNVPAhssb',9,2,'2017-04-25 18:14:32'),(0000000452,'/images/upload/2/1493116002A9q1h3g8WuUKNL5FToX2ALw_',4,2,'2017-04-25 18:26:42'),(0000000453,'/images/upload/2/1493176918Jm2RdayW4CXsklzI9XJyJ46J',9,2,'2017-04-26 11:21:58'),(0000000454,'/images/upload/2/14931769788kmtzeOQQND23oAT1fCh0zSs',9,2,'2017-04-26 11:22:58'),(0000000455,'/images/upload/2/1493177037Qn3uz59d0qIEylOKC4txwt1S',9,2,'2017-04-26 11:23:57'),(0000000456,'/images/upload/2/1493177067yMORf0yC2nQdWLhwGKR0iya',9,2,'2017-04-26 11:24:27'),(0000000457,'/images/upload/231/1493181351JIMTBWxILsMKuYi_0LOhUiRD',9,231,'2017-04-26 12:35:51'),(0000000458,'/images/upload/231/1493187368WnQZnmGn1iubndFOATQIoUkC',10,231,'2017-04-26 14:16:08'),(0000000459,'/images/upload/231/1493187976QQWlfKSxqlto9_15fXlAKRFB',9,231,'2017-04-26 14:26:16'),(0000000460,'/images/upload/231/1493188018OSSMHCMzAdICZW_zCZlTEfL3',9,231,'2017-04-26 14:26:58'),(0000000461,'/images/upload/231/1493188042t2tWCIJqwv2yyq7psn0JnAAQ',9,231,'2017-04-26 14:27:22'),(0000000462,'/images/upload/231/1493188088PtPsIzvrPKWUmaLQfnYMJdm',9,231,'2017-04-26 14:28:08'),(0000000463,'/images/upload/231/1493188155oAmkUa_KYonA20LjIhoBJcLH',9,231,'2017-04-26 14:29:15'),(0000000464,'/images/upload/231/1493188199r_Ulinj7cetrYjZmFrLPpNVE',9,231,'2017-04-26 14:29:59'),(0000000465,'/images/upload/231/1493188230kBsdcv2zFdi8dlq7FZhd1EZ',9,231,'2017-04-26 14:30:30'),(0000000466,'/images/upload/231/1493188285Nl2QTFgSWMi1aFV0G9TRHrlw',9,231,'2017-04-26 14:31:25'),(0000000467,'/images/upload/231/1493189084VKlBtUcbQ5MQx5ToOsD84HFY',10,231,'2017-04-26 14:44:44'),(0000000468,'/images/upload/231/1493189526hDNWDLWjHndu2rRaTqNly1Z',10,231,'2017-04-26 14:52:06'),(0000000469,'/images/upload/2/1493192594cLkNlae7cx_DpSBcw0CivIK',5,2,'2017-04-26 15:43:14'),(0000000470,'/images/upload/2/1493192595Wknbh66tRrebBtiO_iMCIDcV',5,2,'2017-04-26 15:43:15'),(0000000471,'/images/upload/2/14931925957cvqIb8CwvONCUfsktDVXWHW',5,2,'2017-04-26 15:43:15'),(0000000472,'/images/upload/2/1493192595cswV3JObWiBCuKd_dMQU0gc',5,2,'2017-04-26 15:43:15'),(0000000473,'/images/upload/2/1493192595tT6pNOj_eQUixHtr_31sNer',5,2,'2017-04-26 15:43:15'),(0000000474,'/images/upload/2/1493192596ecP6c3jGXp3JbmIqbAIIfa8d',5,2,'2017-04-26 15:43:16'),(0000000475,'/images/upload/2/1493192596daG_p6_DiNKuR18NqbuCya0K',5,2,'2017-04-26 15:43:16'),(0000000476,'/images/upload/2/1493192596LJqUzd6JT56Z3JgQsKGtSrU',5,2,'2017-04-26 15:43:16'),(0000000477,'/images/upload/2/14931925962WuB4vjQdKP5h0bUg5SkP69',5,2,'2017-04-26 15:43:16'),(0000000478,'/images/upload/2/1493192596fQPIHfBK94kezD2NmRTDS3DK',5,2,'2017-04-26 15:43:16'),(0000000479,'/images/upload/2/1493192596kIBEwHNLwBscQ1X_6fcGTerd',5,2,'2017-04-26 15:43:16'),(0000000480,'/images/upload/2/14931925963iRWmsEG9eiFV4oqFRDuTysZ',5,2,'2017-04-26 15:43:16'),(0000000481,'/images/upload/2/1493192596NEDFT3SXlIRH8umiIEXCJk1n',5,2,'2017-04-26 15:43:16'),(0000000482,'/images/upload/2/14931925979ER1biZXCCOFsK9zHh11AK',5,2,'2017-04-26 15:43:16'),(0000000483,'/images/upload/2/1493192597GvlnPmKZAaT_7OBJBeajej',5,2,'2017-04-26 15:43:17'),(0000000484,'/images/upload/2/1493192597TVBVW9DBEZYsjHqifqs7oAVZ',5,2,'2017-04-26 15:43:17'),(0000000485,'/images/upload/2/1493192597hvcsPqLGjkAeucP79MAssLI',5,2,'2017-04-26 15:43:17'),(0000000486,'/images/upload/2/1493192597pcPOMJL2cXumdGGyeV1rJ8A',5,2,'2017-04-26 15:43:17'),(0000000487,'/images/upload/2/1493192597tJ1VIMB5ZoTK5DMizeiVsZz',5,2,'2017-04-26 15:43:17'),(0000000488,'/images/upload/2/1493192597cs0D99bDScxyZ6EXvwFB7pUG',5,2,'2017-04-26 15:43:17'),(0000000489,'/images/upload/2/1493192597EaA5784jA5WKe6m5jTDh_gcu',5,2,'2017-04-26 15:43:17'),(0000000490,'/images/upload/2/1493192597MS3UgYzU67_df2xQ8szmyVrR',5,2,'2017-04-26 15:43:17'),(0000000491,'/images/upload/2/1493265317xk8JhruQxXwBz0nfRV4r5P9b',11,2,'2017-04-27 11:55:17'),(0000000492,'/images/upload/184/1493348406Bnglr9fuRoMVfTPKdSU3Ehz0',5,184,'2017-04-28 11:00:07'),(0000000493,'/images/upload/184/1493348411h8nR8AVwIkuVBprkbSLakBsR',5,184,'2017-04-28 11:00:11'),(0000000494,'/images/upload/184/1493348411KNvCSx_sUfOko2Perz7HqWpE',5,184,'2017-04-28 11:00:11'),(0000000495,'/images/upload/256/1494211907_yz7KBblWziOnuGWlb8t1qis',10,256,'2017-05-08 10:51:48'),(0000000496,'/images/upload/256/1494214587tFnNvpV80eTGJJSQ_K4v_Wau',4,256,'2017-05-08 11:36:27'),(0000000497,'/images/upload/256/1494214687b9TvmgjPWHBq4vz5KqLs8Bg6',4,256,'2017-05-08 11:38:07'),(0000000498,'/images/upload/256/1494322749w7ZREkXrwtB7Xl8Prvg2o9C8',10,256,'2017-05-09 17:39:09'),(0000000499,'/images/upload/256/1494323003f3S8rAbWMT0sG2_6psZgmqf',5,256,'2017-05-09 17:43:23'),(0000000500,'/images/upload/2/1494383987te2YH0fH1u4cCsDr_ZaM6rjw',9,2,'2017-05-10 10:39:47'),(0000000501,'/images/upload/2/1494384092qtRWYCrTI7Y4rNuYrGw8MISy',9,2,'2017-05-10 10:41:32'),(0000000502,'/images/upload/2/1494384221_it0nxQISiPUHLUlJtkca_xB',9,2,'2017-05-10 10:43:42'),(0000000503,'/images/upload/2/1494402834URMZWWA4RoC3701OrqnKg6EO',11,2,'2017-05-10 15:53:55'),(0000000504,'/images/upload/3/1494409394pFyWv7LqLUE6oFgr3FEigYxR',9,3,'2017-05-10 17:43:14'),(0000000505,'/images/upload/3/1494409491aHLkD4JgDEMKnbugQBFuR4yv',9,3,'2017-05-10 17:44:51'),(0000000506,'/images/upload/3/1494409576IQLFmA8wgTQTYx8zaVix4MOV',9,3,'2017-05-10 17:46:16'),(0000000507,'/images/upload/3/1494409635msnbwVHdKqT40AfTo7QWfn4',9,3,'2017-05-10 17:47:15'),(0000000508,'/images/upload/3/14944097048FCdqp6MRtYmmDA42r91rJhj',9,3,'2017-05-10 17:48:24'),(0000000509,'/images/upload/3/14944097936o81Ev6M9I_A64lXyhhUVRZY',9,3,'2017-05-10 17:49:53'),(0000000510,'/images/upload/3/1494409851h6ZJQe0XD8YfE20OL_nR3IMB',9,3,'2017-05-10 17:50:51'),(0000000511,'/images/upload/3/1494409894_2uUUsQ9zNSn0TiDfSEhTr0',9,3,'2017-05-10 17:51:34'),(0000000512,'/images/upload/3/1494409939RORVuCusEZkxp9GZWxlXoDzo',9,3,'2017-05-10 17:52:20'),(0000000513,'/images/upload/3/1494409967Tp18hs96e_0IBu9eruLRDpOy',9,3,'2017-05-10 17:52:47'),(0000000514,'/images/upload/3/1494410007X7ujL1ICrJLIaUPoTP5shfGJ',9,3,'2017-05-10 17:53:27'),(0000000515,'/images/upload/3/1494410049JpzlPmUKtm2dnKPOszuCrhj',9,3,'2017-05-10 17:54:09'),(0000000516,'/images/upload/3/149441009854Lnkq52QEnD_gmsCoF_7tMA',9,3,'2017-05-10 17:54:58'),(0000000517,'/images/upload/3/14944101350fbsxaMCfv_zW3BKHZmGdI6Q',9,3,'2017-05-10 17:55:35'),(0000000518,'/images/upload/3/14944101835MOdezOePZHk7rXmXWWSZvAF',9,3,'2017-05-10 17:56:23'),(0000000519,'/images/upload/3/1494410268sXjGEquKbgXpQJEDGjYOLT9H',9,3,'2017-05-10 17:57:48'),(0000000520,'/images/upload/3/1494410306N3xLz5o1IFF78niojIc0kPH',9,3,'2017-05-10 17:58:26'),(0000000521,'/images/upload/3/1494410349EMuoDE3pHA9fGxeHeUll0IEp',9,3,'2017-05-10 17:59:09'),(0000000522,'/images/upload/3/14944103970kC1FqIhabFOPIbvhkKXSZC4',9,3,'2017-05-10 17:59:57'),(0000000523,'/images/upload/3/1494410445RXqSE2gEnSF0gmhqxXdlEpQV',9,3,'2017-05-10 18:00:45'),(0000000524,'/images/upload/3/1494410564JzQAwrFmn3c5tEsjhtAELa',9,3,'2017-05-10 18:02:44'),(0000000525,'/images/upload/3/1494410594GcviBkcjT0TnrxKOAXOGoq7H',9,3,'2017-05-10 18:03:14'),(0000000526,'/images/upload/3/1494410630IAgkjfuZr_g1isk9tcxVJfIi',9,3,'2017-05-10 18:03:50'),(0000000527,'/images/upload/3/1494410705auYzV3fBDvVXLoVamacEDxO4',9,3,'2017-05-10 18:05:05'),(0000000528,'/images/upload/3/1494410737Jk_rAGJL9Gi2JyEl1yhMWaXh',9,3,'2017-05-10 18:05:37'),(0000000529,'/images/upload/3/1494410789k7WXEJ0m2_OCEvmOaFRTbtdc',9,3,'2017-05-10 18:06:29'),(0000000530,'/images/upload/3/14944108410uZXFVcZ17UGQU0STPtwiPit',9,3,'2017-05-10 18:07:21'),(0000000531,'/images/upload/3/1494410889t7kEByRC1OxGHKEJRwnGpoxh',9,3,'2017-05-10 18:08:09'),(0000000532,'/images/upload/3/1494410933bNtP3XgbfUNOJnQwUucD6Vt',9,3,'2017-05-10 18:08:53'),(0000000533,'/images/upload/3/1494411226Dh71FFiQF3is6dIitB3fjq3Q',9,3,'2017-05-10 18:13:46'),(0000000534,'/images/upload/3/1494411343jy0WEWngbvhQ8AENDXeK8X1B',9,3,'2017-05-10 18:15:43'),(0000000535,'/images/upload/3/1494411381w4RQuUENrFI4A3kMyCBHbetO',9,3,'2017-05-10 18:16:21'),(0000000536,'/images/upload/3/14944114329HxhCyS7CIY5BAT0ez4PDpz9',9,3,'2017-05-10 18:17:12'),(0000000537,'/images/upload/3/149441149108Rbmi_v_wNB2DIFjELVdDVs',9,3,'2017-05-10 18:18:11'),(0000000538,'/images/upload/3/1494411528a_fOnOYoXNzh4xN22yD4akKt',9,3,'2017-05-10 18:18:48'),(0000000539,'/images/upload/3/1494411591Ztnb4gDfeT1CF__BLySP4DS6',9,3,'2017-05-10 18:19:51'),(0000000540,'/images/upload/3/14944116229tajOVNLn8XspyHDpJe3HcEr',9,3,'2017-05-10 18:20:22'),(0000000541,'/images/upload/3/1494411670LvfP65Vgz4Al_m5lu0NUztwZ',9,3,'2017-05-10 18:21:10'),(0000000542,'/images/upload/3/1494411760aK1SXFiG9xugCnw9s5vqrBMW',9,3,'2017-05-10 18:22:40'),(0000000543,'/images/upload/3/1494411846CxO9_i69180YNiDWP5bqtHAV',9,3,'2017-05-10 18:24:06'),(0000000544,'/images/upload/3/1494411880N3kcF47fCVpBcwLdELaq1NlR',9,3,'2017-05-10 18:24:40'),(0000000545,'/images/upload/3/1494411898SwfjcPdZTy9wDhMdbaPnGyBj',9,3,'2017-05-10 18:24:58'),(0000000546,'/images/upload/2/1494469581SowMYbhq3OeqxpgFHEnY8Fc',10,2,'2017-05-11 10:26:21'),(0000000547,'/images/upload/2/1494471923HOMgX1XuE0ozBMljvkIbhnfl',10,2,'2017-05-11 11:05:23'),(0000000548,'/images/upload/184/1494498927Dc1AS9L07ysoQsQGKYjJYKsv',11,184,'2017-05-11 18:35:27'),(0000000549,'/images/upload/184/1494498968hVLFAtQt9TUrW7M9pec3nNj',11,184,'2017-05-11 18:36:08'),(0000000550,'/images/upload/2/137/14945579182Rx931eoQJR5LTCkTy48Xsjg',9,2,'2017-05-12 10:58:38'),(0000000551,'/images/upload/2/1494557991A2iKxzMm4Vq58OWRE0AvCVn8',5,2,'2017-05-12 10:59:51'),(0000000552,'/images/upload/2/1494557991uwyDmkjk9SIXLe8QOgZJEA_M',5,2,'2017-05-12 10:59:51'),(0000000553,'/images/upload/2/1494557991Vp6J5faLe8g_3jwt9ZHFJ_T',5,2,'2017-05-12 10:59:51'),(0000000554,'/images/upload/2/1494557991Zv4qOktnnL5VjRgnKGtStoI6',5,2,'2017-05-12 10:59:51'),(0000000555,'/images/upload/2/1494557992JHKtlYRxzcSTwJdWtr3he',5,2,'2017-05-12 10:59:51'),(0000000556,'/images/upload/2/1494557992PvF0KFTD2_k7duSrC6qGqX8z',5,2,'2017-05-12 10:59:52'),(0000000557,'/images/upload/2/1494557992ogB_aZ78scyfx0CVMHO3w2rf',5,2,'2017-05-12 10:59:52'),(0000000558,'/images/upload/2/1494557992jfXYQWJPDpy4Kx1A2AMVrgU9',5,2,'2017-05-12 10:59:52'),(0000000559,'/images/upload/2/1494557992X6eBPdsDI6EqLw1NulVIQM8r',5,2,'2017-05-12 10:59:52'),(0000000560,'/images/upload/2/1494557992JV6biOhG2TFdQNlhZUxuU7nE',5,2,'2017-05-12 10:59:52'),(0000000561,'/images/upload/2/1494557992tPCVSU7a837YZQMAeiFYPGwS',5,2,'2017-05-12 10:59:52'),(0000000562,'/images/upload/2/1494557993Tz5hueQpk3_8grLYxnnhTp2m',5,2,'2017-05-12 10:59:52'),(0000000563,'/images/upload/2/1494557993PaIkd7zW1F5jrm_ueDI2o1km',5,2,'2017-05-12 10:59:53'),(0000000564,'/images/upload/2/1494557993ehLGxEQrrVij0ts3Ap1p9BD',5,2,'2017-05-12 10:59:53'),(0000000565,'/images/upload/2/1494557993LX2zHb_yK4QciECDHBLY0uVy',5,2,'2017-05-12 10:59:53'),(0000000566,'/images/upload/2/1494557993WRROYdrMo74BfEvgiAAKXyd9',5,2,'2017-05-12 10:59:53'),(0000000567,'/images/upload/2/1494557993sezgV468lSOTuCTW2McmNFOR',5,2,'2017-05-12 10:59:53'),(0000000568,'/images/upload/2/1494557993SgPJFS4pO7YuiX100RciuPWa',5,2,'2017-05-12 10:59:53'),(0000000569,'/images/upload/2/14945579939VcyXwVRlLEiY32kb7VrMpI3',5,2,'2017-05-12 10:59:53'),(0000000570,'/images/upload/2/1494557993ebSDlseOGO2zS9Hcu4t5Yo7',5,2,'2017-05-12 10:59:53'),(0000000571,'/images/upload/2/1494557994oF6p7Y_gLHWCMjoTgS9bT9b',5,2,'2017-05-12 10:59:54'),(0000000572,'/images/upload/2/1494557994_gNWO_4YUgvPNpF68ip5lsqx',5,2,'2017-05-12 10:59:54'),(0000000573,'/images/upload/2/121/1494923163COq3ZggpPK6msfMhzc5v6X0',9,2,'2017-05-16 16:26:03'),(0000000574,'/images/upload/2/121/1494923240A2UfTTjbt24Q2FzUwHyqMudj',9,2,'2017-05-16 16:27:20'),(0000000575,'/images/upload/2/1495013940B_fegyVWgGc_GAyONzd25Ma',10,2,'2017-05-17 17:39:00'),(0000000576,'/images/upload/2/137/1495103848UwYN8s6dgq041neYJ0Kh_71',9,2,'2017-05-18 18:37:28'),(0000000577,'/images/upload/2/137/1495104617aEJKFWwWxih9sRJkp0uYqG7L',9,2,'2017-05-18 18:50:17'),(0000000578,'/images/upload/2/1495181005ZuLNxPKeh7mF_JzWhnnc8Q2c',10,2,'2017-05-19 16:03:25'),(0000000579,'/images/upload/2/121/1496209516JQudsujcFBYmiID6W5zE7ynY',9,2,'2017-05-31 13:45:16'),(0000000580,'/images/upload/2/121/1496209592lL_pYtJq4ndpffiABcgPSeF',9,2,'2017-05-31 13:46:32'),(0000000581,'/images/upload/2/121/1496209760FexVPNBG3hQ7LA51LmF3rJ',9,2,'2017-05-31 13:49:20'),(0000000582,'/images/upload/2/1496213616y620XSFHVRHzZtJ_aY_xd5T',10,2,'2017-05-31 14:53:36'),(0000000583,'/images/upload/2/1496286539sdauClraai_cqGnq7zXSzdkK',6,2,'2017-06-01 11:09:01'),(0000000584,'/images/upload/2/1496286692DoL7upQJ2iWzhvdHnth8EhlW',6,2,'2017-06-01 11:11:32'),(0000000585,'/images/upload/2/1496297784a7ZUJvXsH4zrhuLJu3s5KNtw',5,2,'2017-06-01 14:16:24'),(0000000586,'/images/upload/2/1496297784zB5OJoPj1BpWsBfuhfWubAce',5,2,'2017-06-01 14:16:24'),(0000000587,'/images/upload/2/1496297785KEQ6er8m1bBH6Me3lDxdFWeF',5,2,'2017-06-01 14:16:25'),(0000000588,'/images/upload/2/1496297785DhRuHESRMPKuiFWZKup0Z8Jr',5,2,'2017-06-01 14:16:25'),(0000000589,'/images/upload/2/1496297785yloD2SZCs3p9rdttOToftDJL',5,2,'2017-06-01 14:16:25'),(0000000590,'/images/upload/2/1496297785xroZDzIgnPuOXQP6pvcaKgv',5,2,'2017-06-01 14:16:25'),(0000000591,'/images/upload/2/1496297785baxWY_qzgg2XVUMFHv8_82YS',5,2,'2017-06-01 14:16:25'),(0000000592,'/images/upload/231/1496398046WkoP0EbgnV7mEncF_314NP_2',5,231,'2017-06-02 18:07:26'),(0000000593,'/images/upload/231/1496398047UwWO6hUWhmOdi3VuNsGvt8eJ',5,231,'2017-06-02 18:07:27'),(0000000594,'/images/upload/231/1496398047dppCB6EVIWASV94SzIWIqxO6',5,231,'2017-06-02 18:07:27'),(0000000595,'/images/upload/231/1496398047laI0zgSuBfhBUsRfmZC_kPDj',5,231,'2017-06-02 18:07:27'),(0000000596,'/images/upload/231/1496398047x4D2fTJ7oDVuUOpa8bnrfhV0',5,231,'2017-06-02 18:07:27'),(0000000597,'/images/upload/231/149639804709MjQjxeI8POMJvHhmBrqs_',5,231,'2017-06-02 18:07:27'),(0000000598,'/images/upload/231/1496398047SEoEsnGNxnO5EFAdUSPMiF0E',5,231,'2017-06-02 18:07:27'),(0000000599,'/images/upload/231/1496398047KAvbIKVdOwg2nZ9MA3etRDD_',5,231,'2017-06-02 18:07:27'),(0000000600,'/images/upload/231/14963980476mHwTtDTuMDOBWjPCrDpckUU',5,231,'2017-06-02 18:07:27'),(0000000601,'/images/upload/2/137/1496715702A0oq8FBT4XYse9I9vMQjX4mK',9,2,'2017-06-06 10:21:42'),(0000000602,'/images/upload/2/137/1496715712OgOjBADaAAJEaBI6x8lHRva',9,2,'2017-06-06 10:21:52'),(0000000603,'/images/upload/2/137/1496715910EPjxo0vlT0r2bY8aXJ8ESCmY',9,2,'2017-06-06 10:25:10'),(0000000604,'/images/upload/2/1496818955T0lOnsTDUgdOwFEAHA4v_HS',10,2,'2017-06-07 15:02:35');
/*!40000 ALTER TABLE `gener_file` ENABLE KEYS */;
UNLOCK TABLES;

--
-- Table structure for table `gener_grave`
--

DROP TABLE IF EXISTS `gener_grave`;
/*!40101 SET @saved_cs_client     = @@character_set_client */;
/*!40101 SET character_set_client = utf8 */;
CREATE TABLE `gener_grave` (
  `id` int(8) unsigned zerofill NOT NULL AUTO_INCREMENT,
  `personId` int(8) unsigned NOT NULL,
  `person_name` varchar(255) COLLATE utf8mb4_unicode_ci NOT NULL,
  `familyId` int(11) unsigned NOT NULL,
  `coor_x` varchar(45) COLLATE utf8mb4_unicode_ci NOT NULL,
  `coor_y` varchar(45) COLLATE utf8mb4_unicode_ci NOT NULL,
  `address` varchar(255) COLLATE utf8mb4_unicode_ci NOT NULL,
  `photo` varchar(255) COLLATE utf8mb4_unicode_ci NOT NULL,
  `description` varchar(255) COLLATE utf8mb4_unicode_ci NOT NULL,
  `create_time` datetime NOT NULL,
  `create_by` int(11) unsigned NOT NULL,
  `update_time` datetime NOT NULL,
  `update_by` int(11) unsigned NOT NULL,
  PRIMARY KEY (`id`),
  KEY `fk_gener_grave_person_idx` (`personId`),
  KEY `fk_gener_grave_family_idx` (`familyId`),
  CONSTRAINT `fk_gener_grave_family` FOREIGN KEY (`familyId`) REFERENCES `gener_family` (`id`) ON DELETE CASCADE ON UPDATE NO ACTION,
  CONSTRAINT `fk_gener_grave_person` FOREIGN KEY (`personId`) REFERENCES `gener_person` (`id`) ON DELETE CASCADE ON UPDATE NO ACTION
) ENGINE=InnoDB AUTO_INCREMENT=15 DEFAULT CHARSET=utf8mb4 COLLATE=utf8mb4_unicode_ci;
/*!40101 SET character_set_client = @saved_cs_client */;

--
-- Dumping data for table `gener_grave`
--

LOCK TABLES `gener_grave` WRITE;
/*!40000 ALTER TABLE `gener_grave` DISABLE KEYS */;
INSERT INTO `gener_grave` VALUES (00000007,276,'犹豫',86,'121.607606','31.009503','上海市浦东新区航头镇华南陵园','','外公外婆爸爸','2017-04-01 09:37:25',184,'2017-04-01 09:37:25',184),(00000009,393,'赵经国',102,'116.065211','26.482438','江西省赣州市宁都县会同乡大东段','','祖上赵经国龙脉','2017-04-02 08:43:29',3,'2017-04-02 08:43:29',3),(00000010,449,'赵令煌',102,'116.166137','26.589028','江西省赣州市宁都县湛田乡湛大段','','祖上赵令煌龙脉','2017-04-02 10:25:31',3,'2017-04-02 10:25:31',3),(00000011,448,'赵池沼',102,'116.166137','26.589027','江西省赣州市宁都县湛田乡湛大段','','祖上赵池沼龙脉','2017-04-02 10:57:08',3,'2017-04-02 10:57:08',3),(00000012,466,'傅罗',102,'116.161458','26.595727','江西省赣州市宁都县湛田乡425县道','','赵池沼配偶傅罗龙脉','2017-04-02 11:57:53',3,'2017-04-02 11:57:53',3),(00000013,520,'族长',121,'121.49472','31.11821','上海市闵行区浦锦街道春川物业服务有限公司一品漫城1期','/images/upload/2/1496286539sdauClraai_cqGnq7zXSzdkK','哈哈','2017-06-01 11:09:20',2,'2017-06-01 11:09:20',2),(00000014,520,'族长',121,'121.49472','31.11821','上海市闵行区浦锦街道春川物业服务有限公司一品漫城1期','/images/upload/2/1496286692DoL7upQJ2iWzhvdHnth8EhlW','111','2017-06-01 11:11:36',2,'2017-06-01 11:11:36',2);
/*!40000 ALTER TABLE `gener_grave` ENABLE KEYS */;
UNLOCK TABLES;

--
-- Table structure for table `gener_job`
--

DROP TABLE IF EXISTS `gener_job`;
/*!40101 SET @saved_cs_client     = @@character_set_client */;
/*!40101 SET character_set_client = utf8 */;
CREATE TABLE `gener_job` (
  `id` int(10) unsigned NOT NULL AUTO_INCREMENT,
  `userId` varchar(45) COLLATE utf8mb4_unicode_ci DEFAULT NULL,
  `personId` varchar(45) COLLATE utf8mb4_unicode_ci DEFAULT NULL,
  `start_time` date NOT NULL,
  `end_time` date NOT NULL,
  `company` varchar(500) COLLATE utf8mb4_unicode_ci NOT NULL,
  `occupation` varchar(255) COLLATE utf8mb4_unicode_ci NOT NULL,
  `create_time` date NOT NULL,
  `create_by` int(11) NOT NULL,
  `update_time` date NOT NULL,
  `update_by` int(11) NOT NULL,
  PRIMARY KEY (`id`)
) ENGINE=InnoDB AUTO_INCREMENT=7 DEFAULT CHARSET=utf8mb4 COLLATE=utf8mb4_unicode_ci;
/*!40101 SET character_set_client = @saved_cs_client */;

--
-- Dumping data for table `gener_job`
--

LOCK TABLES `gener_job` WRITE;
/*!40000 ALTER TABLE `gener_job` DISABLE KEYS */;
INSERT INTO `gener_job` VALUES (1,'0','474','2013-09-10','2017-06-01','东华大学','学生','2017-04-13',2,'2017-04-13',2),(2,'0','474','2017-04-13','2017-04-27','鑫火','写代码','2017-04-13',2,'2017-04-13',2),(3,'0','474','2017-04-04','2017-04-28','测试','哈哈','2017-04-13',2,'2017-04-13',2),(4,'','428','2017-04-05','2017-04-28','卡拉阿卡卡','阿斯顿','2017-04-13',2,'2017-04-13',2),(5,'0','505','2017-03-29','2017-04-12','ere','erer','2017-04-25',171,'2017-04-25',171),(6,'0','617','2017-06-08','2017-06-17','东华大学','学生','2017-06-01',2,'2017-06-01',2);
/*!40000 ALTER TABLE `gener_job` ENABLE KEYS */;
UNLOCK TABLES;

--
-- Table structure for table `gener_like`
--

DROP TABLE IF EXISTS `gener_like`;
/*!40101 SET @saved_cs_client     = @@character_set_client */;
/*!40101 SET character_set_client = utf8 */;
CREATE TABLE `gener_like` (
  `id` int(30) NOT NULL AUTO_INCREMENT,
  `userId` int(30) NOT NULL,
  `status` int(1) NOT NULL,
  `postId` int(30) NOT NULL,
  `module` int(30) NOT NULL,
  `create_by` int(30) NOT NULL,
  `create_time` datetime NOT NULL,
  `update_by` int(30) NOT NULL,
  `update_time` datetime NOT NULL,
  PRIMARY KEY (`id`),
  KEY `fk_gener_like_user_idx` (`userId`),
  CONSTRAINT `fk_gener_like_user` FOREIGN KEY (`userId`) REFERENCES `gener_user` (`id`) ON DELETE NO ACTION ON UPDATE NO ACTION
) ENGINE=InnoDB AUTO_INCREMENT=93 DEFAULT CHARSET=utf8mb4 COLLATE=utf8mb4_unicode_ci;
/*!40101 SET character_set_client = @saved_cs_client */;

--
-- Dumping data for table `gener_like`
--

LOCK TABLES `gener_like` WRITE;
/*!40000 ALTER TABLE `gener_like` DISABLE KEYS */;
INSERT INTO `gener_like` VALUES (1,2,1,109,1,2,'0000-00-00 00:00:00',2,'0000-00-00 00:00:00'),(2,2,1,108,1,2,'0000-00-00 00:00:00',2,'0000-00-00 00:00:00'),(3,2,1,107,1,2,'0000-00-00 00:00:00',2,'0000-00-00 00:00:00'),(4,2,1,105,1,2,'0000-00-00 00:00:00',2,'0000-00-00 00:00:00'),(5,2,1,104,1,2,'0000-00-00 00:00:00',2,'0000-00-00 00:00:00'),(6,2,0,111,1,2,'0000-00-00 00:00:00',2,'0000-00-00 00:00:00'),(7,2,1,110,1,2,'0000-00-00 00:00:00',2,'0000-00-00 00:00:00'),(8,2,1,113,1,2,'0000-00-00 00:00:00',2,'0000-00-00 00:00:00'),(9,2,0,114,1,2,'0000-00-00 00:00:00',2,'2017-03-07 18:54:41'),(43,2,1,116,1,2,'0000-00-00 00:00:00',2,'2017-03-14 11:30:50'),(44,2,1,115,1,2,'0000-00-00 00:00:00',2,'0000-00-00 00:00:00'),(45,2,1,118,1,2,'2017-03-06 17:58:16',2,'2017-03-14 16:56:11'),(46,2,1,117,1,2,'2017-03-07 11:58:09',2,'2017-03-14 17:17:19'),(47,171,1,112,1,171,'2017-03-14 12:19:02',171,'2017-03-14 12:19:14'),(48,171,1,106,1,171,'2017-03-14 12:20:24',171,'2017-03-14 12:20:25'),(49,2,1,122,1,2,'2017-03-14 17:31:39',2,'2017-03-15 15:20:28'),(50,3,1,119,1,3,'2017-03-14 21:10:27',3,'2017-03-14 21:10:30'),(51,2,1,123,1,2,'2017-03-16 17:49:39',2,'2017-03-16 17:49:39'),(52,3,1,142,1,3,'2017-03-18 17:31:39',3,'2017-03-18 17:31:39'),(53,2,1,144,1,2,'2017-03-20 11:33:08',2,'2017-03-20 11:33:12'),(54,2,1,146,1,2,'2017-03-20 11:33:46',2,'2017-03-20 11:33:46'),(55,2,1,167,1,2,'2017-03-20 17:55:16',2,'2017-03-20 17:55:20'),(56,2,1,166,1,2,'2017-03-20 17:55:18',2,'2017-03-20 17:55:18'),(57,213,1,181,1,213,'2017-03-21 15:40:20',213,'2017-03-21 15:40:22'),(58,2,1,192,1,2,'2017-03-23 18:05:58',2,'2017-03-23 18:06:01'),(59,2,1,191,1,2,'2017-03-23 18:24:44',2,'2017-03-23 18:24:44'),(60,2,1,188,1,2,'2017-03-23 18:24:46',2,'2017-03-23 18:24:46'),(61,2,1,187,1,2,'2017-03-23 18:24:47',2,'2017-03-23 18:24:47'),(62,2,1,186,1,2,'2017-03-23 18:24:49',2,'2017-03-23 18:24:49'),(63,2,1,182,1,2,'2017-03-23 18:24:51',2,'2017-03-23 18:24:51'),(64,185,1,198,1,185,'2017-03-28 15:06:35',185,'2017-03-28 15:06:35'),(65,171,1,185,1,171,'2017-03-29 11:22:55',171,'2017-04-05 10:26:40'),(66,171,1,183,1,171,'2017-04-05 10:26:41',171,'2017-04-05 10:26:41'),(67,2,1,204,1,2,'2017-04-05 13:36:22',2,'2017-04-05 13:36:22'),(68,2,0,205,1,2,'2017-04-06 10:45:17',2,'2017-04-06 12:54:34'),(69,2,1,208,1,2,'2017-04-07 15:16:21',2,'2017-04-07 15:16:21'),(70,3,1,214,1,3,'2017-04-10 18:20:35',3,'2017-04-10 18:20:35'),(71,171,1,221,1,171,'2017-04-11 10:30:33',171,'2017-04-11 10:34:14'),(72,171,0,220,1,171,'2017-04-11 10:30:34',171,'2017-04-11 10:30:35'),(73,214,0,224,1,214,'2017-04-11 15:07:13',214,'2017-04-11 15:07:45'),(74,214,1,224,0,214,'2017-04-11 15:07:30',214,'2017-04-11 15:07:30'),(75,214,1,224,-1,214,'2017-04-11 15:07:36',214,'2017-04-11 15:07:36'),(76,2,1,236,1,2,'2017-04-14 17:19:42',2,'2017-04-14 17:19:43'),(77,2,1,235,1,2,'2017-04-14 17:19:46',2,'2017-04-14 17:19:46'),(78,2,1,234,1,2,'2017-04-14 17:19:47',2,'2017-04-14 17:19:47'),(79,2,1,233,1,2,'2017-04-14 17:19:49',2,'2017-04-14 17:19:49'),(80,2,1,232,1,2,'2017-04-14 17:19:50',2,'2017-04-14 17:19:50'),(81,2,1,231,1,2,'2017-04-14 17:19:52',2,'2017-04-14 17:19:52'),(82,2,0,292,1,2,'2017-04-25 13:40:31',2,'2017-04-25 13:40:32'),(83,171,1,269,1,171,'2017-04-25 15:30:04',171,'2017-04-25 15:30:04'),(84,231,1,338,1,231,'2017-04-26 15:05:04',231,'2017-04-26 15:05:04'),(85,3,1,347,1,3,'2017-05-02 17:58:30',3,'2017-05-02 17:58:32'),(86,2,1,402,1,2,'2017-05-04 18:12:21',2,'2017-05-04 18:12:30'),(87,256,1,405,1,256,'2017-05-09 10:20:44',256,'2017-05-09 14:07:45'),(88,260,0,583,1,260,'2017-05-11 13:26:27',260,'2017-05-11 13:32:47'),(89,3,1,581,1,3,'2017-05-11 18:14:01',3,'2017-05-11 18:14:01'),(90,2,1,759,1,2,'2017-06-01 13:59:23',2,'2017-06-01 13:59:23'),(91,2,0,793,1,2,'2017-06-06 13:02:10',2,'2017-06-06 13:02:15'),(92,2,0,792,1,2,'2017-06-06 13:02:11',2,'2017-06-06 13:02:12');
/*!40000 ALTER TABLE `gener_like` ENABLE KEYS */;
UNLOCK TABLES;

--
-- Table structure for table `gener_loginHistory`
--

DROP TABLE IF EXISTS `gener_loginHistory`;
/*!40101 SET @saved_cs_client     = @@character_set_client */;
/*!40101 SET character_set_client = utf8 */;
CREATE TABLE `gener_loginHistory` (
  `id` int(100) NOT NULL AUTO_INCREMENT,
  `login_name` varchar(255) CHARACTER SET utf8mb4 NOT NULL,
  `device` varchar(30) CHARACTER SET utf8mb4 NOT NULL,
  `userId` int(30) NOT NULL,
  `token` varchar(255) CHARACTER SET utf8 NOT NULL,
  `login_ip` varchar(56) CHARACTER SET utf8 NOT NULL,
  `login_time` datetime NOT NULL,
  `success` int(1) NOT NULL COMMENT '1代表成功，0代表失败',
  PRIMARY KEY (`id`),
  KEY `fk_gener_loginHistory_user_idx` (`userId`),
  CONSTRAINT `fk_gener_loginHistory_user` FOREIGN KEY (`userId`) REFERENCES `gener_user` (`id`) ON DELETE CASCADE ON UPDATE NO ACTION
) ENGINE=InnoDB AUTO_INCREMENT=3248 DEFAULT CHARSET=utf8mb4 COLLATE=utf8mb4_unicode_ci;
/*!40101 SET character_set_client = @saved_cs_client */;

--
-- Dumping data for table `gener_loginHistory`
--

LOCK TABLES `gener_loginHistory` WRITE;
/*!40000 ALTER TABLE `gener_loginHistory` DISABLE KEYS */;
INSERT INTO `gener_loginHistory` VALUES (2198,'jiang','1',2,'8420485fb700f12a9693ddaebb626bbabb458bc649dd548841e4fa236f79ea25','192.168.3.8','2017-04-06 10:44:33',1),(2199,'786185931@qq.com','1',2,'36cb75223522cb59c212276d0ea3f120b71cecf7fd4ec33795150f6108cde10d','::1','2017-04-06 11:14:33',1),(2200,'jiang','1',2,'39572309f5b760929cfec145e5948728aa8637c29c2765a5754f63680ebfc53d','192.168.3.8','2017-04-06 12:22:52',1),(2201,'lvwanyou1','2',207,'b58e3f13bc1dd885a7bdcbeda5fbaccbedebb9be58211bc57f90fcf51d11c99e','101.86.108.216','2017-04-06 16:17:41',1),(2202,'zhx','1',3,'11d5c69b9da0c4d71445f618aabc315047bb7ae2c97189a0f917c9d44d06181a','101.90.252.244','2017-04-06 16:33:20',1),(2203,'zhx','1',3,'5e6c1ea8fb390c33e96bb4a9ec0daf7647a7a65a28831c7beb33701ac9105ee4','101.90.252.244','2017-04-06 18:03:18',1),(2204,'lvwanyou1','2',207,'a615bdbaa5180f3009a1ebf464902cf3d3f4152b2a1f36d27d9ddda9652c74b5','61.172.57.58','2017-04-07 11:02:46',1),(2205,'lvwanyou1','2',207,'afb3ed2a364d0592b7f203a3b4d844a2d65eba04b4623cf46ebd6a9a1dbf3256','61.172.57.58','2017-04-07 11:02:46',1),(2206,'lvwanyou1','2',207,'256845de57b61bdbd1a6dc4f25d612e51598d93639feaa801847e1d72608e3ae','61.172.57.58','2017-04-07 11:02:46',1),(2207,'lvwanyou1','2',207,'ea3987c4d916368b88df3a5116f773fdc35b9140a7e1c48e69787c4759b3bd0c','61.172.57.58','2017-04-07 11:02:46',1),(2208,'lvwanyou1','2',207,'3487e51af4050a4912108b7ce5014df0a819474dbd24d138525b79afbf5ba13b','61.172.57.58','2017-04-07 11:02:46',1),(2209,'lvwanyou1','2',207,'76b1705b951c1359a9bf94846e590d2cd9db7abe82f13d19e5c072c374281e53','61.172.57.58','2017-04-07 11:02:46',1),(2210,'lvwanyou1','2',207,'a0ce0589693488173a2484543f3792ff306b436db47a8a9626e6e6af9c63578d','61.172.57.58','2017-04-07 11:02:46',1),(2211,'lvwanyou1','2',207,'acb51cebffb474896dcb6d4accca16de6d763ac722c2120612f529fe33b38cab','61.172.57.58','2017-04-07 11:02:46',1),(2212,'lvwanyou1','2',207,'1e3e9c6f5a61b95ab2b62bbd02a2636b7c89c7a55670456c70f3e8d8b8888533','61.172.57.58','2017-04-07 11:02:46',1),(2213,'lvwanyou1','2',207,'b3643493aae1a30e9ead98153a8e58e1c772b40626c9f23bf9d3c994cc96fca9','61.172.57.58','2017-04-07 11:03:07',1),(2214,'jiang','1',2,'c8f0351c715d9cac392d28711acc1c52c45da6afa251506bfddf43cddb0f4426','192.168.3.8','2017-04-07 14:31:45',1),(2215,'jiang','1',2,'cd0752ef7c40d1d818f0b7152405d23cb5708a2460c2b591c8c76fb5c9ff3634','192.168.3.8','2017-04-07 16:11:29',1),(2216,'jiang','1',2,'0ad5e6cec3f86c3c0806ee13f942f2b7742192996a06dbe5ceb3b2391be98d21','101.86.108.216','2017-04-07 16:12:46',1),(2217,'jiang','1',2,'e645b7c4e2674038c6b0832a1821974880c9525b47eb895872a4bfd87f7dbd85','192.168.3.8','2017-04-07 16:16:35',1),(2218,'zhx','1',3,'849610a93dee795600b24ef746d161780ea497ddfddb1b0cf3326ea533c64ec3','58.33.130.69','2017-04-07 19:32:27',1),(2219,'jiang','1',2,'4b95941e7ddf012944f08414dff1f6e0554dd0b384fb5bc1c8da81d5dbd2761f','61.172.57.51','2017-04-07 20:00:04',1),(2220,'jiang','1',2,'4e5776af6514e788fdcf96c7576bdd0a1a8427702fa3b906f85b2bbc11525fab','192.168.3.8','2017-04-10 11:04:43',1),(2221,'jiang','1',2,'3a50e39da35755971547b7724f0078eab126502b3ae76e92d566c7d77fe52d34','192.168.3.8','2017-04-10 11:39:00',1),(2222,'zhx','1',3,'2cf86bac9e3600798fddd2192cfcbad760929897ccbeb85cad04c1c5e9671f24','101.86.108.216','2017-04-10 16:57:46',1),(2223,'zhx','1',3,'68cfd9a9abeb8b46b5a10f16b4f5fdabee16682e560ed0e06d0e9947506383a7','101.86.108.216','2017-04-10 17:19:52',1),(2224,'jiang','1',2,'0de49419543283c8a0fd95719ea335604b480491bfd0c0bff0a2c014eafc8183','192.168.3.8','2017-04-10 18:09:27',1),(2225,'zhouyijun','2',171,'6a5b463bd769433aeae39a5d8ffd2043701c7e65ab7a634281fe395913c668d2','101.86.108.216','2017-04-11 10:17:53',1),(2226,'zhouyijun','2',171,'80e315b3efe54c82ef540ef5e54d628572ea410b5d07296d6cece7b158c093ce','101.86.108.216','2017-04-11 10:19:37',1),(2227,'zhouyijun','2',171,'e31a2af24fd7a7c9f2d4c11496fe30b4d7bca2f861bed792ef8cb0dc48a04f4b','101.86.108.216','2017-04-11 10:20:31',1),(2228,'zhouyijun','2',171,'e45129c19a0ec31692667ee800da45ae12b553a06cc2c812bc6a4c9c37dbe9f1','101.86.108.216','2017-04-11 10:27:52',1),(2229,'zhouyijun','2',171,'204a37b20fe9d1eb4bd8b6a0d95fa82f77c6c46b2a20538e08d1d662ac07da32','101.86.108.216','2017-04-11 10:28:07',1),(2230,'zhouyijun','2',171,'dbddd519592e38e468287526b24e327d6f5ede419e6e435de501151370073308','101.86.108.216','2017-04-11 10:28:13',1),(2231,'zhouyijun','2',171,'b6b07afbba32e043c8b9250501bb1dcecdbdb3a216e0cc1a67298403178ca7f5','101.86.108.216','2017-04-11 10:28:17',1),(2232,'zhouyijun','1',171,'6103fb9ec236d7255d8abb2a3238eec00f9cca2ca39ab640bb75dbe994044e3f','101.86.108.216','2017-04-11 10:30:03',1),(2233,'lvwanyou1','2',207,'3feb31b97618ac8f42a58b70921b0ab6a3c986bbe81ce65f9779727c67e8d88c','101.86.108.216','2017-04-11 11:06:48',1),(2234,'lvwanyou1','2',207,'0436e237eb74b511ff88f9f1f1771502e31f9062989e61cdebcedbd8b487437c','101.86.108.216','2017-04-11 11:09:12',1),(2235,'lvwanyou1','2',207,'0c3ed66f723213ec90494278196a2cbf0b233a9556e8d9818490d9c4c5f94a64','101.86.108.216','2017-04-11 11:14:21',1),(2236,'zhouyijun','2',171,'286d991912b55a10f107c73634d9b6fc08879c73d08df8de5fb606cdb25502bd','101.86.108.216','2017-04-11 11:24:50',1),(2237,'lvwanyou1','2',207,'ca7851cd389847120b5d84583ca2064f994e98f0e9c9804212e569fa6f484f55','101.86.108.216','2017-04-11 11:25:38',1),(2238,'lvwanyou1','2',207,'555dbb2f3cf6d9b70d2bdac384893144922c3938633058f7536f544739b4b72f','101.86.108.216','2017-04-11 11:25:55',1),(2239,'1176902387@qq.com','1',171,'9ba1144190e78ebd36aaf0878261084df7f29ed23084c4bd3f59e8f12bd3ada9','101.86.108.216','2017-04-11 11:29:07',1),(2240,'1176902387@qq.com','1',171,'f891e5900c928af2cd258810d5d957dd6e239cb02f86cbc1f338bbcf514d005c','101.86.108.216','2017-04-11 11:29:12',1),(2241,'1176902387@qq.com','1',171,'f3122ae7a945eda04511ee0767b17867caf18bcb505b2fe04d32332a1a352670','101.86.108.216','2017-04-11 11:29:12',1),(2242,'1176902387@qq.com','1',171,'96ce0cb9c70c1544dab80344aaa864616a8c7078c8997c9c2964c48f570af5da','101.86.108.216','2017-04-11 11:29:13',1),(2243,'1176902387@qq.com','1',171,'50a436e672af5b341e14ebc7d566c406f255ae962fa68f29f2b6c0cac97842bd','101.86.108.216','2017-04-11 11:29:13',1),(2244,'1176902387@qq.com','1',171,'e1777e3a18131fbe970598907ad9446b1a7146f67f4a495ceb100dc8d16c0b0d','101.86.108.216','2017-04-11 11:29:13',1),(2245,'1176902387@qq.com','1',171,'7a52b0feadb91f9d8d8db884db5a08531db0bb7b3492457fd74d78d104fb39db','101.86.108.216','2017-04-11 11:29:13',1),(2246,'1176902387@qq.com','1',171,'81b9ce6e7500c9a369773d8d7820f8991c8ff35c30f13fa704d63b69362d0a1e','101.86.108.216','2017-04-11 11:29:13',1),(2247,'1176902387@qq.com','1',171,'e006ea634aba9b9f6088881866cb929883bdb3d4d2e36563286b0a8fd33c71e0','101.86.108.216','2017-04-11 11:29:13',1),(2248,'1176902387@qq.com','1',171,'1089f08fbeb13cf41f26fe08ec7f2499664f98e5fcd6f179d7d9a6fdfdca9859','101.86.108.216','2017-04-11 11:29:14',1),(2249,'1176902387@qq.com','1',171,'361a83a4f42ccdd50787cb45225a1febfbf0b09cc56ef8e9b2a3ef8b01272609','101.86.108.216','2017-04-11 11:29:15',1),(2250,'lvwanyou1','2',207,'d838a12fe20ddb31fea7e76fe42134e3490cba8aa5e503a9d675a0c933569908','101.86.108.216','2017-04-11 11:29:27',1),(2251,'lvwanyou1','2',207,'5dfd3c3c26de56f92d57958532c36e26c61fc7e601ca9f1907e7c3ea751a29f0','101.86.108.216','2017-04-11 11:29:40',1),(2252,'lvwanyou1','2',207,'fe84af96811511f8034c9f8208f5e5662dd61f1611a650d9c850db5ea996dfcb','101.86.108.216','2017-04-11 11:30:27',1),(2253,'lvwanyou1','2',207,'1bcef407697fd8c586d263e599766421e31fea272727aff87303fea2c4bd5bbc','101.86.108.216','2017-04-11 12:03:01',1),(2254,'lvwanyou1','2',207,'6c681549fed9f11fd354e04a55a4965bd76fa1321baff695a614a1aea7ed0df2','101.86.108.216','2017-04-11 12:08:13',1),(2255,'lvwanyou1','2',207,'9a1da313baf48ecfe53e5341dbafa6cc77c938c4dfc1ca22314d16714deff1c6','101.86.108.216','2017-04-11 12:08:28',1),(2256,'lvwanyou1','2',207,'4863ddcca537a23ccded215c8cec6e8623332f7220759b19d4321b5911ddd4fb','101.86.108.216','2017-04-11 12:08:38',1),(2257,'lvwanyou1','2',207,'dc9db3c9e5bf66dfd39739b8eabbab321b40888cef2e2b88e42419908194d4d2','101.86.108.216','2017-04-11 12:17:50',1),(2258,'zhouyijun','2',171,'43bef39795d3c31be1fb893bd0bc0a4ca5f609307a3e6fc856a1561edd725b8a','101.86.108.216','2017-04-11 12:19:23',1),(2259,'zhouyijun2','2',214,'e764a2fc5df0ee5c95c355a8571da2e4d61f97d199ff2fab9b5e6c5833c44dfe','101.86.108.216','2017-04-11 12:24:48',1),(2260,'zhouyijun','2',171,'da5e4eadb749ad9a69e7678a1c633ea0909c2afc849040ed1c2332f750987e74','101.86.108.216','2017-04-11 12:49:24',1),(2261,'zhouyijun','1',171,'a1c2c5ff472b88085796ec5174bffcaba5fdecf63787b30142b267ac98d4c53b','101.86.108.216','2017-04-11 12:59:25',1),(2262,'zhouyijun2','2',214,'e3eeb33006515572fbdda8968cc7be2c4af969a2165b2e6178393ff8e55bb574','101.86.108.216','2017-04-11 13:23:09',1),(2263,'zhouyijun2','2',214,'6747084909d26c710fc8a7e7ab4cafe7f1fbef8a079647f9f71c0f6df2304c55','101.86.108.216','2017-04-11 13:25:02',1),(2264,'zhouyijun2','2',214,'683fee9d28e79acc6fc037d1754983b0a1b7cfd8a18fd08dabba14048ed317fa','101.86.108.216','2017-04-11 13:25:34',1),(2265,'zhouyijun','2',171,'a6b94f2875f1f0798b74c8d160f5effd74676c91b912c41ef23415dc7d69500b','101.86.108.216','2017-04-11 13:37:07',1),(2266,'zhouyijun2','2',214,'d8c850ad2018fc913049bb34a0f2a3472cdfcaf6659a8a594eb0c177eb927ae4','101.86.108.216','2017-04-11 13:37:24',1),(2267,'lvwanyou1','2',207,'7e072ed792d115776d9d966001dded363d5056ae72a1a0295981c3f7c5dea4dc','101.86.108.216','2017-04-11 13:37:26',1),(2268,'zhouyijun2','2',214,'179f1cba6d9edd123990d8aec69884df8ac12b56fbc2de36186d045f6d7b76c3','101.86.108.216','2017-04-11 13:42:54',1),(2269,'zhouyijun2','2',214,'54ebf4201d0fa2ee61c44f1896bb68c74b3665ed1b5bdb0e2be20b2c34e54da3','101.86.108.216','2017-04-11 13:45:09',1),(2270,'zhouyijun2','2',214,'61cf40a56fbe7e6210b2fbd32ee0987557eecb5fa051977e3860f568f0fb30a3','101.86.108.216','2017-04-11 13:58:14',1),(2271,'lvwanyou1','2',207,'70c466dbbada80a4c18f98769106db62b278a3a806e3665ca63eaef43c7c3cae','101.86.108.216','2017-04-11 14:00:53',1),(2272,'zhouyijun2','2',214,'fb3c52b6bd6e70b19706a2fb7d8eb645088d9716f91e2a2a67029cb5eb0dc687','101.86.108.216','2017-04-11 14:01:17',1),(2273,'lvwanyou1','2',207,'5860cc399d3df3bbfa0d72cbef0b7ecb81d97c189ee1f73cbbffa0c612a161ec','101.86.108.216','2017-04-11 14:03:25',1),(2274,'zhouyijun2','2',214,'c48e9083fb6a00ed935b4c6999b937f064ae70dd2ea51dcf12601e8b373edd9d','101.86.108.216','2017-04-11 14:06:03',1),(2275,'lvwanyou1','2',207,'6f08a4459a25d33dd07af7767c8acf3dfef5e41b6adf5c28713c9bbe4ec45ba9','101.86.108.216','2017-04-11 14:06:44',1),(2276,'lvwanyou1','2',207,'7a083e666d237a77d0ebbddb614549aba5372e211aa8c8d32c66c3c7f64dc186','101.86.108.216','2017-04-11 14:07:14',1),(2277,'zhouyijun2','2',214,'367eda5fcad36164e1415c9293bf1b1764135d197dd0f1f1184a245cb4dfd7d8','101.86.108.216','2017-04-11 14:16:59',1),(2278,'zhouyijun2','2',214,'48e0375cbe4e4325c13910cd4c5fc4827efd854375e1cad872c73f8f3cf6152d','101.86.108.216','2017-04-11 14:18:40',1),(2279,'zhouyijun2','2',214,'a943ebfaaae3ad1e4ddde0e2504ae5bc097f0334ce024c39ddfe80bc51f1ef7d','101.86.108.216','2017-04-11 14:28:35',1),(2280,'zhouyijun2','2',214,'47330c675628d76c7cf7abe45ff51a315723ecc81a30467575a254e6da7a1ad1','101.86.108.216','2017-04-11 14:28:59',1),(2281,'zhouyijun2','2',214,'4a0e76cc69f939eb17e877c92efce5fa4728f4c45a708b581b92e33734c107df','101.86.108.216','2017-04-11 14:29:50',1),(2282,'zhouyijun2','2',214,'15ab8ccad5725c246f0ea40d0988cc3f62246e18ab0ca04a7451ae7991d02f75','101.86.108.216','2017-04-11 14:30:12',1),(2283,'zhouyijun2','2',214,'dc1f961e6858f86dc40b8714ff4581bd33ad7ef383b7644707c080ec5fd843e3','101.86.108.216','2017-04-11 14:31:54',1),(2284,'zhouyijun','2',171,'3235813eda76cf80318537b6c73cb70a86f0eee4ee6e85c441823dd95b3a0f06','101.86.108.216','2017-04-11 14:33:12',1),(2285,'lvwanyou1','2',207,'c5e06b405d05989a0dfdedb1cc9628a6fd889580586a607c7068864f1c48c076','101.86.108.216','2017-04-11 14:34:44',1),(2286,'zhouyijun2','2',214,'1157110f66c104fd2318aa92027ed368faadf943d2b2f43d5adabaa9946cb196','101.86.108.216','2017-04-11 14:34:53',1),(2287,'zhouyijun2','2',214,'6d0704f312f53ac792dad2df35eb664f0202bc912b5fc1c589dbaa7488801697','101.86.108.216','2017-04-11 14:35:08',1),(2288,'zhouyijun2','2',214,'bdfca7a5510868c42b84e0050f2196dcefb9d1a56b0c9f918bfe29a64fd55486','101.86.108.216','2017-04-11 14:35:33',1),(2289,'kellen','1',185,'c20b9249947a23b6a434459dba09c32404744118d99aa6bf56f39311d5ff64f6','101.86.108.216','2017-04-11 14:35:35',1),(2290,'zhouyijun2','1',214,'647711a03e1f3a4eabac94e15188b6d484ff39bf1777ddd089389834a45576f3','101.86.108.216','2017-04-11 14:35:42',1),(2291,'zhouyijun2','2',214,'4f815d7893cbb6bd67d807af549fd2ce6f3f484882eb8d54d0d69d67a4fe310c','101.86.108.216','2017-04-11 14:36:10',1),(2292,'lvwanyou1','2',207,'cebdf560f49843ba4e5baf8afeea0320e38aec95184336dafed4424db445b310','101.86.108.216','2017-04-11 14:55:01',1),(2293,'zhouyijun2','2',214,'2391ffc24d814cd57d5779f03e5d09f86f6ab67d3804e0c61dc1e33f90400d39','101.86.108.216','2017-04-11 15:05:13',1),(2294,'zhouyijun2','2',214,'7715cfd9a1870778fbecf6cd6f81191326ee41fa1572dd8e3fd5041e2b4116d0','101.86.108.216','2017-04-11 15:12:41',1),(2295,'zhouyijun2','2',214,'b97230e64ff00132efa32453ad7b4164a55a34aa5914aa7991902e72620ecbfd','101.86.108.216','2017-04-11 15:12:49',1),(2296,'zhouyijun2','2',214,'5622eca84763199d5ec1dd689b54e402730d5ae261a8654746b34481b5595106','101.86.108.216','2017-04-11 15:24:42',1),(2297,'zhouyijun2','2',214,'bf573911f2924b11d5bf906a1bc7acfa4475451e51932c321cb366edc1e1a42a','101.86.108.216','2017-04-11 15:25:09',1),(2298,'zhouyijun2','2',214,'c843265c1b608c7fd4922437df1c1a786040d4caf5ffd56fb9a11b599d7e72ea','101.86.108.216','2017-04-11 15:25:34',1),(2299,'zhouyijun2','2',214,'957e23401fa55a29be7f7e8b89dde8733d57daab174ac2be010fb5646f5b8f2d','101.86.108.216','2017-04-11 15:31:14',1),(2300,'zhouyijun2','2',214,'25641f8a05a95822c79d30e118a4f3e3f69b35dc87883475356e82e06229e1a8','101.86.108.216','2017-04-11 15:31:19',1),(2301,'zhouyijun2','2',214,'bff794230306874bb7226835d3b7e6e59dacddbe9413ce9b6cf7334b4a89598e','101.86.108.216','2017-04-11 15:31:32',1),(2302,'zhouyijun','2',171,'7a38ed5af3e56076de51147cd1829aabdee3807f7d86ce6682a04349439f5a27','101.86.108.216','2017-04-11 15:33:20',1),(2303,'zhouyijun2','2',214,'c1180ab7ff8f05bff62d2e24a114f05303247aae60bbe54a735dcd5a7be416a3','101.86.108.216','2017-04-11 15:33:23',1),(2304,'zhouyijun2','2',214,'e208796e247818c0eec4e8ef8a8086b5f0a53827374c76ebfb9f416ea28b49e8','101.86.108.216','2017-04-11 15:33:50',1),(2305,'zhouyijun2','2',214,'a682cfa6f58d1dd315fcf2117adc6a570c2d9b0b96dd7996b94cf67be88bff0b','101.86.108.216','2017-04-11 15:34:44',1),(2306,'zhouyijun2','2',214,'d2920f336023146a80bb6e63819b31266b33831eb04407e27d5171ee157b4776','101.86.108.216','2017-04-11 15:34:48',1),(2307,'zhouyijun2','2',214,'004464f89ff465aec0fd2ad0a69db8e89ac3abd2f7ae19c9c4fa60b5e3a2d24d','101.86.108.216','2017-04-11 15:38:54',1),(2308,'zhouyijun2','2',214,'4bfdc524ac482031812eaaca8c864e39dc2abfecda4ed045656a524cda53cd41','101.86.108.216','2017-04-11 15:41:05',1),(2309,'zhouyijun2','2',214,'dc88d6b1da1bdb4b6b9c643e678270914e747962b5124fe2fc80b4b818666a62','101.86.108.216','2017-04-11 15:41:37',1),(2310,'zhouyijun2','2',214,'7a252ac5b420b9f0307fdb4b3af0e4bea86e56b58e7f54c0d50763bec106fde6','101.86.108.216','2017-04-11 15:49:30',1),(2311,'zhouyijun2','2',214,'ea99ffcca90fa9eb04155b0f0a82f1dbcfe3c1cf601273d349736528c21d940e','101.86.108.216','2017-04-11 15:55:39',1),(2312,'zhouyijun2','2',214,'69c38e506be87c4fc0de10245accb7a07c3e3b7303df3816bc41f2f6b0925155','101.86.108.216','2017-04-11 15:58:03',1),(2313,'zhouyijun2','2',214,'c48472730cde92d6d6b83c03eead498669cf588be003ceba651f51180ac00742','101.86.108.216','2017-04-11 16:08:17',1),(2314,'zhouyijun2','2',214,'54e96dd97b679029b2f46d08db405c94ad5e6070c49b9601e3d60509e40e8635','101.86.108.216','2017-04-11 16:17:26',1),(2315,'zhouyijun2','2',214,'2cd7dfa9918baf2ca69b51600f8e40e38b130151edef0890ef34cbd0c80f46f6','101.86.108.216','2017-04-11 16:18:09',1),(2316,'zhouyijun2','2',214,'4cd1714384682a9e6f528d6ea586b9b64655a2191d4a235fcfd0af10e8b5a9f4','101.86.108.216','2017-04-11 16:18:09',1),(2317,'zhouyijun2','2',214,'cb7e0c54182ec042f401fc772f40a08755649cea9b77cfca3f9404c523e68b52','101.86.108.216','2017-04-11 16:24:06',1),(2318,'zhouyijun2','2',214,'71cc485fb0795845a332d728855fe20545348a9be60926b5cee6893f5db9eb2b','101.86.108.216','2017-04-11 16:25:41',1),(2319,'zhouyijun2','2',214,'84642d1790c9857b7d98b5eedf9e5c55cedcd9425c93294ad58cf3a067b7ffd3','101.86.108.216','2017-04-11 16:28:47',1),(2320,'zhouyijun2','2',214,'8d48eca41a1fa7f13c061e6fab7ace37826f7738de7746c1ca1b0930973d05a9','101.86.108.216','2017-04-11 16:35:08',1),(2321,'zhouyijun2','2',214,'015556052603302a9befe56665d05171d43f8ba077bed0b6ea7ee45d3e18b0e3','101.86.108.216','2017-04-11 16:45:19',1),(2322,'zhouyijun2','2',214,'5e9e5578857e98cc2b155246cd6952b0b8dbe077fb8192f50660ffee6396dcb3','101.86.108.216','2017-04-11 16:46:31',1),(2323,'zhouyijun2','2',214,'ca483ef77754467e0e8b5b7186854ee8cf641c83d52a2bde089afe6fc29ca18e','101.86.108.216','2017-04-11 16:47:18',1),(2324,'zhouyijun2','2',214,'6ccfba1e6bfba83d910050b7143e4ca44fcf4e1b5b2151d8e0017962c4f5c6a1','101.86.108.216','2017-04-11 16:50:19',1),(2325,'zhouyijun2','2',214,'9e40152592242280146d50ad55092d8c549e22bc66125640fe7016cc5c1eefb6','101.86.108.216','2017-04-11 17:01:42',1),(2326,'zhouyijun2','2',214,'a8dc13861da9e2dad824a3fb9fd01ac6f6178cbd05e7848ff681a8e7d48304d9','101.86.108.216','2017-04-11 17:02:06',1),(2327,'zhouyijun2','2',214,'f2a6736e3631120520e37967519ac9a7ef2fc6c20ee8e0168071787705e962b0','101.86.108.216','2017-04-11 17:07:46',1),(2328,'zhouyijun2','2',214,'6a9370e99dc962c1db6f46e572795d08d0f757c1671a5746eb57c8a3a7a12825','101.86.108.216','2017-04-11 17:13:03',1),(2329,'zhouyijun2','2',214,'a21ef853e1fc5564224a198377bad60a7d73cd08342f70ba7667952e4bc99f2e','101.86.108.216','2017-04-11 17:18:08',1),(2330,'lvwanyou1','2',207,'dfe481375dfb751f0bb8da82a272e9fab14fc18353fd369decc97a92cae38425','101.90.254.94','2017-04-11 19:51:00',1),(2331,'lvwanyou1','2',207,'1dda99bd4867e18fca7e5380737e900624933f6a204c3f010b8a1093147d864e','101.90.254.94','2017-04-11 19:51:00',1),(2332,'lvwanyou1','2',207,'d7f1a2d703f9ddd905d99457e700afc86f5a9bb9c801eadab980a1095fac3bcc','101.90.254.94','2017-04-11 19:51:00',1),(2333,'lvwanyou1','2',207,'31f7bd901ef9e3060ef904ac1331f0e2c72423623b53c8250d96a9dc3f9d5d03','101.90.254.94','2017-04-11 19:51:00',1),(2334,'lvwanyou1','2',207,'842014c6c9b6e641fc53e2313210ee853f504d433394fe345e3f1daad8c4e127','101.90.254.94','2017-04-11 19:51:00',1),(2335,'lvwanyou1','2',207,'35532c1f21bd737512d967611437154875a9df38b6b2673f1c5be521e0be4349','101.90.254.94','2017-04-11 19:51:00',1),(2336,'lvwanyou1','2',207,'3d76915a895a77274ee84a6b0ce0f7c435482a32ba365ad4bf0f334e82ad732c','101.90.254.94','2017-04-11 19:51:00',1),(2337,'lvwanyou1','2',207,'8cb3fa5660486d81c7c2dbb7484fcb45f70d599f9b7c912b3430c3bff1648aea','101.90.254.94','2017-04-11 19:51:00',1),(2338,'lvwanyou1','2',207,'60fd296d8cadbb8b2e4b4decc5dc78597f758b0afa6e2722cef9db0d327991ca','101.90.254.94','2017-04-11 19:51:00',1),(2339,'jiang','1',2,'d1ebcfea192dc80e4d7843bec4e6aa40e685947b213f0f2aa3689e48c4723133','192.168.3.8','2017-04-12 09:56:42',1),(2340,'jiang','1',2,'bbe4bcaeaab133921932e213117343890922c0ea9bc95a153874c1979c8341d9','192.168.3.8','2017-04-12 09:56:56',1),(2341,'786185931@qq.com','1',2,'417ee348bd864b87b1228150fd6aa59660b4f18280b1dc8ea70b5c9974ed790d','::1','2017-04-12 14:52:20',1),(2342,'jiang','1',2,'b6b8f83e7ee7b27d61d212232f77e9c35b6ee1fdbd34035d162d892c2ed13b7c','192.168.3.8','2017-04-12 15:04:24',1),(2343,'786185931@qq.com','1',2,'e18ff4af5ca8b23c469f9de77ac452e7ef2b88f281cf29601548e7374a802df1','::1','2017-04-12 16:54:01',1),(2344,'jiang','1',2,'e2d34493bb448f940706e6055da46529ec02a1faef591b5e41e7ff29e8fe056e','192.168.3.8','2017-04-12 17:13:01',1),(2345,'786185931@qq.com','1',2,'ed26e1a32cf3002097b04aaa06315710788b61ceb6458f367fb5e221c22296e4','::1','2017-04-12 17:46:06',1),(2346,'jiang','1',2,'4bb5cf656c15a97d87c969fa79b9926a13524deeba8f5ee275142b62bf70ea4f','192.168.3.8','2017-04-12 17:54:02',1),(2347,'jiang','1',2,'bfc74dd102dee38a23b3b84404ba59d9c0a7d574e748ff859ad659603ce87bcb','101.86.108.216','2017-04-12 18:37:03',1),(2348,'jiang','1',2,'966567fec1ec445e0b445e2ad3710b1246ae4e10310c9f35877de95f0115e2b5','192.168.3.8','2017-04-13 10:17:47',1),(2349,'lvwanyou1','2',207,'132f0c81ab48f8b09ace2d18c25f51cf4dc20f56d7e2a08c5b7d44e9b92c1922','101.86.108.216','2017-04-13 10:20:52',1),(2350,'lvwanyou1','2',207,'f6465a216a2361a1bdaac6505497f725f6db77aae6f22775f57cdca48b04ae55','101.86.108.216','2017-04-13 10:38:25',1),(2351,'lvwanyou1','2',207,'aad5ed1b7a444b9610f43931bc17bcedcff684b5d68fc1fa06c92cbd6637490c','101.86.108.216','2017-04-13 10:45:06',1),(2352,'lvwanyou1','2',207,'39cc37138fadb3287a0fad8bbb70df72a95e26c3494e5625034e424ab4c01b13','101.86.108.216','2017-04-13 11:10:48',1),(2353,'lvwanyou1','2',207,'4b0fed9726c6ec45bd09430ebc0d6de0358e4bcee4f0796bd6fe8a2e1109fb86','101.86.108.216','2017-04-13 11:14:29',1),(2354,'lvwanyou1','2',207,'7bfc96745a432294eec755a89d10d6086982ee88b1661f983f5d0303a173ee9f','101.86.108.216','2017-04-13 11:17:39',1),(2355,'lvwanyou1','2',207,'739a35c05399eba0be9cdcc74005725ca82bfaab126c8888c4854a9c9e791fd3','101.86.108.216','2017-04-13 11:21:04',1),(2356,'lvwanyou1','2',207,'e143235cd4401c264629c17c9c5c6fbf7229d966cd1f0a5939ccd0f78b25062a','101.86.108.216','2017-04-13 11:21:12',1),(2357,'lvwanyou1','2',207,'844518c1bfe220cb7226c675e5e9b8df80a6c7c0e037a010f1ae1dbb2ae80919','101.86.108.216','2017-04-13 11:21:19',1),(2358,'lvwanyou1','2',207,'1df8b8d92e6eda47cdb105076415abda83a75c13ea1fb660b8c2b5a8f59bf822','101.86.108.216','2017-04-13 11:21:27',1),(2359,'786185931@qq.com','1',2,'ab6574606a52e1b2163a0fab0139c1d017aa4cd366fd1e7d92ce741859e7a8cd','::1','2017-04-13 11:23:58',1),(2360,'lvwanyou1','2',207,'8d54c0304ae0aa8acf3a38b5c55c81e68feaaefd2530d4bf191ca0385bf9c400','101.86.108.216','2017-04-13 11:31:24',1),(2361,'lvwanyou1','2',207,'902010156af387c98631f5ba66d2b5d8af8565291c23da74f40740cf5d862322','101.86.108.216','2017-04-13 11:33:18',1),(2362,'zhouyijun','2',171,'e267e9e4b9bbc71af4d4441be74890293b115c12055a13e15a5f68867658283c','101.86.108.216','2017-04-13 11:33:35',1),(2363,'lvwanyou1','2',207,'e5479581bb262dd90744111278f9d6bbc8f741eab71c29b95013731a9f797069','101.86.108.216','2017-04-13 11:33:42',1),(2364,'jiang','1',2,'1569159983de500df168b7daf01ea5f6e7d2fa77dedcb28a1ea01ac7a1d5ca1f','192.168.3.8','2017-04-13 11:49:22',1),(2365,'lvwanyou1','2',207,'0f3159a1c2077231f8522dcedee22405bcfafae691b04ce40d1e8dd0bb067085','101.86.108.216','2017-04-13 12:15:35',1),(2366,'lvwanyou1','2',207,'4cea604b304e13a544d9b15590cd1bdf80d429f9789a4c78f308a85694b82d76','101.86.108.216','2017-04-13 12:32:05',1),(2367,'lvwanyou1','2',207,'34e37f453e23b01651f64f02f0f9532ae49a3bc52b4525a4937987788129bf51','101.86.108.216','2017-04-13 12:34:13',1),(2368,'lvwanyou1','2',207,'d56eae4df44c2444b6a1b3bae702e260be4aa15f2ed8ca13f90f6335f687a8f9','101.86.108.216','2017-04-13 12:36:36',1),(2369,'lvwanyou1','2',207,'4ec0d4cc33ac8454bd525160b8a692e2b526a9028106ede8a4efc9add6c513ea','101.86.108.216','2017-04-13 12:36:52',1),(2370,'lvwanyou1','2',207,'b7abfaabbff86adbb2aa512506933424836461976191730ae77fba442f5cc261','101.86.108.216','2017-04-13 12:36:58',1),(2371,'lvwanyou1','2',207,'52fc7224ed90f7a73179a287e6a3fb1d797bcd6659c3b89f3df9707a0f5bab10','101.86.108.216','2017-04-13 12:37:05',1),(2372,'lvwanyou1','2',207,'e3e29e649f87e357a7ef7d9c140d1c0bfc69b4ad2125a1318e73b007885746dd','101.86.108.216','2017-04-13 12:37:17',1),(2373,'lvwanyou1','2',207,'1c29512cedeeb079cd866381ec4d21fcddc62921242feff205519bdd0bd90eca','101.86.108.216','2017-04-13 12:37:22',1),(2374,'lvwanyou1','2',207,'fa7dc92231f258a7120e07d6e65a126ae3cbd1a8ab6233729140e76b15cbd955','101.86.108.216','2017-04-13 12:37:37',1),(2375,'lvwanyou1','2',207,'2fa9bb3ed3a3be5df6e060a8c262b9d3e6ea900b33560919c07d02141c317c1f','101.86.108.216','2017-04-13 12:39:00',1),(2376,'lvwanyou1','2',207,'acdc8f5fd10b0b28874fb485831995b6313f0caae953cde9c6c00af302dcda04','101.86.108.216','2017-04-13 12:39:05',1),(2377,'lvwanyou1','2',207,'6337e2f25ce99539f5a9502fd7ca700c214820a1946e08d21f684cd5d2d88409','101.86.108.216','2017-04-13 12:39:15',1),(2378,'lvwanyou1','2',207,'00bfe0e268212b95a619fcef2eba948868a50e4310e8b27e66c9efa0a43cd7a8','101.86.108.216','2017-04-13 12:39:20',1),(2379,'lvwanyou1','2',207,'95f8752c76d3cefffa53c240e1a4e4cd4607ddb251fcca05c9fb74fbb385da61','101.86.108.216','2017-04-13 12:39:30',1),(2380,'lvwanyou1','2',207,'bfe7dd4c9cee9a295b4a38a0681b4ab9e660744ea5e8758586ff952a55af46e2','101.86.108.216','2017-04-13 12:39:40',1),(2381,'lvwanyou1','2',207,'82525af21c39b7b000b48b47c2fb29b521add4ce4e7f28584bdf61557ff4d89e','101.86.108.216','2017-04-13 13:55:24',1),(2382,'lvwanyou1','2',207,'fd9bf81982a2cba1a9df2e9c92e957f6f2a1568bd4475928efc81c69c212ee90','101.86.108.216','2017-04-13 13:55:32',1),(2383,'lvwanyou1','2',207,'01aab5a7fbc55e5627db81dca197e57e2b3a6172f97a97b25663388120e459e1','101.86.108.216','2017-04-13 14:59:09',1),(2384,'lvwanyou1','2',207,'9d9eb2441306b748789bcd8f92aa45e9531b3c63bf1c61a32eb875e3daf29959','101.86.108.216','2017-04-13 14:59:17',1),(2385,'lvwanyou1','2',207,'f8af2f0d8aefa7b4d678af9153d0af136cc7c2331969634b7957b4b5010c1675','101.86.108.216','2017-04-13 14:59:23',1),(2386,'lvwanyou1','2',207,'404e3794e124e20f8fe0d9678041a9f8f438e9ba563af27ef76838f17cb50a76','101.86.108.216','2017-04-13 14:59:51',1),(2387,'lvwanyou1','2',207,'cd4ce4e67b109015622a4da7612b85359b32406a6ba8fbf3286a9e49613c69c9','101.86.108.216','2017-04-13 15:00:32',1),(2388,'lvwanyou1','2',207,'a716844683bddae92851bb80a069eae4514aa9dc02a90a9d522c12f44db4e0dc','101.86.108.216','2017-04-13 15:02:29',1),(2389,'lvwanyou1','2',207,'8511f873ba2e704c12c9928a2ab836c06f520d413ce79515131d9d61746b783a','101.86.108.216','2017-04-13 15:10:32',1),(2390,'lvwanyou1','2',207,'6b74775de7797386f3a666117cc90ca99c55fd3f3bceab34635fc2f4741ba149','101.86.108.216','2017-04-13 15:10:46',1),(2391,'lvwanyou1','2',207,'3483f164a11b682763f0474e8b5bffb3f92c0d2d67479e9b2aaad27709c35df3','101.86.108.216','2017-04-13 15:10:52',1),(2392,'lvwanyou1','2',207,'8bbe24486c3ac8fa7461dd80e98f4b0e6eca91e692a88f38fa18fcff267d0c06','101.86.108.216','2017-04-13 15:11:03',1),(2393,'lvwanyou1','2',207,'004fd534b3ebaaec3f273c503c26081227f6ff1c1af06efc9a33f86e7ce4f849','101.86.108.216','2017-04-13 15:14:41',1),(2394,'lvwanyou1','2',207,'e22f3400793c31036475d6ec51a8fce4a325cc4c2e58fe7fa9f7ddeb0aa67e31','101.86.108.216','2017-04-13 15:14:47',1),(2395,'lvwanyou1','2',207,'d759a45b3fa848b452dbf21db02a6a02edb59f54f8821afab072fdde191cbdab','101.86.108.216','2017-04-13 15:15:00',1),(2396,'lvwanyou1','2',207,'dc1ae560655667d5bf9f07c09fe1cdada83284324ddd5aed1fc15e27339c60f7','101.86.108.216','2017-04-13 15:15:29',1),(2397,'lvwanyou1','2',207,'efee55e9bb71a036c4e6343f02227e5be749e8800df2c49697d59b82f6e81ccf','101.86.108.216','2017-04-13 15:16:27',1),(2398,'lvwanyou1','2',207,'9af1e7a2c76f495871f8ee6c6e463d6309f8355bb45fe8a50bffedd28f440119','101.86.108.216','2017-04-13 15:17:00',1),(2399,'lvwanyou1','2',207,'5326daa5f6bd4f885d0b2e6df6d4d3c636ab3e2c4e112f9db0fe0e74987e33c6','101.86.108.216','2017-04-13 15:20:01',1),(2400,'lvwanyou1','2',207,'0a90bf7073a367deee45084ea40aee2878755d27afafb49a8266359154c56d0b','101.86.108.216','2017-04-13 15:20:05',1),(2401,'lvwanyou1','2',207,'bcedd15ec62f7e0720406734be162742a2229fb9bdf85b8f8499c812dbb41e0f','101.86.108.216','2017-04-13 15:20:54',1),(2402,'lvwanyou1','2',207,'be88a99e4bc1b6c4c44c508aeb18da1b855e595a61ab96bc1ca5b42ec8ded925','101.86.108.216','2017-04-13 15:27:34',1),(2403,'lvwanyou1','2',207,'81e65f6fe6efa2cbda50c32c9897240c6fd1995f932a17d21369618155d662cb','101.86.108.216','2017-04-13 15:29:02',1),(2404,'lvwanyou1','2',207,'6a33f92b4127a7763024a1fab4484c43931d41e884a66711c4c5a1228fc76603','101.86.108.216','2017-04-13 15:30:19',1),(2405,'lvwanyou1','2',207,'922232531d9fb55adcb37d3533226bfa1b10bceb7bd98a2f1dc721d663ffc24b','101.86.108.216','2017-04-13 15:33:26',1),(2406,'lvwanyou1','2',207,'05adceb8f0f57ac0727ad5442399ebe6313cb0dea455d3d4809f27179bebeb41','101.86.108.216','2017-04-13 15:33:48',1),(2407,'lvwanyou1','2',207,'153b31d7ec90496c3eb5200ecd8467076a0020e60626d4411ce27062efd67656','101.86.108.216','2017-04-13 15:36:27',1),(2408,'lvwanyou1','2',207,'8197204117d84b564e669cac3582394add5d306ee07c9d61fb77cdacfadc4d5e','101.86.108.216','2017-04-13 15:36:34',1),(2409,'lvwanyou1','2',207,'f2eb3a1f23991a33eba9f4d43f9fcf60ffbe764d92ac5ed84e0888ca7e67b219','101.86.108.216','2017-04-13 15:42:37',1),(2410,'lvwanyou1','2',207,'8614337d85adb9ce08bbd09fa283d7c26d054a6a6f13f2dda3b2ae6d47b71db0','101.86.108.216','2017-04-13 15:44:00',1),(2411,'lvwanyou1','2',207,'0ff6d3c38cf01485a93b7209b32ae5ac6fbb9788e3a20bcb473715dff5c28dc7','101.86.108.216','2017-04-13 15:47:25',1),(2412,'zhouyijun','2',171,'d4cb47b5f3af57954cc3114e85de6412e8fa2655c353ebc8aa01d747fffe4ba0','101.86.108.216','2017-04-13 15:52:34',1),(2413,'lvwanyou1','2',207,'cc4014c06f75cbe4a71df4228d4a45002aa1b5fc525bc0b12eaa6ddcf2bdd0b5','101.86.108.216','2017-04-13 15:52:37',1),(2414,'zhouyijun','2',171,'1fc31b21004f1df5dfc4ff3891451abf9e5e13581763ea0f919d1636c8b1a1e9','101.86.108.216','2017-04-13 16:11:28',1),(2415,'lvwanyou1','2',207,'42e5ee936b76c3be501c451820a9e5e22b5000cc0494c1bf814bdea709a17b69','101.86.108.216','2017-04-13 16:17:49',1),(2416,'lvwanyou1','2',207,'a0ce743c6113498aa08d8be238e36f04894a317870fb2e9205b3ffa227f8ba11','101.86.108.216','2017-04-13 16:22:54',1),(2417,'lvwanyou1','2',207,'cdcaec52dc393e9df8a734e803a039fc1715d7d7a0d00769719ebadc9a5ac2f6','101.86.108.216','2017-04-13 16:24:00',1),(2418,'lvwanyou1','2',207,'be96506fe9f4dcd829cee967c9c106f97a31cd4a4b9009e795c6f063b6ba4327','101.86.108.216','2017-04-13 16:27:03',1),(2419,'lvwanyou1','2',207,'b8cd3404df3d66ea63a69a60889ebaa54a73afa3f0a198d4a7550d5a463d140e','101.86.108.216','2017-04-13 16:27:30',1),(2420,'lvwanyou1','2',207,'7b40a755427dd00f0aaa66c2909634a8d19efdc8559d34d67fbf8f7dbcbbde08','101.86.108.216','2017-04-13 16:30:02',1),(2421,'lvwanyou1','2',207,'9dade9ae3d1cc170cf3f205655007e314e330cbe2e6e037417647fcf1fd5071c','101.86.108.216','2017-04-13 16:30:08',1),(2422,'zhouyijun','2',171,'07208e5fe0f446fa08e471b04c855e664dc0a04517b40b40db3f0a3a81ddedc5','101.86.108.216','2017-04-13 16:30:29',1),(2423,'lvwanyou1','2',207,'06cd7d4b8ce9ac561877ee41a1312a322da9ccca477e500bc807add7d8d5d313','101.86.108.216','2017-04-13 16:31:46',1),(2424,'lvwanyou1','2',207,'dc26eb027586832445aa0eab6205de74f87b5be72607cf06956f54ce51ce76df','101.86.108.216','2017-04-13 16:36:27',1),(2425,'lvwanyou1','2',207,'a67b6d469c7f594eee969e144ecbb9f5a641de290a3ac0000c0310183230e3da','101.86.108.216','2017-04-13 16:36:34',1),(2426,'lvwanyou1','2',207,'f0835b572cfc4a42e06900c3900ad8b968f1e1fc430d3e1651f090d63af01bc1','101.86.108.216','2017-04-13 16:36:39',1),(2427,'lvwanyou1','2',207,'a98e6f2592a4f09d497de8cf9b46cfd53b57f951509be545e60bdc4cdbd122eb','101.86.108.216','2017-04-13 16:36:45',1),(2428,'lvwanyou1','2',207,'5aafd3d163af269c11c3dbcbc56d5454e19fd0be6937fae5c220947d98de13b8','101.86.108.216','2017-04-13 16:36:58',1),(2429,'lvwanyou1','2',207,'598c4bac534a3191fb62d1537105c52c85c7795344385c1585766471e210fd5c','101.86.108.216','2017-04-13 16:37:45',1),(2430,'zhouyijun','2',171,'771d62cd752dc7d0142bcff50dc547acebda1e8af3ee9d5df3fa4ec3046124d3','101.86.108.216','2017-04-13 17:00:57',1),(2431,'zhouyijun','2',171,'94039124b1fdff3ad52390530a093e0233aee8fcc7fd54bb107c8ce13a7725ba','101.86.108.216','2017-04-13 17:06:44',1),(2432,'zhouyijun','2',171,'74019646fc3326dedc9357db470b1c93977f18fed92a2761aa54377ce31b84ec','101.86.108.216','2017-04-13 17:07:41',1),(2433,'zhouyijun','2',171,'2fb1a4f1cc308ef67becd6b77527c23fb6ab6027c8c66719e920ed1ce6b0b708','101.86.108.216','2017-04-13 17:07:48',1),(2434,'zhouyijun','2',171,'2169dffa28635296c33170621cc3cdf1a6d89bf7bdfea4dfbda376f368f0133f','101.86.108.216','2017-04-13 17:08:31',1),(2435,'zhouyijun','2',171,'00f3ae1744faf509e0ae24f98da7f66568769473e8f251a0e78bb70267d9b0d5','101.86.108.216','2017-04-13 17:10:11',1),(2436,'zhouyijun','2',171,'7ae0a67bc39a73899d436627c323b9dde30140ddfe13992585b9f90341a85da0','101.86.108.216','2017-04-13 17:11:16',1),(2437,'zhouyijun','2',171,'380846ecea67c6b542b562d0d4cdb96a484da4e6695db87d05de69a5b660b8c4','101.86.108.216','2017-04-13 17:15:24',1),(2438,'zhouyijun','2',171,'70befe704fe25b650291cbcc4a51f596880ed9aa8c63b1da5e6bce9dad735ba1','101.86.108.216','2017-04-13 17:17:04',1),(2439,'lvwanyou1','2',207,'6a434c8f3d8c30b28ddb5e1d3a9b23bc997219443394188b7509c83cbb1e76fc','101.86.108.216','2017-04-13 17:18:59',1),(2440,'lvwanyou1','2',207,'fe61e2c499499c7193f06e65959d9df96ce65492e2b86b279374d33027bbc202','101.86.108.216','2017-04-13 17:19:03',1),(2441,'lvwanyou1','2',207,'7b5a10adcf7d29cfaebc768c80402420144a5d3db1accf0f6a4071da17ed30a6','101.86.108.216','2017-04-13 17:19:10',1),(2442,'zhouyijun','2',171,'1f19fc26503fb034225f45705e7a40c79a8d3b01146085fcd8e7ba1e47159a92','101.86.108.216','2017-04-13 17:38:20',1),(2443,'zhouyijun','2',171,'6dec42885974930ca5744f5bc46b4ace1e79e6cd7fd6cd26756ede431ac1991c','101.86.108.216','2017-04-13 17:49:06',1),(2444,'lvwanyou1','2',207,'ccc158d83247ad71b7da1e37f2b09d902911a84b1130ce95751d3a653aefdfc7','101.86.108.216','2017-04-13 17:49:13',1),(2445,'zhouyijun','2',171,'f9fa73e8a2792e805a6c9def895e6490b125968a202064448d0d043fe556bd35','101.86.108.216','2017-04-13 17:49:28',1),(2446,'zhouyijun','2',171,'132ddc868c84b0b67b598b759045647c6492a4616ab2cc4c47062aa6a6ca02a6','101.86.108.216','2017-04-13 17:51:11',1),(2447,'zhouyijun','2',171,'8b480b3e5357bbd5f0a053cc646abf869329da79e98d2cf371d1db4b1243ae9f','101.86.108.216','2017-04-13 17:53:22',1),(2448,'zhouyijun','2',171,'15336fa87dd52978152aaecde44793df0fc88a36de5c866b8255c4f8537b3c90','101.86.108.216','2017-04-13 18:08:03',1),(2449,'zhouyijun','2',171,'602d6199b9eb472084925c5b4b52be64d35304af05362a096c5a92aba261916d','101.86.108.216','2017-04-13 18:09:27',1),(2450,'zhouyijun','2',171,'1b728beae8f4acd7a7d75bab6aaefaecb8a35e82a2b0635d64604f748f9b6cb3','101.86.108.216','2017-04-13 18:10:58',1),(2451,'zhouyijun','2',171,'4967f650151d9454566319e4a0c9b53efa06fd5266f82dcdcf54327a13698fae','101.86.108.216','2017-04-13 18:14:17',1),(2452,'zhouyijun','2',171,'c92a654be4145d146e731a0d1ba145a6bea1820ec55407c2cd863448ef5909de','101.86.108.216','2017-04-13 18:15:40',1),(2453,'zhouyijun','2',171,'8420a9d9e2ee6ee208f82cfa893438515f9f231f7c350cc849ca68aec16eba61','101.86.108.216','2017-04-13 18:17:50',1),(2454,'zhouyijun','2',171,'b0ad06697a35b6cdfd4102a72639a38cfbb6ce079cb0beedca523d0fff936938','101.86.108.216','2017-04-13 18:21:01',1),(2455,'zhouyijun','2',171,'5d87c28c82df0aaf9e6c3aca3d2a2c172693cb6e1094af4c6e7379bee67b3d24','101.86.108.216','2017-04-13 18:23:47',1),(2456,'zhouyijun','2',171,'4ad5767cd82d08ae9c5dfd9f035c05a0b6c1a040ff0fa1f291cf656b2c73e767','101.86.108.216','2017-04-13 18:27:50',1),(2457,'zhouyijun','2',171,'2e7495333e632992559ace86f979af5022796e3bfcf96d6819589b2a90dff168','101.86.108.216','2017-04-13 18:29:47',1),(2458,'zhouyijun','2',171,'c4c57c77bd00acb3af28aa3e6c6f150f2af7945781b6e06518110519c3e204c4','101.86.108.216','2017-04-13 18:32:35',1),(2459,'zhouyijun','2',171,'e6b1279d323f6fba32cabe4cdc83003c40b75fabb92578bd91c019c8ec019e13','101.86.108.216','2017-04-13 18:33:43',1),(2460,'zhouyijun','2',171,'36bd58402789242881f009785516d3caf860d1d7b8d598bfbe44e643585502c2','101.86.108.216','2017-04-13 18:33:54',1),(2461,'zhouyijun','2',171,'60da652d4af095802a75c0e5e8644401c5cb0c26b5d2844eed3e97ace639cae4','101.86.108.216','2017-04-13 18:34:47',1),(2462,'zhouyijun','2',171,'c242530500309f2f5b3db7683034878179aa687fe51d091e52a171367a6a1b22','101.90.253.197','2017-04-13 18:48:35',1),(2463,'zhouyijun','2',171,'bd63dcb7dd9340725f695a09e2343df3b94939304af9108c834da1bd5b73c391','114.80.12.46','2017-04-13 18:49:19',1),(2464,'zhouyijun','2',171,'2a6717a268e6d924f6435fdae8df9a4c0ba63041a7f0a941851c8c132cdafe72','114.80.12.46','2017-04-13 18:50:49',1),(2465,'lvwanyou1','2',207,'09850c8b8808cb1f002a9fd5f01a40d7f8e37d1a748932eb3eb99341dc461478','114.80.12.46','2017-04-13 18:52:57',1),(2466,'lvwanyou1','2',207,'3367c5d9562d00e6a845eca72fdb9f3aaf5f11aeeaff6de49f5888a99968bd3d','114.80.12.46','2017-04-13 18:53:04',1),(2467,'lvwanyou1','2',207,'c87d2d1775aa4ab9a38e3c1230e0b1b39d4aff5cb50415ed0da89cc46279c255','114.80.12.46','2017-04-13 18:54:14',1),(2468,'zhouyijun','2',171,'7a9a5aaa54d8677ca49243b7991fa560135f0ce04814c391f70afe369420b99a','180.160.183.240','2017-04-13 22:31:58',1),(2469,'lvwanyou1','2',207,'43d3d45a38ec33a43b2f345eac9d1b39888c5f5367e8a210abd6723b165c0706','180.160.183.240','2017-04-13 22:44:04',1),(2470,'lvwanyou1','2',207,'2e8fd8eb57db43f4b7d537f68ddfa46997565e628c54f222408acc54c88522c1','180.160.183.240','2017-04-13 22:44:35',1),(2471,'jiang','1',2,'7e2167f651ecaf0a165b9728c29f4d2f7f4b2c3e5c16ff05e0cb906fe2e0609c','192.168.3.8','2017-04-14 17:04:11',1),(2472,'jiang','1',2,'5bb9743c5d7fb354cf13049fd358618f8634ab21666e9401e082e9d11e295376','192.168.3.8','2017-04-17 12:08:46',1),(2473,'786185931@qq.com','1',2,'4aa3c7ec7c48206aba650adcc8ef6b35e1bf0300650269ee0cf9f16c18c869fd','192.168.3.8','2017-04-17 12:34:02',1),(2475,'jiang','1',2,'f643affa634b30322e9d2e988f7283208453c7c9269fe1839cb4653f6e73c89f','192.168.3.8','2017-04-17 12:35:29',1),(2477,'jiang','1',2,'444bac979f843b4a83cffc8fc3d0e1f9b5eaaa1f5766ee9f1b78a14be7568c81','192.168.3.8','2017-04-17 12:47:11',1),(2478,'jiang','1',2,'','192.168.3.8','2017-04-17 16:06:46',0),(2479,'jiang','1',2,'','192.168.3.8','2017-04-17 16:06:49',0),(2480,'jiang','1',2,'','192.168.3.8','2017-04-17 16:06:51',0),(2481,'jiang','1',2,'9426b3849909693679bb4f1ea0cbdd2d9883420d0dd9b66e6b3e2f84523e3c57','192.168.3.8','2017-04-17 16:10:21',1),(2482,'786185931@qq.com','1',2,'530cce8f60f8062d7e6f83e2591bc50fa4278e59e2db5f84eec7e4fcf9610379','192.168.3.8','2017-04-17 17:35:58',1),(2483,'786185931@qq.com','1',2,'c1893f5e58d891d6f468cb74ea796413d95e4492ac9976a7a33d3df57b8264ab','192.168.3.8','2017-04-17 17:36:02',1),(2484,'jiang','1',2,'36965245f423fb20af143f9b96fc1bddd5932a909b935c95915eb62d263e0f71','101.86.108.216','2017-04-17 17:38:15',1),(2485,'jiang','1',2,'a4405bed7468af488922135d079d2e859098ef2ee57f8d4cbd291b0f17e7037f','192.168.3.8','2017-04-17 17:39:30',1),(2486,'zhouyijun2','2',214,'8cc1f55d8aa42c6d1b75e9e6038f0d3624795c99044bc63e0dacb0f8ba9a35ae','101.86.108.216','2017-04-18 10:13:52',1),(2487,'zhouyijun2','2',214,'165256f08a3b04451a00fee90992375617dee156a02cf98aa25a481fd61fc7a9','101.86.108.216','2017-04-18 10:15:03',1),(2488,'zhouyijun2','2',214,'1681e5972413622e538003debeef764d4a5e7e1a8fc99b7bbd2f59e1d9c4323f','101.86.108.216','2017-04-18 10:24:37',1),(2489,'zhouyijun','1',171,'0ea8bd39a7120c9ee660360dae5fda8d1a13f957a68a36d1059887a1e311e643','101.86.108.216','2017-04-18 10:25:13',1),(2490,'zhouyijun2','2',214,'e79e865c590057c475836ae0cbd292a970a015a40778fb659e2c87a5ab8af76c','101.86.108.216','2017-04-18 10:30:12',1),(2491,'zhouyijun2','2',214,'1ae10702d3d8e6faba10f4af05a2aee53f8cedbec60710fa533ad1896262465e','101.86.108.216','2017-04-18 11:12:53',1),(2492,'zyx','1',226,'dc608ac0ee240f09a52771b3bc792221499d21a8aedfc8ad47526088528ca3e5','::1','2017-04-18 12:04:54',1),(2493,'jiang','1',2,'','101.86.108.216','2017-04-18 12:50:20',0),(2494,'jiang','1',2,'7ef5783ac260f07a5d3c5f26a62d2715e9880f9069f6d8c68253211de7690438','101.86.108.216','2017-04-18 12:50:23',1),(2495,'zhouyijun2','2',214,'7bcc585244cd9649e001315df457e50c50fb82e1c6439eda174cfb1bc65d7eeb','101.86.108.216','2017-04-18 12:53:02',1),(2496,'zhouyijun2','2',214,'4e3468ebda031eb1bac93cc4af9724017d611f0b0cdee9cc4d0152784bc117b6','101.86.108.216','2017-04-18 12:53:13',1),(2497,'jiang','1',2,'8e5f9563d25b9ba9c07ba82c37da50ba194bc1b515e354c86a73524195bb25ba','192.168.3.8','2017-04-18 13:14:10',1),(2498,'zhouyijun2','2',214,'7d6d26ec8d88c3e6b66fba3654b5b41aee3123ff64871cf77afde6e5f34b6a1f','101.86.108.216','2017-04-18 13:16:06',1),(2499,'zhouyijun2','2',214,'59d403f081e14ea861ef3fea27a419ba2281728140fa0141ba5ba5504d7f844c','101.86.108.216','2017-04-18 13:18:18',1),(2500,'zhouyijun2','2',214,'1c1f004aff6c4841ac5649b618e191de0daab9f15e7efdf26ca6c9e97b608dad','101.86.108.216','2017-04-18 13:19:25',1),(2501,'zhouyijun2','2',214,'2cfef0439500a191e9651c7a6cbd33c7d379d1288de4d8591a20d5c9c1e3837c','101.86.108.216','2017-04-18 13:24:05',1),(2502,'zhouyijun2','2',214,'9768de12f4f2bf3e6cb523c23253d56bd9cd4e410177fee1033ef03b02f2e5d7','101.86.108.216','2017-04-18 13:24:10',1),(2503,'zhouyijun2','2',214,'e41d6beda6f9380e29b55f892ddee5da0d61bc14157364119d4b0c7cb4ad1faa','101.86.108.216','2017-04-18 13:24:17',1),(2504,'zhouyijun2','2',214,'8bd6119ba507d1e2740545b4e9fd051fb5314ed571f3b69b9fbf7e7a5486c784','101.86.108.216','2017-04-18 13:34:47',1),(2505,'zhouyijun2','2',214,'01d9464ab681746d9a87ee7f26752474fe07d68a38efdb16dbc1a75b966a9643','101.86.108.216','2017-04-18 13:36:42',1),(2506,'zhouyijun2','2',214,'f178178d5c73ace6ef10bdec91d39fcbf412cad157961450be30c91b5223a0dd','101.86.108.216','2017-04-18 13:40:58',1),(2507,'zhouyijun2','2',214,'d14a4e04016a39c2759f691bf71729ac4106e3db916076fc734463e101043b14','101.86.108.216','2017-04-18 13:45:40',1),(2508,'zhouyijun2','2',214,'6a9039de0bf0187d6623cfb0d59675e74c008b7f97dd5b72961e4ec2e40dcc85','101.86.108.216','2017-04-18 13:50:30',1),(2509,'zhouyijun2','2',214,'2f6c0253f51a7e50659dd1f19a8a7d9a41c7527e2636fd9d677cba41bcc6c29e','101.86.108.216','2017-04-18 13:53:03',1),(2510,'zhouyijun2','2',214,'d20ba5cf275adb52e9edc8933f66503cda7d71cf78b7307dd251953cc38abaf4','101.86.108.216','2017-04-18 14:31:39',1),(2511,'zhouyijun2','2',214,'6fec4107efb319261dd30b261d67de6c5edc0da64638ff7dec0e4c302ad43606','101.86.108.216','2017-04-18 14:35:26',1),(2512,'zhouyijun2','2',214,'98ae221b1142c876f513bd6d28d9ad80a1ce105b01979971b015a52d43c42982','101.86.108.216','2017-04-18 14:49:43',1),(2513,'zhouyijun2','2',214,'67fde5b29f0e8f39943863db4601cc84e79595d8be53f9f9153b67164476e862','101.86.108.216','2017-04-18 15:00:57',1),(2514,'zhouyijun2','2',214,'eca390d97dc814b5cff73a6e2d582b691c2f3a676a6b4d2883b5eb383488c713','101.86.108.216','2017-04-18 15:03:27',1),(2515,'zhouyijun2','2',214,'e565de341edb3dbee50b63a502f68471cbe9b7360fdf9fa09777b631cc0209f6','101.86.108.216','2017-04-18 15:12:15',1),(2516,'zeo','1',184,'e1ab6029ce794058f68da833d34577fd47f31cee5836e3250291164de5b9c299','101.86.108.216','2017-04-18 15:22:17',1),(2517,'zhouyijun2','2',214,'da03ba4b5347cc83841db2f3d1cbeea69e7ddc489742ab1a80076203621ff56d','101.86.108.216','2017-04-18 15:23:21',1),(2518,'zhouyijun2','2',214,'75a9a7dbc579c4bba016d07b8508d4cd0aca4a04d2cbdbfb12c7369fdb2b9031','101.86.108.216','2017-04-18 15:27:06',1),(2519,'zhouyijun2','2',214,'95fe7dd1d7d4dbca6a4d87b9b6591e927f1a0b253ba26047db74a7f123f3cb8c','101.86.108.216','2017-04-18 15:35:35',1),(2520,'zhouyijun2','2',214,'0c68b6c25fca97101e43842e23891b33ca64ba7e0d82f9903004ef4f90d68a97','101.86.108.216','2017-04-18 16:15:22',1),(2521,'zhouyijun','2',171,'2ff44787651547c7760626936efb7e2e50b4b1304c6fbe48a151235cab48bd68','101.86.108.216','2017-04-18 16:18:18',1),(2522,'jiang','1',2,'9020e95d6b03ce654aae249d8d6ef94c8a847dce8d3fb1bf6ba1359c541eff6a','101.86.108.216','2017-04-18 16:18:52',1),(2523,'zhouyijun','1',171,'0c63a4a2e4c257e0c88d778ebde427af995c451ae3479d12dd37fe110d8ce0a8','101.86.108.216','2017-04-18 16:19:25',1),(2524,'zhouyijun','1',171,'de49a343f735d9411a881193c38d556becc9cb26d8c616ea67fe3472d78bb430','101.86.108.216','2017-04-18 16:19:38',1),(2525,'zhouyijun','1',171,'6cedc4fe596786d9b57adb5bff291119b38a01007b73821df4e5552b3fdc7b2b','101.86.108.216','2017-04-18 16:21:00',1),(2526,'zhouyijun','2',171,'9565494c8db6cc505148d15af2eb631476ed0ca567f9bac7e7ebcb0093dcd14e','101.86.108.216','2017-04-18 16:22:05',1),(2527,'786185931@qq.com','1',2,'','::1','2017-04-18 16:24:47',0),(2528,'786185931@qq.com','1',2,'6e90b6127ec2094f0faf80edce82f5a27aa3e75778f62a4f148dcdfff5852369','::1','2017-04-18 16:24:55',1),(2529,'zhouyijun','2',171,'11594a2fafc795737ebc9f3c612e61e2e0cf1fc10b4932cdbe61c64fa7d1c5a2','101.86.108.216','2017-04-18 16:37:08',1),(2530,'zhouyijun','2',171,'1b7dd73ddbce4248deec1ef9cc9a8da66f576633c3e36055fa12d57323cd7ea3','101.86.108.216','2017-04-18 16:44:09',1),(2531,'zhouyijun','2',171,'bc4d5c99f1a3e95757da4704e4b88526d189bb85f55b07cf8f31a3c8f781e339','101.86.108.216','2017-04-18 16:52:09',1),(2532,'zhouyijun','2',171,'004a412b4d5d5b0aba5dae5cf2d2b4ab5ff368a0e63dd4273c5911a731ab1425','101.86.108.216','2017-04-18 16:53:16',1),(2533,'zhouyijun','2',171,'452510c91f86437246795f77a19fcde9d06e6ea276dd11fff308d533e83fddc8','101.86.108.216','2017-04-18 16:54:31',1),(2534,'zhouyijun','2',171,'ef368edea4847abb6a4127e31786fcb15a998169e539ca07c82ca18324675ddc','101.86.108.216','2017-04-18 16:55:52',1),(2535,'zhouyijun','2',171,'28da30388542670d738b518518fbb65bafc2e7bc65605339775a0a0ec015cb8b','101.86.108.216','2017-04-18 16:59:28',1),(2536,'zhouyijun','2',171,'58e454dac4ae1ae2e8dd3562889b06a162cd78390045d38075daee1c3a004194','101.86.108.216','2017-04-18 17:01:25',1),(2537,'786185931@qq.com','1',2,'','101.86.108.216','2017-04-18 17:02:32',0),(2538,'786185931@qq.com','1',2,'8c1e52de839ede72276978a6dddb466251a53deaf4491198393b90e3c133751a','101.86.108.216','2017-04-18 17:02:37',1),(2539,'zhouyijun','2',171,'1c51017b729a5f42b3533970fbada895910ba0226ec1ce11b6ed8e8c5a2544e0','101.86.108.216','2017-04-18 17:03:57',1),(2540,'zhouyijun','2',171,'55e4ce355760c3273f578938acafa887b82c40515bd82baec43a147b4a9ed217','101.86.108.216','2017-04-18 17:05:46',1),(2541,'zhouyijun','2',171,'9c5aa717ff944f5d95adde43581239dfc9f8514750c729a984f20a07d6184c96','101.86.108.216','2017-04-18 17:08:57',1),(2542,'zhouyijun','2',171,'d44be81462e11e0cb092d192890899e39cbf60ede508ac65becb653623051d2d','101.86.108.216','2017-04-18 17:10:03',1),(2543,'zhouyijun','2',171,'6a5655f81e5f8e0aca382b53a6cd21a2394a59be5ea8914bc2e6181602915dcd','101.86.108.216','2017-04-18 17:19:06',1),(2544,'zhouyijun','2',171,'322cb751f75f8a84231362699e86870b629e865049728d1e97e68b81f5db52c9','101.86.108.216','2017-04-18 17:29:20',1),(2545,'zhouyijun','2',171,'2cc7c53ac1b805146ac5807d292a2d5533a62817e0b202f3bb9ffa6e2477cadd','101.86.108.216','2017-04-18 17:47:55',1),(2546,'zhouyijun','2',171,'2be24fea81f194690476e1cded55dc8c6c847e619e72ffaac5554342b16be0cc','101.86.108.216','2017-04-18 18:43:57',1),(2547,'zeo','1',184,'da669ed052a497a7d908146e8bfc0146491655dd6fae4dcd81b31e84c457dc69','101.86.108.216','2017-04-18 18:58:37',1),(2548,'lvwanyou1','1',207,'9b696563ef64e4aed21ed415a7b2febd2d156ce06d9cb5d0b7ac3e1b0220c886','101.86.108.216','2017-04-19 10:29:57',1),(2549,'zhouyijun','1',171,'f769ac0c26285f70130880ffb5e989f0ef33624ec69b7d68e1c2c5dab62f6a56','101.86.108.216','2017-04-19 10:30:12',1),(2550,'zhouyijun','2',171,'2e0ed22fc21d566cfeb3b493044dbd23ea9cbf5108bcc64379dd6d94ec782113','101.86.108.216','2017-04-19 10:35:03',1),(2551,'lvwanyou1','2',207,'4f4cf75f7104b8d3847564219c1f1f1f262d94cfcdaa7cf9bf753e9995346496','101.86.108.216','2017-04-19 10:35:33',1),(2552,'jiang','2',2,'','101.86.108.216','2017-04-19 10:41:59',0),(2553,'lvwanyou1','2',207,'d1e3e8198f5a198d3abe2d2782e3b9fbfcb305e68795457ff720e1849c8e400b','101.86.108.216','2017-04-19 10:42:18',1),(2554,'zhouyijun','2',171,'908b93100f321898fb83f683f05165063c133824e3dc467de86d0779b77e6eec','101.86.108.216','2017-04-19 10:45:20',1),(2555,'zhouyijun','2',171,'d6ab970fea2fcfa34ac7688ee3898d8dd3c39675879318410f74eecb214fc29b','101.86.108.216','2017-04-19 10:45:28',1),(2556,'lvwanyou3','2',227,'eb78faeb7d47aae12836adbc7b54d2dd26843643ee8bcc1652ce05d05686da12','101.86.108.216','2017-04-19 10:45:40',1),(2557,'lvwanyou3','2',227,'fa971b7548d1db1be829523236b5c57232585bae5f0fb993543c1c0af465ade8','101.86.108.216','2017-04-19 10:45:44',1),(2558,'lvwanyou3','2',227,'24ef3b65bde0c5bb9524c10cbff6de1cfb2e96d64ac61670029443e9c28c51ce','101.86.108.216','2017-04-19 10:45:55',1),(2559,'lvwanyou3','2',227,'499b5167ff6f8d46ecfa541abea672572e1920743e2f79449d6701c693e228bd','101.86.108.216','2017-04-19 10:46:24',1),(2560,'lvwanyou3','2',227,'b0cd43a09bc8955e9ffff3faf37d4cb5d095667602cfd7a3cd6ec24584eebee1','101.86.108.216','2017-04-19 10:56:32',1),(2561,'lvwanyou3','2',227,'dcadb8a9c5bf708df56d5b254fcaf31c9908ac48e68863b9154b82abd4bd9c9e','101.86.108.216','2017-04-19 10:57:17',1),(2562,'lvwanyou1','2',207,'f7ed79c0bc4c738d9b1a348567b71746739e663b1abd25fdc926aadbc41fbaf0','101.86.108.216','2017-04-19 10:57:22',1),(2563,'lvwanyou3','2',227,'dc665055df45ca20366bf0f0b3f9c93e470ad3a9a26abca4ee22e7799a11565d','101.86.108.216','2017-04-19 10:57:39',1),(2564,'lvwanyou1','2',207,'54dfa92f9c712da8a41a407b15ff382adf9fe8871394f159eca5ad22edd2a1ae','101.86.108.216','2017-04-19 10:58:21',1),(2565,'lvwanyou1','2',207,'2536d731dd2adf5c3c32d8e9a077ac74b95f4568baa99855e92f4fc8f750d442','101.86.108.216','2017-04-19 11:00:25',1),(2566,'lvwanyou1','2',207,'c962e639b56b1f145bd777eff4bda98d8d7702456cc2c45d53ceb3f2df79385a','101.86.108.216','2017-04-19 11:01:26',1),(2567,'lvwanyou1','2',207,'2723d2583ab88eb6b38f98f0771340f63a9dd364688a0bd1ad3546bec27b7c0b','101.86.108.216','2017-04-19 11:07:46',1),(2568,'lvwanyou1','2',207,'1151fa89def56f6da96e39d15c510950d66549a54482e5c2cdc901a2d0bdcc7a','101.86.108.216','2017-04-19 11:08:34',1),(2569,'lvwanyou1','2',207,'79d049f24172664aee993739495b90d2f09cebcf8b29e33101d456390007cbf0','101.86.108.216','2017-04-19 11:10:54',1),(2570,'15000895132','1',177,'','101.86.108.216','2017-04-19 11:25:03',0),(2571,'lvwanyou1','2',207,'4c71bef93c0223493b9ced59dd9a92764663374d05792195aa9deae200f2c83a','101.86.108.216','2017-04-19 11:26:45',1),(2572,'zhouyijun','2',171,'bfe41efd95c9a876b79b26fbea338b73b922ca199dcd513d3ab598d6200fa6fd','101.86.108.216','2017-04-19 11:29:15',1),(2573,'lvwanyou1','2',207,'cecd9c78a3ca930a10ad7dca371a68161a5205578b1bacdd31e328c9c00715f1','101.86.108.216','2017-04-19 11:31:58',1),(2574,'lvwanyou1','2',207,'69577a89bed0b28dd118937822ae2b351be7d3e3c053aa1aa05eda11d424d7f5','101.86.108.216','2017-04-19 12:09:19',1),(2575,'zhouyijun','2',171,'b8c43d4ab2952a4fc9fbe24ade45133af258bb5011eb8237ff82b0688e337dba','101.86.108.216','2017-04-19 12:11:52',1),(2576,'lvwanyou1','2',207,'d7402b6a42817c83414e74c51e46f7e982c9f072c66891452711ebf3f76d76d5','101.86.108.216','2017-04-19 12:28:02',1),(2577,'lvwanyou3','2',227,'06ded7b4e9139b59d4b45de50a47d1b30e6db47b09725c3ef8924fed3b8373fd','101.86.108.216','2017-04-19 12:29:43',1),(2578,'lvwanyou3','2',227,'283091aaca1ba54bfcbacd9645c70be9a6a5658cd53137afa90ee0d4994973b7','101.86.108.216','2017-04-19 12:31:28',1),(2579,'lvwanyou1','2',207,'06365c460ae43ff97468ac8a016417e596a92f2252cd50665004630238fdb35c','101.86.108.216','2017-04-19 14:03:10',1),(2580,'lvwanyou1','2',207,'873c3b826d938c74c49c3baec2a97c1f07d6b6c99681faccac0320b1fdd41672','101.86.108.216','2017-04-19 14:03:10',1),(2581,'lvwanyou1','2',207,'3cfc943c53964a2e20f1c5a3ef4ff1f09b206b20cb496dd504fabfe29190edb6','101.86.108.216','2017-04-19 14:03:10',1),(2582,'lvwanyou1','2',207,'1490fe44ceeef7a2403cf068666cc44aa135e6fd41d61e7a3575110dea8323c4','101.86.108.216','2017-04-19 14:03:10',1),(2583,'lvwanyou1','2',207,'89729d66490f6134a66a1102051fd6d3c0dc47702cb2909f404d3e5cb901e075','101.86.108.216','2017-04-19 14:03:10',1),(2584,'zhouyijun','2',171,'09e1b430e77a7457fab79999095aabe9df38466204716bec8bcface734d9e9fd','101.86.108.216','2017-04-19 14:05:56',1),(2585,'lvwanyou1','2',207,'b2643c93b294ab3787f7b954eac2a616da434d5ceb06bbb746b6fb67e071b28c','101.86.108.216','2017-04-19 14:30:44',1),(2586,'lvwanyou3','2',227,'b721eb0b685c6b7dffbb274ecb5e6ab4027f8b6767a738481347d594888be2e7','101.86.108.216','2017-04-19 14:30:50',1),(2587,'zhouyijun','2',171,'762136b70567b959070854e0d2f873158879d3a1dcef877688226cd944937042','101.86.108.216','2017-04-19 14:33:23',1),(2588,'lvwanyou3','2',227,'7434a0c144e773ef04480a1cfd5e8262e436c7ae1b60a5206a26e815be6f5e23','101.86.108.216','2017-04-19 14:35:52',1),(2589,'lvwanyou1','2',207,'27b9d7fb0dc61f39009a0456f123f6c75093bbe3c755c7bfb8c2edba63361e9f','101.86.108.216','2017-04-19 14:36:38',1),(2590,'lvwanyou1','2',207,'766d75bddd6eb9f6619014ae5bbec9660b672ec7c88a6a1bfdf9ca1a4d44511c','101.86.108.216','2017-04-19 14:53:48',1),(2591,'zyx','1',226,'6fb3273fff951a4695529b893ef2e58ee9e550dd1291f95cd559a1e05487d9ec','101.86.108.216','2017-04-19 14:54:22',1),(2592,'lvwanyou1','2',207,'10c476ec584abac95c8d810853b89dbcd17e8f898a195d9ba216d92429f21bf3','101.86.108.216','2017-04-19 15:04:02',1),(2593,'lvwanyou1','2',207,'97d9e8deca9a395e37a48aec077b15800a091143377d4cdb0cf780594a524c82','101.86.108.216','2017-04-19 15:05:57',1),(2594,'lvwanyou3','2',227,'994bf2148ab58c80e594abfd1d4da363b924a6d40899e18fe3904ed830231a74','101.86.108.216','2017-04-19 15:10:46',1),(2595,'lvwanyou1','2',207,'22a0da0433e0ceecc2c0ce32633e8ee4510584c35b221eec26cb20757456e2f5','101.86.108.216','2017-04-19 15:11:06',1),(2596,'lvwanyou3','2',227,'ee362c9f14ebd605271a11b9660d639e02fc50312d11db08e71590aa2190306d','101.86.108.216','2017-04-19 15:11:30',1),(2597,'lvwanyou1','2',207,'b4bab857018a0ce69c4f03aea044c752b5b8947b8d09b58bb3a6e0efdcc732d2','101.86.108.216','2017-04-19 15:11:36',1),(2598,'lvwanyou1','2',207,'c4edebf348c870a2b14d9a123be4c9ef0e6eb31972d90a1d25d6bdccee0be83e','101.86.108.216','2017-04-19 15:11:55',1),(2599,'lvwanyou1','2',207,'dc8ad91edabaf866d0a4789047b60eeb8d1f7d97e6bb814001c27f6817265c8f','101.86.108.216','2017-04-19 15:13:48',1),(2600,'lvwanyou1','2',207,'ab6ab1491a626c6638f9a79522d230e14903d556af5ba0f3564460f3043c6d51','101.86.108.216','2017-04-19 15:14:33',1),(2601,'lvwanyou1','2',207,'cfc62112b1c08aea8dfd051c8c4b6afeb6d2d60eb68e7703e8948f8e553a4a23','101.86.108.216','2017-04-19 15:15:20',1),(2602,'lvwanyou1','2',207,'12a35b7726f09450ffdd65e9fe5804fb6487d591b1ba21f7dd81c9a8a907e757','101.86.108.216','2017-04-19 15:17:39',1),(2603,'lvwanyou1','2',207,'735d61fd1b25677b6067eeba49ffbdb84bfd4cede27b10d2a4ce1938898e8f2f','101.86.108.216','2017-04-19 15:24:42',1),(2604,'786185931@qq.com','1',2,'18bb04b6c20a79cbd58042df342099df5de9c6ab363a09c92f0695998c0158fd','101.86.108.216','2017-04-19 15:33:25',1),(2605,'lvwanyou1','2',207,'90f15ed8e580796693ac42fe40e13c72c23d0ac7592476953106fa2cac713401','101.86.108.216','2017-04-19 15:40:19',1),(2606,'lvwanyou1','2',207,'04bd1e2d58b8b1fb8c2cb96fe8b4fc822c65f02e3bbc7b9413b033d01b0dce14','101.86.108.216','2017-04-19 15:41:03',1),(2607,'lvwanyou1','2',207,'2d7dac39de4cb5eaa0b1f16c19c7e3242c2a6ebe52955c3e2e45a7563f778633','101.86.108.216','2017-04-19 15:41:57',1),(2608,'lvwanyou1','2',207,'fea8d3eac2b520e8f955d4aff04ac8da3bdeac0d0d776c42d243b7fe05113826','101.86.108.216','2017-04-19 15:43:13',1),(2609,'lvwanyou1','2',207,'1f8fe66cba0c647e441367afab167716841f816a3f082a24e3be6a0d106aab38','101.86.108.216','2017-04-19 15:44:41',1),(2610,'jiang','1',2,'306849ae71cbe64ce7b944ed085e2307b8ae201cf7d80675fe406a08897249ba','192.168.3.8','2017-04-19 15:46:20',1),(2611,'lvwanyou1','2',207,'2c520e08a19d42bda1765b020fb27f122f2abf8b7a98284a5b05c5344721dc04','101.86.108.216','2017-04-19 15:46:23',1),(2612,'lvwanyou1','2',207,'d36a4a345c03fdffbd1c5a8034bfe9540d46781ea8507cfd41dbc702d101f2a9','101.86.108.216','2017-04-19 15:49:43',1),(2613,'jiang','1',2,'0f619d55752082389546632effa9112546b4ceccfeffca0d1bedc408360ded84','::1','2017-04-19 15:49:45',1),(2614,'lvwanyou1','2',207,'eb09cc7ba8e10d4fc989bf67d55f48d8352a5627e33d0820fff7bcc69b53a214','101.86.108.216','2017-04-19 16:24:36',1),(2615,'lvwanyou1','2',207,'4c12c047cb5c513f251cadd6c01274baf10f474a4cc9ed558cc7ee0aefa38680','101.86.108.216','2017-04-19 16:28:22',1),(2616,'lvwanyou1','2',207,'7dac24894412cf32fb2958b8b6462c10a7e25181095a9ae20990f75a5e259554','101.86.108.216','2017-04-19 16:30:48',1),(2617,'lvwanyou1','2',207,'12293ea0109403bdd3c4c56849f97ad97685e1152a690ec36c75335ea15f1f53','101.86.108.216','2017-04-19 16:33:35',1),(2618,'lvwanyou1','2',207,'3e404cbb8929780d8ff88554082fa0b0cbe7c390b4d3c71f05c83d13d23efdda','101.86.108.216','2017-04-19 16:38:47',1),(2619,'lvwanyou1','2',207,'de961c79f0ced8a1c8c1e0c26859d4f6bf9075d1f51cdd3e3cba4ef08b788efe','101.86.108.216','2017-04-19 16:39:47',1),(2620,'lvwanyou1','2',207,'b8fe01276f04fb44c3d8e0fcb03b0107b396bfc021c3df3d432b4322482b2d9a','101.86.108.216','2017-04-19 16:41:39',1),(2621,'lvwanyou1','2',207,'eba82ab19aec60e8c19b3ea3101f8668fcc1ab77c45b141b801ef45827d65c7f','101.86.108.216','2017-04-19 16:42:36',1),(2622,'lvwanyou1','2',207,'41ab079b4b344ec99d8f74782ac368ba54dce5fd7670e46f2c8eb50dc363882f','101.86.108.216','2017-04-19 16:44:54',1),(2623,'lvwanyou1','2',207,'94c3645ad24b4abe26bee5c7822fa471b228c5d3cbf61f061e78b2ec87d411d4','101.86.108.216','2017-04-19 16:46:09',1),(2624,'lvwanyou1','2',207,'691b6bf63509ef2c1513e7a25fd9ad64bd8144fea3d2253f373af3b2b5abb4c1','101.86.108.216','2017-04-19 16:47:32',1),(2625,'lvwanyou1','2',207,'70d883bcd00ad087de6f0e41b02ea213801113c7d3ddfdd2dbf7f35846a927ea','101.86.108.216','2017-04-19 16:47:59',1),(2626,'lvwanyou1','2',207,'f8ff2a94153065ea5aac5d2c491abf47dc242b06c90a5cd96740e2239664ec72','101.86.108.216','2017-04-19 16:50:43',1),(2627,'zyx','1',226,'7e94791e8ce35a4beef1194ddc896b9f2cc36c0b302eacdd1eab35e48e1f1217','::1','2017-04-19 16:51:22',1),(2628,'zyx','1',226,'13a29015d6cd4b984ba702a5d7fc9edb79f5512f94ddec747fc025b685765128','::1','2017-04-19 16:51:24',1),(2629,'zyx','1',226,'37fcfb8886bd60fb206de59027b1905e2addde604d2b9dfcdbc36e6b40d3cf2d','::1','2017-04-19 16:51:25',1),(2630,'zyx','1',226,'38b8ab8f4d285f7b284f271ab920027cfeb772ecc56bae6b1f4379b65333b4be','::1','2017-04-19 16:51:25',1),(2631,'zyx','1',226,'3271c9254f7d4f9f3e4e4cc605b9aa2922ecf926e98220bd444233991957ba61','::1','2017-04-19 16:51:26',1),(2632,'zyx','1',226,'ff43df2f6a126058adaa9c63f7b08eb3443ed2a2ca2fee33882fe9aca1af4d9e','::1','2017-04-19 16:51:26',1),(2633,'zyx','1',226,'5f09b9cf2f5f19c2d4c6c513211148b05f8abfd11c91ea2c662624115b4d0415','::1','2017-04-19 16:51:26',1),(2634,'zyx','1',226,'b6a7ede08aafdc0742786210c0e82cffab9d8c4902ec6a12b72a81165928d554','::1','2017-04-19 16:51:26',1),(2635,'zyx','1',226,'c61549b9e2fb3aea39049f6af666084bfb756d04015718e3e6bce818c11f9e49','::1','2017-04-19 16:51:27',1),(2636,'zyx','1',226,'97357795b259ff9acebec415c7761e6ec59405ee47d584f95bbb2926eb3424ab','::1','2017-04-19 16:51:27',1),(2637,'zyx','1',226,'6e5153d2b76e5c661119d2bb901abde29fb491532cce41cb5d406f74316c8f0e','::1','2017-04-19 16:51:27',1),(2638,'zyx','1',226,'e45cdd39fd39fe463490f758d1c01d35a57eba1cf57aa4a3dcdc5ae3eda8dbaf','::1','2017-04-19 16:51:57',1),(2639,'lvwanyou1','2',207,'910ec3cdd2c7cfb7c70224bd732ef0068b24af0bb360374f1a8287ae98854526','101.86.108.216','2017-04-19 16:55:31',1),(2640,'lvwanyou1','2',207,'a2c8cfa7f09aa79ad3ee51d848f7a433e7cbc6e0da428bb7949ead84cc9ceceb','101.86.108.216','2017-04-19 17:02:01',1),(2641,'lvwanyou1','2',207,'27480be425844af8be6a66a2b4eee55b173a5854c4d102d928f267ff233340e4','101.86.108.216','2017-04-19 17:09:18',1),(2642,'lvwanyou1','2',207,'8f2bd711e3113bc660ade2eccf6f5ab5b65cf7e8a05a7946d00486f5ed11de69','101.86.108.216','2017-04-19 17:13:47',1),(2643,'lvwanyou1','2',207,'9907b6e9c3a43447d55ec7cec986fcb5a0d1e9c8d0eb891390793737fbc285ff','101.86.108.216','2017-04-19 17:15:45',1),(2644,'lvwanyou1','2',207,'12d181382b8cfacebf703f69bad8145a1883d9ff90642fc5826b98c94fdd88b6','101.86.108.216','2017-04-19 17:18:01',1),(2645,'lvwanyou1','2',207,'1c5b8b639b4099018ebc1eb366eaf980bbde65321076b92bb14f23ee8fe6e2f5','101.86.108.216','2017-04-19 17:23:06',1),(2646,'lvwanyou1','2',207,'5b3b45625c14e71a17f7b7f2de7641dded9bcb42cc3fc7bf31f1c7aa8e716072','101.86.108.216','2017-04-19 17:23:23',1),(2647,'lvwanyou1','2',207,'5fe10ad7646766116ce250daea105cb40ffbbe2cb99a96bab4678f679cf88007','101.86.108.216','2017-04-19 17:28:40',1),(2648,'lvwanyou1','2',207,'','101.86.108.216','2017-04-19 17:30:22',0),(2649,'lvwanyou1','2',207,'0cddeb1f6f45334152ac733fb73b3912434f200cf795c3f37f18e2109c0ee0f6','101.86.108.216','2017-04-19 17:30:27',1),(2650,'lvwanyou1','2',207,'61ba86f161076addf91f00237620c7621082e964d9a69787282ac511047fa942','101.86.108.216','2017-04-19 17:32:35',1),(2651,'lvwanyou1','2',207,'45554c68beb84a4e4cc0086da5ecbeb5be21eee5ccd60f4d478fa48b4384be8d','101.86.108.216','2017-04-19 17:34:08',1),(2652,'lvwanyou1','2',207,'4362e7cfd95d61eb4b6be7b9899c113b29ffa981c8264f75bd5e5dd2d0f9bbf7','101.86.108.216','2017-04-19 17:35:30',1),(2653,'lvwanyou1','2',207,'c2b68aee2539e7a89086ac0384c3f112b76cb773fb9d812a80415bd8f15ff46a','101.86.108.216','2017-04-19 17:37:30',1),(2654,'lvwanyou1','2',207,'318223c317c7b3ca6c4817baa1dc766bd0c1ffe4a90407c68e45016dd2059543','101.86.108.216','2017-04-19 17:53:57',1),(2655,'lvwanyou1','2',207,'eb1e1b64c35328df21072f607ad82c84f144104f19cc8385a328de9eb53b4983','101.86.108.216','2017-04-19 17:56:59',1),(2656,'lvwanyou1','2',207,'416737d805b2e2cfd0c57e167ef9976d9a773ea0ae09eda7a3ec1a22e1ab20fd','101.86.108.216','2017-04-19 18:06:10',1),(2657,'lvwanyou1','2',207,'91e27b31317b8be24a2a58cc36fad4cf86c8025632be03e7e2c79b4ee86077c0','101.86.108.216','2017-04-19 18:06:50',1),(2658,'lvwanyou1','2',207,'26eaabdd1c4f432ea0244fb4eaa5ee5f90fb51cdad2b0b431ace9251bfdd978d','101.86.108.216','2017-04-19 18:07:09',1),(2659,'lvwanyou1','2',207,'b6f746defed7831eb571fedd1c2be3a81b3a8474cb2f3d3633d558dcea62ca46','101.86.108.216','2017-04-19 18:07:23',1),(2660,'lvwanyou1','2',207,'5f0bdf5a75bff68245d84886415dd14bede13d58318004506c95f5f675e24f1f','101.86.108.216','2017-04-19 18:11:12',1),(2661,'lvwanyou1','2',207,'aa6dfa68ec76c6eb6d4ae9172543f0228199698a3f97ec64aa57e0f362c9f83f','101.86.108.216','2017-04-19 18:11:59',1),(2662,'lvwanyou1','2',207,'12091067d8dd99b1f8b6b34bda406b78ee4d5d7826c6acd25854f29cce455384','101.86.108.216','2017-04-19 18:28:19',1),(2663,'zhouyijun','2',171,'ed88b4a49d6d20be1f4b4f3ecab5e2777f426e516bd194ceda0c8da4390c82b1','180.160.231.174','2017-04-19 19:11:53',1),(2664,'zhouyijun','2',171,'3700a121e23e736077d021bb6bd739ee0aefee3ad5bc2b924c0abd310fef2e79','180.160.231.174','2017-04-19 19:14:29',1),(2665,'zhouyijun','2',171,'d330c41c4c7776e3951ea8dcc5cba291341ccea5df32552f85133fd44bd9045a','180.160.231.174','2017-04-19 19:23:04',1),(2666,'zhouyijun2','2',214,'1c4fbb050e556bae7f7c430f02cac9393b21852b239712e79bff8443e9dae312','180.160.231.174','2017-04-19 19:26:26',1),(2667,'zhouyijun','2',171,'fcb8bcfa8d412a335b069b366487689350bed3ddf9fa6c932e039354fd9ed079','180.160.231.174','2017-04-19 19:30:12',1),(2668,'zhouyijun','2',171,'317891dc045e2a52faef0ca4b8814967a3a94fa9b811541c6f5dac50b9f8fd64','180.160.231.174','2017-04-19 19:30:51',1),(2669,'zyx','1',226,'7755094a13f3be390e8422972318ed0a5c989fbfa74e1748b7c7191d991364e0','101.86.108.216','2017-04-20 12:00:17',1),(2670,'jiang','1',2,'d73dca6bb2d8920b8a3997c8626157319b13c31e3e56ddf3803dac5628b1cd8d','::1','2017-04-20 13:56:43',1),(2671,'zyx','1',226,'fa02c83103edf0a5dcb09b7f4f2c903098ead21a1eaba6da332043591ea5e259','::1','2017-04-20 14:50:17',1),(2672,'jiang','1',2,'','::1','2017-04-20 15:10:31',0),(2673,'jiang','1',2,'bb5c7b834b9a5d988210fce3b0e5d99807fe3634cd1f846d71dd4f4ef5e00f8f','::1','2017-04-20 15:10:37',1),(2674,'786185931@qq.com','1',2,'2b002d027dd16b99d42a434d91b6b238352464359b21baf6f9dac362266ba4cb','101.86.108.216','2017-04-20 15:15:27',1),(2675,'jiang','1',2,'74e954dc9f0ff1a0af6634f762edc6170a6b8edd5ffc86299ca1890fa4b142f9','::1','2017-04-20 15:54:11',1),(2676,'786185931@qq.com','1',2,'3cb9d58e55a02fb0a6482a1132c485c779feeb88c4c514db945cae2f8459231b','101.86.108.216','2017-04-20 17:55:20',1),(2677,'786185931@qq.com','1',2,'b4f3ad5cc9de67f776ef30b02da9bfdcd4f373fab6650fd816a6421b6bd0d8f7','101.86.108.216','2017-04-20 17:55:31',1),(2678,'jiang','1',2,'6aa3534611656322f48ffe804674ca8f302e3c961cecaa3b8c0b00f5e35072b8','::1','2017-04-20 18:01:55',1),(2679,'786185931@qq.com','1',2,'6ed7d5d42a55e33f2db6f0dc3ddb8d481a7184a15082501ff7622607a0911947','::1','2017-04-21 12:04:04',1),(2680,'jiang','1',2,'69171904d64976cb274ceb30542e7c9fb9e210e53bdc439838c0e8a4c6747867','::1','2017-04-21 17:25:28',1),(2681,'jiang','1',2,'3f17a2260a3589a4ae7e2b6d69f345bc4ad8201fbd79ff1d64f03bc69621fd7b','::1','2017-04-21 17:35:40',1),(2682,'zyx','1',226,'57d52695f8a90a222f7c6a8c0aa849aae1c14e164ed7b7ae430b3f1b70a6751f','101.86.108.216','2017-04-21 17:36:34',1),(2683,'zhx','1',3,'50b5528b6bf0d89d4905b4f79e102e6a32671b95d90a73e1e0a84cb3e9c711f9','140.207.54.199','2017-04-21 18:48:44',1),(2684,'zhouyijun','2',171,'2a77b0990da748c2fabf24441888fe42433e8a224b2a0bba4ad7a3a76dc4adba','180.160.180.92','2017-04-23 23:54:55',1),(2685,'zhouyijun','2',171,'1e2c6e08767f923219e4035c59c44d2574e4e06a2a6376131c26b1714d21616a','180.160.180.92','2017-04-24 00:27:43',1),(2686,'zhouyijun','2',171,'dc1d35b38edf29eb0c5057ae00c2f3331e3da25aea836a1f7512c99dde3b2200','180.160.180.92','2017-04-24 00:29:19',1),(2687,'zhouyijun','2',171,'96c5bc2f19353e2f774ee7de6b855c17686016b153728370af9803e611b8b2a3','180.160.180.92','2017-04-24 00:30:14',1),(2688,'zhouyijun','2',171,'ce45626b78a03456ad30aaffd50dcab7f13da8631be36b8de04375df6b37a989','180.160.180.92','2017-04-24 00:31:58',1),(2689,'zhouyijun','2',171,'913adedf8f0949a2e73a9d12315a1fd4aadbdf9ef52eff69595e79fdfb704246','180.160.180.92','2017-04-24 00:36:47',1),(2690,'zhouyijun','2',171,'2652198c343b6d939da470948d345195a6ef0dab14d7ccda91f2068bc086736d','180.160.180.92','2017-04-24 00:40:08',1),(2691,'zhouyijun','2',171,'ac944250eca8f6231821087b44aab3f7b36ac745a496a8b1283375f4bd3eddff','180.160.180.92','2017-04-24 00:50:57',1),(2692,'jiang','1',2,'c5619f2e3f931df23b56aefd3e55edf886a5ed09b72974ccdb26e08319e3a115','::1','2017-04-24 10:04:50',1),(2693,'786185931@qq.com','1',2,'77e3a73e946138b09f72884bfa0c87c9e7aed53aedcd39deb07fc21c6f30b787','::1','2017-04-24 13:26:57',1),(2694,'jiang','1',2,'4c8534e812851271ea4a98865b881d8e438239e7f0cf9055f810c8a5eff3a77c','::1','2017-04-24 13:37:22',1),(2695,'786185931@qq.com','1',2,'253f78e4a0469df39613a2b2daf60e79b3167b06469e763cd1d591f4aeac3d46','::1','2017-04-24 15:10:17',1),(2696,'jiang','1',2,'0415a8364c688698240ed7f1a7c2e0c39d22abe70d7944e75c6b16ab3af71028','::1','2017-04-24 15:26:05',1),(2697,'786185931@qq.com','1',2,'6da1393cd2f4550e678822163ec6a7302f1a1a4b736a967871c254f1e7b75661','::1','2017-04-24 15:44:38',1),(2698,'jiang','1',2,'e5b26de21c96df2f8ce9bfe9e5df086e30b468d4c043c2babf3c1cdf00a01069','::1','2017-04-24 15:53:36',1),(2699,'admin','1',231,'0201bd5db3acf5609ecc6d5824f12b7bcbdf2394ca9c83bfa961077435c4b907','::1','2017-04-24 16:10:11',1),(2700,'admin','1',231,'d32c14b345e1e1bbb3443c577a4e70cab1e74a414247d4cef8a2d51c2d367700','::1','2017-04-24 16:10:28',1),(2701,'jiang','1',2,'980de10a98b2119f955652889d38ab8ee64469e0ac5ede29b6867b04116898a0','::1','2017-04-24 16:17:45',1),(2702,'admin','1',231,'669e9317faa25ec6e1c1a42b344b35f3986d029332cf46032a8bb93e914e5af1','::1','2017-04-24 16:18:44',1),(2703,'jiang','1',2,'36bae024258f42cfe0b0914f898cafa6a6642200df1a3e9783799a21279c545e','::1','2017-04-24 16:28:00',1),(2704,'admin','1',231,'7b050a9a846caaf0f85f7fb857815e60c80c37e8db3942bfec149f433249d15d','::1','2017-04-24 16:28:26',1),(2705,'jiang','1',2,'e1fff12da2fdcab45866f4c6db4f3336b74bb0e02b3663906c38e0aedd440b86','::1','2017-04-24 16:29:01',1),(2706,'jiang','1',2,'ee4fe386b0ad463cfa3aa5ad4ac58e08becee5ccf6455698d118e37598e76aad','::1','2017-04-24 17:05:09',1),(2707,'zhouyijun','2',171,'1142865fd2c0f909470c1cc8bf92a404bcd30a19eaa04f30beddc23f8e097edb','101.86.108.216','2017-04-25 10:08:50',1),(2708,'zyx','1',226,'6ff4e9ab2ce6b469f59406bdc3c798a03d614e92ca6b0b1236d527fe4dd99e2c','101.86.108.216','2017-04-25 10:11:39',1),(2709,'zhouyijun','2',171,'3d2c2c881ec94e97af85393b912b6405a7bf466be1a8ea2995a117d2456de889','101.86.108.216','2017-04-25 10:24:14',1),(2710,'zhouyijun','2',171,'42f9f1211ba0f6991426882cf8fd526fac24ec3f127eb3c13eb1dca1194ccdfb','101.86.108.216','2017-04-25 10:25:47',1),(2711,'zhouyijun','2',171,'a25473e6ca11ef8b8014243c19e160a3ebf7aa01d623a8619c2aee313de914d4','101.86.108.216','2017-04-25 10:26:01',1),(2712,'zhouyijun','2',171,'e29d2b1bde662e0e798cd3d15030edc364bd661f2ae5748fe7d458351630d603','101.86.108.216','2017-04-25 10:26:10',1),(2713,'zhouyijun','2',171,'55dd2c2e42fa5e337a8d68530ce3b51be0531204d1e1da94ce2a95321647054d','101.86.108.216','2017-04-25 10:26:59',1),(2714,'zhouyijun','2',171,'182bca8acc9279d2a1a04502426a472bbe0cd66b4f31da3c5f9d9ad7abd4e0e4','101.86.108.216','2017-04-25 10:27:23',1),(2715,'zhouyijun','2',171,'7ca64207c38f0007bc2eda5326176278ea25f28d7d66ce1f82e520682eba7f24','101.86.108.216','2017-04-25 10:27:52',1),(2716,'zhouyijun','2',171,'bdf9b4d121fb38ff705ccfa90d1e887478129c944adb02175f4840f0e9b7a53f','101.86.108.216','2017-04-25 10:29:18',1),(2717,'zhouyijun','2',171,'08bfaf7b613c0ca21d795033c2fd6488c4a2a92f20578573b13874a5332e7593','101.86.108.216','2017-04-25 10:30:24',1),(2718,'zhouyijun','2',171,'7a6c976c7809d928bc88dc3908e099cecc35da71431075699ac7fdc0c220ca77','101.86.108.216','2017-04-25 10:35:40',1),(2719,'zhouyijun','1',171,'d57b3cee511a78998aad1faf2e3f421d3327ca508892582ff0bd72fbb831270d','101.86.108.216','2017-04-25 10:39:01',1),(2720,'jiang','1',2,'40112ad4ab487189020f427884a84853a5b0eccac798311cf3c12366c38df214','101.86.108.216','2017-04-25 11:01:51',1),(2721,'786185931@qq.com','1',2,'a1977803e22e70670aff5f7b784cbcc706e75dd2d5e104ee5b771b4d60376482','101.86.108.216','2017-04-25 11:08:30',1),(2722,'admin','1',231,'','101.86.108.216','2017-04-25 11:13:42',0),(2723,'admin','1',231,'0a3703479b40f8c5c952379f9560e5187e5c9335a170801aa2cef9021b40a8b0','101.86.108.216','2017-04-25 11:13:45',1),(2724,'admin','1',231,'4a32cde31f3aa940c651bc981ca15a77cb228f2eac86097c2928381948c70a38','::1','2017-04-25 11:15:03',1),(2725,'zhouyijun','2',171,'b5c632f212b2642ee09b40a6313b71582dc765a33b4280ad1da97b7aed4970e8','101.86.108.216','2017-04-25 11:19:32',1),(2726,'jiang','1',2,'9bc8f62bd9a2a9722d8210227c87082ec7de7ac32b5e7d58508559c322a96d86','::1','2017-04-25 11:20:00',1),(2727,'admin','1',231,'3b4559a375fca9aa32775211e81d8e8afe5230022030939b5731ad5c46bf6f31','::1','2017-04-25 11:28:18',1),(2728,'jiang','1',2,'c756e550db79bdee77773b6c981d8de08b51d38a76dc5749a74f526ca3048e70','::1','2017-04-25 11:28:31',1),(2729,'jiang','1',2,'5fc633f62d4ee031a664919e0f0a91ce0987a21b7fcdbf4a8cfaebf6970e3352','::1','2017-04-25 11:29:11',1),(2730,'admin','1',231,'d160916d3cce52d98b8c91149d3fb373e07ae4bbabb1f29a367ef7af17e97a6d','::1','2017-04-25 11:29:23',1),(2731,'jiang','1',2,'91788257e9132b9801e8feed05bc6dbc6c6b3bb3c8f28fc3086ae537e71d01cb','::1','2017-04-25 11:31:00',1),(2732,'zhouyijun','2',171,'3056321bbc19b9fed73c5ad5acaade5cdfa526f1c2d9f0120b082508febc1623','101.86.108.216','2017-04-25 11:41:27',1),(2733,'zeo','1',184,'18633f3de30f73edc0f79c2cfd778839fdcb5a950f055ec3cdf6f5c0bd0041ae','101.86.108.216','2017-04-25 11:43:56',1),(2734,'zhouyijun','2',171,'5da3cf34fa26bb5cc0f1d11d0c65b369f44e9b68bd53e5721af670787f74f571','101.86.108.216','2017-04-25 11:44:10',1),(2735,'786185931@qq.com','1',2,'627f4d5d10f7d63ba28b873e5aa9d25148b2f9ce6c25f0cd90fde83df256d0cc','::1','2017-04-25 11:47:05',1),(2736,'jiang','1',2,'363722d5f8e265553f88b887c4b0f98cdd5a4f74858fb522a827e388e4fdf6ef','::1','2017-04-25 11:48:29',1),(2737,'admin','1',231,'a050c8546179870c78cbc0771a1218a682add8a3cd9aeb7925342a1afeb395bb','::1','2017-04-25 11:50:03',1),(2738,'jiang','1',2,'a34ee704519d10b78b3904911a3f86bee1f6e601fb9e9833918bb9346de799a4','::1','2017-04-25 11:50:35',1),(2739,'zhouyijun','2',171,'d72f2d42bb6442cee243e7218323a27675548f49df553ad9e707a2d5a60c7560','101.86.108.216','2017-04-25 11:57:42',1),(2740,'zhouyijun','2',171,'66631e968bf48f568a7c5a67bee38434af5e6089f94b6abd13882a8869624d52','101.86.108.216','2017-04-25 12:00:57',1),(2741,'zhouyijun','2',171,'610a961c14b2b95d6942f2019300cfce4927438969d0056c1b2d9726965a8ba4','101.86.108.216','2017-04-25 12:02:14',1),(2742,'zyx','1',226,'307376cc5bb7b3386872c8bcb79ede6b0e51c4913bbd8babeddda4aea3bded72','::1','2017-04-25 12:02:26',1),(2743,'zhouyijun','2',171,'1ec41317e83a320224f0026b91b4a5dee31dcfc26b66995482abd8321edbc7fe','101.86.108.216','2017-04-25 12:09:59',1),(2744,'zhouyijun','2',171,'882addb8ede669073088f14cff7d22819a1c4b6e928b54ffd593b645c740db57','101.86.108.216','2017-04-25 12:14:21',1),(2745,'zhouyijun','2',171,'27b9b2ceb955140e352b02dbdf35ad1ccd37aaf35f5694ccd97a5fc7ddd89606','101.86.108.216','2017-04-25 12:15:59',1),(2746,'zhouyijun','2',171,'6f322c1482abc545ea531de928cee0a6a6aee6ad814ecd3af58f3ef8b0c8de39','101.86.108.216','2017-04-25 12:18:23',1),(2747,'zhouyijun','2',171,'66d5ee7cd8b6f091907bf8fca7b58be93cea819b5663fb04bdb1bb900f785a37','101.86.108.216','2017-04-25 12:29:02',1),(2748,'zhouyijun','2',171,'ad8e75a6e8bd3af6a23b78b0f1d4c5270d4b73bcd9d5831aa7080ed228bf609e','101.86.108.216','2017-04-25 12:31:08',1),(2749,'zhouyijun','2',171,'57c986070ff04427a034f1c1ade051e09492951698a1a4c5c9877938a664fde5','101.86.108.216','2017-04-25 12:41:55',1),(2750,'zhouyijun','2',171,'55736893dabef98963366faa9d1ab7e9dbe8897af5ce934ba859642d145ab138','101.86.108.216','2017-04-25 12:52:49',1),(2751,'zhouyijun','2',171,'55e74ef9b581613394ba9ee5d894bf15c0db41dd2d6fcf9cc87a6e02f1c5bbbc','101.86.108.216','2017-04-25 13:02:15',1),(2752,'zhouyijun','2',171,'26ebd4e6780a48b32fe644eed74367b70ccc808e85a76c0691cb57b3990adcf9','101.86.108.216','2017-04-25 13:32:32',1),(2753,'zhouyijun','2',171,'417263c58554d24b591c3ffcbbb1f5cdbc619cf53e0a299437b662f9faadafc3','101.86.108.216','2017-04-25 13:33:37',1),(2754,'zhouyijun','2',171,'91b6218b77396ea468313c7be8e299861cadfa502ae2a7d1e4db6af1c7c53e21','101.86.108.216','2017-04-25 13:39:19',1),(2755,'zhouyijun','2',171,'f7ea27269748bdb0446619e78192fecbd9a2a36b2ea2c3b6f74fd244cb1c4738','101.86.108.216','2017-04-25 13:43:08',1),(2756,'zhouyijun','2',171,'15f893137da1a672f2f54b87b2656330f623b39cd4ad19c951b8e78cfad2b4e1','101.86.108.216','2017-04-25 13:43:48',1),(2757,'zhouyijun','2',171,'0a4e3a2353b5c405afafc2599c91f81a7a448f73ae7bde2e21408e404818c206','101.86.108.216','2017-04-25 13:47:35',1),(2758,'zhouyijun','2',171,'c2019d89dc5d60f4a00197f16c66f192a48d640edc956f478422e005eed26fd9','101.86.108.216','2017-04-25 13:49:50',1),(2759,'zhouyijun','2',171,'5e08e3460a45e23347b830bdaf6476eab615b37a08fa96f6cab65dc73618c94e','101.86.108.216','2017-04-25 13:52:13',1),(2760,'zhouyijun','2',171,'eeb63eb5cad8b6324843eadabbf482d773e2cd35fa0055e249a798c419bd55b5','101.86.108.216','2017-04-25 13:52:21',1),(2761,'zhouyijun','2',171,'f746be70e94ac949804d63cd59a54d1654b1982e93e7b4f4e1f8d14cdfc067af','101.86.108.216','2017-04-25 13:54:25',1),(2762,'zhouyijun','2',171,'3187d29727c51add13420cc9bbfceff0777a9c2ad7357b11715c7e5815f13eea','101.86.108.216','2017-04-25 13:55:55',1),(2763,'zhouyijun','2',171,'b264ab44e40aa9b41fa3010579b07f155e28c9e94c00d76dfbb0464d97d15bd4','101.86.108.216','2017-04-25 14:00:06',1),(2764,'zhouyijun','2',171,'7a9f0f5cc1f18c7782ee80c1e4437329ba37917065363e4ab32bbead0b49ea10','101.86.108.216','2017-04-25 14:02:44',1),(2765,'zhouyijun','2',171,'c34acd04a8adc36d5a4e15e22449aa55734ab5af892e68f56507e899c01b1aec','101.86.108.216','2017-04-25 14:06:42',1),(2766,'zhouyijun','2',171,'356734dbae470e4fdbf6cb73a4432b0821ccece518f764265c20ba0029449ffe','101.86.108.216','2017-04-25 14:18:25',1),(2767,'zhouyijun','2',171,'10a172e57091c367e25478045df5697a8cc2bbc15a7c9895db8b586fd5135655','101.86.108.216','2017-04-25 14:18:35',1),(2768,'zhouyijun','2',171,'d11e24c1d0da6aabf591ed5341662d651e8388a8a22a4fbb7735e1c171f761f4','101.86.108.216','2017-04-25 14:18:54',1),(2769,'zhouyijun','2',171,'8d98edf67c05224ff890c30ce37292978c4e62903d5f8d3291a2f0f44187d1b9','101.86.108.216','2017-04-25 14:21:34',1),(2770,'zhouyijun','2',171,'889e3ce099b67b2ca5865bfd3ea8cb404891ce2ed3f93d3ce93ba1e644d9256f','101.86.108.216','2017-04-25 14:27:18',1),(2771,'zhouyijun','2',171,'c596863c4cd41707554fcdbfd541b1a79d146625c358e60c93facdf0167d7bea','101.86.108.216','2017-04-25 14:34:56',1),(2772,'zyx','1',226,'48fe850180aa96b143f1204e334238662414d57bdf451d38096df49225adcdf5','::1','2017-04-25 14:51:47',1),(2773,'zhouyijun','2',171,'160687bc7ae5d9a064e6767e3b0c8578405255bbd806cd40c766330e60564b74','101.86.108.216','2017-04-25 14:56:48',1),(2774,'zhouyijun','2',171,'133c1eff6c0f35eec98263a74d759e7698e4d9ca44db7c9f60494827f64913ed','101.86.108.216','2017-04-25 14:59:40',1),(2775,'zhouyijun','2',171,'6b725f3774c391e426b49394163e0bd7fa197e75efe72c5b6b146872aa36c6e5','101.86.108.216','2017-04-25 15:07:44',1),(2776,'zhouyijun','2',171,'98aa1d7febd09adee6c0f20c4c906bf795b6823feb0eeb057a32d6044dcaef4d','101.86.108.216','2017-04-25 15:12:09',1),(2777,'zhouyijun','2',171,'76ef6e9926d85a470da64bc28f871fb854c92c4fc98e0a49e0800c4f726218c3','101.86.108.216','2017-04-25 15:12:39',1),(2778,'zhouyijun','2',171,'260111d176c78ba80fe70d3580531e015e438a9c019c9be3df45a11ffcb8d6ea','101.86.108.216','2017-04-25 15:12:59',1),(2779,'zhouyijun','2',171,'059bec5a1bea9d6a6be75f4b80693ec1aa691e7a4fa0efa4991e76207c9033e2','101.86.108.216','2017-04-25 15:14:18',1),(2780,'zhouyijun','2',171,'2ed8258379b0bfd7733abd58029ef38c509cdd81c5e93a76dfad7b5ba2a0c898','101.86.108.216','2017-04-25 15:15:29',1),(2781,'zhouyijun','2',171,'a5e422f751c0e8ce24adb87d24305997269781cf3b449d1e4aace30675f0988d','101.86.108.216','2017-04-25 15:17:56',1),(2782,'zhouyijun','2',171,'72ea7a53e12e245237a695206f3d7b20dc26d882dbf3e0f00d09031d4a4bb94e','101.86.108.216','2017-04-25 15:18:09',1),(2783,'zhouyijun','2',171,'e5abafd070f137bad34b5d3f84969f9f9781d7559d27b8c55a752629eb38a73a','101.86.108.216','2017-04-25 15:19:37',1),(2784,'zhouyijun','2',171,'c6d2ed2da783864b0e4336a612c49f327ee779a5a70a14a6f0f367949d541f00','101.86.108.216','2017-04-25 15:23:08',1),(2785,'zhouyijun','2',171,'17736685f568a18bbfede8641fd5689a3c6a7cbc184433433132258bb9f7d6b0','101.86.108.216','2017-04-25 15:25:44',1),(2786,'zhouyijun','2',171,'31291e4eb6b56c24358f61e8f6cdbb0efaa494e6e937849a6f80fa2a4f807e5e','101.86.108.216','2017-04-25 15:26:04',1),(2787,'zhouyijun','2',171,'fc8cf0d7f206db754cbf867b9a69f0f4ba039d0511d8c669127d5c5efa96411d','101.86.108.216','2017-04-25 15:27:35',1),(2788,'zhouyijun','2',171,'a13792326a06e440f3562b3d63e1c051779261cb3dd47ac76f9c5a9596a60230','101.86.108.216','2017-04-25 15:27:47',1),(2789,'zhouyijun','2',171,'070c60d7aed8e92e76fbca0f1a370c419c5ad472b5353d7fe9c567bffa40385a','101.86.108.216','2017-04-25 15:30:09',1),(2790,'zhouyijun','2',171,'8536c5267703d172dcbc6b2bd244f38eb8fb0266225042a724877411de9c7763','101.86.108.216','2017-04-25 15:48:14',1),(2791,'zhouyijun2','2',214,'07f2d3ef7e80d667ffc052ca6c16a9d0a2161412b7b8fcc4bd8b3e5ff1bd32f9','101.86.108.216','2017-04-25 15:50:04',1),(2792,'zhouyijun2','2',214,'a1a0c34bdb71b0e22557a00c60f75ba006ea87576ba75c32b7d42c58e1c805f4','101.86.108.216','2017-04-25 15:51:08',1),(2793,'zhouyijun','2',171,'8341919cd1973cb6bde60ca6aed202c0296700cdf9d529afa272cf66bcacacab','101.86.108.216','2017-04-25 16:00:00',1),(2794,'zhouyijun','2',171,'cb38b4c31dcfc9df4b93e6ff024985c388ca8c884e4db0ead4d7dcdbb1bda783','101.86.108.216','2017-04-25 16:00:22',1),(2795,'zhouyijun','2',171,'b4e9dee13446ee379f7367687b2bdba326b5b2089330e5dfbd14b8c243a71ecf','101.86.108.216','2017-04-25 16:06:46',1),(2796,'zhouyijun','2',171,'643e605a93ae3540c191ce5e9d4d73d19d35563cb357d2f4a825c8473910a8b0','101.86.108.216','2017-04-25 16:22:23',1),(2797,'zhouyijun','2',171,'04fdabf6e6575370cc4f1850b2476a8c1dc58566188bcc11fccb5c41c4a214ef','101.86.108.216','2017-04-25 16:48:42',1),(2798,'admin','1',231,'5093ce8bbf366d17dc57a348a130636ccecba7b55194dc80c1a014e7fb9bd6e2','::1','2017-04-25 17:45:13',1),(2799,'jiang','1',2,'b389e12545011fb09b1400c2074c49e4a2426abe8bbdd12dc71916071ae9035c','::1','2017-04-25 17:46:02',1),(2800,'zhouyijun','2',171,'c80b9cf461c0d39bc5964bb24efbd642d7111fa1ac11a2399b2e5e1df3ed8235','101.86.108.216','2017-04-25 17:55:35',1),(2801,'zhouyijun','2',171,'2e2fbeab3ee1bb1d45087792aef6cc8aa3933d0a5b273276475f36b667bb6db8','101.86.108.216','2017-04-25 18:17:15',1),(2802,'lvwanyou1','2',207,'c62649112751084541ac7c4e6718c85b8bbbdb30cb1c557a1f511179b17d4051','101.86.108.216','2017-04-26 10:23:17',1),(2803,'lvwanyou1','2',207,'3c96276a7e07a3bdcef972687f015a0be97c81b94e0eacab546a046a343dfd33','101.86.108.216','2017-04-26 10:43:29',1),(2804,'lvwanyou1','2',207,'be50f5a67f65e22833dae7761f53ca7f029d21ab42dc9507db459e1a7ca42548','101.86.108.216','2017-04-26 10:45:18',1),(2805,'lvwanyou1','2',207,'bffeca1c9e069dc461913ffe5ac8cb21e32204bb2a23d25157bf017cce61f12b','101.86.108.216','2017-04-26 10:45:23',1),(2806,'zhouyijun','2',171,'277db6fbd0905e52efc8e6880e0e100664a8dab5c2d91174212bf97fbd5b71e8','101.86.108.216','2017-04-26 10:45:34',1),(2807,'lvwanyou3','2',227,'a67038f247ec007e20babc30c54fe2e34a7a91327075a2ca079c68c1d8cb15ff','101.86.108.216','2017-04-26 10:47:50',1),(2808,'lvwanyou1','2',207,'e9200e84b8a7aba67480a948865996872fa3ddc5df625d84d02a1a964612b57a','101.86.108.216','2017-04-26 11:00:00',1),(2809,'lvwanyou1','2',207,'1dadd3f4dbe3d6286f57301652abf7416df785b941f9dbda8aa2d388a5bd00d5','101.86.108.216','2017-04-26 11:02:31',1),(2810,'zhouyijun','2',171,'3aaf5c10e189a1d1d06c02d79c5e7bf3022658f8e08a620326005d0fed68efb3','101.86.108.216','2017-04-26 11:03:07',1),(2811,'lvwanyou2','1',208,'d07e6fb7d44d1dbf93cfdefaa8bc5d8e79ac88f51a40f05c63392dad2bbc261c','101.86.108.216','2017-04-26 11:03:59',1),(2812,'zhouyijun','2',171,'8805db5e054d6b6da73e234f660a039ac2ce94a08098527e75ddc7cc8c7753ca','101.86.108.216','2017-04-26 11:06:20',1),(2813,'zhouyijun','2',171,'65bdcb2c5345bd59472749dbd95300f5410b6caf4ff67d0f206473ef8649eb6e','101.86.108.216','2017-04-26 11:07:22',1),(2814,'zhouyijun','2',171,'9c93001800d84489063057628ea5b69e6d9ddb79d7659ac439e688e1a855475d','101.86.108.216','2017-04-26 11:14:21',1),(2815,'zhouyijun','2',171,'f9db24b21a871e6cbedb31968c465bec79f43d3362c19ba1d689c56b74c2f584','101.86.108.216','2017-04-26 11:42:01',1),(2816,'zhouyijun','2',171,'5b4c74477cb52b10ce77eccfe6c9679cba06ef90856695c8c483759ba4184075','101.86.108.216','2017-04-26 11:58:44',1),(2817,'lvwanyou1','2',207,'7868459743805e0591880948c748d1d1c3181e84c29dd4b76f9ea18176c4c293','101.86.108.216','2017-04-26 12:00:51',1),(2818,'lvwanyou3','2',227,'2c29cea27aea7e9dd2d1be4c2e57381b3c04aaf61371b348e43e31d10b86d186','101.86.108.216','2017-04-26 12:11:46',1),(2819,'zhouyijun','2',171,'247124a0b031b37d04a686890520d3ac7a4239ce91c81a368acc70f9849f3d12','101.86.108.216','2017-04-26 12:19:41',1),(2820,'admin','1',231,'d29e69b778aa105603bbbfd25c7a6f4befb1739efa57d5d9a124878b4056afa9','::1','2017-04-26 12:25:34',1),(2821,'zhouyijun','2',171,'415e0cda0a86cb90b762b058df389566d00a5e539884bdc82df1097e47e1422c','101.86.108.216','2017-04-26 12:28:12',1),(2822,'zhouyijun','2',171,'a162e38a652c2497ed1ef98ede3f805a8bcffbd27a7ef7aa2aaf910b0c92c857','101.86.108.216','2017-04-26 12:59:08',1),(2823,'zhouyijun','2',171,'b2b3bf53996ff7a3a21cf8c272361847c3e5e4da0524bd2eb50b7f4cdc39a272','101.86.108.216','2017-04-26 13:59:15',1),(2824,'zhouyijun','2',171,'1d981bd60bb3114ebae147a88436fdd6ca9c07534b4fcd4e32cc1ef5f9f9dfa8','101.86.108.216','2017-04-26 14:11:00',1),(2825,'zhouyijun','2',171,'42205fbe54c64100a3f386c0b1ec85724988140d408e66fd82cf856de0218db7','101.86.108.216','2017-04-26 14:12:27',1),(2826,'zhouyijun','2',171,'e8807fc13870510e7d0523c0aa3288b049ee6e86dc72327742f59dbc1aa3e5f0','101.86.108.216','2017-04-26 14:13:19',1),(2827,'zhouyijun','2',171,'3a9130934d005df19d9d5462a3002db625e269c5dd13cfa094845f99fa2cdb6a','101.86.108.216','2017-04-26 14:15:53',1),(2828,'lvwanyou3','2',227,'145d09b30f9d1656cf7837e60ede2c3b6bdaa0bddceeb887a238b3a88473f866','101.86.108.216','2017-04-26 14:20:21',1),(2829,'zhouyijun','2',171,'905ec32e336be8360f68a2c0d473c2d3450c258c07fee7655cc0061f26953989','101.86.108.216','2017-04-26 14:20:36',1),(2830,'zhouyijun','2',171,'ab4ca66e2c32df13ae0b9dee4d190fccfea48798e2864c20f60ac204caccbe94','101.86.108.216','2017-04-26 14:20:47',1),(2831,'zhouyijun','2',171,'349cb7af53128d8fb1cd2be89988758d561280c7cb4bb9cd4612ae1c17ad49d8','101.86.108.216','2017-04-26 14:21:34',1),(2832,'zhouyijun','2',171,'392ac385049db369e9453997418b19266858f9a25285bba437f0fd09e6ea8eeb','101.86.108.216','2017-04-26 14:43:13',1),(2833,'zhouyijun','2',171,'ddcd034b8bd587d74dbd39203df586010ea79fd2d5fadee857e41de44baf1cba','101.86.108.216','2017-04-26 14:44:27',1),(2834,'zhouyijun','2',171,'0ad2c309108fda1b01e34b444adb3f10c8c73eec875885a615c374d83cc5504a','101.86.108.216','2017-04-26 14:45:35',1),(2835,'zhouyijun','2',171,'1f7201920c13deb2b2fbff1f011ae11407019e8c6f48f4d435ccb7365d6de835','101.86.108.216','2017-04-26 14:52:33',1),(2836,'lvwanyou2','2',208,'fb48788ac38f8f3684e0b879642786b5b72c278ba41bd699f1cbd1c2ac540c78','101.86.108.216','2017-04-26 15:04:35',1),(2837,'lvwanyou3','2',227,'fd3fc7bd9913047abcc6545f2550e5bb2448e5f4c0894d92b0021ced22a77cc4','101.86.108.216','2017-04-26 15:04:47',1),(2838,'jiang','1',2,'eaae870ff3d90328885c1d512d0b9c468463709f7d7355cb0004b2ced420f6cb','::1','2017-04-26 15:07:26',1),(2839,'admin','1',231,'cecb29b979fff413602ce976672c529f3f5af8a93ee85a1d8861113d85d5b2e5','::1','2017-04-26 15:07:42',1),(2840,'jiang','1',2,'90661bc00600dafa4713695c3c2027206279fe16750a64bfb6bd6463412b6961','::1','2017-04-26 15:22:53',1),(2841,'zhouyijun','2',171,'b10094fefd4aeee4c865531f7908974a487a4fa0d4ad57b2c9d0fcb2cdd3c581','101.86.108.216','2017-04-26 15:29:27',1),(2842,'jiang','1',2,'92eaab6dd5f72cf5b106608a884afb3f2b0495b8149a0acafedc7f4ac5537dc9','::1','2017-04-26 15:30:38',1),(2843,'zhouyijun','2',171,'5dcea8c6445d1a9e9fb430519e05cf6a807407e5ae0c492f6b8b1909235915af','101.86.108.216','2017-04-26 16:07:11',1),(2844,'zhouyijun','2',171,'2c15ae9c6595a4a48cb7afd944db9647e83e2621b3eccd18ad839916e86339c8','101.86.108.216','2017-04-26 16:12:39',1),(2845,'zhouyijun','2',171,'0977067f6bb218219a3d3661f3aa956486d9da5a902a67c1dbb8a0807309bec7','101.86.108.216','2017-04-26 16:14:25',1),(2846,'zhouyijun','2',171,'7ffce6e75956c4a36ac156318f1e20b3e477c49c0e54ccdd723e3397c513b81b','101.86.108.216','2017-04-26 16:17:07',1),(2847,'zhouyijun','2',171,'9bfe5eab52e7eb5a4ba0bffe847325d8347fd7e49f0f80e5f8e8fd7f3af07eac','101.86.108.216','2017-04-26 16:19:05',1),(2848,'zeo','1',184,'fa20c616f0d9b5142435ef85d65213cc23441da51c4030ed2adbe7331d54372c','101.86.108.216','2017-04-26 17:53:48',1),(2849,'zyx','1',226,'','101.86.108.216','2017-04-26 18:11:45',0),(2850,'zyx','1',226,'2c0bb660790c6b03168db1836a6b1550d8afe0c187164061fbf84e6bac210a4c','101.86.108.216','2017-04-26 18:11:49',1),(2851,'admin','1',231,'ce6bb9dc83606a138758f9cdc7a175a1717680abc1cfd3b6903918fb0fd0ddfe','101.86.108.216','2017-04-26 18:46:03',1),(2852,'jiang','1',2,'b3f07f292b8933c552cb566e61623588c74c1acd85f6a514a1f791bd05cad395','101.86.108.216','2017-04-27 10:03:42',1),(2853,'jiang','1',2,'6df1722bf82dd1c1104e256e581fe0396758919dbf31f2083b18855d8134c844','::1','2017-04-27 10:04:17',1),(2854,'786185931@qq.com','1',2,'a91ff4462eabac5784333e06f01fc1770cc9da347b0aa3427f0248b51f87a3b1','::1','2017-04-27 11:41:44',1),(2855,'jiang','1',2,'7da1d0b06440d0f7a6706f5ea267fd84859efa2c3539be65e985f7b5a01e5685','::1','2017-04-27 11:53:48',1),(2856,'jiang','1',2,'a75b9793bab7e7cac84807a08c35747c09c2fbefdfc2102a716c38ee30967443','::1','2017-04-27 12:12:42',1),(2857,'zeo','1',184,'e8bc30cc5bfe4cdb114d0034da6fd5755fa68942d0418a5552acbcdb383f7210','101.86.108.216','2017-04-28 10:42:35',1),(2858,'zyx','1',226,'e8bceb5505611ccf25fab28ea40e7a3edded9bfb52ca8ce837f5cb47d5c0f169','101.86.108.216','2017-04-28 15:10:16',1),(2859,'lvwanyou3','2',227,'e7fe77da7e0a7c932d373ba4f600c95c07d41746ebbe88164f6a59e010aaa2b6','101.80.52.6','2017-05-01 09:13:56',1),(2860,'zhouyijun','2',171,'61fd21bf8d20ea2a9fc49b0a096d117468691e59e86430abc4057506482f6eba','101.80.52.6','2017-05-01 09:14:01',1),(2861,'lvwanyou3','2',227,'7925dc89de8a31d75020467cc811426cc53cfb0c78e79f0aed657cc527d01d96','101.80.52.6','2017-05-01 09:14:07',1),(2862,'zyx','1',226,'082580b547267bbe320291dedff6727cb675d013fc07bfe73639fde592a0febe','101.86.108.216','2017-05-02 11:03:34',1),(2863,'zhx','1',3,'','101.86.108.216','2017-05-02 17:19:04',0),(2864,'zhx','1',3,'','101.86.108.216','2017-05-02 17:19:10',0),(2865,'zhx','1',3,'','101.86.108.216','2017-05-02 17:19:16',0),(2866,'zhx','1',3,'','101.86.108.216','2017-05-02 17:19:44',0),(2867,'zhx','1',3,'','101.86.108.216','2017-05-02 17:20:15',0),(2868,'zhx','1',3,'','101.86.108.216','2017-05-02 17:20:18',0),(2869,'zhx','1',3,'288b11f1ee349b9371a387e6c5c7e7478ed8c03e2a87632e48048906f3df5a2c','101.86.108.216','2017-05-02 17:28:27',1),(2870,'zeo','1',184,'41689c2a6e4752c68e4afc0aef4b17ce1c3fa377f1b71e3ac3df3f2814ab52ad','101.86.108.216','2017-05-02 17:29:26',1),(2871,'jiang','1',2,'','101.86.108.216','2017-05-02 17:41:27',0),(2872,'jiang','1',2,'df2c70b10aded389e86d5bdb741ac67ac5a6a0912e172de149ba153531a71971','101.86.108.216','2017-05-02 17:41:31',1),(2873,'jiang','1',2,'0180462ee31c04867018c596cc5e5e8ff7c4863547e5c25d3c011648bcba8e58','::1','2017-05-02 17:42:53',1),(2874,'jiang','1',2,'10349f70116cc5a9bdf855c009804ba394d8456bfd9ce6652095b1e78df798ef','101.86.108.216','2017-05-02 18:09:17',1),(2875,'jiang','1',2,'e9bdaed8e654aaee859ea6ebd06618cf234aae881fed1e24c9f82a68738e57d2','::1','2017-05-02 18:11:54',1),(2876,'jiang','1',2,'cb47d39776c8398a710b5c8bb271e0bf90f1b2d72011a5368c59cecfc6a14c7c','101.86.108.216','2017-05-02 18:19:58',1),(2877,'jiang','1',2,'a420f01664ef8dd5e87aa703529211a04867af2910ed9eed720c0f2f032dab9b','::1','2017-05-03 11:08:33',1),(2878,'zyx','1',226,'7cb772cd0a9cc2e0276b16ca21bc0bce2d366f668bb292c3a421433a1caa8eec','101.86.108.216','2017-05-03 14:48:04',1),(2879,'zyx','1',226,'c0254694c4b012a8409ee87951f0890e724efd8f33debd5e25f0790da3a542f5','101.86.108.216','2017-05-03 14:50:15',1),(2880,'zyx','1',226,'4853baf0c7b7cd6370e5bf2c21511ba987c67b22ec19e2d077a2a165552ab9fe','101.86.108.216','2017-05-03 14:52:33',1),(2881,'zyx','1',226,'59e20d273de9e94dfcbe1593947481c50212fd48d5876807c3d3f9d0e2f21cc1','101.86.108.216','2017-05-03 14:54:36',1),(2882,'zyx','1',226,'4298514d3e177a0154b044593838f63f14fbe283cc97724ac77d1321a7255661','101.86.108.216','2017-05-03 14:57:29',1),(2883,'zyx','1',226,'f92fee376a3c3eedb76b994bbbff4dcda06c34be0a0f8f3e3b299b38b255d8b4','101.86.108.216','2017-05-03 16:00:22',1),(2884,'zyx','1',226,'20af800c0c7241c41297bfc17690cc6b0cb56dcafb3a9eb85c90ca44832dd9bb','101.86.108.216','2017-05-03 17:01:27',1),(2885,'jiang','1',2,'6da01ca899cbfb0f5c094f757cd95648c6e2e9ad6c478bf07dede25518f29525','::1','2017-05-03 17:58:44',1),(2886,'jiang','1',2,'ecc95994de63d595c27f382b9767661a4f57993053caf808a9a93ee38a7c4d4f','::1','2017-05-03 17:58:50',1),(2887,'jiang','1',2,'92cc959c679dbcfccb0801153e95a19299947eacf8248295b03473665c945145','::1','2017-05-03 18:00:37',1),(2888,'jiang','1',2,'ba0fddd24aaa356bc62d19f08334becb5d953e613b1253682f05194620357174','::1','2017-05-03 18:00:44',1),(2889,'jiang','1',2,'931db12b6c06edff20372db19fbbde863666c627c2ef04e9dd987fe20617fb14','::1','2017-05-03 18:01:55',1),(2890,'jiang','1',2,'34482d8db1d057c5c54c7b8efaf3e49869ee53e7a05994e8cb7f2800a1f7be3f','::1','2017-05-03 18:02:38',1),(2891,'jiang','1',2,'48db71296047845c3f7ba3ea553cfc5b9071b53756be3267739d0e0604231a92','::1','2017-05-03 18:02:57',1),(2892,'jiang','1',2,'fe1c555d60aaa40b1c0c3e329faed7f8c22a3d82c9b84c68b61e3aea09c1d3c4','::1','2017-05-03 18:04:18',1),(2893,'jiang','1',2,'71b7a38ad56f4fc11412da44e5e8e118259b5f9c63e4b5a2ffca877903d97e08','::1','2017-05-03 18:09:26',1),(2894,'jiang','1',2,'a7087192ca86a5d8025350e39304d1ee3d13866ce53a24005405920e46d87acc','::1','2017-05-03 18:10:01',1),(2895,'jiang','1',2,'c0d21a58460269da94992c3dce925b493cfa46abd855d58ca9a1de7e52090815','::1','2017-05-03 18:10:07',1),(2896,'jiang','1',2,'6911e8a45b4b70afb268342d5aa1f74e8e5e3b2a907a05f03fe45e2ec0bb2852','101.86.108.216','2017-05-04 10:17:15',1),(2897,'jiang','1',2,'0e996d14d663e669a24f6b3e9ee699fdbb7189a301f76737e1c583bae7916713','::1','2017-05-04 10:26:22',1),(2898,'jiang','1',2,'27f4b1a9d1b2fca25c93498bc9ebe1fe752dc10959dcc0df5350bb927d43325f','180.160.230.11','2017-05-07 10:20:08',1),(2899,'jiang','1',2,'339a8670ae3ff77fd1d325bb23ed0b2c26c5431334a92d7dbe2b6eaa42a296e9','::1','2017-05-08 10:27:29',1),(2900,'jiang','1',2,'893ba961effc755a9dbd91b5cf74963ef9c6191686ebc5893e8f6b4f3ceaedc3','101.86.108.216','2017-05-08 10:50:19',1),(2901,'dxd','1',256,'456d7d031be09d23d9bcf9ac93a295444bc79812ee8a2a5b456fcfa98973c52b','101.86.108.216','2017-05-08 10:51:12',1),(2902,'jiang','1',2,'d99227291b6461d58478549cdb0bd5da4b20b90767d981ef7033830ba2b172f0','::1','2017-05-08 12:16:35',1),(2903,'dxd','1',256,'fa66c01eede26719608c3140e825b55586a2ab6d99bca209ea935d01641b045a','::1','2017-05-08 14:20:26',1),(2904,'dxd','1',256,'0b62f869e256badfd863ed71ce9f94be17732f7df03a338658bcb487b2726a87','::1','2017-05-08 14:20:26',1),(2905,'jiang','1',2,'1706c93c61c86aaa53c59274f79b24a026c22491a25f18b956dca1a37ded506a','101.86.108.216','2017-05-08 15:55:00',1),(2906,'jiang','1',2,'f226b934edd0bd9ea8d39b64bef71c71781738c8f12eacaa0efc881798e5a217','::1','2017-05-08 16:33:11',1),(2907,'jiang','1',2,'3f956e725af0a66a9031201f2c9e29bdf64b2455a9fb087057a27d10023c8bfc','101.86.108.216','2017-05-08 18:38:02',1),(2908,'zhouyijun','2',171,'228c58724e1579ab135a0b85f840714f0f42607b718db893fa410a64fddb80f9','101.86.108.216','2017-05-09 10:14:54',1),(2909,'zhouyijun','2',171,'7d9158455881be97b6a947327a1176a0dcf40333ce5ce3077c492c247edff29d','101.86.108.216','2017-05-09 10:15:01',1),(2910,'zhouyijun','2',171,'06a284d0118215ab1754110a5a44ba68e4106b530d0d7f056c541e08e7311af9','101.86.108.216','2017-05-09 10:15:06',1),(2911,'zhouyijun','2',171,'f79fec3ff11bbc3b3c9dd3d33de813ca83f7af16ef9507badc31ceca75400590','101.86.108.216','2017-05-09 10:15:10',1),(2912,'zhouyijun','2',171,'5bd91dce08614dc15b202f5736003ee2e926edeb7662ac99c5da1194215163ae','101.86.108.216','2017-05-09 10:15:12',1),(2913,'zhouyijun','2',171,'e30ff2158eb05b82e4987b89da12aa10f175ba4e81f51973d91c403b2b722235','101.86.108.216','2017-05-09 10:15:45',1),(2914,'dxd','1',256,'cad3ff5687bf464c94a5216314d394ca4038d3041763623043f862119be9eaea','::1','2017-05-09 10:16:39',1),(2915,'dxd','1',256,'b1e0480dcecd437fd7c0d65a58c66f1b81bc804b031bba38807fdb8371e5525d','::1','2017-05-09 10:17:04',1),(2916,'zyx','1',226,'2961d5fd96358063a1ef9ddeea39c4146f5f5b57fbd33701baee44a27d9b6754','101.86.108.216','2017-05-09 10:17:50',1),(2917,'zhouyijun','2',171,'9ee6ab42352df93db9aa72704fee9f1e6d3cef2aff048b039078c13851f12a31','101.86.108.216','2017-05-09 10:20:50',1),(2918,'zhouyijun','2',171,'ab65ef960f7cb85cfdd12d948a79083b4a74adb9dc6f674f1e482c6ef00c4ec3','101.86.108.216','2017-05-09 10:20:54',1),(2919,'zhouyijun','2',171,'5c0bc393af484cc5980932dd0c9442546f58f947e4a1047e5289da6fe40b9a67','101.86.108.216','2017-05-09 10:21:52',1),(2920,'zhouyijun','2',171,'07a1f313c8b33eb00993480aebee5a46a48fdc97563fb9650cfe316528d5da29','101.86.108.216','2017-05-09 10:21:54',1),(2921,'zhouyijun','2',171,'a7a0592db892111464bd399d474f4311a2ffbb43ccbb2103ee60a6e5b27c88de','101.86.108.216','2017-05-09 10:21:56',1),(2922,'zhouyijun','2',171,'d1eeab511774b3d8da601d386c441660957fde6608f890fe5c7c3b32d6d9aa20','101.86.108.216','2017-05-09 10:22:50',1),(2923,'zhouyijun','2',171,'1fe4d5340ecbb3ca3bbd1b6ff3d64a21b07c8d3594b285ae717f3e80cef6df37','101.86.108.216','2017-05-09 10:23:29',1),(2924,'zhouyijun','2',171,'bdf06ee1fbca7d468f1f695749e52e3b43ad0280cca8dc22bc893a8980207f66','101.86.108.216','2017-05-09 10:25:48',1),(2925,'jiang','1',2,'5a388bb73ca25e4ab86312d65167c2d49b880abeb80ac26e7702d9f2a88650ba','::1','2017-05-09 10:26:31',1),(2926,'zyx','1',226,'5c5bb5b0a0802ca5a52755c1a0b039c14f94e6ecdefadce90e9ef524d5e1ae3a','101.86.108.216','2017-05-09 10:33:32',1),(2927,'jiang','1',2,'8c198a451074f79e6e3017b261ab2fd07d7f4773f665d0c9dd34e72867f5abb1','::1','2017-05-09 10:38:40',1),(2928,'zhouyijun','2',171,'18e8681017e19ddc5f227d16cb5b6ef5512ddedcd8fb59fc8cf40b0135f59af4','101.86.108.216','2017-05-09 11:28:16',1),(2929,'zhouyijun','2',171,'6398f5153d8bea0ae226b127d509927fbc8c66ab5b3a2d325611f97a3c85d51e','101.86.108.216','2017-05-09 11:28:35',1),(2930,'zhouyijun','2',171,'186c3be1a99366bbf93869d4b03d73423f44c34659a9419a951af5db16fe37eb','101.86.108.216','2017-05-09 11:28:52',1),(2931,'zhouyijun','2',171,'ca1d09349941f7e9e4d64ec5c0401ef6d6c81ea24c90e5e2fa88b4c14aa854a6','101.86.108.216','2017-05-09 11:30:51',1),(2932,'zhouyijun','1',171,'1bab4c7c5240d1ed17add9aec93735a6a6fe94e461c26f7d09fd5e1ab3d375f1','101.86.108.216','2017-05-09 11:37:50',1),(2933,'zhouyijun','2',171,'48c6da07d2543e33a5d76efed6bf1747e61338617bb6235737134ac3f5b06511','101.86.108.216','2017-05-09 11:43:17',1),(2934,'zhouyijun','2',171,'668bd045c96567abaa538436af12af7116f18236e8b788894348db29df0f89c5','101.86.108.216','2017-05-09 11:45:48',1),(2935,'zhouyijun','2',171,'a198ae05cfdec55bd0f01254a680ab68bf8e021cf8071e1963061c2e9eb54937','101.86.108.216','2017-05-09 11:59:31',1),(2936,'zhouyijun','2',171,'18469f9d2a5bdbd85f64ed57049ae399316bfd01cc13ac1b17f1e6b5618a5084','101.86.108.216','2017-05-09 12:10:41',1),(2937,'zhouyijun','2',171,'c3548acc507b463785a087dfaa34d3fedb4fd282a7397c80695a1dd9eb6f53be','101.86.108.216','2017-05-09 12:11:22',1),(2938,'zhouyijun','2',171,'b6e38f7ba85032e49154361d86d65581e7fa3c229d2801b7d1f4b5a1add0ffb9','101.86.108.216','2017-05-09 12:15:46',1),(2939,'zhouyijun','2',171,'0248647b6c28e3bf54048dbb5569f6fc2a66ad0a1a77e77bd63a6b496ddaf60c','101.86.108.216','2017-05-09 12:16:06',1),(2940,'zhouyijun','2',171,'0f3aede3b345663e0c80d83ca92b3122ce20deab097a18dfb78837cb6401c0e9','101.86.108.216','2017-05-09 12:20:10',1),(2941,'zhouyijun','2',171,'355f71682c0c63c68ae2098def90de2def8c80a68efc1dd3dc0f6b0211470010','101.86.108.216','2017-05-09 12:39:02',1),(2942,'zhouyijun','2',171,'ea4ebcd2842cc973cbb0f6a31e68c744083715a47e1553017c81ede936ec70dc','101.86.108.216','2017-05-09 12:43:59',1),(2943,'zhouyijun','2',171,'fbe189dceabe617ab9bdd9f18f7a3e9e0a9170de27a4b6b8b980a6cdf710ffab','101.86.108.216','2017-05-09 13:51:04',1),(2944,'zhouyijun','2',171,'faad7385b67bf6419d44c3349a485eda934e5ac27ba9470a5eb9765535250196','101.86.108.216','2017-05-09 14:01:44',1),(2945,'zhouyijun','2',171,'a66f669d35d7da710af4e1c0247a9fb74406c1df6d9353ce660e5cc6c212c888','101.86.108.216','2017-05-09 14:08:44',1),(2946,'zhouyijun','2',171,'81e580057ce423cdbdd35dd76ddd9a16517d7a7db95825559687e47d44dfb6b1','101.86.108.216','2017-05-09 14:12:45',1),(2947,'zhouyijun','2',171,'c0dceb3958189cdf16e410d90f568885dd633392bf956c2f2dc7822f277650b1','101.86.108.216','2017-05-09 14:14:53',1),(2948,'zhouyijun','2',171,'955ada8c712b74127a20634daf4290da9fef5216f95056794104f768b0ddcd3c','101.86.108.216','2017-05-09 14:44:37',1),(2949,'zhouyijun','2',171,'9cad7a900d8a66fb6d58727b3fc73cb816f4dd943dfacd88b09fae6777101574','101.86.108.216','2017-05-09 14:44:59',1),(2950,'zhouyijun','2',171,'e4d15116683808226edf77439b6669a90d94ce91d5cc54e4ef14a4ad69c44028','101.86.108.216','2017-05-09 14:46:22',1),(2951,'zhouyijun','2',171,'0f9dc17e31936714c04553da581d2651d633457a9a7422e5e157b27aef31c2f2','101.86.108.216','2017-05-09 14:48:41',1),(2952,'zhouyijun','2',171,'891e6c86a255b1bffd9a6ed7ea8a9c22dc1ec56e79397a92a9256ae26ff79c61','101.86.108.216','2017-05-09 14:49:15',1),(2953,'zhouyijun','2',171,'ce811e39327c45bf80e9b7c7edd2052a12561ab4768fbace97bd7905cd651621','101.86.108.216','2017-05-09 14:58:14',1),(2954,'zhouyijun','2',171,'285bb7f7c93c0266f39f6378a9be793dc2f2af28642176d25ce1da670a145da7','101.86.108.216','2017-05-09 15:02:06',1),(2955,'zhouyijun','2',171,'3b2e99e59d838d1f66d9a38398bf09a947c7718d9155f89cb229770490777b3a','101.86.108.216','2017-05-09 15:05:54',1),(2956,'zhouyijun','2',171,'27d3ce3438ac06f8c5b3efe8711174812513d246f51381779f5358df62946505','101.86.108.216','2017-05-09 15:08:27',1),(2957,'zhouyijun','2',171,'532b5f9adfe2b1f01c34090e991dc3430c9994557111de40e4e30767e98d9edf','101.86.108.216','2017-05-09 15:11:40',1),(2958,'zhouyijun','2',171,'fd5825032198cf814628db1247d646f66460be0921ac83480e7d61354ab5eef6','101.86.108.216','2017-05-09 15:13:16',1),(2959,'zhouyijun','2',171,'6675bfe1775776f92fd215deb36d458a3e2d7ac762d840033e6a2c23b1d74554','101.86.108.216','2017-05-09 15:14:35',1),(2960,'zhouyijun','2',171,'c428caefc4bc11db5904baec29676e2729e9180663d0530a3cca63480eacfb5b','101.86.108.216','2017-05-09 15:15:40',1),(2961,'zhouyijun','2',171,'3c58c956cbe3f5311d4812fe2404d9c3f5d062f5fb3fd523c4dbe96ddb132720','101.86.108.216','2017-05-09 15:20:14',1),(2962,'zhouyijun','2',171,'ff63a4b90bd11c6bff3cff1ce83f737d934e0eea9b580d0e36da987718413889','101.86.108.216','2017-05-09 15:21:14',1),(2963,'zhouyijun','2',171,'a21b3bcbfbc6e34468f8fd92db8a189ebcddd5dd5c872730df7ac1c79c306ffe','101.86.108.216','2017-05-09 15:23:06',1),(2964,'zhouyijun','2',171,'44c9815af6b86ca663c53d534c0271193dc8dd1f9743e724143fb53ccaa16d4e','101.86.108.216','2017-05-09 15:23:30',1),(2965,'zhouyijun','2',171,'4083991daad6e538ab6a890b5d16b7265a9ad00c2bdb6aaa65bd2d07a305c8b3','101.86.108.216','2017-05-09 15:24:10',1),(2966,'zhouyijun','2',171,'1c948b6e4b052544144469f98d27d2f3e0684264a10552ca6f98bc7c2d1ccddc','101.86.108.216','2017-05-09 15:25:48',1),(2967,'zhouyijun','2',171,'120d14cf5370b186b07b1127b916d7d131d346f142f8eee3c8f33d796321fe1e','101.86.108.216','2017-05-09 15:26:42',1),(2968,'zhouyijun','2',171,'1c09d42cd3f6e14d916733bec8de655717d3b89c2ec0475f190663f53cdfde7a','101.86.108.216','2017-05-09 15:27:41',1),(2969,'zhouyijun','2',171,'5927fea80d9cea2c2f30443028b229f2707d448bf72d87c8e39f6d2495fdda96','101.86.108.216','2017-05-09 15:29:59',1),(2970,'zhouyijun','2',171,'b4303ab033b3a181b8280ede335817ec15e9e3a2c0587df69931a42571d62a48','101.86.108.216','2017-05-09 15:41:59',1),(2971,'zhouyijun','2',171,'ab5d17f4e44611ae9570c797e67f9f698cb2a11c0bc93922e26b40266b5368cd','101.86.108.216','2017-05-09 15:45:48',1),(2972,'zhouyijun','2',171,'d450616e35bc0603b7ad05323d4202b29f6c80083d97c7a8cf9c8bc451fbe4a9','101.86.108.216','2017-05-09 15:46:01',1),(2973,'zhouyijun','2',171,'b8abdc4dbd5b882c205ed92221ad9f2a3a2836446a9736fcf3d0d2b9ea76abfd','101.86.108.216','2017-05-09 15:46:10',1),(2974,'zhouyijun','2',171,'e8f0cd3ba3a079cd6cac95d50be76813a08ae07e8c23351b55223a779b7e60b9','101.86.108.216','2017-05-09 15:50:10',1),(2975,'zhouyijun','2',171,'1a8a59167943dd03b2a219eeaa31a8290194210299318204752d883e600e2dc1','101.86.108.216','2017-05-09 15:52:40',1),(2976,'zhouyijun','2',171,'1e226b1fbb9bad55616f7a30833c6da2bb39893b66776c39d51e8a08f970d9fe','101.86.108.216','2017-05-09 15:53:49',1),(2977,'zhouyijun','2',171,'c837b5d0b0c43e3813a2fd1fdb2f553531306940a5b351cc6d1192a280bc61a2','101.86.108.216','2017-05-09 15:55:09',1),(2978,'zhouyijun','2',171,'51088b1121ea9f96203b81d19ebf95edda0518e5fa840aa7d650da5c2ec9d3d5','101.86.108.216','2017-05-09 15:55:18',1),(2979,'zhouyijun','2',171,'35a7e45ca185a9163a31366c67c011a3ef97ed0fa60000dd372b56ee03833c37','101.86.108.216','2017-05-09 15:56:06',1),(2980,'zhouyijun','2',171,'c7064284452971047108f913e509a4c2b24f079de7a852cb54f200bfb6e10bb1','101.86.108.216','2017-05-09 15:58:18',1),(2981,'zhouyijun','2',171,'611fed9376b9b2af1359e5f184da3e758ff4f88d8edac2d1e441d63b61143de6','101.86.108.216','2017-05-09 15:58:36',1),(2982,'zhouyijun','2',171,'6cc9ea68ab48b2e1f394b9d3adb3921321da134aea3c14cb823646c2fb5c244c','101.86.108.216','2017-05-09 16:01:22',1),(2983,'zhouyijun','2',171,'c17cc2c01b2dc229c082e8b750d7c23e7dfeeb39e9bc23055a772036e9477652','101.86.108.216','2017-05-09 16:02:05',1),(2984,'zhouyijun','2',171,'4f7d3862950a15bd7a41e873c18a7f06f99ee2f0434954e7b331a8d15fc7c33f','101.86.108.216','2017-05-09 16:02:25',1),(2985,'zhouyijun','2',171,'8a894a0f2d5a1da46ff97c9b155cef1f2c74db77fda2e88f37bb0feb2e16142a','101.86.108.216','2017-05-09 16:08:23',1),(2986,'zhouyijun','2',171,'444528a295ca3cff8a23e84a9b34bffad864f1fe2eecd8ce63a21246f0eda9b3','101.86.108.216','2017-05-09 16:09:10',1),(2987,'zhouyijun','2',171,'1e1ac49310a9aa6dff6916867a31428cbae5c2e2e9121ba89d741a5b01fb6f2a','101.86.108.216','2017-05-09 16:12:36',1),(2988,'zhouyijun','2',171,'800840057ddf52aa9f573ae7d865f2eb82ff956633ab0107c7c372b85bf58386','101.86.108.216','2017-05-09 16:17:43',1),(2989,'zhouyijun','2',171,'2b99b6daa5c54dc9e35e0e662212e8d8539ae5968288010d3becdc739129fb14','101.86.108.216','2017-05-09 16:21:01',1),(2990,'zhouyijun','2',171,'5cf9ec5f5c61a851439556ed75911c7c5aaa80203a46f2d9bc521141b4ae1547','101.86.108.216','2017-05-09 16:21:31',1),(2991,'zhouyijun','2',171,'bbbec4ae9bc97acd335a155d928bf3f7d0066aa94767889fe486362b8fae15bf','101.86.108.216','2017-05-09 16:21:53',1),(2992,'zhouyijun','2',171,'2d6b2f34c930c01e4397b5e4afb4d36dd749862642396fc3ceb9f43c8b8060f2','101.86.108.216','2017-05-09 16:23:14',1),(2993,'zhouyijun','2',171,'ed5876f46ea43d24bea95ec26851a78a54259312de17a0f565753f4a10923c9c','101.86.108.216','2017-05-09 16:24:13',1),(2994,'zhouyijun','2',171,'3505f605c60e6382d2aa7928eb6a74d6199e2c9bc8a08292204da6273ffcda95','101.86.108.216','2017-05-09 16:26:07',1),(2995,'zhouyijun','2',171,'85793b938d9025010aee76fddc6ee8c5230c07efc6b9e05bb4aa515db2f7595d','101.86.108.216','2017-05-09 16:28:07',1),(2996,'zhouyijun','2',171,'46a75a6a102e8fb5d59cd9f66c647d14371ab5b2014d5d20358b4be34e60478c','101.86.108.216','2017-05-09 16:38:56',1),(2997,'zhouyijun','2',171,'b5648bcc1b078d1c1f4de67c06b2dd728e6a005fb2ba7a34d4a48c2e015265bc','101.86.108.216','2017-05-09 16:41:11',1),(2998,'zhouyijun','2',171,'88eaa6024e8138c1513ae7f30340fbdbb99496371460bf5bd5a17f6d5145b3d5','101.86.108.216','2017-05-09 16:43:23',1),(2999,'zhouyijun','2',171,'2ff7b41628448c0f71f6af0a1f84b785e65bde7af791fa5b2256a9a4213f4d9b','101.86.108.216','2017-05-09 16:44:45',1),(3000,'zhouyijun','2',171,'ef30213888a6ec28e3f12e0c3d4177b5a6e43520e0464c65d302df52129ca567','101.86.108.216','2017-05-09 16:45:15',1),(3001,'zhouyijun','2',171,'3398a58d925b43ee62f04124edbb2961bfd0ee38982e2ef89298237032d16f3b','101.86.108.216','2017-05-09 16:45:40',1),(3002,'zhouyijun','2',171,'74a921f2c2d2ed67d5570b6d1f63bedf1da50b9002cead05f368756721e1beb9','101.86.108.216','2017-05-09 16:47:51',1),(3003,'zhouyijun','2',171,'a8581c6f24519de1fd373567934bb975065f596b117599ba639da4ec2ebf7330','101.86.108.216','2017-05-09 16:54:15',1),(3004,'zhouyijun','2',171,'73b4cdfd7cfeba0325f561c711f56254db905b4d5c10fc47126666d22dde2e4b','101.86.108.216','2017-05-09 16:55:23',1),(3005,'zhouyijun','2',171,'99078ddcdf111259a4d0a8b1798864158788ebd12e6779ef24d3b27e08bb2dd4','101.86.108.216','2017-05-09 16:55:30',1),(3006,'zhouyijun','2',171,'62a4cf14e75af7d5f473b24aecb6cafdf49034fb972765ae4e0976b71889b353','101.86.108.216','2017-05-09 16:55:39',1),(3007,'zhouyijun','2',171,'62778d51957179b1d6c62d1c48a6ee29b6ccb644a63e9e0e1f5f48d8e479884f','101.86.108.216','2017-05-09 16:56:15',1),(3008,'zhouyijun','2',171,'7015b9c97da6da0de01b0b6a89ca0e44a746e2bb3619547e64520eb65330ab84','101.86.108.216','2017-05-09 16:57:30',1),(3009,'zhouyijun','2',171,'bdb65e9d51d9710edfa82dd7b3762a423edbb3f9ada4930bf07cedeedf957f0d','101.86.108.216','2017-05-09 16:57:35',1),(3010,'zhouyijun','2',171,'d8d22b987e018cbee450c527d4f75de372a858ce57dd5f64c0d90ee5a66c560d','101.86.108.216','2017-05-09 16:58:36',1),(3011,'zhouyijun','2',171,'1123cf10d815477af9135102f681891ab95b6768403d6fb39ee6e46e73cb7b42','101.86.108.216','2017-05-09 16:58:51',1),(3012,'zhouyijun','2',171,'3e4dc31461a92571012e64b80c9a7b909e5174c4c9e8c3bf42c6f81e75ca2b4c','101.86.108.216','2017-05-09 16:59:02',1),(3013,'zhouyijun','2',171,'ab243fa914548dabf0e663f68cc4a98e476bfa1b8c084051274c46f52659f84f','101.86.108.216','2017-05-09 16:59:33',1),(3014,'zhouyijun','2',171,'1a7bdebd7b32dafeaba3fe3639400f8ed77f9ac071cdaffc7af5a73636830ff1','101.86.108.216','2017-05-09 17:00:21',1),(3015,'zhouyijun','2',171,'f6e41b252287401a0fb1f331424bb91d226d58acb79e2651e6e93cdc6709f3f6','101.86.108.216','2017-05-09 17:01:22',1),(3016,'zhouyijun','2',171,'3afba13e734d0f116573a1db05ee95f840eecdd6124015d8afacdfe83d63e661','101.86.108.216','2017-05-09 17:02:21',1),(3017,'zhouyijun','2',171,'2c523eeeae000ddca7aa8a2b46ee960d1d5be4ec3c10293f14644f1648414709','101.86.108.216','2017-05-09 17:03:18',1),(3018,'zhouyijun','2',171,'9f4521486ba0faa4542c464115c515c8274fa55cd70ffbbfd2d456e327da3f65','101.86.108.216','2017-05-09 17:05:34',1),(3019,'zhouyijun','2',171,'36408361c399093a6a78572e588d22f7b691deba1c9764360c45a5088cc51a95','101.86.108.216','2017-05-09 17:09:39',1),(3020,'zhouyijun','2',171,'abc6e848b98cbcaa3765b74b62525f7fb315053fe6839631aca87dbc8e7d9a1a','101.86.108.216','2017-05-09 17:11:53',1),(3021,'zhouyijun','2',171,'ac6351ffd744e2db4d420487eaafd04d9892add18344d8d57d658d90cefd76a3','101.86.108.216','2017-05-09 17:22:46',1),(3022,'zhouyijun','2',171,'de86c88a227f2b5582c380aab357c452b0ce3bc88e4af7a1b0bfbc1b66cb287c','101.86.108.216','2017-05-09 17:30:54',1),(3023,'zhouyijun','2',171,'8ba1828861733389a15d8e0e2ffc98bd16050a499c05b14a630230287c11bc0e','101.86.108.216','2017-05-09 17:36:02',1),(3024,'dxd','1',256,'ede243f05cb9a80dd7a2852d5dc30fe66afb289c9a89615b578b722ac2ea6502','101.86.108.216','2017-05-09 17:38:21',1),(3025,'zhouyijun','2',171,'ffcb3feb216fd8c24d377bc2bd6ba53cd503825641214fe5e88666a2adf0030b','101.86.108.216','2017-05-09 17:42:12',1),(3026,'zhouyijun','2',171,'24f9633d2c04c3d409519503acbb2f57b24177dbf6e2c4b43c3a17302eec8c03','101.86.108.216','2017-05-09 17:47:29',1),(3027,'zhouyijun','2',171,'a2fe53e3c7e35b04a9fa8fc068278f9cbb1eb32e33ee79ef4bf736e3e9f00eec','101.86.108.216','2017-05-09 17:57:26',1),(3028,'zhouyijun','2',171,'cab744203c86052aa50f1cc2643937870e303cfc6c95daa5c37562d297a1d5ad','101.86.108.216','2017-05-09 18:00:33',1),(3029,'zhouyijun','2',171,'833c6535b9f03dda1530fe5ee9784ecf4f22745ce2d47608928400edfa8ec23e','101.86.108.216','2017-05-09 18:27:19',1),(3030,'zhouyijun','2',171,'6c8afa56e4f77b9d5a47981497ec73dae4d5d2c5ac125b461a04575795d58e63','101.86.108.216','2017-05-09 18:28:20',1),(3031,'zhouyijun','2',171,'ff251493652d03dfa3c908cc0ea41bf18779d8e7bc813c328bf0d879b8171ba8','101.86.108.216','2017-05-09 18:29:20',1),(3032,'zhouyijun','2',171,'ea4eb1811360beb3b863c58fb3d1a24464aba883f8e020e1aff594bbffb40531','101.86.108.216','2017-05-09 18:31:35',1),(3033,'zhouyijun','2',171,'7f87f4c013f92d1a57b920beca500b706badb6a4755b8ebc3a166b0cda312cbe','101.86.108.216','2017-05-09 18:36:05',1),(3034,'zhouyijun','2',171,'39f99f60fc8e4b45e8ffc856ca0297844bf7c4ee6d62b1058d08ca08823bad8f','101.86.108.216','2017-05-09 18:42:45',1),(3035,'zhx','2',3,'a945551084a9ce940eeeba7e97cd81279d18601c915a82e58d62ebc8ba76b160','140.206.255.205','2017-05-09 18:43:22',1),(3036,'zhx','2',3,'fd797caa2b4df3d5bdbf9d93b5af5960a96f8e2c6774858fed0a27e0123dca9a','140.206.255.205','2017-05-09 18:47:48',1),(3037,'zhx','1',3,'3319d3d654dc1310bbab400079a00dfb657e471681017f479ab6acd0574d87d8','140.206.255.205','2017-05-09 19:15:32',1),(3038,'zhx','2',3,'53a5b27305fc83785b4f5bd5c09c909fc37ed2c87c8a4e29a47313f79d8e6c3b','140.206.255.205','2017-05-09 19:19:46',1),(3039,'zhx','2',3,'bb8a32f3c85f0f4e68dd73582723f6f8357c1cdd86b3de9b6d6240beecd55fe7','140.206.255.205','2017-05-09 19:22:25',1),(3040,'jiang','1',2,'717d6c009244fe015be6a997d5bbb0699480441316c6180631616671a93d7e73','101.86.108.216','2017-05-10 10:29:08',1),(3041,'jiang','1',2,'c6a4d2c4221d5e4ccf14f41f907ac4eac94c0d571d7748c88fdd0d4f62d37dcc','::1','2017-05-10 10:43:33',1),(3042,'jiang','1',2,'6aee1ab76a1098947df0fa204bc8e934c59caa2e93dba496fa82bf2e4bcdf857','101.86.108.216','2017-05-10 11:24:21',1),(3043,'zhx','2',3,'c5f0dbf9f1b30c4883fda162d42e65fcd307acf60a682f4ac515240623819f32','101.86.108.216','2017-05-10 11:30:43',1),(3044,'jiang','1',2,'cb30be6f90a34153d44a3a29220f50dbc6fae1987dbb49772395e463b395b74d','::1','2017-05-10 15:53:42',1),(3045,'zhx','1',3,'0c405bb475d219901ca1c4ffc21e0934935410bcaae9f7b73e6078e68ada7e2c','101.86.108.216','2017-05-10 17:39:43',1),(3046,'zhx','1',3,'ba69a59fbbbf8cdc9ead47098ce1c102b0b9d89b5ae57f4488a5467a9466bd53','101.86.108.216','2017-05-10 17:40:35',1),(3047,'zhx','1',3,'dd5ea8c1bbbf88e76c104e9189c903d1cd70210c7c0910c3262c0db56baad570','101.226.93.241','2017-05-10 18:42:38',1),(3048,'zhx','1',3,'0b09416c66ce4a9743271886b8df3f4c575904ac3c2c56900233ce378b24bfba','101.86.108.216','2017-05-10 18:51:58',1),(3049,'zhx','1',3,'63ceebc3abe5192f60cdf8ffb67fd0c93abd5bcc92b30293828f2a84160c4b26','101.86.108.216','2017-05-10 18:51:58',1),(3050,'jiang','1',2,'','101.86.108.216','2017-05-11 10:18:47',0),(3051,'jiang','1',2,'','101.86.108.216','2017-05-11 10:18:55',0),(3052,'jiang','1',2,'','101.86.108.216','2017-05-11 10:19:04',0),(3053,'jiang','1',2,'','101.86.108.216','2017-05-11 10:19:10',0),(3054,'jiang','1',2,'966aca656fcbe60dbd261b73b4a15b0ac4caf227bd4d2a67bb2e8132cdc6be9a','101.86.108.216','2017-05-11 10:19:21',1),(3055,'jiang','1',2,'cd04efae2af1f0b0a7cc0dad7c54997d4176a840dab26e9fccae284de3ea04d8','101.86.108.216','2017-05-11 11:04:32',1),(3056,'jiang','1',2,'3ace23c66b33f42c8407753f136abb9ed23d100af76b61f907947617cf1f13be','::1','2017-05-11 11:05:06',1),(3057,'kellen','1',185,'','::1','2017-05-11 12:28:48',0),(3058,'kellen','1',185,'','::1','2017-05-11 12:28:49',0),(3059,'kellen','1',185,'','::1','2017-05-11 12:28:49',0),(3060,'kellen','1',185,'','::1','2017-05-11 12:28:49',0),(3061,'kellen','1',185,'','::1','2017-05-11 12:28:50',0),(3062,'13045639795','1',260,'4ec574a850360559d00c937cdd330f17d76cb45e397169de905d35416ac6aa46','::1','2017-05-11 12:34:52',1),(3063,'jiang','1',2,'b1a2a76ce45287fc60189538bdb9bafd01636e46a997e95ee60e8b7e4abff426','101.86.108.216','2017-05-11 13:56:47',1),(3064,'zhx','1',3,'20f644f99980d0cac29839f7f1e977e4f3b340f2b8d34892036c7dea8685a751','101.86.108.216','2017-05-11 17:52:47',1),(3065,'zhx','1',3,'41fcee1460431fdc664c6d1bbace5503fb9f0052c1ab8720c84876d302e394ce','101.86.108.216','2017-05-11 18:07:51',1),(3066,'zeo','1',184,'e70c7d5803f97b75eda42d7ca71a1f9b7080d993075077974c7568c1d566d80a','101.86.108.216','2017-05-11 18:34:56',1),(3067,'zeo','1',184,'cc435235476291cd0948928043be93ac472ea43f082709e86540af86356e62ce','101.86.108.216','2017-05-11 18:40:30',1),(3068,'jiang','1',2,'46d838bb1110084f5ddc85cde1244f4e9b14cd357781f3a6eaf67977df541e26','::1','2017-05-12 10:56:36',1),(3069,'zhx','1',3,'191317b339c4479173a81bb93568192ce52dc9ecd6150a6397928af7f23347d1','101.86.108.216','2017-05-12 15:16:14',1),(3070,'jiang','1',2,'50ed30e245ba27d5e84a42156683c8f6f73ec6e058a95f41f433896fe77d09fd','101.86.108.216','2017-05-12 16:05:22',1),(3071,'zhx','1',3,'f7cde598cecb839d8e6cd4a56f17244f9e7843cf9ad017afb19da58f842213e5','101.86.108.216','2017-05-12 16:14:50',1),(3072,'zhx','1',3,'9da45f9526338101bd78b0a9e377ea16279a2a63b812886787923c49fa4bee55','101.86.108.216','2017-05-12 16:15:50',1),(3073,'zhx','2',3,'b728718ad87bce01e394ae81e9a2c8654d9f9837c008c3f7804c4ae902300c99','140.206.255.186','2017-05-12 16:19:07',1),(3074,'zhx','1',3,'3e2140602a6efb0046c783787e3e601cfd2144dac334b48cd27850a61e24274a','101.86.108.216','2017-05-12 16:27:43',1),(3075,'zhx','1',3,'c7d8b3c392dc1c7f54c7a62529e1313cd84b61458f0351cfbf159d933567871a','101.86.108.216','2017-05-12 16:33:53',1),(3076,'zhx','1',3,'57a8e37be5e32122260eaec4737f954bc4b9b6316e634c5914efde6293329d14','101.86.108.216','2017-05-12 16:41:39',1),(3077,'jiang','1',2,'48153d5f75871e025c58970043afcb8f5827df35f1b7b766f4107ee6a4282832','101.86.108.216','2017-05-12 17:00:28',1),(3078,'yeheqi','1',265,'5539eecb0b1fb6a0c4538c5f372a12f0b0df47b1f5e49e26e05ae9b0bfbac810','36.32.161.255','2017-05-12 17:04:53',1),(3079,'yeheqi','1',265,'12791fba27dc9ac20c73921705d8d45e80758aa0ae26f939de76a22584a9871f','36.32.161.255','2017-05-12 17:06:06',1),(3080,'zyx','1',226,'1169365d5a664fc03b6dc2eb3b75f97928b5f60500727905328bf721e16f5cc4','101.86.108.216','2017-05-12 17:11:51',1),(3081,'哈哈','1',266,'1a34d9a9948601bc13a21fdaeeb75884ca732ad1bbf8891f67775b288eef5128','101.86.108.216','2017-05-12 17:25:53',1),(3082,'testlogin','1',267,'98d00ee259e51796dfd991b13d3b2458d2295814e124c17dc0ab924704dc088e','101.86.108.216','2017-05-12 17:28:33',1),(3083,'jiang','1',2,'0269db4360a0fe8b49b7fc3792bada2c27be063cceaf0e06e1aaf5b2e213a9e6','101.86.108.216','2017-05-12 17:37:18',1),(3084,'testreg','1',269,'','101.86.108.216','2017-05-12 17:38:24',0),(3085,'testreg','1',269,'6ca255c9f55d336434906fd20b28e45e1749c82169827ffbd13358742ce7851e','101.86.108.216','2017-05-12 17:38:28',1),(3086,'jiang','1',2,'de43023eae19e1ab9a4d33dbc38b70af13096139f9370e953d76a8ec0ff3d2ee','::1','2017-05-12 18:34:11',1),(3087,'zhx','2',3,'953fbd5970c95f7a2a6fb72df008ae84b1efe1b1207b8ef180353a05ab21def9','101.90.255.77','2017-05-14 12:39:06',1),(3088,'zhx','2',3,'ddc68be909896725f2103de031e50c7fcab29979e61bb35d7c66d73a543d5da0','101.90.255.77','2017-05-14 12:40:38',1),(3089,'zhx','2',3,'744ffb92c8a5892798ecb2bc7203f1bf078151fc7e1b69c7e1e21e913c104fea','101.90.255.77','2017-05-14 12:41:15',1),(3090,'zhx','2',3,'a149ccced45debe82bb31e4dc30da8d955301e19c62a9e26091a333e28813c3b','101.90.255.77','2017-05-14 12:41:54',1),(3091,'zhx','2',3,'39812d137064f0ab7dbafc32b7e0935ba7297211b75922f38d9acdf606de73a4','101.90.255.77','2017-05-14 12:43:57',1),(3092,'jiang','1',2,'6dd8a4505850884e84f32887efbf1527aa395d3b7a6c5edde9efb6239f329799','::1','2017-05-15 10:45:46',1),(3093,'jiang','1',2,'1c910e807bf21ef79d967b3a743e921b4c330e12f8f6ba7090182082212485be','::1','2017-05-16 11:31:29',1),(3094,'jiang','1',2,'daf0caac5b2c2af10cf9c2e8fbae2162c9dd64338b27ad818320f45ba1c9de0a','::1','2017-05-17 13:33:52',1),(3095,'jiang','1',2,'5a4a2303b6605c00c8004da2209a621ca4f285f481b7569909cd1727147dbc33','101.86.108.216','2017-05-17 16:03:40',1),(3096,'jiang','1',2,'e5bf089494059799d99ac0dafd4c0fe0ae12c4f05a0bca76cf027415f9106bd5','101.86.108.216','2017-05-17 16:10:52',1),(3097,'jiang','1',2,'9abc6940fb4b679e795eeeec8c04f40221a9a0c5ae355e4c3ae2be347b885c80','101.86.108.216','2017-05-17 16:11:02',1),(3098,'jiang','1',2,'95e9472f0fb7a38902b7fb14f8f7a45ad88df39e5dfd48f06e42c9794c779be3','::1','2017-05-17 16:30:51',1),(3099,'jiang','1',2,'3426e0f22fb951dd01a9dc27ac58a5709fd061a7b08c2c7e5277886e4ba7b0b5','101.86.108.216','2017-05-17 17:34:34',1),(3100,'jiang','1',2,'370dfe540e8fd468d70cd0cc970b336e7034e2e61f51c1551df2a29a10cbe934','::1','2017-05-17 17:48:43',1),(3101,'jiang','1',2,'eb42f2e341e22e5fece3155a195b84f6223c8e79da51cdd407817e710a1c2fc6','101.86.108.216','2017-05-17 17:48:52',1),(3102,'jiang','1',2,'a127198bc70ec2b900c0f52a351eadcdbf392d0cbbf508fcacf463520a1e198a','::1','2017-05-17 17:50:20',1),(3103,'jiang','1',2,'817f039f5eaaab7097e1342a7cf4a51c32e230a649e1891b2093bb2854076fac','101.86.108.216','2017-05-17 17:57:04',1),(3104,'jiang','1',2,'46305553ea3ceb7a512a29fe9d2f55240f382522cc0d4c93274fae64b8838dcb','::1','2017-05-17 18:01:22',1),(3105,'jiang','1',2,'6936b900fa8f37d6ec3addf47d03828686f4c9e9eee4f18e6fae68f956fbc947','101.86.108.216','2017-05-17 18:12:27',1),(3106,'jiang','1',2,'732b87651bf01b8cccf0850fa5b57e3707cff1f9995843494b5e30a6c5ab1526','::1','2017-05-17 18:13:00',1),(3107,'jiang','1',2,'cdd1f2e9a25d3ee06975248bdd7c597fa5cbe7a3f6b11e76fafe2ec842ccb9bd','101.86.108.216','2017-05-17 18:13:50',1),(3108,'jiang','1',2,'986622a6bb7d9199066a6af8ade44b3745894626114830d8b12d81e01974d5ef','::1','2017-05-18 11:35:21',1),(3109,'jiang','1',2,'0a509e58c62b966134e4e7f955ce0c0a110c6659635b3c469984e3650fcca9f7','101.86.108.216','2017-05-18 11:51:32',1),(3110,'jiang','1',2,'d355356182e375b26a955b5855810b0b2527d28a5ff3548543f53e92cf504d2c','::1','2017-05-18 11:53:29',1),(3111,'jiang','1',2,'d938e693e17ab28ff40f64532c13c543f6a9d43055d99b79b5c0f19edf2eca1b','101.86.108.216','2017-05-18 12:01:01',1),(3112,'zyx','1',226,'6382282cf12465d6c78f0c231c7d3eec4535719f5a22652e11f5242901158032','101.86.108.216','2017-05-18 14:04:48',1),(3113,'zyx','1',226,'00af343ad9d5d078d68d3184326c29debbf09f06a2447ddbd449396bc74f4c91','101.86.108.216','2017-05-18 14:05:01',1),(3114,'zyx','1',226,'ccdaba4d5782fa42055a9a1d9b15b7e4598b15d363bc4cadb48924f99c9ee37f','101.86.108.216','2017-05-18 14:08:49',1),(3115,'zyx','1',226,'63ee57a6eef7d7f76248d0bacc41ae12e9b1a849de0568fef1380f8c7832678f','101.86.108.216','2017-05-18 14:10:52',1),(3116,'zyx','1',226,'e85bc8988a6ee654f1cce977329cea3e28c93a8ab9c555b024e569f919969b80','101.86.108.216','2017-05-18 14:11:35',1),(3117,'zyx','1',226,'8b83c4a7f0d7566900cc83008bed81d93afa9b939ac7e6ec3dd4934401b67cae','101.86.108.216','2017-05-18 14:12:39',1),(3118,'zyx','1',226,'358ca12aef2d5fde8bc6448ff48b0fbb719c23c5cb1b092e2df4ede5d39426b4','101.86.108.216','2017-05-18 14:13:07',1),(3119,'zyx','1',226,'f50b9d28128ce4668fe32547579874a6a6719e11965ce46f45ccf989d64558ec','101.86.108.216','2017-05-18 14:13:32',1),(3120,'zyx','1',226,'ac2f2eff81f96bbf67a41d072d19e0886dda701e03d04df4fbe7f56fb6b73416','101.86.108.216','2017-05-18 14:13:43',1),(3121,'zyx','1',226,'6f1010583d02033cff8de4ec4cacac368aaffa22993f5eb86d10b33c7ae1acbe','101.86.108.216','2017-05-18 14:16:51',1),(3122,'zyx','1',226,'7b1f4a9590c7184ef2e1506317f251384fe75827ed98201dae7aa1a1eb42e231','101.86.108.216','2017-05-18 14:18:04',1),(3123,'zyx','1',226,'2b42561673c90bdbb94ecf3c7c77a7f39707b36d04c4b4d5b65340b7b5f4180a','101.86.108.216','2017-05-18 14:22:01',1),(3124,'zyx','1',226,'a77b472d701399d81d275d53c0c92fe6d5ad45f2b3d656a131cb6db1d5fe117f','101.86.108.216','2017-05-18 14:25:21',1),(3125,'zyx','1',226,'df8060f65925e1948653a4f6b869ec038b531187d9966c601ff93efd2ca5be9e','101.86.108.216','2017-05-18 14:30:08',1),(3126,'zyx','1',226,'085fdc0312442bf29b95c8a51657f2376f2f1159a83e939898a5b918368fafea','101.86.108.216','2017-05-18 14:31:21',1),(3127,'zyx','1',226,'a78089b4fcba350ddc4b1eca3e0dd8bc5bc63a5bbaace9a9361999da0331f269','101.86.108.216','2017-05-18 14:31:32',1),(3128,'zyx','1',226,'cfab56bb04ae1a495a49e7c75a8137f7c453bb91ab4833f6683fc9c16cc3c827','101.86.108.216','2017-05-18 14:31:44',1),(3129,'zyx','1',226,'deab96cfc3d49651649d77855a0447049a7ed641be9f8ad95648fcb5fd859e51','101.86.108.216','2017-05-18 14:32:21',1),(3130,'zyx','1',226,'','101.86.108.216','2017-05-18 14:33:00',0),(3131,'zyx','1',226,'','101.86.108.216','2017-05-18 14:33:39',0),(3132,'zyx','1',226,'7650e3c409a87f636d6d3b037d507ad94ed83c54670cab4f3915c2c35f88b2d7','101.86.108.216','2017-05-18 14:43:20',1),(3133,'zyx','1',226,'da79a4ce71d0e1eb373e553a1e974a24cb2da39b4cf5f40b149097937e40b7e6','101.86.108.216','2017-05-18 15:51:29',1),(3134,'zyx','1',226,'b1d26f7e7d3914111dd10d93061c3a8cb47bc136a8e3a545b462fb63ce3dc66e','101.86.108.216','2017-05-18 15:55:57',1),(3135,'zyx','1',226,'4ee365b22a50f190f27764379a2225a52ee6100ebdfbd1a6cc2880ac663288ff','101.86.108.216','2017-05-18 15:57:51',1),(3136,'zyx','1',226,'8382fe7f39d9d3f8509fa46dc2ad5c89c0d273b75c3e9c281d12b7ecf5e32f53','101.86.108.216','2017-05-18 16:13:23',1),(3137,'zyx','1',226,'','101.86.108.216','2017-05-18 16:15:13',0),(3138,'zyx','1',226,'4fa9d883dab1c6edf2b4b916a6487df6e38631eb346b6ca0519807c8fc3b0cda','101.86.108.216','2017-05-18 16:15:22',1),(3139,'zyx','1',226,'b582f6aee89fd290fddb8ee91181216e1456a4ec325a0ec4f2f0b650b457bbfc','101.86.108.216','2017-05-18 16:35:26',1),(3140,'zyx','1',226,'0e2a805d4fb191f523878024675cc21b8e9f5d25704e9389c45879d5fd20abcf','101.86.108.216','2017-05-18 16:36:09',1),(3141,'zyx','1',226,'ac9ade8eb3e94c12b867925633bdeb64507766a74149b075c5f4c02aa463b45c','101.86.108.216','2017-05-18 16:42:37',1),(3142,'zyx','1',226,'c34df5772d1a2970f8b4174ac19c70459bdbbe2ccc524e4f970809bee84abd4c','101.86.108.216','2017-05-18 16:57:32',1),(3143,'zyx','1',226,'1abdb8a26560e416494904f1ed9a681947616edb1698447c4112667e0b8ada25','101.86.108.216','2017-05-18 16:57:38',1),(3144,'zyx','1',226,'64fe8e79ee7a11779130eb97f36f1123505f87b4aa5eafbc72c7b5c54fbc95f5','101.86.108.216','2017-05-18 17:19:25',1),(3145,'zyx','1',226,'a1e5b923ed6fc34881e6d22404ea8f5adc97236c7273e369f99341898bee4710','101.86.108.216','2017-05-18 17:20:28',1),(3146,'zyx','1',226,'37436865d7daac25d30b0deec02092bc59d5ffa967791f76dec021cc484c27da','101.86.108.216','2017-05-18 17:20:42',1),(3147,'jiang','1',2,'2384941ef826bbdd6ea0355e9d734ec2cdc4daa3abdfe2174b11b6e6dfc85317','::1','2017-05-18 17:32:24',1),(3148,'jiang','1',2,'fb30ac433e2f9c7fd04e9dbcafb5c260239a9e21b2f42bca11711aa3e962cfe2','101.86.108.216','2017-05-18 18:21:57',1),(3149,'jiang','1',2,'234c1dbfab9507424734d0df41314fa1c3ee2ba9e5efd14a47100d0796575cf1','101.86.108.216','2017-05-18 18:33:09',1),(3150,'jiang','1',2,'1db2d5f276b57b64f7c01e4bdbf69e6de824df9e93475283cdda5dc74ae955f9','101.86.108.216','2017-05-18 18:48:24',1),(3151,'jiang','1',2,'393383f52f19288c6cea986c9640739c9658023b06ad3eac4adaae8e88944896','101.86.108.216','2017-05-19 10:26:05',1),(3152,'jiang','1',2,'6588983c6167d49bdf5ff758f19f3085cf83d9a791183ab6b9e8fd6b7fce06c3','101.86.108.216','2017-05-19 11:59:48',1),(3153,'jiang','1',2,'2cd633ab05d559869086846ae6a7481aaa6239dc9ef32aca5af46d8b6804acbd','101.86.108.216','2017-05-19 12:01:22',1),(3154,'jiang','1',2,'ecadf3453e7a874987a889c3cf82b54aa2284703fafb93c2f706a67289fa9633','101.86.108.216','2017-05-19 12:13:07',1),(3155,'jiang','1',2,'92bef1c0164ac65f3b5c2225919600c0ad677841f4c9768791d9c69e89486a17','101.86.108.216','2017-05-19 12:13:12',1),(3156,'jiang','1',2,'5c367f7ddece0e8a0a080ebdd8ce246570fc10d7baa28d978eefb69a1a1b7239','101.86.108.216','2017-05-19 12:13:18',1),(3157,'jiang','1',2,'4cd7920d4568c46ed09050c259166f244af013ae8476e3241c4ccae76001a83a','101.86.108.216','2017-05-19 12:14:21',1),(3158,'jiang','1',2,'07b8bf5973450ab9d29f48fc82c3723b757a5d8124b37667dcf3971a74f9372a','101.86.108.216','2017-05-19 12:14:41',1),(3159,'jiang','1',2,'27a3f9ff6d4f557411142942f01078a99872db93a95211b171262a72ad5622fd','::1','2017-05-19 16:03:54',1),(3160,'zhouyijun','2',171,'8b4cd36e940d696b06a3bcabff11189b05f91f550c85df2d73436aec9fc6f26a','180.160.241.63','2017-05-21 22:55:04',1),(3161,'zhouyijun','2',171,'bba54cf6c3c4a78c6a93493dafb2f273c669097ade20705d4da3d5cf6bb59bd2','116.246.2.243','2017-05-23 11:27:05',1),(3162,'zhouyijun','2',171,'271367179877abd70505f9c7b1605850d10c88c217fc7e75616d7f0713a0ded0','116.246.2.243','2017-05-23 11:27:06',1),(3163,'zhouyijun','2',171,'7348efbe3093ef158dadeef168afd2c945af1ed94918ef71353be557b5659ab0','116.246.2.243','2017-05-23 11:27:09',1),(3164,'zhouyijun','2',171,'4a2282082125b52ea1b0f2a405a1f3f9da82d760358e083881bc9d9635038073','116.246.2.243','2017-05-23 11:27:12',1),(3165,'zhouyijun','2',171,'7cb53e9ac02854c2f639d1cf4ae2f128a1321d1cb982c8dc12c3b408a80a01c8','116.246.2.243','2017-05-23 11:27:15',1),(3166,'zhouyijun','2',171,'af1e46f06d8c1a6a87659e085d5fe9374e8bcc2c63232c6b67efe54852cd5314','116.246.2.243','2017-05-23 11:27:21',1),(3167,'zhouyijun','2',171,'02eabfe433eb7f0755ed74d335c403a96801f7dd71e93ec8e95db58b04d58f66','116.246.2.243','2017-05-23 11:27:26',1),(3168,'zhouyijun','2',171,'d456eacaa6bf909ce757d65eef23dc62412905b6942fc5c6409d645f73419105','116.246.2.243','2017-05-23 11:27:26',1),(3169,'zhouyijun','2',171,'1b6c53531a5c968c040685ea4b1959b767659ad40ee359efbc6a586c7fe2590c','116.246.2.243','2017-05-23 11:27:27',1),(3170,'zhouyijun','2',171,'b4586fa93c66cbf6fee89020dfcf55676fb2249437bbcccbea605bacbc6ef294','116.246.2.243','2017-05-23 11:27:27',1),(3171,'zhouyijun','2',171,'335ac4862e068d17b51573ff3ff090a4b0543e7e2740f7478563bc34040ce348','116.246.2.243','2017-05-23 11:28:02',1),(3172,'zhouyijun','2',171,'4fd7c00a80760d189a33381b78ce3977fdbfae852523a7a365225964858af56f','116.246.2.243','2017-05-23 11:28:04',1),(3173,'zhouyijun','2',171,'d95ccd57e538a9c2d9ac5955b561f491233577b723933b60ba3b0ee31ed03668','116.246.2.243','2017-05-23 11:28:06',1),(3174,'zhouyijun','2',171,'91c211020f799801237e48653618c427235bb677bc299ed271551a383edfa7d8','116.246.2.243','2017-05-23 11:28:06',1),(3175,'zhouyijun','2',171,'2b7b583315eca538680feffdc65c2e8212b3f80ee25bfcd15c82f44a388e89e2','116.246.2.243','2017-05-23 11:28:06',1),(3176,'zhouyijun','2',171,'1538e08d83c5f05ce5dfb7a68b68247637641a8e124b0fabf380c8e95b4598bd','116.246.2.243','2017-05-23 11:28:06',1),(3177,'zhouyijun','2',171,'1c8502bacd55fd4894bf4ea3098e5916574174890741bdaea4c9ee3a6a6c97ff','116.246.2.243','2017-05-23 11:28:06',1),(3178,'zhouyijun','2',171,'07d39c7efbb130b57887310632c441c62409661a708816232a7c946083574d32','116.246.2.243','2017-05-23 11:28:09',1),(3179,'zhouyijun','2',171,'cc704842ffdced7b2cfcfb6896df2d53a70e0276eb6ced4e13155142a8b23e1e','116.246.2.243','2017-05-23 11:28:09',1),(3180,'zhouyijun','2',171,'3a341a7088db32dd60c8a3eaa6f7b4633468afe6b215c2d584080bb231e2f42c','116.246.2.243','2017-05-23 11:28:09',1),(3181,'zhouyijun','2',171,'a809157f7313958892dcaeba66ce51bc40ba9603f49bba40ee623ce23e8ce368','116.246.2.243','2017-05-23 11:28:09',1),(3182,'jiang','1',2,'c5d013a0dc2331f788820504594aab21b99e508755c538a78b4d6dba12cee940','::1','2017-05-31 09:58:37',1),(3183,'jiang','1',2,'dba1aa8d30488cbe502e25989f1bf484e870556cdd2afebba16a594b921f2ae4','101.86.108.216','2017-05-31 17:31:04',1),(3184,'jiang','1',2,'e0a59926b94ab430ec25eac9122819396ed76c8506cc9f513844b7c8f436e2d5','::1','2017-05-31 17:32:38',1),(3185,'786185931@qq.com','1',2,'e5a43322d4e9d649ce54ddbe496e465fa46252a77cfb4d68d7bebd6814eb2e44','127.0.0.1','2017-06-01 10:22:27',1),(3186,'786185931@qq.com','1',2,'131d2e6776c43a38e9bb048f6b53fbae440f6b72f5b716693fad419a3413a0c2','127.0.0.1','2017-06-01 10:23:19',1),(3187,'jiang','1',2,'','101.86.108.216','2017-06-01 10:28:45',0),(3188,'jiang123','1',180,'','101.86.108.216','2017-06-01 10:28:54',0),(3189,'jiang','1',2,'222583d2eddf22066937c1ccf4091349d226c851534982853ee9fa8cace3ef63','101.86.108.216','2017-06-01 10:30:01',1),(3190,'786185931@qq.com','1',2,'','101.86.108.216','2017-06-01 10:31:59',0),(3191,'jiang','1',2,'e21bdc143e51e923a732fe2406aa740c15e4cad2c5ca9e1fcdd008cc67e54d11','101.86.108.216','2017-06-01 10:32:15',1),(3192,'jiang','1',2,'5da3ee948a47b8019ffe7c270a3d6247af1eef2704c25f1d64a885d4de927186','101.86.108.216','2017-06-01 10:32:31',1),(3193,'jiang','1',2,'f688c5f6cf310367bc35ebc79dbef01a84e2aa7f33e7d0a125d4ce06c193a1ce','101.86.108.216','2017-06-01 10:33:07',1),(3194,'786185931@qq.com','1',2,'','101.86.108.216','2017-06-01 10:39:07',0),(3195,'786185931@qq.com','1',2,'42aee0fc629cc9dc76e8d98d418b52ec09720532691c0cd12e381a95c2b5f2c5','101.86.108.216','2017-06-01 10:39:10',1),(3196,'786185931@qq.com','1',2,'','101.86.108.216','2017-06-01 10:39:14',0),(3197,'jiang','1',2,'0b8470a3f934eac36131709e3a78c44436c1c12297baa815e06871a66758043f','101.86.108.216','2017-06-01 10:39:22',1),(3198,'jiang','1',2,'e7f77f22ddf1c0e79cf6d6dfaff3a5ca1e64c77c062cb100215c7d5ba4898fb3','101.86.108.216','2017-06-01 10:39:44',1),(3199,'jiang','1',2,'','101.86.108.216','2017-06-01 10:39:58',0),(3200,'jiang','1',2,'cae97a424b342655c2090b91ff3d688c410b40c7a636c9fa12cee578c92a7cef','101.86.108.216','2017-06-01 10:40:31',1),(3201,'jiang','1',2,'864e12c44e216621eeff9c7e0ee266f8482e10d73185d92f9b4c8f8b091e4c33','::1','2017-06-01 17:41:49',1),(3202,'jiang','1',2,'641bdd8b4fbb785219918eedd170dab08a814ff9452d673e0f4af36c3e6cb66d','101.86.108.216','2017-06-01 17:54:27',1),(3203,'786185931@qq.com','1',2,'ccb6fd04c8ae3f203a7bf43c415201bbb029f5924091ae20f1261500775a68d8','::1','2017-06-02 10:35:43',1),(3204,'jiang','1',2,'613e701b536880d7adbd69afe63c84b778591c7899e87de4f2f7bd0d3b7ba005','101.86.108.216','2017-06-02 15:07:02',1),(3205,'jiang','1',2,'3ec700842ff1c97445eb383eb1e1deb6a6e5df396d4a1d3f7ec165f834643005','101.86.108.216','2017-06-02 15:07:42',1),(3206,'jiang','1',2,'67d11be2f42fc6167a275c3ee6a28fd356457f4d7145253cd4343955726aecc2','::1','2017-06-02 17:41:54',1),(3207,'786185931@qq.com','1',2,'a98be58280df908781a8fdc4380bc4c42467f553691e8999c5d6dc547f9d7704','101.86.108.216','2017-06-02 17:44:17',1),(3208,'15000000000','1',231,'5fce953a7c3b21bfa3ab0580322b2db34ac93959c26b556f0ce87382584007ee','101.86.108.216','2017-06-02 17:44:24',1),(3209,'15000000000','1',231,'d4e7c1b4dff3c51d2fb3fa7ece7a9cbecfe466dbf89928bde04331ab03c92644','::1','2017-06-02 17:58:34',1),(3210,'jiang','1',2,'bdc04c62b789096ea00b2ca30e36ef8e93dbeda2e9e311a5f7aa2d626cbb9968','::1','2017-06-02 18:07:52',1),(3211,'jiang','1',2,'a7f644449f11a54ff1be3567e893c5e9eba984d792ce2e9ca1d371c8342ec5cc','::1','2017-06-02 18:12:28',1),(3212,'zhx','1',3,'69ccde268d8963522b16036469e400eb165209eb7aaa3bca1b0911f41491b072','140.206.255.155','2017-06-03 08:36:47',1),(3213,'zhx','2',3,'9308289f1c6995fa9db5a53133f681101be5dc2b645c7348a472c6f4f476c1ea','140.206.255.155','2017-06-03 09:03:22',1),(3214,'zhx','2',3,'8385f47511e0594ad7424c0bf8ffd0a809de1d86de1278428febcf1cb3235e80','140.206.255.155','2017-06-03 09:22:26',1),(3215,'15000000000','1',231,'025d076efa7695cede993ef9544ba919b7ac2ea6673f4584150de3c09b43ce2c','101.86.108.216','2017-06-05 10:02:23',1),(3216,'jiang','1',2,'afe4f8d820a6bb06e76da0ade7e4a3cc74e4b666c98a8f891e84cdbf4851b234','::1','2017-06-05 10:03:09',1),(3217,'jiang','1',2,'668acddc4fb3847e340654a39a974e316ca7a988d537bdce66239a6b6dabf648','::1','2017-06-05 10:03:17',1),(3218,'jiang','1',2,'9fb86d2ec23fcc0598fc3adab014336a5e2fbb8a7be5827be4818c1ceef6bdc8','::1','2017-06-05 10:03:25',1),(3219,'jiang','1',2,'96716089428f97b769572bfda98fcb8b95ff09ed3d671c04ca153e7a47ce9743','::1','2017-06-05 10:03:34',1),(3220,'jiang','1',2,'38801fdcf6d8e58c49c3ee902b4cdfbf916dde72980da3bc918c027070baf8a7','::1','2017-06-05 10:03:39',1),(3221,'jiang','1',2,'','::1','2017-06-05 10:03:49',0),(3222,'jiang','1',2,'2dce07c44b954b73ce2dba5f80ece422a99a2855956426d5d6e89e18e2a5b351','::1','2017-06-05 10:03:55',1),(3223,'jiang','1',2,'461d5ff6505e2a2098f9c47bb8d9cdc1f0088d065fba92e01da45fd18e97315f','::1','2017-06-05 10:04:56',1),(3224,'jiang','1',2,'3072991c1c7c240fbc48d8e6b83b5caf46d3e67a1edd3ee41870fbeabb976023','::1','2017-06-05 10:05:14',1),(3225,'jiang','1',2,'4f3841b795c0330ca765b4f2bb5fdf5939b2f6afcad57229ba03cb2e19afb4ad','::1','2017-06-05 10:06:03',1),(3226,'jiang','1',2,'75e1600b1517d16cc90178107feed10768631b61662698670c5f821bee507bb5','::1','2017-06-05 10:07:30',1),(3227,'jiang','1',2,'e267cd0c58ac31c1efce85fb357b4e0099af03929ebc0c9ca18e8c1cd7bd15f9','::1','2017-06-05 10:10:38',1),(3228,'786185931@qq.com','1',2,'c3dc405ee2ee75a428d3a97492d83d2477beb66a0b034eba388c317b732dc2d6','::1','2017-06-05 12:16:41',1),(3229,'zhx','1',3,'bf254c1713d6706abe0923991cb7231c87443a3a9f5c8888ae3e37f6b03d0d97','101.86.108.216','2017-06-05 16:53:28',1),(3230,'admin','1',231,'','::1','2017-06-05 18:30:42',0),(3231,'admin','1',231,'91b59994b0f52c819a8e794e9a661d768d43eb701264097893d54adcae96db4a','::1','2017-06-05 18:30:46',1),(3232,'zyx','1',226,'a7f6a366db5107a32563579839d4639b8ab1de70e2fcc34358984832a10e1700','101.86.108.216','2017-06-06 10:00:54',1),(3233,'jiang','1',2,'952066a452c93251c91236cfb9de8f2dde244fa86389b7a1c436c39174fbc1d1','::1','2017-06-06 10:14:58',1),(3234,'testlogin','1',267,'588a8b864f13a16fb78d391d8364b2a3457be7e74f5c3e2ee48899eb0e8cc722','101.86.108.216','2017-06-06 11:02:47',1),(3235,'15000000000','1',231,'53f0aeb0cd525162ea8d3808b258f96b2e892f16f087f9c2177d6d2807e58af4','101.86.108.216','2017-06-06 12:05:10',1),(3236,'15000000000','1',231,'960453c40e51247cfd46505dbff8c107c271b2662a451a835a1e8c9504b1dc3a','101.86.108.216','2017-06-06 12:05:26',1),(3237,'15000000000','1',231,'725d3f30cbce3de05110cfcc2c9eb1f0803fa410560b3b71eb385b17cdda4227','101.86.108.216','2017-06-06 12:05:42',1),(3238,'jiang','1',2,'960cf5e094b8fa6e5b7bf12354b94ff0cec5a515db5059448b75733bd36f0648','::1','2017-06-06 12:06:29',1),(3239,'jiang','1',2,'5d687b2140aa329705c151934bd31742da925c78c0efecbee75af3402c27f73e','::1','2017-06-06 12:12:00',1),(3240,'15000000000','1',231,'023486090b4a47640ad27e87e4185310ef999c78aa86c03053e935516f9e49e6','101.86.108.216','2017-06-06 13:16:27',1),(3241,'15000000000','1',231,'14c13500f68147656e1719b4464120042fc6b21f47b810d7dcc7ebe55236a958','101.86.108.216','2017-06-06 13:16:40',1),(3242,'jiang','1',2,'60f007d872855519698f716ce2c9eed510ea3ea1f2d7aec4406e3c22f639bcbe','::1','2017-06-06 15:48:52',1),(3243,'jiang','1',2,'54c546bafea04de5d6f2899971c51cca58fbf2663b479af080c422b14d8b846d','::1','2017-06-06 15:52:58',1),(3244,'jiang','1',2,'50eb643ac4abbbea80c5908e7bafc4d370444325e77b4c29a9235e72ba94cf50','::1','2017-06-07 15:02:48',1),(3245,'jiang','1',2,'8bd6af5870a94b8470189400476d916a42a6f43d82f03c88a1ab4edb36aeebdb','101.86.108.216','2017-06-07 16:12:26',1),(3246,'jiang','1',2,'6c08f4129513764bc0664f33f8d9fe0559ceab26ce04d89c432a0e341f878a3f','101.86.108.216','2017-06-07 16:13:44',1),(3247,'zeo','1',184,'c55791ec664f7e967f6cb2a0a7f82e3e90548153ff6bced0bcaa9defb49c1343','101.86.108.216','2017-06-07 16:25:50',1);
/*!40000 ALTER TABLE `gener_loginHistory` ENABLE KEYS */;
UNLOCK TABLES;

--
-- Table structure for table `gener_message`
--

DROP TABLE IF EXISTS `gener_message`;
/*!40101 SET @saved_cs_client     = @@character_set_client */;
/*!40101 SET character_set_client = utf8 */;
CREATE TABLE `gener_message` (
  `id` bigint(8) unsigned zerofill NOT NULL AUTO_INCREMENT,
  `from_user` int(8) NOT NULL,
  `to_user` int(8) NOT NULL,
  `content` varchar(100) CHARACTER SET utf8mb4 NOT NULL,
  `module` int(3) NOT NULL,
  `recordId` int(8) NOT NULL,
  `create_by` int(8) NOT NULL,
  `create_time` datetime NOT NULL,
  `update_by` int(8) NOT NULL,
  `update_time` datetime NOT NULL,
  `isDelete` int(1) NOT NULL DEFAULT '0',
  `isRead` int(1) NOT NULL DEFAULT '0',
  PRIMARY KEY (`id`),
  KEY `fk_gener_message_user_idx` (`from_user`),
  KEY `fk_gener_message_toUser_idx` (`to_user`),
  CONSTRAINT `fk_gener_message_toUser` FOREIGN KEY (`to_user`) REFERENCES `gener_user` (`id`) ON DELETE NO ACTION ON UPDATE NO ACTION,
  CONSTRAINT `fk_gener_message_user` FOREIGN KEY (`from_user`) REFERENCES `gener_user` (`id`) ON DELETE NO ACTION ON UPDATE NO ACTION
) ENGINE=InnoDB AUTO_INCREMENT=160 DEFAULT CHARSET=utf8mb4 COLLATE=utf8mb4_unicode_ci;
/*!40101 SET character_set_client = @saved_cs_client */;

--
-- Dumping data for table `gener_message`
--

LOCK TABLES `gener_message` WRITE;
/*!40000 ALTER TABLE `gener_message` DISABLE KEYS */;
INSERT INTO `gener_message` VALUES (00000001,2,2,'点赞',1,118,2,'2017-03-08 10:39:54',2,'2017-03-08 10:39:54',0,1),(00000002,2,2,'点赞',1,118,2,'2017-03-08 10:41:31',2,'2017-03-08 10:41:31',0,1),(00000003,2,2,'点赞',1,118,2,'2017-03-08 10:41:32',2,'2017-03-08 10:41:32',0,1),(00000004,2,2,'点赞',1,118,2,'2017-03-08 10:41:32',2,'2017-03-08 10:41:32',0,1),(00000005,2,2,'点赞',1,118,2,'2017-03-08 10:41:40',2,'2017-03-08 10:41:40',0,1),(00000006,2,2,'点赞',1,118,2,'2017-03-08 10:41:51',2,'2017-03-08 10:41:51',0,1),(00000007,2,2,'点赞',1,116,2,'2017-03-08 11:04:49',2,'2017-03-08 11:04:49',0,1),(00000008,2,2,'点赞',1,116,2,'2017-03-08 11:04:50',2,'2017-03-08 11:04:50',0,1),(00000009,2,2,'点赞',1,116,2,'2017-03-08 11:05:43',2,'2017-03-08 11:05:43',0,1),(00000010,2,2,'点赞',1,118,2,'2017-03-09 15:08:32',2,'2017-03-09 15:08:32',0,1),(00000011,2,2,'点赞',1,118,2,'2017-03-09 15:08:34',2,'2017-03-09 15:08:34',0,1),(00000012,2,2,'点赞',1,117,2,'2017-03-14 11:30:49',2,'2017-03-14 11:30:49',0,1),(00000013,2,2,'点赞',1,116,2,'2017-03-14 11:30:50',2,'2017-03-14 11:30:50',0,1),(00000014,171,171,'点赞',1,112,171,'2017-03-14 12:19:02',171,'2017-03-14 12:19:02',0,0),(00000015,171,171,'点赞',1,112,171,'2017-03-14 12:19:04',171,'2017-03-14 12:19:04',0,0),(00000016,171,171,'点赞',1,112,171,'2017-03-14 12:19:14',171,'2017-03-14 12:19:14',0,0),(00000017,171,171,'点赞',1,106,171,'2017-03-14 12:20:24',171,'2017-03-14 12:20:24',0,0),(00000018,171,171,'点赞',1,106,171,'2017-03-14 12:20:25',171,'2017-03-14 12:20:25',0,0),(00000019,2,2,'点赞',1,118,2,'2017-03-14 14:21:41',2,'2017-03-14 14:21:41',0,1),(00000020,2,2,'点赞',1,118,2,'2017-03-14 14:21:44',2,'2017-03-14 14:21:44',0,1),(00000021,2,2,'点赞',1,118,2,'2017-03-14 14:23:55',2,'2017-03-14 14:23:55',0,1),(00000022,2,2,'点赞',1,118,2,'2017-03-14 14:53:49',2,'2017-03-14 14:53:49',0,1),(00000023,2,2,'点赞',1,118,2,'2017-03-14 14:53:54',2,'2017-03-14 14:53:54',0,1),(00000024,2,2,'点赞',1,118,2,'2017-03-14 14:53:55',2,'2017-03-14 14:53:55',0,1),(00000025,2,2,'点赞',1,118,2,'2017-03-14 15:10:49',2,'2017-03-14 15:10:49',1,1),(00000026,2,2,'点赞',1,118,2,'2017-03-14 16:55:46',2,'2017-03-14 16:55:46',1,1),(00000027,2,2,'点赞',1,118,2,'2017-03-14 16:56:11',2,'2017-03-14 16:56:11',1,0),(00000028,2,2,'点赞',1,117,2,'2017-03-14 17:17:19',2,'2017-03-14 17:17:19',0,1),(00000029,2,2,'点赞',1,122,2,'2017-03-14 17:31:39',2,'2017-03-14 17:31:39',1,1),(00000030,3,3,'点赞',1,119,3,'2017-03-14 21:10:27',3,'2017-03-14 21:10:27',0,0),(00000031,3,3,'点赞',1,119,3,'2017-03-14 21:10:30',3,'2017-03-14 21:10:30',0,0),(00000032,2,2,'点赞',1,122,2,'2017-03-15 15:20:28',2,'2017-03-15 15:20:28',1,0),(00000033,2,2,'评论',7,122,2,'2017-03-16 16:30:47',2,'2017-03-16 16:30:47',1,0),(00000034,2,2,'评论',7,1,2,'2017-03-16 17:19:39',2,'2017-03-16 17:19:39',0,1),(00000035,2,2,'点赞',1,123,2,'2017-03-16 17:49:39',2,'2017-03-16 17:49:39',0,1),(00000036,3,3,'点赞',1,142,3,'2017-03-18 17:31:39',3,'2017-03-18 17:31:39',0,0),(00000037,2,2,'点赞',1,144,2,'2017-03-20 11:33:08',2,'2017-03-20 11:33:08',0,1),(00000038,2,2,'点赞',1,144,2,'2017-03-20 11:33:12',2,'2017-03-20 11:33:12',0,1),(00000039,2,2,'点赞',1,146,2,'2017-03-20 11:33:46',2,'2017-03-20 11:33:46',0,1),(00000040,2,2,'评论',7,146,2,'2017-03-20 11:33:52',2,'2017-03-20 11:33:52',0,1),(00000041,2,2,'评论',7,146,2,'2017-03-20 11:34:10',2,'2017-03-20 11:34:10',0,1),(00000042,2,2,'评论',7,147,2,'2017-03-20 11:59:49',2,'2017-03-20 11:59:49',0,1),(00000043,2,2,'评论',7,146,2,'2017-03-20 11:59:54',2,'2017-03-20 11:59:54',0,1),(00000044,2,2,'评论',7,152,2,'2017-03-20 14:30:15',2,'2017-03-20 14:30:15',0,1),(00000045,2,2,'评论',7,154,2,'2017-03-20 15:03:57',2,'2017-03-20 15:03:57',0,1),(00000046,2,2,'评论',7,154,2,'2017-03-20 15:05:55',2,'2017-03-20 15:05:55',0,1),(00000047,2,2,'点赞',1,167,2,'2017-03-20 17:55:16',2,'2017-03-20 17:55:16',0,1),(00000048,2,2,'点赞',1,166,2,'2017-03-20 17:55:18',2,'2017-03-20 17:55:18',0,1),(00000049,2,2,'点赞',1,167,2,'2017-03-20 17:55:20',2,'2017-03-20 17:55:20',0,1),(00000050,2,2,'评论',7,167,2,'2017-03-20 17:55:51',2,'2017-03-20 17:55:51',0,1),(00000051,213,213,'评论',7,179,213,'2017-03-21 12:35:52',213,'2017-03-21 12:35:52',0,0),(00000052,213,213,'评论',7,181,213,'2017-03-21 14:50:31',213,'2017-03-21 14:50:31',0,0),(00000053,213,213,'评论',7,181,213,'2017-03-21 14:51:03',213,'2017-03-21 14:51:03',0,0),(00000054,2,2,'评论',7,182,2,'2017-03-21 15:14:48',2,'2017-03-21 15:14:48',0,1),(00000055,213,213,'点赞',1,181,213,'2017-03-21 15:40:20',213,'2017-03-21 15:40:20',0,0),(00000056,213,213,'点赞',1,181,213,'2017-03-21 15:40:22',213,'2017-03-21 15:40:22',0,0),(00000057,2,2,'点赞',1,192,2,'2017-03-23 18:05:58',2,'2017-03-23 18:05:58',0,1),(00000058,2,2,'点赞',1,192,2,'2017-03-23 18:06:01',2,'2017-03-23 18:06:01',0,1),(00000059,2,2,'点赞',1,191,2,'2017-03-23 18:24:44',2,'2017-03-23 18:24:44',0,1),(00000060,2,2,'点赞',1,188,2,'2017-03-23 18:24:46',2,'2017-03-23 18:24:46',0,1),(00000061,2,2,'点赞',1,187,2,'2017-03-23 18:24:47',2,'2017-03-23 18:24:47',0,1),(00000062,2,2,'点赞',1,186,2,'2017-03-23 18:24:49',2,'2017-03-23 18:24:49',0,1),(00000063,2,2,'点赞',1,182,2,'2017-03-23 18:24:51',2,'2017-03-23 18:24:51',0,1),(00000064,185,185,'点赞',1,198,185,'2017-03-28 15:06:35',185,'2017-03-28 15:06:35',0,0),(00000065,171,171,'点赞',1,185,171,'2017-03-29 11:22:55',171,'2017-03-29 11:22:55',0,0),(00000066,171,171,'评论',7,185,171,'2017-03-29 11:23:22',171,'2017-03-29 11:23:22',0,0),(00000067,171,171,'点赞',1,185,171,'2017-03-29 11:28:54',171,'2017-03-29 11:28:54',0,0),(00000068,171,171,'点赞',1,185,171,'2017-04-05 10:26:40',171,'2017-04-05 10:26:40',0,0),(00000069,171,171,'点赞',1,183,171,'2017-04-05 10:26:41',171,'2017-04-05 10:26:41',0,0),(00000070,2,2,'点赞',1,204,2,'2017-04-05 13:36:22',2,'2017-04-05 13:36:22',0,1),(00000071,2,2,'点赞',1,205,2,'2017-04-06 10:45:17',2,'2017-04-06 10:45:17',0,1),(00000072,2,2,'评论',7,205,2,'2017-04-06 10:47:12',2,'2017-04-06 10:47:12',0,1),(00000073,2,2,'点赞',1,208,2,'2017-04-07 15:16:21',2,'2017-04-07 15:16:21',0,1),(00000074,2,2,'评论',7,213,2,'2017-04-10 13:42:49',2,'2017-04-10 13:42:49',0,1),(00000075,2,2,'评论',7,213,2,'2017-04-10 13:42:53',2,'2017-04-10 13:42:53',0,1),(00000076,3,3,'点赞',1,214,3,'2017-04-10 18:20:35',3,'2017-04-10 18:20:35',0,0),(00000077,3,3,'评论',7,214,3,'2017-04-10 18:21:28',3,'2017-04-10 18:21:28',0,0),(00000078,171,171,'点赞',1,221,171,'2017-04-11 10:30:33',171,'2017-04-11 10:30:33',0,0),(00000079,171,171,'点赞',1,220,171,'2017-04-11 10:30:34',171,'2017-04-11 10:30:34',0,0),(00000080,171,171,'点赞',1,220,171,'2017-04-11 10:30:35',171,'2017-04-11 10:30:35',0,0),(00000081,171,171,'点赞',1,221,171,'2017-04-11 10:33:16',171,'2017-04-11 10:33:16',0,0),(00000082,171,171,'点赞',1,221,171,'2017-04-11 10:34:14',171,'2017-04-11 10:34:14',0,0),(00000083,171,171,'评论',0,221,171,'2017-04-11 10:34:31',171,'2017-04-11 10:34:31',0,0),(00000084,214,214,'评论',7,222,214,'2017-04-11 14:07:25',214,'2017-04-11 14:07:25',0,0),(00000085,214,214,'评论',7,224,214,'2017-04-11 14:50:15',214,'2017-04-11 14:50:15',0,0),(00000086,214,214,'点赞',1,224,214,'2017-04-11 15:07:13',214,'2017-04-11 15:07:13',0,0),(00000087,214,214,'点赞',0,224,214,'2017-04-11 15:07:30',214,'2017-04-11 15:07:30',0,0),(00000088,214,214,'点赞',-1,224,214,'2017-04-11 15:07:36',214,'2017-04-11 15:07:36',0,0),(00000089,214,214,'评论',7,224,214,'2017-04-11 15:11:53',214,'2017-04-11 15:11:53',0,0),(00000090,214,214,'评论',7,224,214,'2017-04-11 15:13:17',214,'2017-04-11 15:13:17',0,0),(00000091,214,214,'评论',7,223,214,'2017-04-11 15:16:51',214,'2017-04-11 15:16:51',0,0),(00000092,214,214,'评论',7,224,214,'2017-04-11 15:35:17',214,'2017-04-11 15:35:17',0,0),(00000093,214,214,'评论',7,226,214,'2017-04-11 16:25:56',214,'2017-04-11 16:25:56',0,0),(00000094,214,214,'评论',7,226,214,'2017-04-11 16:29:58',214,'2017-04-11 16:29:58',0,0),(00000095,214,214,'评论',7,224,214,'2017-04-11 16:53:05',214,'2017-04-11 16:53:05',0,0),(00000096,214,214,'评论',7,224,214,'2017-04-11 16:53:57',214,'2017-04-11 16:53:57',0,0),(00000097,214,214,'评论',7,222,214,'2017-04-11 17:09:02',214,'2017-04-11 17:09:02',0,0),(00000098,214,214,'评论',7,224,214,'2017-04-11 17:13:12',214,'2017-04-11 17:13:12',0,0),(00000099,214,214,'评论',7,225,214,'2017-04-11 17:13:20',214,'2017-04-11 17:13:20',0,0),(00000100,214,214,'评论',7,223,214,'2017-04-11 17:13:32',214,'2017-04-11 17:13:32',0,0),(00000101,2,2,'评论',7,235,2,'2017-04-12 18:18:33',2,'2017-04-12 18:18:33',0,1),(00000102,2,2,'点赞',1,236,2,'2017-04-14 17:19:42',2,'2017-04-14 17:19:42',0,1),(00000103,2,2,'点赞',1,236,2,'2017-04-14 17:19:43',2,'2017-04-14 17:19:43',0,1),(00000104,2,2,'点赞',1,235,2,'2017-04-14 17:19:46',2,'2017-04-14 17:19:46',0,1),(00000105,2,2,'点赞',1,234,2,'2017-04-14 17:19:47',2,'2017-04-14 17:19:47',0,1),(00000106,2,2,'点赞',1,233,2,'2017-04-14 17:19:49',2,'2017-04-14 17:19:49',0,1),(00000107,2,2,'点赞',1,232,2,'2017-04-14 17:19:50',2,'2017-04-14 17:19:50',0,1),(00000108,2,2,'点赞',1,231,2,'2017-04-14 17:19:52',2,'2017-04-14 17:19:52',0,1),(00000109,214,214,'评论',7,224,214,'2017-04-18 10:14:28',214,'2017-04-18 10:14:28',0,0),(00000110,214,214,'评论',7,226,214,'2017-04-18 10:24:16',214,'2017-04-18 10:24:16',0,0),(00000111,214,214,'评论',7,246,214,'2017-04-18 10:35:22',214,'2017-04-18 10:35:22',0,0),(00000112,214,214,'评论',7,246,214,'2017-04-18 11:08:24',214,'2017-04-18 11:08:24',0,0),(00000113,214,214,'评论',7,246,214,'2017-04-18 14:36:25',214,'2017-04-18 14:36:25',0,0),(00000114,214,214,'评论',7,246,214,'2017-04-18 14:36:56',214,'2017-04-18 14:36:56',0,0),(00000115,214,214,'评论',7,244,214,'2017-04-18 14:38:07',214,'2017-04-18 14:38:07',0,0),(00000116,214,214,'评论',7,246,214,'2017-04-18 15:07:39',214,'2017-04-18 15:07:39',0,0),(00000117,214,214,'评论',7,246,214,'2017-04-18 15:36:30',214,'2017-04-18 15:36:30',0,0),(00000118,214,214,'评论',7,246,214,'2017-04-18 16:15:37',214,'2017-04-18 16:15:37',0,0),(00000119,171,171,'评论',7,242,171,'2017-04-18 16:21:29',171,'2017-04-18 16:21:29',0,0),(00000120,2,2,'评论',7,248,2,'2017-04-19 15:53:43',2,'2017-04-19 15:53:43',1,1),(00000121,171,171,'评论',7,269,171,'2017-04-19 19:31:08',171,'2017-04-19 19:31:08',0,0),(00000122,171,171,'评论',7,269,171,'2017-04-25 10:31:35',171,'2017-04-25 10:31:35',0,0),(00000123,171,171,'评论',7,269,171,'2017-04-25 10:35:17',171,'2017-04-25 10:35:17',0,0),(00000124,2,2,'点赞',1,292,2,'2017-04-25 13:40:31',2,'2017-04-25 13:40:31',1,1),(00000125,171,171,'点赞',1,269,171,'2017-04-25 15:30:04',171,'2017-04-25 15:30:04',0,0),(00000126,207,207,'评论',7,264,207,'2017-04-26 11:00:08',207,'2017-04-26 11:00:08',0,0),(00000127,207,207,'评论',7,238,207,'2017-04-26 11:01:20',207,'2017-04-26 11:01:20',0,0),(00000128,207,207,'评论',7,264,207,'2017-04-26 11:01:32',207,'2017-04-26 11:01:32',0,0),(00000129,231,231,'点赞',1,338,231,'2017-04-26 15:05:04',231,'2017-04-26 15:05:04',0,1),(00000130,3,3,'点赞',1,347,3,'2017-05-02 17:58:30',3,'2017-05-02 17:58:30',0,0),(00000131,3,3,'点赞',1,347,3,'2017-05-02 17:58:32',3,'2017-05-02 17:58:32',0,0),(00000132,3,3,'评论',7,347,3,'2017-05-02 17:58:49',3,'2017-05-02 17:58:49',0,0),(00000133,2,2,'评论',7,348,2,'2017-05-02 17:59:24',2,'2017-05-02 17:59:24',0,1),(00000134,2,2,'点赞',1,402,2,'2017-05-04 18:12:21',2,'2017-05-04 18:12:21',0,1),(00000135,2,2,'点赞',1,402,2,'2017-05-04 18:12:23',2,'2017-05-04 18:12:23',0,1),(00000136,2,2,'点赞',1,402,2,'2017-05-04 18:12:25',2,'2017-05-04 18:12:25',0,1),(00000137,2,2,'点赞',1,402,2,'2017-05-04 18:12:30',2,'2017-05-04 18:12:30',1,1),(00000138,256,256,'点赞',1,405,256,'2017-05-09 10:20:44',256,'2017-05-09 10:20:44',0,0),(00000139,171,171,'评论',7,310,171,'2017-05-09 11:49:12',171,'2017-05-09 11:49:12',0,0),(00000140,256,256,'点赞',1,405,256,'2017-05-09 14:01:32',256,'2017-05-09 14:01:32',0,0),(00000141,256,256,'点赞',1,405,256,'2017-05-09 14:02:28',256,'2017-05-09 14:02:28',0,0),(00000142,256,256,'点赞',1,405,256,'2017-05-09 14:07:45',256,'2017-05-09 14:07:45',0,0),(00000143,171,171,'评论',7,496,171,'2017-05-09 16:56:25',171,'2017-05-09 16:56:25',0,0),(00000144,256,256,'评论',7,485,256,'2017-05-09 17:41:08',256,'2017-05-09 17:41:08',0,0),(00000145,256,256,'评论',7,484,256,'2017-05-09 18:28:19',256,'2017-05-09 18:28:19',0,0),(00000146,3,3,'评论',7,347,3,'2017-05-09 18:44:14',3,'2017-05-09 18:44:14',0,0),(00000147,260,260,'点赞',1,583,260,'2017-05-11 13:26:27',260,'2017-05-11 13:26:27',0,0),(00000148,260,260,'点赞',1,583,260,'2017-05-11 13:32:47',260,'2017-05-11 13:32:47',0,0),(00000149,3,3,'点赞',1,581,3,'2017-05-11 18:14:01',3,'2017-05-11 18:14:01',0,1),(00000150,2,2,'评论',7,731,2,'2017-05-19 12:00:37',2,'2017-05-19 12:00:37',1,1),(00000151,2,2,'评论',7,759,2,'2017-06-01 13:58:33',2,'2017-06-01 13:58:33',1,1),(00000152,2,2,'点赞',1,759,2,'2017-06-01 13:59:23',2,'2017-06-01 13:59:23',1,1),(00000153,2,231,'评论',7,783,2,'2017-06-02 18:08:05',2,'2017-06-02 18:08:05',0,1),(00000154,231,2,'评论',7,784,231,'2017-06-02 18:13:52',231,'2017-06-02 18:13:52',0,1),(00000155,2,2,'评论',7,794,2,'2017-06-06 12:13:44',2,'2017-06-06 12:13:44',0,1),(00000156,2,2,'点赞',1,793,2,'2017-06-06 13:02:10',2,'2017-06-06 13:02:10',0,1),(00000157,2,2,'点赞',1,792,2,'2017-06-06 13:02:11',2,'2017-06-06 13:02:11',0,1),(00000158,2,2,'点赞',1,793,2,'2017-06-06 13:02:13',2,'2017-06-06 13:02:13',0,1),(00000159,2,2,'点赞',1,793,2,'2017-06-06 13:02:15',2,'2017-06-06 13:02:15',0,1);
/*!40000 ALTER TABLE `gener_message` ENABLE KEYS */;
UNLOCK TABLES;

--
-- Table structure for table `gener_module`
--

DROP TABLE IF EXISTS `gener_module`;
/*!40101 SET @saved_cs_client     = @@character_set_client */;
/*!40101 SET character_set_client = utf8 */;
CREATE TABLE `gener_module` (
  `module` int(11) NOT NULL AUTO_INCREMENT,
  `name` varchar(45) COLLATE utf8mb4_unicode_ci NOT NULL,
  PRIMARY KEY (`module`),
  UNIQUE KEY `name_UNIQUE` (`name`)
) ENGINE=InnoDB AUTO_INCREMENT=10 DEFAULT CHARSET=utf8mb4 COLLATE=utf8mb4_unicode_ci;
/*!40101 SET character_set_client = @saved_cs_client */;

--
-- Dumping data for table `gener_module`
--

LOCK TABLES `gener_module` WRITE;
/*!40000 ALTER TABLE `gener_module` DISABLE KEYS */;
INSERT INTO `gener_module` VALUES (7,'COMMENT_MODULE'),(4,'EVENT_MODULE'),(9,'FAMILY_MODULE'),(6,'GRAVE_MODULE'),(1,'LIKE_MODULE'),(3,'ORDER_MODULE'),(8,'PERSON_MODULE'),(5,'POST_MODULE'),(2,'SYSTEM_MODULE');
/*!40000 ALTER TABLE `gener_module` ENABLE KEYS */;
UNLOCK TABLES;

--
-- Table structure for table `gener_person`
--

DROP TABLE IF EXISTS `gener_person`;
/*!40101 SET @saved_cs_client     = @@character_set_client */;
/*!40101 SET character_set_client = utf8 */;
CREATE TABLE `gener_person` (
  `id` int(30) unsigned NOT NULL AUTO_INCREMENT,
  `familyId` int(30) unsigned NOT NULL,
  `userId` int(30) DEFAULT NULL,
  `is_delete` int(11) NOT NULL,
  `name` varchar(100) CHARACTER SET utf8mb4 NOT NULL,
  `address` varchar(100) CHARACTER SET utf8mb4 NOT NULL,
  `birthday` datetime NOT NULL,
  `gender` int(10) NOT NULL,
  `photo` varchar(250) CHARACTER SET utf8 NOT NULL,
  `share_url` varchar(250) CHARACTER SET utf8 NOT NULL,
  `ref_familyId` int(30) unsigned DEFAULT NULL,
  `father` varchar(1000) CHARACTER SET utf8 DEFAULT '',
  `mother` varchar(1000) CHARACTER SET utf8 DEFAULT '',
  `son` varchar(1000) CHARACTER SET utf8 DEFAULT '',
  `daughter` varchar(1000) CHARACTER SET utf8 DEFAULT '',
  `spouse` varchar(1000) CHARACTER SET utf8 DEFAULT '',
  `sister` varchar(1000) CHARACTER SET utf8 DEFAULT '',
  `brother` varchar(100) CHARACTER SET utf8 DEFAULT '',
  `level` int(30) NOT NULL,
  `confirm` int(1) NOT NULL COMMENT 'confirm表示这条记录有没有被管理员确认',
  `create_by` int(30) NOT NULL,
  `create_time` datetime NOT NULL,
  `update_by` int(30) NOT NULL,
  `update_time` datetime NOT NULL,
  `blood_type` int(11) DEFAULT NULL,
  `marital_status` int(11) DEFAULT NULL,
  `phone` varchar(20) COLLATE utf8mb4_unicode_ci DEFAULT NULL,
  `qq` varchar(45) COLLATE utf8mb4_unicode_ci DEFAULT NULL,
  PRIMARY KEY (`id`),
  KEY `fk_gener_testPerson_family_idx` (`familyId`),
  KEY `fk_gener_testPerson_refFamily_idx` (`ref_familyId`),
  KEY `fk_gener_testPerson_user_idx` (`userId`),
  KEY `fk_gener_testPerson_is__delete` (`is_delete`),
  CONSTRAINT `fk_gener_testPerson_family` FOREIGN KEY (`familyId`) REFERENCES `gener_family` (`id`) ON DELETE CASCADE ON UPDATE NO ACTION,
  CONSTRAINT `fk_gener_testPerson_refFamily` FOREIGN KEY (`ref_familyId`) REFERENCES `gener_family` (`id`) ON DELETE SET NULL ON UPDATE NO ACTION
) ENGINE=InnoDB AUTO_INCREMENT=619 DEFAULT CHARSET=utf8mb4 COLLATE=utf8mb4_unicode_ci;
/*!40101 SET character_set_client = @saved_cs_client */;

--
-- Dumping data for table `gener_person`
--

LOCK TABLES `gener_person` WRITE;
/*!40000 ALTER TABLE `gener_person` DISABLE KEYS */;
INSERT INTO `gener_person` VALUES (173,65,6,0,'zc','undefined','1997-12-10 12:42:23',0,'','',NULL,'','','','','','173|','',0,0,6,'2016-11-12 16:47:50',6,'2016-11-12 16:47:50',NULL,NULL,NULL,NULL),(174,66,6,0,'123','undefined','1997-12-10 12:42:23',0,'','',NULL,'','','','','','174|','',0,0,6,'2016-11-12 16:49:49',6,'2016-11-12 16:49:49',NULL,NULL,NULL,NULL),(200,67,159,0,'周','','1997-12-10 12:42:23',0,'','',NULL,'212|','217|','','219|','','200|218|','220|221|',0,0,159,'2016-11-19 11:54:25',159,'2016-11-19 11:54:25',NULL,NULL,NULL,NULL),(212,67,NULL,0,'周爸','','1997-12-10 12:42:23',0,'','',NULL,'','','220|221|','200|218|','217|','212|','',-1,0,159,'2016-11-19 16:11:41',159,'2016-11-19 16:11:41',NULL,NULL,NULL,NULL),(215,73,0,0,'haahah','','1997-12-10 12:42:23',0,'','dec8e7ef5dd8a3b3dfe0ccc8aeac8e6c',NULL,'216|','370|','','','','215|','',0,0,2,'2016-11-19 18:23:52',2,'2016-11-19 18:23:52',NULL,NULL,NULL,NULL),(216,73,NULL,0,'父亲','','2016-11-02 00:00:00',1,'','8ba46d9d7fcf632ac6a95c622df7ff23',NULL,'374|','','','215|','370|','','216|',-1,0,2,'2016-11-19 18:24:15',2,'2016-11-19 18:24:15',NULL,NULL,NULL,NULL),(217,67,NULL,0,'周妈','','1997-12-10 12:42:23',0,'','19562b764a0889bc959df6d4cf456b4c',NULL,'','','220|221|','200|218|','212|','217|','',-1,0,159,'2016-11-26 10:43:42',159,'2016-11-26 10:43:42',NULL,NULL,NULL,NULL),(218,67,NULL,0,'周兄','','1997-12-10 12:42:23',0,'','1488c08a6c8ee66790ac76f464cbeb56',NULL,'212|','217|','','','','218|','200|220|221|',0,0,159,'2016-11-26 10:44:26',159,'2016-11-26 10:44:26',NULL,NULL,NULL,NULL),(219,67,NULL,0,'周子','','1997-12-10 12:42:23',0,'','0560623f4387fc5eb786d5e43a48fd40',NULL,'','200|','','','','219|','',1,0,159,'2016-11-26 10:45:17',159,'2016-11-26 10:45:17',NULL,NULL,NULL,NULL),(220,67,NULL,0,'周妻','','1997-12-10 12:42:23',0,'','458ad9e7c52db66228b278b1d6700bd1',NULL,'212|','217|','','','','220|200|218|','221|',0,0,159,'2016-11-26 10:45:44',159,'2016-11-26 10:45:44',NULL,NULL,NULL,NULL),(221,67,NULL,0,'兄妻','','1997-12-10 12:42:23',0,'','8b87687d07b02b6e27345c3a72a76cc2',NULL,'212|','217|','','','','221|218|','200|220|',0,0,159,'2016-11-26 12:00:44',159,'2016-11-26 12:00:44',NULL,NULL,NULL,NULL),(222,74,159,0,'周','','1997-12-10 12:42:23',0,'','9a581205956c14db8aa4470334d321ed',NULL,'223|','224|','227|','229|','226|','222|','225|',0,0,159,'2016-11-26 15:40:14',159,'2016-11-26 15:40:14',NULL,NULL,NULL,NULL),(223,74,NULL,0,'周爸','','1997-12-10 12:42:23',0,'','553f950f44e25c91f8e7b3a3e8f6595b',NULL,'','','225|','222|','224|','223|','',-1,0,159,'2016-11-26 15:40:32',159,'2016-11-26 15:40:32',NULL,NULL,NULL,NULL),(224,74,NULL,0,'周妈','','1997-12-10 12:42:23',0,'','56ee31634d7e1587492128eb1b84e454',NULL,'','','225|','222|','223|','224|','',-1,0,159,'2016-11-26 15:40:48',159,'2016-11-26 15:40:48',NULL,NULL,NULL,NULL),(225,74,NULL,0,'周兄','','1997-12-10 12:42:23',0,'','ac1b4d85d2eeee24e0b891d8dd33c4e9',NULL,'223|','224|','','','228|','225|222|','',0,0,159,'2016-11-26 15:41:03',159,'2016-11-26 15:41:03',NULL,NULL,NULL,NULL),(226,74,NULL,0,'周妻','','1997-12-10 12:42:23',0,'','ede8ef63827785ee31b47f1e523a91c9',NULL,'','','227|','229|','222|','226|','',0,0,159,'2016-11-26 15:41:15',159,'2016-11-26 15:41:15',NULL,NULL,NULL,NULL),(227,74,NULL,0,'周子','','1997-12-10 12:42:23',0,'','141e748c992bbea722cb4fd9e5831d86',NULL,'226|','222|','','','','227|229|','',1,0,159,'2016-11-26 15:41:25',159,'2016-11-26 15:41:25',NULL,NULL,NULL,NULL),(228,74,NULL,0,'兄妻','','1997-12-10 12:42:23',0,'','5246833ea97af82c30846a3dfb8d0571',NULL,'','','','','225|','228|','',0,0,159,'2016-11-26 15:41:59',159,'2016-11-26 15:41:59',NULL,NULL,NULL,NULL),(229,74,NULL,0,'周女','','1997-12-10 12:42:23',0,'','b4f4ef2908a69027838d867cfa704ac6',NULL,'226|','222|','','','','229|','227|',1,0,159,'2016-11-26 15:42:42',159,'2016-11-26 15:42:42',NULL,NULL,NULL,NULL),(271,83,0,0,'jajja','','0000-00-00 00:00:00',0,'','4666d2a735d95660196b54e17a313308',NULL,'','','','','','271|','',0,0,2,'2017-01-14 12:37:52',2,'2017-01-14 12:37:52',NULL,NULL,NULL,NULL),(272,84,0,0,'jbjqjjqk','','0000-00-00 00:00:00',0,'/images/upload/1488796148photo.png','14a0071f6fb36121dd15bfcdc75e56c1',NULL,'','','','','','272|','',0,0,2,'2017-01-14 12:39:03',2,'2017-01-14 12:39:03',NULL,NULL,NULL,NULL),(273,85,0,0,'jnnhb','','0000-00-00 00:00:00',0,'','7775b34168aa4138cd47b9c26678b940',NULL,'','','','','','273|','',0,0,2,'2017-01-14 12:39:55',2,'2017-01-14 12:39:55',NULL,NULL,NULL,NULL),(274,86,184,0,'zeo','','0000-00-00 00:00:00',0,'','46781741e0fc92bac9dade0663f99555',NULL,'276|','275|','','','','274|','',0,0,184,'2017-01-14 15:41:35',184,'2017-01-14 15:41:35',NULL,NULL,NULL,NULL),(275,86,NULL,0,'在线','','0000-00-00 00:00:00',0,'','f169a0a0379bdfc0801be84a05a857f3',NULL,'','','','274|','276|','275|','',-1,0,184,'2017-01-14 15:42:16',184,'2017-01-14 15:42:16',NULL,NULL,NULL,NULL),(276,86,NULL,0,'犹豫','','0000-00-00 00:00:00',1,'','f3106c87433de92d94f5b6f984d2946f',NULL,'','','','274|','275|','','276|',-1,0,184,'2017-01-14 15:42:38',184,'2017-01-14 15:42:38',NULL,NULL,NULL,NULL),(293,89,185,0,'王凯伦','','0000-00-00 00:00:00',0,'/images/upload/1484533799QQ图片20170107101435.jpg','7e7688cd73372796de08d6e3070b6f88',NULL,'294|','395|','','','','293|','',0,0,185,'2017-01-16 10:26:49',185,'2017-01-16 10:26:49',NULL,NULL,NULL,NULL),(294,89,NULL,0,'王康龙','安徽省，六安市','2017-01-10 00:00:00',1,'/images/upload/1484533788图片1.png','00c9ef779fbff0be418210f99212968c',NULL,'','','','293|','395|','','294|',-1,0,185,'2017-01-16 10:28:56',185,'2017-01-16 10:28:56',NULL,NULL,NULL,NULL),(320,92,186,0,'hh','','0000-00-00 00:00:00',0,'','e6dfe9259b190662a0912d401d1deb77',NULL,'330|','','','','','320|','',0,0,186,'2017-01-18 11:20:58',186,'2017-01-18 11:20:58',NULL,NULL,NULL,NULL),(322,93,NULL,0,'周爸','','0000-00-00 00:00:00',1,'/images/upload/1487229019rrgaos29.jpg','ccc7ed872b13bee103af4a7c09d04a8a',NULL,'','','','325|','323|','','322|',-1,0,171,'2017-01-18 17:37:48',171,'2017-01-18 17:37:48',NULL,NULL,NULL,NULL),(323,93,NULL,0,'周妈','','0000-00-00 00:00:00',0,'/images/upload/1487232299test.jpg','b81de882d4ee2316ee48b80e1596edc3',NULL,'','','','325|','322|','323|','',-1,0,171,'2017-01-18 17:37:59',171,'2017-01-18 17:37:59',NULL,NULL,NULL,NULL),(325,93,NULL,0,'周姐','','0000-00-00 00:00:00',0,'/images/upload/1487237619test.jpg','13abe6b97c6cb4f4ab3665cb8d47c226',NULL,'322|','323|','','','328|','325|','',0,0,171,'2017-01-18 17:38:15',171,'2017-01-18 17:38:15',NULL,NULL,NULL,NULL),(326,93,NULL,0,'妻','。。','0000-00-00 00:00:00',0,'','495d0d9e101527b8f918622812fd4183',NULL,'','','','','324|','326|','',0,0,171,'2017-01-18 17:38:30',171,'2017-01-18 17:38:30',NULL,NULL,NULL,NULL),(328,93,NULL,0,'夫','','0000-00-00 00:00:00',1,'','ddcd66674560d83d79744a5d994636ce',NULL,'','','','','325|','','328|',0,0,171,'2017-01-18 17:39:26',171,'2017-01-18 17:39:26',NULL,NULL,NULL,NULL),(330,92,NULL,0,'15','','0000-00-00 00:00:00',1,'','70699b22869575084cc0b3b39cac29a2',NULL,'','','','320|','','','330|',-1,0,186,'2017-01-18 19:56:16',186,'2017-01-18 19:56:16',NULL,NULL,NULL,NULL),(365,94,191,0,'周晓军','','0000-00-00 00:00:00',0,'','802dca426d2f0856f1777b7a3209578f',NULL,'366|','','','','','365|','',0,0,191,'2017-01-31 13:33:09',191,'2017-01-31 13:33:09',NULL,NULL,NULL,NULL),(366,94,NULL,0,'周水生','','0000-00-00 00:00:00',1,'','bfdbbedde25d9cb8d7ccca333f977184',NULL,'367|','','','365|','','','366|',-1,0,191,'2017-01-31 13:33:58',191,'2017-01-31 13:33:58',NULL,NULL,NULL,NULL),(367,94,NULL,0,'周传南','','0000-00-00 00:00:00',1,'','e37916846aa584b03fd23815ff448866',NULL,'','','366|','','','','367|',-2,0,191,'2017-01-31 13:34:36',191,'2017-01-31 13:34:36',NULL,NULL,NULL,NULL),(370,73,NULL,0,'配偶','','2017-02-01 00:00:00',0,'/images/upload/1488875268test.jpg','14fdf225e245a23ee17251a1f4a69667',NULL,'','','','215|','216|','370|','',-1,0,2,'2017-02-13 16:00:36',2,'2017-02-13 16:00:36',NULL,NULL,NULL,NULL),(372,99,200,0,'江','','0000-00-00 00:00:00',0,'/images/upload/14869731632017-01-06 18-26-03屏幕截图.png','78af424a5edef9b058df0c5194699458',NULL,'','','373|','','','372|','',0,0,200,'2017-02-13 16:05:38',200,'2017-02-13 16:05:38',NULL,NULL,NULL,NULL),(373,99,NULL,0,'儿子','','2017-01-31 00:00:00',1,'','a53319451f84d47374578cac38418adb',NULL,'','372|','','','','','373|',1,0,200,'2017-02-13 16:05:56',200,'2017-02-13 16:05:56',NULL,NULL,NULL,NULL),(374,73,NULL,0,'父亲的父亲','','0000-00-00 00:00:00',1,'','4bc658bcee573fcbc3e300f64aae3409',NULL,'376|377|','','216|','','','','374|',-2,0,2,'2017-02-14 17:10:02',2,'2017-02-14 17:10:02',NULL,NULL,NULL,NULL),(376,73,NULL,0,'父亲的父亲的父亲','','0000-00-00 00:00:00',1,'','95235a96f753395440613251147565f1',NULL,'','','374|','','377|','','376|',-3,0,2,'2017-02-14 17:36:50',2,'2017-02-14 17:36:50',NULL,NULL,NULL,NULL),(377,73,NULL,0,'测试同性','','0000-00-00 00:00:00',1,'','5bd3652f0b61c82d6c661f53677a5b30',NULL,'','','374|','','376|','','377|',-3,0,2,'2017-02-15 13:58:30',2,'2017-02-15 13:58:30',NULL,NULL,NULL,NULL),(379,100,185,0,'99','','0000-00-00 00:00:00',0,'','bac17c035f2cf4a1d9f6ddc8a5444cfe',NULL,'','','','','','379|','',0,0,185,'2017-02-17 14:12:30',185,'2017-02-17 14:12:30',NULL,NULL,NULL,NULL),(381,101,NULL,0,'周爸','11','2017-07-14 00:00:00',1,'','b3b631b075b48537b6bf1f8785fc16a5',NULL,'','','384|385|','386|387|','382|','','381|',-1,0,171,'2017-02-17 17:10:39',171,'2017-02-17 17:10:39',NULL,NULL,NULL,NULL),(382,101,NULL,0,'周妈','','0000-00-00 00:00:00',0,'','9c71870ebab44dd0958650ee1980c3d8',NULL,'','','384|385|','386|387|','381|383|','382|','',-1,0,171,'2017-02-17 17:10:54',171,'2017-02-17 17:10:54',NULL,NULL,NULL,NULL),(384,101,NULL,0,'周弟','','0000-00-00 00:00:00',1,'','00199c7533ba6f8de136ff42103a5df2',NULL,'381|','382|','','','','386|387|','384|385|',0,0,171,'2017-02-17 17:11:11',171,'2017-02-17 17:11:11',NULL,NULL,NULL,NULL),(385,101,NULL,0,'周兄','','0000-00-00 00:00:00',1,'','115b767b6ebeb6e79c04d6170ca3a11f',NULL,'381|','382|','389|','390|','388|','386|387|','385|384|',0,0,171,'2017-02-17 17:11:37',171,'2017-02-17 17:11:37',NULL,NULL,NULL,NULL),(386,101,NULL,0,'周姐','','0000-00-00 00:00:00',0,'','f2151635ec8bf636d1b17c3e4abf31a2',NULL,'381|','382|','','','','386|387|','384|385|',0,0,171,'2017-02-17 17:11:45',171,'2017-02-17 17:11:45',NULL,NULL,NULL,NULL),(387,101,NULL,0,'周妹','','0000-00-00 00:00:00',0,'','cfae04fb257e6ac206bc6503198926fc',NULL,'381|','382|','','','','387|386|','384|385|',0,0,171,'2017-02-17 17:11:57',171,'2017-02-17 17:11:57',NULL,NULL,NULL,NULL),(388,101,NULL,0,'妻','','0000-00-00 00:00:00',0,'/images/upload/1487324462test.jpg','01b0874830672cecff945013b3017079',NULL,'','','389|','390|','385|','388|','',0,0,171,'2017-02-17 17:12:21',171,'2017-02-17 17:12:21',NULL,NULL,NULL,NULL),(389,101,NULL,0,'子','','0000-00-00 00:00:00',1,'','f8c4aea21ce341c1c5e2cd2d646cf3cf',NULL,'385|','388|','','','','390|','389|',1,0,171,'2017-02-17 17:13:50',171,'2017-02-17 17:13:50',NULL,NULL,NULL,NULL),(390,101,NULL,0,'女儿','','0000-00-00 00:00:00',0,'','1c9d773d4a5225e5d0db8ba9f8891f14',NULL,'385|','388|','','','','390|','389|',1,0,171,'2017-02-17 17:22:30',171,'2017-02-17 17:22:30',NULL,NULL,NULL,NULL),(391,102,3,0,'赵鑫烜','','0000-00-00 00:00:00',1,'','70a43f43e5d822ab1b8953effeeec3c5',NULL,'392|','458|','','468|','467|','','391|',0,0,3,'2017-02-17 17:39:18',3,'2017-02-17 17:39:18',NULL,NULL,NULL,NULL),(392,102,NULL,0,'赵贵生','','0000-00-00 00:00:00',1,'','82fa5ab84cc7b1005cd69ac10468f577',NULL,'393|','464|','391|','','458|','452|453|454|','392|450|451|',-1,0,3,'2017-02-17 17:39:59',3,'2017-02-17 17:39:59',NULL,NULL,NULL,NULL),(393,102,NULL,0,'赵经国','','0000-00-00 00:00:00',1,'/images/upload/1488882824test.jpg','7926251d42440122008336ad73ec0a0f',NULL,'448|','466|','392|450|451|','452|453|454|','464|','','393|',-2,0,3,'2017-02-17 17:42:17',3,'2017-02-17 17:42:17',NULL,NULL,NULL,NULL),(395,89,NULL,0,'胡家玉','','1976-03-04 00:00:00',0,'','c649589d8d19330e26b9417275a50980',NULL,'','','','293|','294|','395|','',-1,0,185,'2017-02-19 17:30:20',185,'2017-02-19 17:30:20',NULL,NULL,NULL,NULL),(439,106,213,0,'江','111','2017-03-10 00:00:00',1,'','0a4051b4515fb4b07e88d66b3bd44b00',NULL,'441|','','','','','','439|440|',0,0,213,'2017-03-21 15:23:28',213,'2017-03-21 15:23:28',NULL,NULL,NULL,NULL),(440,106,NULL,0,'111','','2017-03-08 00:00:00',1,'','576a7adc98397cef2ad31a88487e068c',NULL,'441|','','','','','','440|439|',0,0,213,'2017-03-21 15:30:35',213,'2017-03-21 15:30:35',NULL,NULL,NULL,NULL),(441,106,NULL,0,'1111','','2017-03-08 00:00:00',1,'','1e5552e4062f9b5a9fa0194836142b48',NULL,'','','439|440|','','','','441|',-1,0,213,'2017-03-21 15:31:08',213,'2017-03-21 15:31:08',NULL,NULL,NULL,NULL),(444,108,207,0,'lv','','0000-00-00 00:00:00',1,'','c0804052c364a402ccb1f56847e5b4ba',NULL,'486|','','','','487|','','444|',0,0,207,'2017-03-23 21:54:08',207,'2017-03-23 21:54:08',NULL,NULL,NULL,NULL),(448,102,NULL,0,'赵池沼','','1900-04-01 00:00:00',1,'','e87e3030642d127463053875ce922004',NULL,'449|','465|','393|','','466|','','448|',-3,0,3,'2017-04-01 22:43:09',3,'2017-04-01 22:43:09',NULL,NULL,NULL,NULL),(449,102,NULL,0,'赵令煌','','1900-04-01 00:00:00',1,'','46d4dac982bf29aac3aa819767627922',NULL,'','','448|','','465|','','449|',-4,0,3,'2017-04-01 22:43:57',3,'2017-04-01 22:43:57',NULL,NULL,NULL,NULL),(450,102,NULL,0,'赵志刚','','1960-04-02 00:00:00',1,'','a82ab8fc85dfaf77d1c7b806a7419471',NULL,'393|','464|','456|457|','','455|','452|453|454|','450|392|451|',-1,0,3,'2017-04-02 08:44:54',3,'2017-04-02 08:44:54',NULL,NULL,NULL,NULL),(451,102,NULL,0,'赵志芳','','1963-04-02 00:00:00',1,'','91f53893e635c79a57676f02e0c338f3',NULL,'393|','464|','','460|','459|','452|453|454|','451|392|450|',-1,0,3,'2017-04-02 08:45:36',3,'2017-04-02 08:45:36',NULL,NULL,NULL,NULL),(452,102,NULL,0,'赵翠英','','1960-04-02 00:00:00',0,'','b7e83e4e99cd77b154a66cfd6139a075',NULL,'393|','464|','462|463|','','461|','452|453|454|','392|450|451|',-1,0,3,'2017-04-02 08:47:01',3,'2017-04-02 08:47:01',NULL,NULL,NULL,NULL),(453,102,NULL,0,'赵英秀','','2017-04-02 00:00:00',0,'','14b3eb1ab704475ea1c6140d3acddbc6',NULL,'393|','464|','472|','471|','470|','453|452|454|','392|450|451|',-1,0,3,'2017-04-02 08:49:22',3,'2017-04-02 08:49:22',NULL,NULL,NULL,NULL),(454,102,NULL,0,'赵兰秀','','2017-04-02 00:00:00',0,'','ebcc3cb03883f4fe1cc5599655565e5f',NULL,'393|','464|','','','','454|452|453|','392|450|451|',-1,0,3,'2017-04-02 08:50:18',3,'2017-04-02 08:50:18',NULL,NULL,NULL,NULL),(455,102,NULL,0,'廖伍秀','','2017-04-02 00:00:00',0,'','045e24dde3084b5ab13b9a4b4d3d6e78',NULL,'','','456|457|','','450|','455|','',-1,0,3,'2017-04-02 08:52:34',3,'2017-04-02 08:52:34',NULL,NULL,NULL,NULL),(456,102,NULL,0,'赵涛','','2017-04-02 00:00:00',1,'','8b533a9d7e51bc8ac478cd20d9a1c112',NULL,'450|','455|','','','484|','','456|457|',0,0,3,'2017-04-02 08:53:12',3,'2017-04-02 08:53:12',NULL,NULL,NULL,NULL),(457,102,NULL,0,'赵龙','','2017-04-02 00:00:00',1,'','734df6628ad844c84e383da676d2ee5f',NULL,'450|','455|','','479|','478|','','457|456|',0,0,3,'2017-04-02 08:53:12',3,'2017-04-02 08:53:12',NULL,NULL,NULL,NULL),(458,102,NULL,0,'李惠英','','2017-04-02 00:00:00',0,'','4e354cc132b44aa1a89e6fcf70386e69',NULL,'','','391|','','392|','458|','',-1,0,3,'2017-04-02 08:54:04',3,'2017-04-02 08:54:04',NULL,NULL,NULL,NULL),(459,102,NULL,0,'李宁秀','','2017-04-02 00:00:00',0,'','5867ec118b75af75cc7d943815e0e683',NULL,'','','','460|','451|','459|','',-1,0,3,'2017-04-02 08:55:00',3,'2017-04-02 08:55:00',NULL,NULL,NULL,NULL),(460,102,265,0,'赵颖','','2017-04-02 00:00:00',0,'','6ab754518df3dbbe1913aac3c57bbb96',NULL,'451|','459|','613|','','480|','460|','',0,0,3,'2017-04-02 08:55:32',3,'2017-04-02 08:55:32',NULL,NULL,NULL,NULL),(461,102,NULL,0,'曾江吉','','2017-04-02 00:00:00',1,'','20d5092fc78bb409dfbf273fb4cef357',NULL,'','','462|463|','','452|','','461|',-1,0,3,'2017-04-02 08:56:54',3,'2017-04-02 08:56:54',NULL,NULL,NULL,NULL),(462,102,220,0,'曾常兵','','1979-02-10 00:00:00',1,'','464abe42433ac3f4d26bd41f72c81cd8',NULL,'461|','452|','','483|','482|','','462|463|',0,0,3,'2017-04-02 08:57:52',3,'2017-04-02 08:57:52',NULL,NULL,NULL,NULL),(463,102,NULL,0,'曾常军','','2017-04-02 00:00:00',1,'','9cea33b2127513f3b5ef8c90a5c6e28f',NULL,'461|','452|','','','481|','','463|462|',0,0,3,'2017-04-02 08:58:28',3,'2017-04-02 08:58:28',NULL,NULL,NULL,NULL),(464,102,NULL,0,'饶观音','','1926-04-10 00:00:00',0,'','6e5c926c230b2f8685e1571682be8b55',NULL,'','','392|450|451|','452|453|454|','393|','464|','',-2,0,3,'2017-04-02 09:01:25',3,'2017-04-02 09:01:25',NULL,NULL,NULL,NULL),(465,102,NULL,0,'李梅','','1900-04-02 00:00:00',0,'','abf1665b90f2eed17a0bbc13df33a553',NULL,'','','448|','','449|','465|','',-4,0,3,'2017-04-02 10:26:28',3,'2017-04-02 10:26:28',NULL,NULL,NULL,NULL),(466,102,NULL,0,'傅罗','','2017-04-02 00:00:00',0,'','5c885b59749bd877743bb1d508dbe79e',NULL,'','','393|','','448|','466|','',-3,0,3,'2017-04-02 11:11:36',3,'2017-04-02 11:11:36',NULL,NULL,NULL,NULL),(467,102,189,0,'廖湘','','1986-11-08 00:00:00',0,'','dea7ef0116342418649f2e50e2a01e83',NULL,'','','','468|','391|','467|','',0,0,3,'2017-04-03 09:28:58',3,'2017-04-03 09:28:58',NULL,NULL,NULL,NULL),(468,102,NULL,0,'赵祎涵','','2014-04-21 00:00:00',0,'','b0fe522d707b1181c1c7ced0124a03e2',NULL,'391|','467|','','','','468|','',1,0,3,'2017-04-03 09:29:41',3,'2017-04-03 09:29:41',NULL,NULL,NULL,NULL),(470,102,NULL,0,'上官明生','','2017-04-05 00:00:00',1,'','7447f017e3382fbc109a2ac53ab4cb6f',NULL,'','','472|','471|','453|','','470|',-1,0,3,'2017-04-05 11:10:10',3,'2017-04-05 11:10:10',NULL,NULL,NULL,NULL),(471,102,NULL,0,'上官小英','','1989-04-05 00:00:00',0,'','0c123a9488d072432ef7ce68fda26a41',NULL,'470|','453|','','477|','476|','471|','472|',0,0,3,'2017-04-05 11:10:40',3,'2017-04-05 11:10:40',NULL,NULL,NULL,NULL),(472,102,NULL,0,'上官赟','','1989-04-05 00:00:00',1,'','d8a9b1c98836d4b828072f26b93c7667',NULL,'470|','453|','','','','471|','472|',0,0,3,'2017-04-05 11:11:06',3,'2017-04-05 11:11:06',NULL,NULL,NULL,NULL),(476,102,0,0,'赖章刚','','1989-06-01 00:00:00',1,'','98c89a849365f4b955f04a8ef13eb359',NULL,'','','','477|','471|','','476|',0,0,3,'2017-04-10 17:43:15',3,'2017-04-10 17:43:15',NULL,NULL,NULL,NULL),(477,102,0,0,'赖菀滴','','2017-01-10 00:00:00',0,'','97550404c786086b4e5aab27b570ebe0',NULL,'476|','471|','','','','477|','',1,0,3,'2017-04-10 17:45:54',3,'2017-04-10 17:45:54',NULL,NULL,NULL,NULL),(478,102,0,0,'江黎黎','','1989-01-10 00:00:00',0,'','3d41409189680f2b2581162ad78c54fe',NULL,'','','','479|','457|','478|','',0,0,3,'2017-04-10 17:47:42',3,'2017-04-10 17:47:42',NULL,NULL,NULL,NULL),(479,102,0,0,'赵晨伊','','2017-01-04 00:00:00',0,'','d1e9a188438b6c1d1f77662058bae20b',NULL,'457|','478|','','','','479|','',1,0,3,'2017-04-10 17:50:25',3,'2017-04-10 17:50:25',NULL,NULL,NULL,NULL),(480,102,0,0,'王雪松','','1985-01-04 00:00:00',1,'','4bc7f958df52c1870b81b02e5fe65a25',NULL,'','','613|','','460|','','480|',0,0,3,'2017-04-10 17:56:40',3,'2017-04-10 17:56:40',NULL,NULL,NULL,NULL),(481,102,0,0,'赵宝丹','','1980-01-04 00:00:00',0,'','e2c0614f3387bef42ce67bf3c3221736',NULL,'','','','','463|','481|','',0,0,3,'2017-04-10 17:58:25',3,'2017-04-10 17:58:25',NULL,NULL,NULL,NULL),(482,102,0,0,'陈小芳','','1980-01-04 00:00:00',0,'','d7f84f5e6486ed7511278e9ed9adcafc',NULL,'','','','483|','462|','482|','',0,0,3,'2017-04-10 17:58:50',3,'2017-04-10 17:58:50',NULL,NULL,NULL,NULL),(483,102,0,0,'曾晨','','2010-01-04 00:00:00',0,'','9ce7588a525d8679c62891f2a77991ea',NULL,'462|','482|','','','','483|','',1,0,3,'2017-04-10 17:59:30',3,'2017-04-10 17:59:30',NULL,NULL,NULL,NULL),(484,102,0,0,'周周','','1986-01-04 00:00:00',0,'','aca7f4a82f20ea231fea383e886e4423',NULL,'','','','','456|','484|','',0,0,3,'2017-04-10 18:01:02',3,'2017-04-10 18:01:02',NULL,NULL,NULL,NULL),(486,108,0,0,'1','1','1996-02-17 00:00:00',1,'','6fc2e004ed9a246009147ae658789d04',NULL,'','','444|','','','','486|',-1,0,207,'2017-04-11 11:11:03',207,'2017-04-11 11:11:03',NULL,NULL,NULL,NULL),(487,108,0,0,'2','2','1996-01-01 00:00:00',0,'','f200d3e335ac76d0917ac8683c96cb72',NULL,'','','','','444|','487|','',0,0,207,'2017-04-11 11:11:19',207,'2017-04-11 11:11:19',NULL,NULL,NULL,NULL),(488,113,207,0,'2','','0000-00-00 00:00:00',1,'','e2a861aee70c1d138720cf28b7c253b7',NULL,'','','','','','','488|',0,0,207,'2017-04-11 11:30:36',207,'2017-04-11 11:30:36',NULL,NULL,NULL,NULL),(489,114,214,0,'周','','0000-00-00 00:00:00',1,'','e6bf1a3260280fe0926737d3601cea78',NULL,'490|','491|','','','','','489|492|',0,0,214,'2017-04-11 15:39:09',214,'2017-04-11 15:39:09',NULL,NULL,NULL,NULL),(490,114,0,0,'周爸','1','1996-01-01 00:00:00',1,'','ef81189483ef5551df7d0e4658a87d60',NULL,'','','489|492|','','491|','','490|',-1,0,214,'2017-04-11 15:39:30',214,'2017-04-11 15:39:30',NULL,NULL,NULL,NULL),(491,114,0,0,'周妈','1','1996-01-01 00:00:00',0,'','15c085efb9011bbc2418981a2607f9ed',NULL,'','','489|492|','','490|','491|','',-1,0,214,'2017-04-11 15:39:55',214,'2017-04-11 15:39:55',NULL,NULL,NULL,NULL),(492,114,0,0,'周兄','1','1996-01-01 00:00:00',1,'/images/upload/1491902268ZEhUw5v5dU0q8QTPo9HEM31F','dacdc13eb9f49767b0314c505a5b3c38',NULL,'490|','491|','','','','','492|489|',0,0,214,'2017-04-11 15:40:54',214,'2017-04-11 15:40:54',NULL,NULL,NULL,NULL),(493,115,226,0,'zhou','=&gt;','2017-04-01 00:00:00',1,'','b7ca9a1ae9298d2a687e628b954cda93',NULL,'','','','','','','493|',0,0,226,'2017-04-19 14:57:52',226,'2017-04-19 14:57:52',NULL,NULL,NULL,NULL),(506,116,214,0,'利济路科技了','','0000-00-00 00:00:00',1,'','d6ca42450250315b4230184c86e0f350',NULL,'','','','','','','506|',0,0,214,'2017-04-19 19:27:29',214,'2017-04-19 19:27:29',NULL,NULL,NULL,NULL),(520,121,2,0,'族长','上海市松江区','2017-06-08 00:00:00',1,'/images/upload/2/1493114665TSeLQiSmT8jhacQtptjwDmG','57b5f0f72523add3b5304cfc98d13558',NULL,'','','521|529|','530|531|','523|','','520|',0,0,2,'2017-04-25 18:05:14',2,'2017-04-25 18:05:14',0,0,'15000895132',''),(521,121,0,0,'哈哈','阿迪达斯的','2017-04-28 00:00:00',1,'/images/upload/2/1493114751HoIZTEGchZKo1f960MXCi1Q4','573ac15ede21a4037d036a726bf5a711',NULL,'520|','523|','','617|','522|','530|531|','521|529|',1,0,2,'2017-04-25 18:06:02',2,'2017-04-25 18:06:02',NULL,NULL,NULL,NULL),(522,121,0,0,'配偶','大啊手动','2017-04-20 00:00:00',0,'/images/upload/2/1493115000BFQwsNgr7ikLKysPmx0azCQA','5b872a5aa7f16907ebcb014e2346ffa6',NULL,'','','','617|','521|','522|','',1,0,2,'2017-04-25 18:10:10',2,'2017-04-25 18:10:10',NULL,NULL,NULL,NULL),(523,121,0,0,'族母','哈哈哈','2017-04-27 00:00:00',0,'/images/upload/2/1493115272vHkWx0SJrEr0tTiaNVPAhssb','8f8561339088b39918e82f0a787b022a',NULL,'','','521|529|','530|531|','520|','523|','',0,0,2,'2017-04-25 18:14:42',2,'2017-04-25 18:14:42',NULL,NULL,NULL,NULL),(524,122,227,0,'1','','0000-00-00 00:00:00',0,'','060018ebd29992809a12258a2fdc4d5d',NULL,'525|526|','','','','','524|','',0,0,227,'2017-04-26 10:48:06',227,'2017-04-26 10:48:06',NULL,NULL,NULL,NULL),(525,122,0,0,'1','1','1996-02-16 00:00:00',1,'','76d1eb767fd0fef55289817b2d662b33',NULL,'','','','524|','','','525|',-1,0,227,'2017-04-26 10:48:19',227,'2017-04-26 10:48:19',NULL,NULL,NULL,NULL),(526,122,0,0,'2','2','1996-01-01 00:00:00',1,'','f8003852ac045323c0355ab1348f63b0',NULL,'','','','524|','','','526|',-1,0,227,'2017-04-26 10:48:30',227,'2017-04-26 10:48:30',NULL,NULL,NULL,NULL),(529,121,231,0,'兄弟','哈哈哈','2017-04-05 00:00:00',1,'/images/upload/2/1493176918Jm2RdayW4CXsklzI9XJyJ46J','dd2f9aa962fd26769974967aa0010470',NULL,'520|','523|','','','533|','530|531|','529|521|',1,0,2,'2017-04-26 11:22:43',2,'2017-04-26 11:22:43',NULL,NULL,NULL,NULL),(530,121,0,0,'姐妹','哈哈哈','2017-03-29 00:00:00',0,'/images/upload/2/14931769788kmtzeOQQND23oAT1fCh0zSs','6bfdb073e253e97e731dc648fa05a465',NULL,'520|','523|','','','','530|531|','521|529|',1,0,2,'2017-04-26 11:23:06',2,'2017-04-26 11:23:06',NULL,NULL,NULL,NULL),(531,121,0,0,'姐妹','哈哈哈','2017-03-29 00:00:00',0,'/images/upload/2/14931769788kmtzeOQQND23oAT1fCh0zSs','d64722839767ad64d473f444779e985b',NULL,'520|','523|','','','','531|530|','521|529|',1,0,2,'2017-04-26 11:23:25',2,'2017-04-26 11:23:25',NULL,NULL,NULL,NULL),(532,121,0,1,'张大山','该广告','2017-04-07 00:00:00',1,'/images/upload/2/1493177037Qn3uz59d0qIEylOKC4txwt1S','f7b43c7cd9366ec8ae6664588bb3c1ce',NULL,'','','','','531|','','',1,0,2,'2017-04-26 11:24:05',2,'2017-04-26 11:24:05',NULL,NULL,NULL,NULL),(533,121,269,0,'泮宫催','哈哈哈','2017-04-19 00:00:00',0,'/images/upload/2/1493177067yMORf0yC2nQdWLhwGKR0iya','274ced21d2817e2b1702c68466023514',NULL,'','','','','529|','533|','',1,0,2,'2017-04-26 11:24:35',2,'2017-04-26 11:24:35',NULL,NULL,NULL,NULL),(534,123,231,0,'贾演','','0000-00-00 00:00:00',1,'/assets/imgs/family/1.jpg','92dcc300cdfbaeca52ca3ac444531e42',NULL,'535|','','536|','','','','534|',0,0,231,'2017-04-26 14:25:21',231,'2017-04-26 14:25:21',NULL,NULL,NULL,NULL),(535,123,0,0,'宁国公','贾府','2017-04-05 00:00:00',1,'/images/upload/231/1493187976QQWlfKSxqlto9_15fXlAKRFB','7d7f450738c5faf9f943cdf1b445d871',NULL,'','','534|','','','','535|',-1,0,231,'2017-04-26 14:26:24',231,'2017-04-26 14:26:24',NULL,NULL,NULL,NULL),(536,123,0,0,'贾代化','贾府','2017-04-12 00:00:00',1,'/images/upload/231/1493188018OSSMHCMzAdICZW_zCZlTEfL3','30b2f1d69b19dcbeff4843bd16a7ee60',NULL,'534|','','537|538|','','','','536|',1,0,231,'2017-04-26 14:26:59',231,'2017-04-26 14:26:59',NULL,NULL,NULL,NULL),(537,123,0,0,'贾敷','贾府','2017-04-20 00:00:00',1,'/images/upload/231/1493188042t2tWCIJqwv2yyq7psn0JnAAQ','a65dd54fdc6a6d01c5769658f01cbb59',NULL,'536|','','','','','','537|538|',2,0,231,'2017-04-26 14:27:31',231,'2017-04-26 14:27:31',NULL,NULL,NULL,NULL),(538,123,0,0,'贾敬','贾府','2017-04-18 00:00:00',1,'/images/upload/231/1493188088PtPsIzvrPKWUmaLQfnYMJdm','e2e5609d88307680128aac9780d6d597',NULL,'536|','','539|','540|','','','538|537|',2,0,231,'2017-04-26 14:28:14',231,'2017-04-26 14:28:14',NULL,NULL,NULL,NULL),(539,123,0,0,'贾珍','贾府','2017-04-11 00:00:00',1,'/images/upload/231/1493188155oAmkUa_KYonA20LjIhoBJcLH','169aee46c1c566d2c0c1be5e9918ec76',NULL,'538|','','541|','','','540|','539|',3,0,231,'2017-04-26 14:29:35',231,'2017-04-26 14:29:35',NULL,NULL,NULL,NULL),(540,123,0,0,'贾惜春','贾府','2017-04-02 00:00:00',0,'/images/upload/231/1493188199r_Ulinj7cetrYjZmFrLPpNVE','4612ad774f132cd068f9ec3921fb7143',NULL,'538|','','','','','540|','539|',3,0,231,'2017-04-26 14:30:05',231,'2017-04-26 14:30:05',NULL,NULL,NULL,NULL),(541,123,0,0,'贾蓉','贾府','2017-03-27 00:00:00',1,'/images/upload/231/1493188230kBsdcv2zFdi8dlq7FZhd1EZ','e875a461ba4b1842ea24cde6ae0fa594',NULL,'539|','','','','542|','','541|',4,0,231,'2017-04-26 14:30:46',231,'2017-04-26 14:30:46',NULL,NULL,NULL,NULL),(542,123,0,0,'秦可卿','贾府','2017-04-20 00:00:00',0,'/images/upload/231/1493188285Nl2QTFgSWMi1aFV0G9TRHrlw','a9b07aedf19ca1d79979445e8e8ab1a1',NULL,'','','','','541|','542|','',4,0,231,'2017-04-26 14:31:35',231,'2017-04-26 14:31:35',NULL,NULL,NULL,NULL),(545,126,171,0,'周','','0000-00-00 00:00:00',1,'','fd7979f3650be9e05e9c21e690a07e88',NULL,'','','','','','','545|',0,0,171,'2017-05-09 15:59:05',171,'2017-05-09 15:59:05',NULL,NULL,NULL,NULL),(547,128,171,0,'周','','0000-00-00 00:00:00',1,'','1caac7f645e42ec03fcdab9e2ca15e4e',NULL,'558|','563|','','','','565|','547|564|',0,0,171,'2017-05-09 16:29:54',171,'2017-05-09 16:29:54',NULL,NULL,NULL,NULL),(558,128,0,0,'周爸','？？？？','1998-02-01 00:00:00',1,'','aa3ed5650b0280c1ca53ff7a448bde1d',NULL,'566|','','547|564|','565|','563|','','558|',-1,0,171,'2017-05-09 17:43:56',171,'2017-05-09 17:43:56',NULL,NULL,NULL,NULL),(563,128,0,0,'周妈','！！！','1996-01-01 00:00:00',0,'','26ff3cb9f4714a03bfc5ff265b01608a',NULL,'','','547|564|','565|','558|','563|','',-1,0,171,'2017-05-09 18:36:31',171,'2017-05-09 18:36:31',NULL,NULL,NULL,NULL),(564,128,0,0,'周兄','，，，','1996-01-01 00:00:00',1,'','00a96be8ed63c889c7b50b904bab66d8',NULL,'558|','563|','','','','565|','564|547|',0,0,171,'2017-05-09 18:37:50',171,'2017-05-09 18:37:50',NULL,NULL,NULL,NULL),(565,128,0,0,'周姐','。。','1996-01-01 00:00:00',0,'','ad570b7637bc66ae6b5a6ba1f2c4db7b',NULL,'558|','563|','','','','565|','547|564|',0,0,171,'2017-05-09 18:38:36',171,'2017-05-09 18:38:36',NULL,NULL,NULL,NULL),(566,128,0,0,'爷爷','，，，','1996-01-01 00:00:00',1,'','f883b70773a13fc9e424ccebbb2442e5',NULL,'','','558|','','','','566|',-2,0,171,'2017-05-09 18:39:19',171,'2017-05-09 18:39:19',NULL,NULL,NULL,NULL),(567,137,2,0,'jiang','人民北路','2017-05-11 00:00:00',1,'/images/upload/2/137/14945579182Rx931eoQJR5LTCkTy48Xsjg','a770523a5f21336c50dd5ba08900f943',NULL,'','','','614|615|','','','567|',0,0,2,'2017-05-10 10:16:41',2,'2017-05-10 10:16:41',2,0,'13800909393','1111111'),(570,137,0,1,'啊啊','啊啊啊','2017-05-11 00:00:00',1,'/images/upload/2/1494384221_it0nxQISiPUHLUlJtkca_xB','d8b135772a4f43ea493167052894be3d',NULL,'567|','','','','','','',1,0,2,'2017-05-10 10:43:47',2,'2017-05-10 10:43:47',NULL,NULL,NULL,NULL),(571,138,3,0,'赵鑫烜','','1986-04-28 00:00:00',1,'/images/upload/3/1494411880N3kcF47fCVpBcwLdELaq1NlR','998006187628bdc573d5795050d0012a',NULL,'573|','572|','','605|','604|','','571|',0,0,3,'2017-05-10 17:41:59',3,'2017-05-10 17:41:59',NULL,NULL,NULL,NULL),(572,138,0,0,'李惠英','','1963-04-26 00:00:00',0,'/images/upload/3/1494409394pFyWv7LqLUE6oFgr3FEigYxR','23a3e81613c24ca8067455c535890129',NULL,'574|','575|','571|','','573|','572|576|577|578|579|580|582|583|','581|',-1,0,3,'2017-05-10 17:44:23',3,'2017-05-10 17:44:23',NULL,NULL,NULL,NULL),(573,138,0,0,'赵贵生','','1965-08-26 00:00:00',1,'/images/upload/3/1494409491aHLkD4JgDEMKnbugQBFuR4yv','4d11a26f5325b075f57ef4e23902e354',NULL,'','','571|','','572|','','573|',-1,0,3,'2017-05-10 17:45:12',3,'2017-05-10 17:45:12',NULL,NULL,NULL,NULL),(574,138,0,0,'李发桂','','1948-01-01 00:00:00',1,'/images/upload/3/1494409576IQLFmA8wgTQTYx8zaVix4MOV','2c0d51d977c6eb2af8814f4d51bf13d0',NULL,'','','581|','572|576|577|578|579|580|582|583|','575|','','574|',-2,0,3,'2017-05-10 17:46:36',3,'2017-05-10 17:46:36',NULL,NULL,NULL,NULL),(575,138,0,0,'陈淑贞','','1948-01-02 00:00:00',0,'/images/upload/3/1494409635msnbwVHdKqT40AfTo7QWfn4','6f4fed38b39c0991978ffb6b9094c17c',NULL,'','','581|','572|576|577|578|579|580|582|583|','574|','575|','',-2,0,3,'2017-05-10 17:47:32',3,'2017-05-10 17:47:32',NULL,NULL,NULL,NULL),(576,138,0,0,'李惠芳','','1960-01-01 00:00:00',0,'/images/upload/3/14944097048FCdqp6MRtYmmDA42r91rJhj','774243e20826eeb19093bafa3b81a3e2',NULL,'574|','575|','592|593|','','584|','576|577|578|579|580|582|583|','572|581|',-1,0,3,'2017-05-10 17:48:49',3,'2017-05-10 17:48:49',NULL,NULL,NULL,NULL),(577,138,0,0,'李惠兰','','1966-01-01 00:00:00',0,'/images/upload/3/14944097936o81Ev6M9I_A64lXyhhUVRZY','2f7a0f4561f70104a5e831363e060c0a',NULL,'574|','575|','594|','','585|','577|578|579|580|582|583|','576|572|581|',-1,0,3,'2017-05-10 17:50:09',3,'2017-05-10 17:50:09',NULL,NULL,NULL,NULL),(578,138,0,0,'李惠莲','','1968-01-01 00:00:00',0,'/images/upload/3/1494409851h6ZJQe0XD8YfE20OL_nR3IMB','1a691150bdb3da13140ba67eab598451',NULL,'574|','575|','596|','595|','586|','578|579|580|582|583|','577|576|572|581|',-1,0,3,'2017-05-10 17:51:06',3,'2017-05-10 17:51:06',NULL,NULL,NULL,NULL),(579,138,0,0,'李惠珍','','1970-01-01 00:00:00',0,'/images/upload/3/1494409894_2uUUsQ9zNSn0TiDfSEhTr0','d21061749cce16670675c549deee6942',NULL,'574|','575|','597|','','587|','579|580|582|583|','578|577|576|572|581|',-1,0,3,'2017-05-10 17:51:52',3,'2017-05-10 17:51:52',NULL,NULL,NULL,NULL),(580,138,0,0,'李惠华','','1971-01-01 00:00:00',0,'/images/upload/3/1494409939RORVuCusEZkxp9GZWxlXoDzo','64a5764bded4f5dbcda739b9f7ae32d0',NULL,'574|','575|','598|','','588|','580|582|583|','579|578|577|576|572|581|',-1,0,3,'2017-05-10 17:52:32',3,'2017-05-10 17:52:32',NULL,NULL,NULL,NULL),(581,138,192,0,'李建宁','','1973-01-01 00:00:00',1,'/images/upload/3/1494409967Tp18hs96e_0IBu9eruLRDpOy','d7413cc1a0dc116fe13b43efb52d7384',NULL,'574|','575|','601|','599|600|','589|','580|582|583|','581|579|578|577|576|572|',-1,0,3,'2017-05-10 17:52:58',3,'2017-05-10 17:52:58',NULL,NULL,NULL,NULL),(582,138,194,0,'李惠萍','','1975-01-01 00:00:00',0,'/images/upload/3/1494410007X7ujL1ICrJLIaUPoTP5shfGJ','986724216225049fa4ea61fa4cae6e11',NULL,'574|','575|','602|','','590|','582|580|583|','581|579|578|577|576|572|',-1,0,3,'2017-05-10 17:53:43',3,'2017-05-10 17:53:43',NULL,NULL,NULL,NULL),(583,138,0,0,'李惠琳','','1979-04-12 00:00:00',0,'/images/upload/3/1494410049JpzlPmUKtm2dnKPOszuCrhj','5fcb0da54b49d976cf584f0b04d9e33d',NULL,'574|','575|','603|','610|','591|','583|580|','582|581|579|578|577|576|572|',-1,0,3,'2017-05-10 17:54:26',3,'2017-05-10 17:54:26',NULL,NULL,NULL,NULL),(584,138,0,0,'周水生','','1960-01-01 00:00:00',1,'/images/upload/3/14944101350fbsxaMCfv_zW3BKHZmGdI6Q','4b1d2e394fe18f3746838fd0c6836a39',NULL,'','','592|593|','','576|','','584|',-1,0,3,'2017-05-10 17:55:47',3,'2017-05-10 17:55:47',NULL,NULL,NULL,NULL),(585,138,0,0,'孙燕林','','1966-01-01 00:00:00',1,'/images/upload/3/14944101835MOdezOePZHk7rXmXWWSZvAF','dde1c4483661e68a537d001ec8952b90',NULL,'','','594|','','577|','','585|',-1,0,3,'2017-05-10 17:56:36',3,'2017-05-10 17:56:36',NULL,NULL,NULL,NULL),(586,138,0,0,'温舰生','','1967-01-01 00:00:00',1,'/images/upload/3/1494410268sXjGEquKbgXpQJEDGjYOLT9H','08dea0d5e5b7bfa4398b358a4de53083',NULL,'','','596|','595|','578|','','586|',-1,0,3,'2017-05-10 17:58:03',3,'2017-05-10 17:58:03',NULL,NULL,NULL,NULL),(587,138,0,0,'曾昌文','','1975-01-01 00:00:00',1,'/images/upload/3/1494410306N3xLz5o1IFF78niojIc0kPH','b898275558f0fcf2e12cb714f6fa0a50',NULL,'','','597|','','579|','','587|',-1,0,3,'2017-05-10 17:58:41',3,'2017-05-10 17:58:41',NULL,NULL,NULL,NULL),(588,138,0,0,'曾松林','','1972-07-02 00:00:00',1,'/images/upload/3/1494410349EMuoDE3pHA9fGxeHeUll0IEp','8af265976efaec28d4b321ae6b020a81',NULL,'','','598|','','580|','','588|',-1,0,3,'2017-05-10 17:59:24',3,'2017-05-10 17:59:24',NULL,NULL,NULL,NULL),(589,138,190,0,'彭红群','','1980-01-01 00:00:00',0,'/images/upload/3/14944103970kC1FqIhabFOPIbvhkKXSZC4','8e944eb5d493d0d588a0b9cad399f71a',NULL,'','','601|','599|600|','581|','589|','',-1,0,3,'2017-05-10 18:00:10',3,'2017-05-10 18:00:10',NULL,NULL,NULL,NULL),(590,138,0,0,'邓文海','','1977-07-07 00:00:00',1,'/images/upload/3/1494410445RXqSE2gEnSF0gmhqxXdlEpQV','41c68642449a30c29843e3c21eab1a21',NULL,'','','602|','','582|','','590|',-1,0,3,'2017-05-10 18:00:58',3,'2017-05-10 18:00:58',NULL,NULL,NULL,NULL),(591,138,193,0,'卢辉','','1979-01-01 00:00:00',1,'/images/upload/3/1494410564JzQAwrFmn3c5tEsjhtAELa','37305fd9fd6903b108807f5c9c207ae1',NULL,'','','603|','610|','583|','','591|',-1,0,3,'2017-05-10 18:02:53',3,'2017-05-10 18:02:53',NULL,NULL,NULL,NULL),(592,138,0,0,'周晓军','','1979-08-08 00:00:00',1,'/images/upload/3/1494410594GcviBkcjT0TnrxKOAXOGoq7H','a014a011c26feb5c52ae1d4f7ddd1b79',NULL,'584|','576|','607|','','606|','','592|593|',0,0,3,'2017-05-10 18:03:29',3,'2017-05-10 18:03:29',NULL,NULL,NULL,NULL),(593,138,0,0,'周晓欢','','1980-07-07 00:00:00',1,'/images/upload/3/1494410630IAgkjfuZr_g1isk9tcxVJfIi','e903e0b3e0764176775232683fc071bc',NULL,'584|','576|','609|','','608|','','593|592|',0,0,3,'2017-05-10 18:04:06',3,'2017-05-10 18:04:06',NULL,NULL,NULL,NULL),(594,138,195,0,'孙冰','','1989-01-02 00:00:00',1,'/images/upload/3/1494410705auYzV3fBDvVXLoVamacEDxO4','2b59f1451985764677adf85d91c8bb03',NULL,'585|','577|','','','','','594|',0,0,3,'2017-05-10 18:05:19',3,'2017-05-10 18:05:19',NULL,NULL,NULL,NULL),(595,138,0,0,'温宏','','1996-02-02 00:00:00',0,'/images/upload/3/1494410737Jk_rAGJL9Gi2JyEl1yhMWaXh','f1c688b78eb945e1ad11de010f4cb225',NULL,'586|','578|','','','','595|','596|',0,0,3,'2017-05-10 18:05:59',3,'2017-05-10 18:05:59',NULL,NULL,NULL,NULL),(596,138,0,0,'温群','','2002-03-03 00:00:00',1,'/images/upload/3/1494410789k7WXEJ0m2_OCEvmOaFRTbtdc','27a2b251906338d9edcf5a5b5e568c29',NULL,'586|','578|','','','','595|','596|',0,0,3,'2017-05-10 18:06:54',3,'2017-05-10 18:06:54',NULL,NULL,NULL,NULL),(597,138,0,0,'曾义杰','','2006-06-06 00:00:00',1,'/images/upload/3/14944108410uZXFVcZ17UGQU0STPtwiPit','6d36a2df53ae17e7352dfec90149226b',NULL,'587|','579|','','','','','597|',0,0,3,'2017-05-10 18:07:46',3,'2017-05-10 18:07:46',NULL,NULL,NULL,NULL),(598,138,0,0,'曾宇乔','','1998-07-07 00:00:00',1,'/images/upload/3/1494410889t7kEByRC1OxGHKEJRwnGpoxh','c0ea736dd8ed942a5456f0eac4d3f41d',NULL,'588|','580|','','','','','598|',0,0,3,'2017-05-10 18:08:31',3,'2017-05-10 18:08:31',NULL,NULL,NULL,NULL),(599,138,0,0,'李杰懿','','1999-05-02 00:00:00',0,'/images/upload/3/1494410933bNtP3XgbfUNOJnQwUucD6Vt','a91cffc30ee5d4b7303bb8f7b07c8442',NULL,'581|','589|','','','','599|600|','601|',0,0,3,'2017-05-10 18:09:04',3,'2017-05-10 18:09:04',NULL,NULL,NULL,NULL),(600,138,0,0,'李铭忆','','2003-12-12 00:00:00',0,'/images/upload/3/1494411226Dh71FFiQF3is6dIitB3fjq3Q','1da3d6f46acd714f0099eb7e087c127f',NULL,'581|','589|','','','','600|599|','601|',0,0,3,'2017-05-10 18:14:47',3,'2017-05-10 18:14:47',NULL,NULL,NULL,NULL),(601,138,0,0,'李章鑫','','2006-05-05 00:00:00',1,'/images/upload/3/1494411343jy0WEWngbvhQ8AENDXeK8X1B','f2cb6f5e1f63197a5a49e036d8ce8482',NULL,'581|','589|','','','','599|600|','601|',0,0,3,'2017-05-10 18:16:03',3,'2017-05-10 18:16:03',NULL,NULL,NULL,NULL),(602,138,0,0,'邓睿骐','','2004-05-05 00:00:00',1,'/images/upload/3/1494411381w4RQuUENrFI4A3kMyCBHbetO','1eb426f673488cc522a255cc63cc256e',NULL,'590|','582|','','','','','602|',0,0,3,'2017-05-10 18:16:36',3,'2017-05-10 18:16:36',NULL,NULL,NULL,NULL),(603,138,0,0,'卢宏豪','','2002-01-01 00:00:00',1,'/images/upload/3/14944114329HxhCyS7CIY5BAT0ez4PDpz9','f9de71407bac025e664c863488949dfc',NULL,'591|','583|','','','','610|','603|',0,0,3,'2017-05-10 18:17:45',3,'2017-05-10 18:17:45',NULL,NULL,NULL,NULL),(604,138,189,0,'廖湘','','1986-11-08 00:00:00',0,'/images/upload/3/149441149108Rbmi_v_wNB2DIFjELVdDVs','f4e6714d705aaf1f8ad4b9cd0ef789f3',NULL,'','','','605|','571|','604|','',0,0,3,'2017-05-10 18:18:21',3,'2017-05-10 18:18:21',NULL,NULL,NULL,NULL),(605,138,0,0,'赵祎涵','','2014-04-21 00:00:00',0,'/images/upload/3/1494411528a_fOnOYoXNzh4xN22yD4akKt','eca9b10d9877a8c8d89c7cce67188c72',NULL,'571|','604|','','','','605|','',1,0,3,'2017-05-10 18:19:01',3,'2017-05-10 18:19:01',NULL,NULL,NULL,NULL),(606,138,0,0,'刘心怡','','1982-01-01 00:00:00',0,'/images/upload/3/1494411591Ztnb4gDfeT1CF__BLySP4DS6','7c64771b8120727ea50f4b5406cb456e',NULL,'','','607|','','592|','606|','',0,0,3,'2017-05-10 18:20:05',3,'2017-05-10 18:20:05',NULL,NULL,NULL,NULL),(607,138,0,0,'周子渊','','2011-02-02 00:00:00',1,'/images/upload/3/14944116229tajOVNLn8XspyHDpJe3HcEr','b65f8b829d8e9ab54dcc2a538326a85a',NULL,'592|','606|','','','','','607|',1,0,3,'2017-05-10 18:20:54',3,'2017-05-10 18:20:54',NULL,NULL,NULL,NULL),(608,138,0,0,'谈荣慧','','1983-05-05 00:00:00',0,'/images/upload/3/1494411670LvfP65Vgz4Al_m5lu0NUztwZ','0559d0dca8b3c43c5bced0e4f7c01b9b',NULL,'','','609|','','593|','608|','',0,0,3,'2017-05-10 18:21:23',3,'2017-05-10 18:21:23',NULL,NULL,NULL,NULL),(609,138,0,0,'周思琪','','2012-09-30 00:00:00',1,'/images/upload/3/1494411760aK1SXFiG9xugCnw9s5vqrBMW','d9c14f94db657f728c530056b9cebe1b',NULL,'593|','608|','','','','','609|',1,0,3,'2017-05-10 18:23:09',3,'2017-05-10 18:23:09',NULL,NULL,NULL,NULL),(610,138,0,0,'卢锦玥','','2016-12-12 00:00:00',0,'/images/upload/3/1494411846CxO9_i69180YNiDWP5bqtHAV','c7697031b80ba273a972f57b24642fd7',NULL,'591|','583|','','','','610|','603|',0,0,3,'2017-05-10 18:24:22',3,'2017-05-10 18:24:22',NULL,NULL,NULL,NULL),(611,139,260,0,'王凯伦','','0000-00-00 00:00:00',1,'/assets/imgs/family/1.jpg','8029f38672214d3199d13ed14c2533a3',NULL,'','','','','','','611|',0,0,260,'2017-05-11 13:06:32',260,'2017-05-11 13:06:32',NULL,NULL,NULL,NULL),(612,140,184,0,'dads','dadada','2017-05-05 00:00:00',0,'/assets/imgs/family/7.jpg','8542b0a3e1bd56e052cbfe9f98b52d06',NULL,'','','','','','612|','',0,0,184,'2017-05-11 18:37:41',184,'2017-05-11 18:37:41',NULL,NULL,NULL,NULL),(613,102,0,0,'王霄苒','','2011-11-10 00:00:00',1,'','b41937a10c455460f124ae438219c6cc',NULL,'480|','460|','','','','','613|',1,0,265,'2017-05-12 17:08:45',265,'2017-05-12 17:08:45',NULL,NULL,NULL,NULL),(614,137,0,0,'哈哈','啊啊','2017-05-17 00:00:00',0,'/images/upload/2/137/1496715702A0oq8FBT4XYse9I9vMQjX4mK','672f398efce56a693a35693351b9d994',NULL,'567|','','618|','','','614|','',1,0,2,'2017-05-18 18:37:33',2,'2017-05-18 18:37:33',NULL,NULL,NULL,NULL),(615,137,0,0,'哈哈','啊啊','2017-05-17 00:00:00',0,'/images/upload/2/137/1496715712OgOjBADaAAJEaBI6x8lHRva','a2365ed5dba608aac7b2ffcd7d439ac0',NULL,'567|','','','','','615|','',1,0,2,'2017-05-18 18:37:33',2,'2017-05-18 18:37:33',NULL,NULL,NULL,NULL),(616,137,0,1,'啊啊啊','啊啊','2017-05-13 00:00:00',0,'/images/upload/2/137/1495104617aEJKFWwWxih9sRJkp0uYqG7L','f2c53f944e17be27175a1d8f0309305a',NULL,'','614|','','','','','',2,0,2,'2017-05-18 18:50:31',2,'2017-05-18 18:50:31',NULL,NULL,NULL,NULL),(617,121,0,0,'女儿','单独','2017-05-11 00:00:00',0,'/images/upload/2/121/1496209592lL_pYtJq4ndpffiABcgPSeF','521de56036f42ddcef0c9fcd0bd8d6df',NULL,'521|','522|','','','','617|','',2,0,2,'2017-05-31 13:46:33',2,'2017-05-31 13:46:33',1,0,'15000000000','111111111'),(618,137,0,0,'儿子','欧洲','2017-06-09 00:00:00',1,'/images/upload/2/137/1496715910EPjxo0vlT0r2bY8aXJ8ESCmY','bcb95ce2ab8dbeb392179dd86eefaa01',NULL,'','614|','','','','','618|',2,0,2,'2017-06-06 10:25:23',2,'2017-06-06 10:25:23',2,0,'11111111111','1111');
/*!40000 ALTER TABLE `gener_person` ENABLE KEYS */;
UNLOCK TABLES;

--
-- Table structure for table `gener_personDetail`
--

DROP TABLE IF EXISTS `gener_personDetail`;
/*!40101 SET @saved_cs_client     = @@character_set_client */;
/*!40101 SET character_set_client = utf8 */;
CREATE TABLE `gener_personDetail` (
  `id` int(10) unsigned NOT NULL AUTO_INCREMENT,
  `personId` int(11) NOT NULL,
  `userId` int(11) NOT NULL,
  `info` varchar(20) COLLATE utf8mb4_unicode_ci NOT NULL,
  `type` int(11) NOT NULL COMMENT 'type代表Info保存的信息,比如1代表技能skill,2代表爱好favorite,',
  `create_time` datetime NOT NULL,
  `create_by` int(11) NOT NULL,
  `update_time` datetime NOT NULL,
  `update_by` int(11) NOT NULL,
  PRIMARY KEY (`id`),
  UNIQUE KEY `personId` (`personId`,`info`,`type`)
) ENGINE=InnoDB AUTO_INCREMENT=23 DEFAULT CHARSET=utf8mb4 COLLATE=utf8mb4_unicode_ci;
/*!40101 SET character_set_client = @saved_cs_client */;

--
-- Dumping data for table `gener_personDetail`
--

LOCK TABLES `gener_personDetail` WRITE;
/*!40000 ALTER TABLE `gener_personDetail` DISABLE KEYS */;
INSERT INTO `gener_personDetail` VALUES (1,474,2,'钓鱼',1,'2017-04-12 16:58:35',2,'2017-04-12 16:58:35',2),(2,474,2,'游泳',1,'2017-04-12 16:59:07',2,'2017-04-12 16:59:07',2),(3,474,0,'做饭',1,'2017-04-12 17:00:28',0,'2017-04-12 17:00:28',0),(4,148,0,'钓鱼',1,'2017-04-12 17:33:46',0,'2017-04-12 17:33:46',0),(5,474,0,'睡觉',2,'2017-04-12 17:59:02',0,'2017-04-12 17:59:02',0),(6,474,0,'吃饭',2,'2017-04-12 17:59:42',0,'2017-04-12 17:59:42',0),(8,474,0,'长跑',1,'2017-04-12 18:06:31',0,'2017-04-12 18:06:31',0),(9,428,0,'射击',1,'2017-04-12 18:17:38',0,'2017-04-12 18:17:38',0),(10,148,0,'游泳',2,'2017-04-12 18:38:53',0,'2017-04-12 18:38:53',0),(11,211,169,'测试',1,'2017-04-13 11:02:12',0,'2017-04-13 11:02:12',0),(14,428,0,'读书',2,'2017-04-13 12:08:26',2,'2017-04-13 12:08:26',2),(15,368,2,'111',1,'2017-04-24 15:39:53',2,'2017-04-24 15:39:53',2),(16,505,0,'erer',1,'2017-04-25 10:40:27',171,'2017-04-25 10:40:27',171),(17,505,0,'erere',2,'2017-04-25 10:40:30',171,'2017-04-25 10:40:30',171),(18,567,2,'啊啊啊啊',1,'2017-05-16 12:23:37',2,'2017-05-16 12:23:37',2),(19,567,2,'身上的发送到发送到发送到',2,'2017-05-16 12:23:43',2,'2017-05-16 12:23:43',2),(20,617,0,'钓鱼',1,'2017-06-01 10:55:52',2,'2017-06-01 10:55:52',2),(21,617,0,'吃饭',2,'2017-06-01 10:55:57',2,'2017-06-01 10:55:57',2),(22,520,2,'能吃',1,'2017-06-01 17:54:38',2,'2017-06-01 17:54:38',2);
/*!40000 ALTER TABLE `gener_personDetail` ENABLE KEYS */;
UNLOCK TABLES;

--
-- Table structure for table `gener_significantEvent`
--

DROP TABLE IF EXISTS `gener_significantEvent`;
/*!40101 SET @saved_cs_client     = @@character_set_client */;
/*!40101 SET character_set_client = utf8 */;
CREATE TABLE `gener_significantEvent` (
  `id` int(30) NOT NULL AUTO_INCREMENT,
  `personId` int(30) unsigned NOT NULL,
  `userId` int(30) NOT NULL,
  `iconograph` varchar(255) COLLATE utf8mb4_unicode_ci NOT NULL,
  `familyId` int(30) DEFAULT NULL,
  `type` int(11) NOT NULL COMMENT '事件类型，1是大事件，2是秘密事件',
  `open_time` date DEFAULT NULL COMMENT '如果是秘密事件，则有一个公开时间的属性',
  `exp_time` date NOT NULL,
  `exp_name` varchar(100) CHARACTER SET utf8mb4 NOT NULL,
  `exp_content` text CHARACTER SET utf8mb4 NOT NULL,
  `write_mode` int(10) NOT NULL,
  `participate_num` int(11) NOT NULL DEFAULT '1',
  `version` int(11) NOT NULL DEFAULT '1',
  `create_time` datetime NOT NULL,
  `create_by` int(30) NOT NULL,
  `update_time` datetime NOT NULL,
  `update_by` int(30) NOT NULL,
  PRIMARY KEY (`id`),
  KEY `fk_gener_significantEvent_person_idx` (`personId`)
) ENGINE=InnoDB AUTO_INCREMENT=284 DEFAULT CHARSET=utf8mb4 COLLATE=utf8mb4_unicode_ci;
/*!40101 SET character_set_client = @saved_cs_client */;

--
-- Dumping data for table `gener_significantEvent`
--

LOCK TABLES `gener_significantEvent` WRITE;
/*!40000 ALTER TABLE `gener_significantEvent` DISABLE KEYS */;
INSERT INTO `gener_significantEvent` VALUES (282,520,2,'assets/topbar.jpg',121,1,'2017-06-06','2017-06-01','这是大事件的第三个版本','&lt;p&gt;哈哈哈哈&lt;/p&gt;\n&lt;p&gt;&amp;nbsp;&lt;/p&gt;\n&lt;p&gt;这是大事件的第三个版本&lt;/p&gt;\n&lt;p&gt;&amp;nbsp;&lt;/p&gt;\n&lt;p&gt;&amp;nbsp;&lt;/p&gt;\n&lt;p&gt;第三个版本的内容是这样的&lt;/p&gt;\n&lt;p&gt;&amp;nbsp;&lt;/p&gt;\n&lt;p&gt;&amp;nbsp;&lt;/p&gt;\n&lt;p&gt;打啊啊 爱迪生啊&lt;/p&gt;',0,1,5,'2017-06-05 10:58:10',2,'2017-06-06 10:35:43',2),(283,521,0,'assets/topbar.jpg',121,1,'2017-06-06','2017-06-01','哈哈的大事件','&lt;p&gt;哈哈哈哈哈哈哈哈哈哈&lt;/p&gt;',0,1,1,'2017-06-07 10:26:59',2,'2017-06-07 10:26:59',2);
/*!40000 ALTER TABLE `gener_significantEvent` ENABLE KEYS */;
UNLOCK TABLES;

--
-- Table structure for table `gener_timeline`
--

DROP TABLE IF EXISTS `gener_timeline`;
/*!40101 SET @saved_cs_client     = @@character_set_client */;
/*!40101 SET character_set_client = utf8 */;
CREATE TABLE `gener_timeline` (
  `id` int(11) NOT NULL AUTO_INCREMENT,
  `refId` int(11) NOT NULL,
  `module` int(11) NOT NULL,
  `create_time` date NOT NULL,
  PRIMARY KEY (`id`)
) ENGINE=InnoDB AUTO_INCREMENT=6 DEFAULT CHARSET=utf8mb4 COLLATE=utf8mb4_unicode_ci;
/*!40101 SET character_set_client = @saved_cs_client */;

--
-- Dumping data for table `gener_timeline`
--

LOCK TABLES `gener_timeline` WRITE;
/*!40000 ALTER TABLE `gener_timeline` DISABLE KEYS */;
INSERT INTO `gener_timeline` VALUES (1,205,1,'2017-04-06'),(2,207,1,'2017-04-07'),(3,1751,2,'2017-04-06'),(4,1756,2,'2017-04-06'),(5,1757,2,'2017-04-06');
/*!40000 ALTER TABLE `gener_timeline` ENABLE KEYS */;
UNLOCK TABLES;

--
-- Table structure for table `gener_user`
--

DROP TABLE IF EXISTS `gener_user`;
/*!40101 SET @saved_cs_client     = @@character_set_client */;
/*!40101 SET character_set_client = utf8 */;
CREATE TABLE `gener_user` (
  `id` int(11) NOT NULL AUTO_INCREMENT,
  `username` varchar(255) CHARACTER SET utf8mb4 NOT NULL,
  `phone` varchar(30) CHARACTER SET utf8 DEFAULT NULL,
  `email` varchar(255) CHARACTER SET utf8 DEFAULT NULL,
  `password` varchar(255) CHARACTER SET utf8 NOT NULL,
  `photo` varchar(255) CHARACTER SET utf8 DEFAULT NULL,
  `gender` int(2) NOT NULL DEFAULT '0',
  `birthday` date DEFAULT NULL,
  `address` varchar(255) CHARACTER SET utf8 DEFAULT NULL,
  `active` int(11) NOT NULL DEFAULT '0',
  `create_time` datetime NOT NULL,
  `update_time` datetime NOT NULL,
  PRIMARY KEY (`id`),
  UNIQUE KEY `address_UNIQUE` (`address`)
) ENGINE=InnoDB AUTO_INCREMENT=275 DEFAULT CHARSET=utf8mb4 COLLATE=utf8mb4_unicode_ci;
/*!40101 SET character_set_client = @saved_cs_client */;

--
-- Dumping data for table `gener_user`
--

LOCK TABLES `gener_user` WRITE;
/*!40000 ALTER TABLE `gener_user` DISABLE KEYS */;
INSERT INTO `gener_user` VALUES (2,'jiang','15000895132','786185931@qq.com','304f44c23fe9ad01475ef5fde6a2da57e8813a53064d6783da9217f44aa93f25','/images/upload/2/1496818955T0lOnsTDUgdOwFEAHA4v_HS',0,'1995-02-06','上海市松江区',1,'0000-00-00 00:00:00','0000-00-00 00:00:00'),(3,'zhx',NULL,'zhaoxinxuan@xinhuotech.com','8d969eef6ecad3c29a3a629280e686cf0c3f5d5a86aff3ca12020c923adc6c92','/images/upload/1489121247tiger2.jpg',1,NULL,NULL,1,'0000-00-00 00:00:00','0000-00-00 00:00:00'),(4,'shmao',NULL,'shmao288@gmail.com','276966e5c13d2a542dcadc150e7b84ad',NULL,0,NULL,NULL,1,'0000-00-00 00:00:00','0000-00-00 00:00:00'),(5,'2144804428',NULL,'2414804428@qq.com','8214be4641d4b62f679adea7a33896ea',NULL,0,NULL,NULL,1,'0000-00-00 00:00:00','0000-00-00 00:00:00'),(6,'zc99999',NULL,'237812367@qq.com','bbebb8ca1e5968fcd8d4e164443d7cb5','/images/upload/1479553742u',0,NULL,NULL,1,'0000-00-00 00:00:00','0000-00-00 00:00:00'),(7,'qq',NULL,'1084264084@qq.com','aa3ebb781b024bfcaf25b0599bd1d4c0',NULL,0,NULL,NULL,1,'0000-00-00 00:00:00','0000-00-00 00:00:00'),(80,'vivo',NULL,'123@qq.com','e10adc3949ba59abbe56e057f20f883e',NULL,0,NULL,NULL,1,'0000-00-00 00:00:00','0000-00-00 00:00:00'),(81,'wang',NULL,'280317769@qq.com','e0d9d3862dfb270de65719d43749df5e',NULL,0,NULL,NULL,1,'0000-00-00 00:00:00','0000-00-00 00:00:00'),(92,'joyme1234',NULL,'222@qq.com','e10adc3949ba59abbe56e057f20f883e',NULL,0,NULL,NULL,1,'0000-00-00 00:00:00','0000-00-00 00:00:00'),(93,'mao',NULL,'123456@qq.com','e10adc3949ba59abbe56e057f20f883e',NULL,0,NULL,NULL,1,'0000-00-00 00:00:00','0000-00-00 00:00:00'),(94,'shmao',NULL,'1234567@qq.com','fcea920f7412b5da7be0cf42b8c93759',NULL,0,NULL,NULL,1,'0000-00-00 00:00:00','0000-00-00 00:00:00'),(95,'mao',NULL,'12345678@qq.com','25d55ad283aa400af464c76d713c07ad',NULL,0,NULL,NULL,1,'0000-00-00 00:00:00','0000-00-00 00:00:00'),(96,'m',NULL,'1@qq.com','c4ca4238a0b923820dcc509a6f75849b',NULL,0,NULL,NULL,1,'0000-00-00 00:00:00','0000-00-00 00:00:00'),(97,'1',NULL,'1','c4ca4238a0b923820dcc509a6f75849b',NULL,0,NULL,NULL,1,'0000-00-00 00:00:00','0000-00-00 00:00:00'),(98,'2',NULL,'2','c81e728d9d4c2f636f067f89cc14862c',NULL,0,NULL,NULL,1,'0000-00-00 00:00:00','0000-00-00 00:00:00'),(99,'qian2',NULL,'1234@qq.com','e10adc3949ba59abbe56e057f20f883e',NULL,0,NULL,NULL,1,'0000-00-00 00:00:00','0000-00-00 00:00:00'),(100,'1',NULL,'1','c4ca4238a0b923820dcc509a6f75849b',NULL,0,NULL,NULL,1,'0000-00-00 00:00:00','0000-00-00 00:00:00'),(101,'u',NULL,'123@qq.com','e10adc3949ba59abbe56e057f20f883e',NULL,0,NULL,NULL,1,'0000-00-00 00:00:00','0000-00-00 00:00:00'),(102,'liuche',NULL,'2414804429@qq.com','e10adc3949ba59abbe56e057f20f883e',NULL,0,NULL,NULL,1,'0000-00-00 00:00:00','0000-00-00 00:00:00'),(103,'liuche',NULL,'141420201@qq.com','e10adc3949ba59abbe56e057f20f883e',NULL,0,NULL,NULL,1,'0000-00-00 00:00:00','0000-00-00 00:00:00'),(104,'liuche',NULL,'2414804450@qq.com','e10adc3949ba59abbe56e057f20f883e',NULL,0,NULL,NULL,1,'0000-00-00 00:00:00','0000-00-00 00:00:00'),(105,'yanghui',NULL,'2414804451@qq.com','e10adc3949ba59abbe56e057f20f883e',NULL,0,NULL,NULL,1,'0000-00-00 00:00:00','0000-00-00 00:00:00'),(106,'lihong',NULL,'2414804452@qq.com','e10adc3949ba59abbe56e057f20f883e',NULL,0,NULL,NULL,1,'0000-00-00 00:00:00','0000-00-00 00:00:00'),(107,'changyuan',NULL,'2414804453@qq.com','e10adc3949ba59abbe56e057f20f883e',NULL,0,NULL,NULL,1,'0000-00-00 00:00:00','0000-00-00 00:00:00'),(108,'shenming',NULL,'2414804454@qq.com','e10adc3949ba59abbe56e057f20f883e',NULL,0,NULL,NULL,1,'0000-00-00 00:00:00','0000-00-00 00:00:00'),(109,'12',NULL,'12@12.com','c20ad4d76fe97759aa27a0c99bff6710',NULL,0,NULL,NULL,1,'0000-00-00 00:00:00','0000-00-00 00:00:00'),(110,'行啊',NULL,'ads','d964fcc76368f57aca59d0fcfae023f5',NULL,0,NULL,NULL,1,'0000-00-00 00:00:00','0000-00-00 00:00:00'),(111,'撒啊',NULL,'qqq','b2ca678b4c936f905fb82f2733f5297f',NULL,0,NULL,NULL,1,'0000-00-00 00:00:00','0000-00-00 00:00:00'),(112,'一只小猫猫',NULL,'1334415779@qq.com','7295485882e1b56b3bc5bd970fde6bcd',NULL,0,NULL,NULL,1,'0000-00-00 00:00:00','0000-00-00 00:00:00'),(113,'asd',NULL,'asd','7815696ecbf1c96e6894b779456d330e',NULL,0,NULL,NULL,1,'0000-00-00 00:00:00','0000-00-00 00:00:00'),(153,'年后',NULL,'11111111@qq.com','1bbd886460827015e5d605ed44252251',NULL,0,NULL,NULL,1,'0000-00-00 00:00:00','0000-00-00 00:00:00'),(154,'555',NULL,'55@qq.com','15de21c670ae7c3f6f3f1f37029303c9',NULL,0,NULL,NULL,1,'0000-00-00 00:00:00','0000-00-00 00:00:00'),(155,'555',NULL,'55@qq.com','15de21c670ae7c3f6f3f1f37029303c9',NULL,0,NULL,NULL,1,'0000-00-00 00:00:00','0000-00-00 00:00:00'),(156,'测试登录注册页面',NULL,'jiangpengfei@xinhuotech.com','e10adc3949ba59abbe56e057f20f883e',NULL,0,NULL,NULL,1,'0000-00-00 00:00:00','0000-00-00 00:00:00'),(157,'小测测',NULL,'test@qq.com','e10adc3949ba59abbe56e057f20f883e',NULL,0,NULL,NULL,1,'0000-00-00 00:00:00','0000-00-00 00:00:00'),(158,'王凯伦',NULL,'1826667810@qq.com','e8e31a35fec8909d9fae59c6baed43ae',NULL,0,NULL,NULL,1,'0000-00-00 00:00:00','0000-00-00 00:00:00'),(161,'测试新接口',NULL,'testnewapi@qqq.com','e10adc3949ba59abbe56e057f20f883e',NULL,0,NULL,NULL,1,'0000-00-00 00:00:00','0000-00-00 00:00:00'),(162,'zc121212',NULL,'zc121212@qq.com','bbebb8ca1e5968fcd8d4e164443d7cb5',NULL,0,NULL,NULL,1,'0000-00-00 00:00:00','0000-00-00 00:00:00'),(163,'测试新接口',NULL,'testnewapi@qqq.com','e10adc3949ba59abbe56e057f20f883e',NULL,0,NULL,NULL,1,'0000-00-00 00:00:00','0000-00-00 00:00:00'),(164,'zc121212',NULL,'123@qq.com','bbebb8ca1e5968fcd8d4e164443d7cb5','/images/upload/1479538147QQ图片20161118171024.png',0,NULL,NULL,1,'0000-00-00 00:00:00','0000-00-00 00:00:00'),(169,'joyme',NULL,'111@qq.com','e10adc3949ba59abbe56e057f20f883e',NULL,0,NULL,NULL,1,'0000-00-00 00:00:00','0000-00-00 00:00:00'),(171,'zhouyijun',NULL,'1176902387@qq.com','8d969eef6ecad3c29a3a629280e686cf0c3f5d5a86aff3ca12020c923adc6c92',NULL,0,NULL,NULL,1,'0000-00-00 00:00:00','0000-00-00 00:00:00'),(172,'zhouyijun',NULL,'1176902387@qq.com','8d969eef6ecad3c29a3a629280e686cf0c3f5d5a86aff3ca12020c923adc6c92',NULL,0,NULL,NULL,1,'0000-00-00 00:00:00','0000-00-00 00:00:00'),(177,'15000895132','15000895132','','e10adc3949ba59abbe56e057f20f883e',NULL,0,NULL,NULL,1,'0000-00-00 00:00:00','0000-00-00 00:00:00'),(179,'jiang12','1500895132','','e10adc3949ba59abbe56e057f20f883e',NULL,0,NULL,NULL,1,'0000-00-00 00:00:00','0000-00-00 00:00:00'),(180,'jiang123','','78618593111@qq.com','e10adc3949ba59abbe56e057f20f883e',NULL,0,NULL,NULL,1,'0000-00-00 00:00:00','0000-00-00 00:00:00'),(181,'测试','','7816821@qaq.com','e10adc3949ba59abbe56e057f20f883e',NULL,0,NULL,NULL,1,'0000-00-00 00:00:00','0000-00-00 00:00:00'),(182,'测试12','','122@qq.com','8d969eef6ecad3c29a3a629280e686cf0c3f5d5a86aff3ca12020c923adc6c92',NULL,0,NULL,NULL,1,'0000-00-00 00:00:00','0000-00-00 00:00:00'),(183,'qwerty','','jsjwko@qq.com','8d969eef6ecad3c29a3a629280e686cf0c3f5d5a86aff3ca12020c923adc6c92',NULL,0,NULL,NULL,1,'0000-00-00 00:00:00','0000-00-00 00:00:00'),(184,'zeo','','gongyijing@xinhuotech.com','8d969eef6ecad3c29a3a629280e686cf0c3f5d5a86aff3ca12020c923adc6c92','/images/upload/1489637882134204318105.jpg',0,NULL,NULL,1,'0000-00-00 00:00:00','0000-00-00 00:00:00'),(185,'kellen','','182666781@qq.com','8d969eef6ecad3c29a3a629280e686cf0c3f5d5a86aff3ca12020c923adc6c92','/images/upload/1490684612w7OKFKDgorKRs4psF7xP0i2',0,NULL,NULL,1,'0000-00-00 00:00:00','0000-00-00 00:00:00'),(186,'qqqe','','589632583@qq.com','a665a45920422f9d417e4867efdc4fb8a04a1f3fff1fa07e998e86f7f7a27ae3',NULL,0,NULL,NULL,1,'0000-00-00 00:00:00','0000-00-00 00:00:00'),(187,'kellenwang','','18266678@qq.com','a665a45920422f9d417e4867efdc4fb8a04a1f3fff1fa07e998e86f7f7a27ae3',NULL,0,NULL,NULL,1,'0000-00-00 00:00:00','0000-00-00 00:00:00'),(188,'TEST110','','TSET110@QQ.COM','8d969eef6ecad3c29a3a629280e686cf0c3f5d5a86aff3ca12020c923adc6c92',NULL,0,NULL,NULL,1,'0000-00-00 00:00:00','0000-00-00 00:00:00'),(189,'CCCC','','flora1109@163.com','29886a1c71247b9d7e10063a69b7eabee5b17288e39b66d6c63a0a718025c866',NULL,0,NULL,NULL,1,'0000-00-00 00:00:00','0000-00-00 00:00:00'),(190,'群群群','','617995483@qq.com','429e3f5ac675b51e94609a3d1d9a689edd090e0bcfe1493444631cf15a766fcc',NULL,0,NULL,NULL,1,'0000-00-00 00:00:00','0000-00-00 00:00:00'),(191,'军哥哥','','619786636@qq.com','306a9fe771046f6eff0df1b1759e6c21c225fbfbe0f95af02199531b09cd219d',NULL,0,NULL,NULL,1,'0000-00-00 00:00:00','0000-00-00 00:00:00'),(192,'宁宁圈','','522195100@qq.com','429e3f5ac675b51e94609a3d1d9a689edd090e0bcfe1493444631cf15a766fcc',NULL,0,NULL,NULL,1,'0000-00-00 00:00:00','0000-00-00 00:00:00'),(193,'luhui','','969817966@qq.com','bf4a2a248c0640ac6c6f293a41ebd884319dd8dae81b2008be393a4347b13f69',NULL,0,NULL,NULL,1,'0000-00-00 00:00:00','0000-00-00 00:00:00'),(194,'萍淡是福','','724226469@qq.com','148276d0b834e483e4200d5de440a3a2b5a5d75395fd4bbc06945f54c7db0fb3',NULL,0,NULL,NULL,1,'0000-00-00 00:00:00','0000-00-00 00:00:00'),(195,'孙冰','','sl1826@sina.com','1dcb9dea83c69b00df9a3db8d5e4f8f8ef1fb23b02ca259953661aa541c22c0d',NULL,0,NULL,NULL,1,'0000-00-00 00:00:00','0000-00-00 00:00:00'),(196,'qqqet','','qqqwcgghh@qq.com','ed103a5485d5982e447205fec59a1cf8805400793f3ee4e0fbee079041081298',NULL,0,NULL,NULL,1,'0000-00-00 00:00:00','0000-00-00 00:00:00'),(197,'kel','','182666@qq.com','e75873fbf340e10a919fb0b992d21da645051923b24a7fd185abc8a1cfc3564f',NULL,0,NULL,NULL,1,'0000-00-00 00:00:00','0000-00-00 00:00:00'),(198,'黄焖鸡米饭','','Antibody17@163.com','fefdd21c07a5c4628907b65de99e245cb6799c7ebfabb2cc24843b81fc76161d',NULL,0,NULL,NULL,1,'0000-00-00 00:00:00','0000-00-00 00:00:00'),(199,'jgth1987','','jgyh1987@hotmail.com','8bfeff79372bc0f7d9ffb1eead40fabe1b77f7e2b05380b023c9d4e8740ae457',NULL,0,NULL,NULL,1,'0000-00-00 00:00:00','0000-00-00 00:00:00'),(200,'注册','','1698236817@qq.com','44281c839d3b3a4647bbcf0b8b29597db646f4774337d1a910de038630f3861c',NULL,0,NULL,NULL,1,'0000-00-00 00:00:00','0000-00-00 00:00:00'),(201,'',NULL,NULL,'',NULL,0,'0000-00-00','',1,'0000-00-00 00:00:00','0000-00-00 00:00:00'),(202,'',NULL,NULL,'',NULL,0,'0000-00-00','kellen',1,'0000-00-00 00:00:00','0000-00-00 00:00:00'),(203,'jiang1','15000895126','','afb070129ccdfc0c521cd2bead66f23802d434fc66110f64ef5af51ca6ea030f',NULL,0,NULL,NULL,1,'0000-00-00 00:00:00','0000-00-00 00:00:00'),(204,'zhou','18321260396','','44281c839d3b3a4647bbcf0b8b29597db646f4774337d1a910de038630f3861c',NULL,0,NULL,NULL,1,'0000-00-00 00:00:00','0000-00-00 00:00:00'),(206,'lvwanyou','13371646511','','44281c839d3b3a4647bbcf0b8b29597db646f4774337d1a910de038630f3861c',NULL,0,NULL,NULL,1,'0000-00-00 00:00:00','0000-00-00 00:00:00'),(207,'lvwanyou1','13312312233','','44281c839d3b3a4647bbcf0b8b29597db646f4774337d1a910de038630f3861c',NULL,0,NULL,NULL,1,'0000-00-00 00:00:00','0000-00-00 00:00:00'),(208,'lvwanyou2','','0123456789@qq.com','44281c839d3b3a4647bbcf0b8b29597db646f4774337d1a910de038630f3861c',NULL,0,NULL,NULL,1,'0000-00-00 00:00:00','0000-00-00 00:00:00'),(212,'zhouyijun3','18321260391','','44281c839d3b3a4647bbcf0b8b29597db646f4774337d1a910de038630f3861c',NULL,0,NULL,NULL,1,'0000-00-00 00:00:00','0000-00-00 00:00:00'),(213,'jiang1234','11111111111','','44281c839d3b3a4647bbcf0b8b29597db646f4774337d1a910de038630f3861c','/images/upload/1490071009cXx6UTGyNi82IQkTYnYoEIgA',0,'2017-03-01','1111',1,'0000-00-00 00:00:00','0000-00-00 00:00:00'),(214,'zhouyijun2','18321260852','','44281c839d3b3a4647bbcf0b8b29597db646f4774337d1a910de038630f3861c',NULL,0,NULL,NULL,1,'0000-00-00 00:00:00','0000-00-00 00:00:00'),(215,'哈jiang123','','78618593112111@qq.com','44281c839d3b3a4647bbcf0b8b29597db646f4774337d1a910de038630f3861c',NULL,0,NULL,NULL,1,'0000-00-00 00:00:00','0000-00-00 00:00:00'),(216,'jaisdh','11111111112','','1ea22f5bdedaa81e87c6d197c64bd8bb405dc4fcfc8e27b79a76e4c5045dad14',NULL,0,NULL,NULL,1,'0000-00-00 00:00:00','0000-00-00 00:00:00'),(218,'a123','13121124587','','44281c839d3b3a4647bbcf0b8b29597db646f4774337d1a910de038630f3861c',NULL,0,NULL,NULL,1,'0000-00-00 00:00:00','0000-00-00 00:00:00'),(219,'a12311','13545628794','','44281c839d3b3a4647bbcf0b8b29597db646f4774337d1a910de038630f3861c',NULL,0,NULL,NULL,1,'0000-00-00 00:00:00','0000-00-00 00:00:00'),(220,'zcb','','462714620@qq.com','ef797c8118f02dfb649607dd5d3f8c7623048c9c063d532cc95c5ed7a898a64f',NULL,0,NULL,NULL,1,'0000-00-00 00:00:00','0000-00-00 00:00:00'),(226,'zyx','15000803673','','44281c839d3b3a4647bbcf0b8b29597db646f4774337d1a910de038630f3861c',NULL,0,NULL,NULL,0,'2017-04-18 12:04:46','2017-04-18 12:04:46'),(227,'lvwanyou3','13371996974','','44281c839d3b3a4647bbcf0b8b29597db646f4774337d1a910de038630f3861c',NULL,0,NULL,NULL,0,'2017-04-19 10:45:11','2017-04-19 10:45:11'),(231,'admin','15000000000','admin@qq.com','44281c839d3b3a4647bbcf0b8b29597db646f4774337d1a910de038630f3861c','/images/upload/231/1493189526hDNWDLWjHndu2rRaTqNly1Z',0,'2017-05-31','111',0,'2017-04-24 16:10:05','2017-04-24 16:10:05'),(232,'zz','12345678909','','44281c839d3b3a4647bbcf0b8b29597db646f4774337d1a910de038630f3861c',NULL,0,NULL,NULL,0,'2017-04-28 14:12:43','2017-04-28 14:12:43'),(233,'ww','12345678900','','44281c839d3b3a4647bbcf0b8b29597db646f4774337d1a910de038630f3861c',NULL,0,NULL,NULL,0,'2017-04-28 14:38:45','2017-04-28 14:38:45'),(253,'jpf11111','','jiangpengfei12@gmail.com','44281c839d3b3a4647bbcf0b8b29597db646f4774337d1a910de038630f3861c',NULL,0,NULL,NULL,0,'2017-04-28 16:40:06','2017-04-28 16:40:06'),(255,'ee','','1509092328@qq.com','44281c839d3b3a4647bbcf0b8b29597db646f4774337d1a910de038630f3861c',NULL,0,NULL,NULL,1,'2017-05-03 18:14:55','2017-05-03 18:14:55'),(256,'dxd','12341234123','','44281c839d3b3a4647bbcf0b8b29597db646f4774337d1a910de038630f3861c','/images/upload/256/1494322749w7ZREkXrwtB7Xl8Prvg2o9C8',0,'2017-05-08','上海',0,'2017-05-08 10:50:51','2017-05-08 10:50:51'),(257,'a111','13811111112','','bd35d05f1ead63c37c98cc6b4611d7180d9012edadba5b711248cdd4a17fc872',NULL,0,NULL,NULL,0,'2017-05-10 11:47:55','2017-05-10 11:47:55'),(258,'a1234','12345432112','','074ef59a16580b4b6d21e5055f5606fd3db69d8117f868f44b3fc2f2e5969ba6',NULL,0,NULL,NULL,0,'2017-05-10 11:54:20','2017-05-10 11:54:20'),(259,'asde121','12312547561','','074ef59a16580b4b6d21e5055f5606fd3db69d8117f868f44b3fc2f2e5969ba6',NULL,0,NULL,NULL,0,'2017-05-10 11:55:07','2017-05-10 11:55:07'),(260,'kellen1234','13045639795','','dd33593656aebeceae9fde8f348a9f20a7aa3cf9351f0d9e6467bcb558f6c65c',NULL,0,NULL,NULL,0,'2017-05-11 12:35:20','2017-05-11 12:35:20'),(261,'asc','12345676543','','44281c839d3b3a4647bbcf0b8b29597db646f4774337d1a910de038630f3861c',NULL,0,NULL,NULL,0,'2017-05-12 12:17:44','2017-05-12 12:17:44'),(262,'qwer','','13432@qq.com','44281c839d3b3a4647bbcf0b8b29597db646f4774337d1a910de038630f3861c',NULL,0,NULL,NULL,0,'2017-05-12 13:41:28','2017-05-12 13:41:28'),(263,'qer','12345432123','','44281c839d3b3a4647bbcf0b8b29597db646f4774337d1a910de038630f3861c',NULL,0,NULL,NULL,0,'2017-05-12 14:15:33','2017-05-12 14:15:33'),(264,'qrtt','12367890886','','44281c839d3b3a4647bbcf0b8b29597db646f4774337d1a910de038630f3861c',NULL,0,NULL,NULL,0,'2017-05-12 14:16:06','2017-05-12 14:16:06'),(265,'yeheqi','13965397687','','93b4e2c3ee25edd0c82afc83d8ec4c297a8bb6286cf89e3a582e628c6b340911',NULL,0,NULL,NULL,0,'2017-05-12 17:04:41','2017-05-12 17:04:41'),(266,'哈哈','13000000000','','44281c839d3b3a4647bbcf0b8b29597db646f4774337d1a910de038630f3861c',NULL,0,NULL,NULL,0,'2017-05-12 17:25:46','2017-05-12 17:25:46'),(267,'testlogin','11111111132','','44281c839d3b3a4647bbcf0b8b29597db646f4774337d1a910de038630f3861c',NULL,0,NULL,NULL,0,'2017-05-12 17:28:25','2017-05-12 17:28:25'),(268,'sd12','12345673214','','44281c839d3b3a4647bbcf0b8b29597db646f4774337d1a910de038630f3861c',NULL,0,NULL,NULL,0,'2017-05-12 17:35:59','2017-05-12 17:35:59'),(269,'testreg','12332112332','','44281c839d3b3a4647bbcf0b8b29597db646f4774337d1a910de038630f3861c',NULL,0,NULL,NULL,0,'2017-05-12 17:38:11','2017-05-12 17:38:11'),(270,'amnn','14090341034','','44281c839d3b3a4647bbcf0b8b29597db646f4774337d1a910de038630f3861c',NULL,0,NULL,NULL,0,'2017-05-17 15:42:51','2017-05-17 15:42:51'),(271,'ban','14141004119','','44281c839d3b3a4647bbcf0b8b29597db646f4774337d1a910de038630f3861c',NULL,0,NULL,NULL,0,'2017-05-17 16:49:16','2017-05-17 16:49:16'),(272,'jkjn','12189389879','','44281c839d3b3a4647bbcf0b8b29597db646f4774337d1a910de038630f3861c',NULL,0,NULL,NULL,0,'2017-05-18 11:32:57','2017-05-18 11:32:57'),(273,'aisdjiaj','12378786774','','44281c839d3b3a4647bbcf0b8b29597db646f4774337d1a910de038630f3861c',NULL,0,NULL,NULL,0,'2017-05-18 11:34:10','2017-05-18 11:34:10'),(274,'qwqioh','12345896876','','44281c839d3b3a4647bbcf0b8b29597db646f4774337d1a910de038630f3861c',NULL,0,NULL,NULL,0,'2017-05-18 11:34:59','2017-05-18 11:34:59');
/*!40000 ALTER TABLE `gener_user` ENABLE KEYS */;
UNLOCK TABLES;

--
-- Table structure for table `gener_zone`
--

DROP TABLE IF EXISTS `gener_zone`;
/*!40101 SET @saved_cs_client     = @@character_set_client */;
/*!40101 SET character_set_client = utf8 */;
CREATE TABLE `gener_zone` (
  `id` int(30) NOT NULL AUTO_INCREMENT,
  `userId` int(30) NOT NULL,
  `content` varchar(255) CHARACTER SET utf8mb4 NOT NULL,
  `is_delete` int(11) NOT NULL,
  `create_time` datetime NOT NULL,
  `create_by` int(30) NOT NULL,
  `update_time` datetime NOT NULL,
  `update_by` int(30) NOT NULL,
  PRIMARY KEY (`id`),
  KEY `fk_gener_zone_userId_idx` (`userId`),
  CONSTRAINT `fk_gener_zone_userId` FOREIGN KEY (`userId`) REFERENCES `gener_user` (`id`) ON DELETE NO ACTION ON UPDATE NO ACTION
) ENGINE=InnoDB AUTO_INCREMENT=22 DEFAULT CHARSET=utf8mb4 COLLATE=utf8mb4_unicode_ci;
/*!40101 SET character_set_client = @saved_cs_client */;

--
-- Dumping data for table `gener_zone`
--

LOCK TABLES `gener_zone` WRITE;
/*!40000 ALTER TABLE `gener_zone` DISABLE KEYS */;
INSERT INTO `gener_zone` VALUES (8,2,'空间描述',0,'2017-02-10 11:50:21',2,'2017-02-10 11:50:21',2),(10,171,'chh',0,'2017-02-28 10:23:29',171,'2017-02-28 11:27:49',171),(11,213,'',0,'2017-03-21 12:15:37',213,'2017-03-21 12:15:37',213),(12,3,'',0,'2017-03-21 18:23:09',3,'2017-03-21 18:23:09',3),(13,184,'',0,'2017-03-22 18:47:41',184,'2017-03-22 18:47:41',184),(14,207,'1554565',0,'2017-03-23 21:55:01',207,'2017-04-19 17:36:22',207),(15,185,'',0,'2017-03-28 15:06:16',185,'2017-03-28 15:06:16',185),(16,214,'拉出来了',0,'2017-04-11 12:24:56',214,'2017-04-19 19:27:11',214),(17,227,'',0,'2017-04-19 10:46:01',227,'2017-04-19 10:46:01',227),(18,231,'',0,'2017-04-26 14:15:56',231,'2017-04-26 14:15:56',231),(19,256,'',0,'2017-05-09 10:17:23',256,'2017-05-09 10:17:23',256),(20,260,'',0,'2017-05-11 13:24:58',260,'2017-05-11 13:24:58',260),(21,265,'',0,'2017-05-12 17:08:45',265,'2017-05-12 17:08:45',265);
/*!40000 ALTER TABLE `gener_zone` ENABLE KEYS */;
UNLOCK TABLES;

--
-- Table structure for table `gener_zoneComment`
--

DROP TABLE IF EXISTS `gener_zoneComment`;
/*!40101 SET @saved_cs_client     = @@character_set_client */;
/*!40101 SET character_set_client = utf8 */;
CREATE TABLE `gener_zoneComment` (
  `id` int(30) NOT NULL AUTO_INCREMENT,
  `postId` int(30) NOT NULL,
  `userId` int(30) NOT NULL,
  `replyto` int(11) NOT NULL,
  `comment` varchar(255) CHARACTER SET utf8mb4 NOT NULL,
  `create_time` datetime NOT NULL,
  `create_by` int(11) NOT NULL,
  `update_time` datetime NOT NULL,
  `update_by` int(11) NOT NULL,
  PRIMARY KEY (`id`),
  KEY `fk_gener_zoneComment_post_idx` (`postId`),
  KEY `fk_gener_zoneComment_user_idx` (`userId`),
  CONSTRAINT `fk_gener_zoneComment_post` FOREIGN KEY (`postId`) REFERENCES `gener_zonePost` (`id`) ON DELETE NO ACTION ON UPDATE NO ACTION,
  CONSTRAINT `fk_gener_zoneComment_user` FOREIGN KEY (`userId`) REFERENCES `gener_user` (`id`) ON DELETE NO ACTION ON UPDATE NO ACTION
) ENGINE=InnoDB AUTO_INCREMENT=86 DEFAULT CHARSET=utf8mb4 COLLATE=utf8mb4_unicode_ci;
/*!40101 SET character_set_client = @saved_cs_client */;

--
-- Dumping data for table `gener_zoneComment`
--

LOCK TABLES `gener_zoneComment` WRITE;
/*!40000 ALTER TABLE `gener_zoneComment` DISABLE KEYS */;
INSERT INTO `gener_zoneComment` VALUES (36,205,2,-1,'测试评论','2017-04-06 10:47:12',2,'2017-04-06 10:47:12',2),(37,213,2,-1,'这种动态也是可以评论的哦','2017-04-10 13:42:49',2,'2017-04-10 13:42:49',2),(38,213,2,-1,'?????','2017-04-10 13:42:53',2,'2017-04-10 13:42:53',2),(39,214,3,-1,'啥子事?','2017-04-10 18:21:28',3,'2017-04-10 18:21:28',3),(40,221,171,-1,'二二二?','2017-04-11 10:34:31',171,'2017-04-11 10:34:31',171),(41,222,214,-1,'grhfhd','2017-04-11 14:07:25',214,'2017-04-11 14:07:25',214),(42,224,214,-1,'dh#fgd','2017-04-11 14:50:15',214,'2017-04-11 14:50:15',214),(43,224,214,-1,'gsfdghd','2017-04-11 15:11:53',214,'2017-04-11 15:11:53',214),(44,224,214,-1,'dvdgdh','2017-04-11 15:13:17',214,'2017-04-11 15:13:17',214),(45,223,214,-1,'fhfh','2017-04-11 15:16:51',214,'2017-04-11 15:16:51',214),(46,224,214,-1,'dgfdr','2017-04-11 15:35:17',214,'2017-04-11 15:35:17',214),(47,226,214,-1,'ghc','2017-04-11 16:25:56',214,'2017-04-11 16:25:56',214),(48,226,214,-1,'ghgchvh','2017-04-11 16:29:58',214,'2017-04-11 16:29:58',214),(49,224,214,-1,'erfyf','2017-04-11 16:53:05',214,'2017-04-11 16:53:05',214),(50,224,214,-1,'hdg','2017-04-11 16:53:57',214,'2017-04-11 16:53:57',214),(51,222,214,-1,'gcgc','2017-04-11 17:09:02',214,'2017-04-11 17:09:02',214),(52,224,214,-1,'gdg','2017-04-11 17:13:12',214,'2017-04-11 17:13:12',214),(53,225,214,-1,'hedv','2017-04-11 17:13:20',214,'2017-04-11 17:13:20',214),(54,223,214,-1,'hregdge','2017-04-11 17:13:32',214,'2017-04-11 17:13:32',214),(55,235,2,-1,'测试评论','2017-04-12 18:18:33',2,'2017-04-12 18:18:33',2),(56,224,214,-1,'vhggc','2017-04-18 10:14:28',214,'2017-04-18 10:14:28',214),(57,226,214,-1,'vhcgxg','2017-04-18 10:24:16',214,'2017-04-18 10:24:16',214),(58,246,214,-1,'cgcgcgdt','2017-04-18 10:35:22',214,'2017-04-18 10:35:22',214),(59,246,214,-1,'vdbdq','2017-04-18 11:08:24',214,'2017-04-18 11:08:24',214),(60,246,214,-1,'bghgh','2017-04-18 14:36:25',214,'2017-04-18 14:36:25',214),(61,246,214,-1,'nfbf','2017-04-18 14:36:56',214,'2017-04-18 14:36:56',214),(62,244,214,-1,'vhfv','2017-04-18 14:38:07',214,'2017-04-18 14:38:07',214),(63,246,214,-1,'ghvhcgc','2017-04-18 15:07:39',214,'2017-04-18 15:07:39',214),(64,246,214,-1,'dvdvdf','2017-04-18 15:36:30',214,'2017-04-18 15:36:30',214),(65,246,214,-1,'gcgfhfh','2017-04-18 16:15:37',214,'2017-04-18 16:15:37',214),(66,242,171,-1,'fadsfads','2017-04-18 16:21:29',171,'2017-04-18 16:21:29',171),(67,248,2,-1,'啊啊啊?','2017-04-19 15:53:43',2,'2017-04-19 15:53:43',2),(68,269,171,-1,'领了跟头的咯','2017-04-19 19:31:08',171,'2017-04-19 19:31:08',171),(69,269,171,-1,'yfyfy','2017-04-25 10:31:35',171,'2017-04-25 10:31:35',171),(70,269,171,-1,'fgrhrht','2017-04-25 10:35:17',171,'2017-04-25 10:35:17',171),(71,264,207,-1,'1111','2017-04-26 11:00:08',207,'2017-04-26 11:00:08',207),(72,238,207,-1,'sssss','2017-04-26 11:01:20',207,'2017-04-26 11:01:20',207),(73,264,207,-1,'ss','2017-04-26 11:01:32',207,'2017-04-26 11:01:32',207),(74,347,3,-1,'快来参加啊~亲们?','2017-05-02 17:58:49',3,'2017-05-02 17:58:49',3),(75,348,2,-1,'我去问问','2017-05-02 17:59:24',2,'2017-05-02 17:59:24',2),(76,310,171,-1,'fbfg','2017-05-09 11:49:12',171,'2017-05-09 11:49:12',171),(77,496,171,-1,'旅客','2017-05-09 16:56:25',171,'2017-05-09 16:56:25',171),(78,485,256,-1,'asd','2017-05-09 17:41:08',256,'2017-05-09 17:41:08',256),(79,484,256,-1,'阿斯蒂芬????','2017-05-09 18:28:19',256,'2017-05-09 18:28:19',256),(80,347,3,-1,'啥事','2017-05-09 18:44:14',3,'2017-05-09 18:44:14',3),(81,731,2,-1,'?????','2017-05-19 12:00:37',2,'2017-05-19 12:00:37',2),(82,759,2,-1,'11111','2017-06-01 13:58:33',2,'2017-06-01 13:58:33',2),(83,783,2,-1,'我可以看到你发的呀','2017-06-02 18:08:05',2,'2017-06-02 18:08:05',2),(84,784,231,-1,'谢谢你任命我为管理员','2017-06-02 18:13:52',231,'2017-06-02 18:13:52',231),(85,794,2,-1,'hahahah测试','2017-06-06 12:13:44',2,'2017-06-06 12:13:44',2);
/*!40000 ALTER TABLE `gener_zoneComment` ENABLE KEYS */;
UNLOCK TABLES;

--
-- Table structure for table `gener_zonePost`
--

DROP TABLE IF EXISTS `gener_zonePost`;
/*!40101 SET @saved_cs_client     = @@character_set_client */;
/*!40101 SET character_set_client = utf8 */;
CREATE TABLE `gener_zonePost` (
  `id` int(11) NOT NULL AUTO_INCREMENT,
  `zoneId` int(11) NOT NULL,
  `userId` int(11) NOT NULL,
  `content` varchar(255) CHARACTER SET utf8mb4 NOT NULL,
  `address` varchar(45) CHARACTER SET utf8 DEFAULT NULL,
  `photo` text COLLATE utf8mb4_unicode_ci,
  `comments` int(30) NOT NULL DEFAULT '0',
  `likes` int(30) NOT NULL DEFAULT '0',
  `type` int(11) NOT NULL DEFAULT '1' COMMENT '1是代表自己发送的,2是代表系统生成',
  `create_time` datetime NOT NULL,
  `create_by` int(11) NOT NULL,
  `update_time` datetime NOT NULL,
  `update_by` int(11) NOT NULL,
  PRIMARY KEY (`id`),
  KEY `fk_gener_zonePost_zone_idx` (`zoneId`),
  KEY `fk_gener_zonePost_userId_idx` (`userId`),
  CONSTRAINT `fk_gener_zonePost_userId` FOREIGN KEY (`userId`) REFERENCES `gener_user` (`id`) ON DELETE NO ACTION ON UPDATE NO ACTION,
  CONSTRAINT `fk_gener_zonePost_zone` FOREIGN KEY (`zoneId`) REFERENCES `gener_zone` (`id`) ON DELETE NO ACTION ON UPDATE NO ACTION
) ENGINE=InnoDB AUTO_INCREMENT=797 DEFAULT CHARSET=utf8mb4 COLLATE=utf8mb4_unicode_ci;
/*!40101 SET character_set_client = @saved_cs_client */;

--
-- Dumping data for table `gener_zonePost`
--

LOCK TABLES `gener_zonePost` WRITE;
/*!40000 ALTER TABLE `gener_zonePost` DISABLE KEYS */;
INSERT INTO `gener_zonePost` VALUES (205,8,2,'hahahah 查询额是','','/images/upload/2/14914466843ywByzzPMaqoFQTymuk64KKK,/images/upload/2/1491446684nEdkO2nkzZT6wHTG5gjV7Sg,/images/upload/2/1491446684BamGV5pgKot2awpv3mmaS11x,/images/upload/2/14914466846hR0pHgRCFLI2qrtsC_S51,/images/upload/2/1491446684drb4tdBzvqzU6QTYqwH7zHx_,/images/upload/2/14914466849_A7RG825k6zxH606GVcvM9W,/images/upload/2/1491446685hQ1RwzPFxoMn2Vp8dvHLbOMi,/images/upload/2/1491446685tFvYqESItTxZqlCYJnkMgJVu,/images/upload/2/1491446685dAdpn_HQEaN2PDLgvgdWBQTj',1,0,1,'2017-04-06 10:44:52',2,'2017-04-06 10:44:52',2),(207,14,207,'111','address','',0,0,1,'2017-04-07 11:03:19',207,'2017-04-07 11:03:19',207),(208,8,2,'?????????','','',0,1,1,'2017-04-07 14:44:50',2,'2017-04-07 14:44:50',2),(209,8,2,'我添加了大事件<a routerLink=\"/event/event-detail/93\">兄弟１的大事件</a>','','',0,0,1,'2017-04-10 13:17:42',2,'2017-04-10 13:17:42',2),(210,8,2,'我向家族新增了一个人物<a href=\"/person/person-detail/475\">兄弟</a>','','',0,0,1,'2017-04-10 13:26:55',2,'2017-04-10 13:26:55',2),(211,8,2,'我添加了大事件<a href=\"/event/event-detail/94\">兄弟1的另外一个大事件</a>','','',0,0,1,'2017-04-10 13:28:16',2,'2017-04-10 13:28:16',2),(212,8,2,'我添加了大事件<a href=\"/event/event-detail/29/378/95\"><<给兄弟的大事件>></a>','','',0,0,1,'2017-04-10 13:35:11',2,'2017-04-10 13:35:11',2),(213,8,2,'我添加了大事件<a href=\"#/event/event-detail/107/443/96\"><<1111111111111111>></a>','','',2,0,1,'2017-04-10 13:40:28',2,'2017-04-10 13:40:28',2),(214,12,3,'???好心情','','',1,1,1,'2017-04-10 18:18:58',3,'2017-04-10 18:18:58',3),(215,8,2,'我为<a href=\"#/person/person-detail/474\">另一个配偶</a>添加了一张照片','','/images/upload/2/149181988513xAMqkEI_hL8s1o478ZTQPU',0,0,1,'2017-04-10 18:24:46',2,'2017-04-10 18:24:46',2),(216,8,2,'我为<a href=\"#/person/person-detail/474\">另一个配偶</a>添加了一张照片','','/images/upload/2/1491819911tY7wIRnxtnue_8bMxjNPnwT',0,0,1,'2017-04-10 18:25:13',2,'2017-04-10 18:25:13',2),(217,8,2,'我为<a href=\"#/person/person-detail/474\">另一个配偶</a>添加了一张照片','','/images/upload/2/1491819931W1DtHnKYhGMHaDx7T94efS',0,0,1,'2017-04-10 18:25:32',2,'2017-04-10 18:25:32',2),(218,8,2,'我为<a href=\"#/person/person-detail/474\">另一个配偶</a>添加了一张照片','','/images/upload/2/14918199671mKtHbgYbULlfMTOqfTrJvBl',0,0,1,'2017-04-10 18:26:08',2,'2017-04-10 18:26:08',2),(219,8,2,'我为<a href=\"#/person/person-detail/474\">另一个配偶</a>添加了一张照片','','/images/upload/2/1491819981E25tQ6LPSzHMYRzfs0KgFDyO',0,0,1,'2017-04-10 18:26:23',2,'2017-04-10 18:26:23',2),(220,10,171,'$fhfy','address','',0,0,1,'2017-04-11 10:18:15',171,'2017-04-11 10:18:15',171),(221,10,171,'dgdgdt','address','',1,1,1,'2017-04-11 10:18:23',171,'2017-04-11 10:18:23',171),(222,16,214,'ghd','address','',2,0,1,'2017-04-11 12:24:56',214,'2017-04-11 12:24:56',214),(223,16,214,'vhvhvh','address','',2,0,1,'2017-04-11 14:08:00',214,'2017-04-11 14:08:00',214),(224,16,214,'hggcgfgfc','address','',8,2,1,'2017-04-11 14:08:11',214,'2017-04-11 14:08:11',214),(225,16,214,'推文','address','',1,0,1,'2017-04-11 15:53:25',214,'2017-04-11 15:53:25',214),(226,16,214,'hfgf','address','',3,0,1,'2017-04-11 16:10:45',214,'2017-04-11 16:10:45',214),(227,8,2,'我为<a href=\"#/person/person-detail/149\">姐妹2</a>添加了一张照片','','/images/upload/2/1491983379wUgB3vVPkl7R_U5oLKKTafBF',0,0,1,'2017-04-12 15:49:42',2,'2017-04-12 15:49:42',2),(228,8,2,'我为<a href=\"#/person/person-detail/148\">姐妹1</a>添加了一张照片','','/images/upload/2/1491983892vp8yEv5wT0O8ct2vOBtN3HQ',0,0,0,'2017-04-12 15:58:13',2,'2017-04-12 15:58:13',2),(229,8,2,'我为<a href=\"#/person/person-detail/148\">姐妹1</a>添加了一张照片','','/images/upload/2/1491984013G0AR20rK0ffXc_DgWXFYjrvP',0,0,2,'2017-04-12 16:00:14',2,'2017-04-12 16:00:14',2),(230,8,2,'????','','',0,0,0,'2017-04-12 18:09:52',2,'2017-04-12 18:09:52',2),(231,8,2,'????','','',0,1,0,'2017-04-12 18:09:55',2,'2017-04-12 18:09:55',2),(232,8,2,'????','','',0,1,0,'2017-04-12 18:09:56',2,'2017-04-12 18:09:56',2),(233,8,2,'????','','',0,1,0,'2017-04-12 18:09:57',2,'2017-04-12 18:09:57',2),(234,8,2,'????','','',0,1,0,'2017-04-12 18:10:03',2,'2017-04-12 18:10:03',2),(235,8,2,'????','','',1,1,1,'2017-04-12 18:11:36',2,'2017-04-12 18:11:36',2),(236,8,2,'2','','/images/upload/2/1492070864HgKoTilbcIHAFLvyqEKtsfxD',0,1,1,'2017-04-13 16:07:47',2,'2017-04-13 16:07:47',2),(237,14,207,'222','address','',0,0,1,'2017-04-13 16:11:17',207,'2017-04-13 16:11:17',207),(238,14,207,'333','address','',1,0,1,'2017-04-13 16:12:15',207,'2017-04-13 16:12:15',207),(239,10,171,'111','address','',0,0,1,'2017-04-13 18:49:47',171,'2017-04-13 18:49:47',171),(240,10,171,'111','address','',0,0,1,'2017-04-13 18:50:01',171,'2017-04-13 18:50:01',171),(241,10,171,'dfdfd','','',0,0,1,'2017-04-18 10:25:25',171,'2017-04-18 10:25:25',171),(242,10,171,'dfdfd','','',1,0,1,'2017-04-18 10:25:28',171,'2017-04-18 10:25:28',171),(243,16,214,'cdvdv','address','',0,0,1,'2017-04-18 10:29:23',214,'2017-04-18 10:29:23',214),(244,16,214,'ecdcdvdv','address','',1,0,1,'2017-04-18 10:29:31',214,'2017-04-18 10:29:31',214),(245,16,214,'dcdvdv','address','',0,0,1,'2017-04-18 10:29:37',214,'2017-04-18 10:29:37',214),(246,16,214,'dvdfdv','address','',7,0,1,'2017-04-18 10:29:42',214,'2017-04-18 10:29:42',214),(247,8,2,'我添加了大事件<a href=\"#/event/event-detail/29/428/98\">《</a>','','',0,0,2,'2017-04-18 13:42:14',2,'2017-04-18 13:42:14',2),(248,8,2,'我添加了大事件<a href=\"#/event/event-detail/29/428/99\">《测试单一图片内容》</a>','','',1,0,2,'2017-04-18 13:44:21',2,'2017-04-18 13:44:21',2),(249,10,171,'csec','address','',0,0,1,'2017-04-18 16:46:34',171,'2017-04-18 16:46:34',171),(250,10,171,'1111','','',0,0,1,'2017-04-19 10:30:40',171,'2017-04-19 10:30:40',171),(251,10,171,'1111','','',0,0,1,'2017-04-19 10:30:41',171,'2017-04-19 10:30:41',171),(252,10,171,'1111','','',0,0,1,'2017-04-19 10:31:37',171,'2017-04-19 10:31:37',171),(253,17,227,'1111','address','',0,0,1,'2017-04-19 10:46:01',227,'2017-04-19 10:46:01',227),(254,10,171,'我删除了大事件《','','',0,0,2,'2017-04-19 11:30:15',171,'2017-04-19 11:30:15',171),(255,17,227,'这是一条很认真的测试数据这是一条很认真的测试数据这是一条很认真的测试数据这是一条很认真的测试数据这是一条很认真的测试数据这是一条很认真的测试数据这是一条很认真的测试数据这是一条很认真的测试数据','闵行','',0,0,1,'2017-04-19 12:30:52',227,'2017-04-19 12:30:52',227),(257,17,227,'这是一条很认真的测试数据这是一条很认真的测试数据这是一条很认真的测试数据这是一条很认真的测试数据这是一条很认真的测试数据这是一条很认真的测试数据这是一条很认真的测试数据这是一条很认真的测试数据','闵行','',0,0,1,'2017-04-19 14:40:05',227,'2017-04-19 14:40:05',227),(258,14,207,'1','address','',0,0,1,'2017-04-19 14:58:40',207,'2017-04-19 14:58:40',207),(259,14,207,'2','address','',0,0,1,'2017-04-19 14:58:43',207,'2017-04-19 14:58:43',207),(260,14,207,'1','address','',0,0,1,'2017-04-19 14:58:47',207,'2017-04-19 14:58:47',207),(261,14,207,'1','address','',0,0,1,'2017-04-19 14:58:50',207,'2017-04-19 14:58:50',207),(262,14,207,'1','address','',0,0,1,'2017-04-19 14:58:54',207,'2017-04-19 14:58:54',207),(263,14,207,'2','address','',0,0,1,'2017-04-19 14:59:08',207,'2017-04-19 14:59:08',207),(264,14,207,'3','address','',2,0,1,'2017-04-19 14:59:20',207,'2017-04-19 14:59:20',207),(265,10,171,'1111','','',0,0,1,'2017-04-19 15:20:35',171,'2017-04-19 15:20:35',171),(266,10,171,'1111???','','/images/upload/171/1492586457yl69oWpZqTADlTBHrG8Qt9x7',0,0,1,'2017-04-19 15:21:02',171,'2017-04-19 15:21:02',171),(267,8,2,'啊啊啊','','',0,0,1,'2017-04-19 15:53:49',2,'2017-04-19 15:53:49',2),(268,10,171,'我向家族新增了一个人物<a href=\"#/person/person-detail/505\">爸爸</a>','','',0,0,2,'2017-04-19 19:15:26',171,'2017-04-19 19:15:26',171),(269,10,171,'卡卡西','address','',3,1,1,'2017-04-19 19:23:24',171,'2017-04-19 19:23:24',171),(270,8,2,'我添加了大事件<a href=\"#/event/event-detail/29/428/109\">《标题》</a>','','',0,0,2,'2017-04-21 17:32:22',2,'2017-04-21 17:32:22',2),(271,8,2,'我删除了人物<a href=\"#/person/person-detail/474\">另一个配偶</a>','','',0,0,2,'2017-04-24 14:31:06',2,'2017-04-24 14:31:06',2),(272,8,2,'我更新了<a href=\"#/person/person-detail/368\">族长</a>的人物资料','','',0,0,2,'2017-04-24 14:50:54',2,'2017-04-24 14:50:54',2),(273,8,2,'我更新了<a href=\"#/person/person-detail/141\">家族创始人</a>的人物资料','','',0,0,2,'2017-04-24 15:41:08',2,'2017-04-24 15:41:08',2),(274,8,2,'我更新了<a href=\"#/person/person-detail/141\">家族创始人</a>的人物资料','','',0,0,2,'2017-04-24 15:41:18',2,'2017-04-24 15:41:18',2),(275,8,2,'我添加了管理员<a href=\"#/user/user-detail/231\">admin</a>','','',0,0,2,'2017-04-24 16:32:10',2,'2017-04-24 16:32:10',2),(276,8,2,'我添加了管理员<a href=\"#/user/user-detail/231\">admin</a>','','',0,0,2,'2017-04-24 16:38:27',2,'2017-04-24 16:38:27',2),(277,8,2,'我添加了管理员<a href=\"#/user/user-detail/231\">admin</a>','','',0,0,2,'2017-04-24 16:41:50',2,'2017-04-24 16:41:50',2),(278,8,2,'我添加了管理员<a href=\"#/user/user-detail/231\">admin</a>','','',0,0,2,'2017-04-24 16:42:45',2,'2017-04-24 16:42:45',2),(279,8,2,'我移除了<a href=\"#/user/user-detail/231\">admin</a>的管理员权限','','',0,0,2,'2017-04-24 17:39:17',2,'2017-04-24 17:39:17',2),(280,8,2,'我添加了管理员<a href=\"#/user/user-detail/231\">admin</a>','','',0,0,2,'2017-04-24 17:40:06',2,'2017-04-24 17:40:06',2),(281,8,2,'我移除了<a href=\"#/user/user-detail/231\">admin</a>的管理员权限','','',0,0,2,'2017-04-24 17:40:07',2,'2017-04-24 17:40:07',2),(282,8,2,'我添加了管理员<a href=\"#/user/user-detail/231\">admin</a>','','',0,0,2,'2017-04-24 17:40:20',2,'2017-04-24 17:40:20',2),(283,8,2,'我向家族新增了一个人物<a href=\"#/person/person-detail/513\">测试额外配偶的删除</a>','','',0,0,2,'2017-04-25 10:15:56',2,'2017-04-25 10:15:56',2),(284,8,2,'我删除了人物<a href=\"#/person/person-detail/513\">测试额外配偶的删除</a>','','',0,0,2,'2017-04-25 10:16:19',2,'2017-04-25 10:16:19',2),(285,8,2,'我向家族新增了一个人物<a href=\"#/person/person-detail/514\">族祖母</a>','','',0,0,2,'2017-04-25 10:32:05',2,'2017-04-25 10:32:05',2),(286,8,2,'我向家族新增了一个人物<a href=\"#/person/person-detail/515\">族祖母</a>','','',0,0,2,'2017-04-25 10:32:32',2,'2017-04-25 10:32:32',2),(287,8,2,'我删除了人物<a href=\"#/person/person-detail/515\">族祖母</a>','','',0,0,2,'2017-04-25 10:33:26',2,'2017-04-25 10:33:26',2),(288,8,2,'我删除了人物<a href=\"#/person/person-detail/514\">族祖母</a>','','',0,0,2,'2017-04-25 10:33:27',2,'2017-04-25 10:33:27',2),(289,8,2,'我向家族新增了一个人物<a href=\"#/person/person-detail/516\">族祖母</a>','','',0,0,2,'2017-04-25 10:34:24',2,'2017-04-25 10:34:24',2),(290,8,2,'测试发布','','',0,0,1,'2017-04-25 11:10:13',2,'2017-04-25 11:10:13',2),(291,8,2,'我向家族新增了一个人物<a href=\"#/person/person-detail/519\">哈哈</a>','','',0,0,2,'2017-04-25 11:25:46',2,'2017-04-25 11:25:46',2),(292,8,2,'我添加了管理员<a href=\"#/user/user-detail/231\">admin</a>','','',0,0,2,'2017-04-25 11:29:01',2,'2017-04-25 11:29:01',2),(293,10,171,'cbfbf','address','',0,0,1,'2017-04-25 12:14:52',171,'2017-04-25 12:14:52',171),(294,10,171,'gegrh','address','',0,0,1,'2017-04-25 12:22:31',171,'2017-04-25 12:22:31',171),(295,10,171,'sfegevdvfe','address','',0,0,1,'2017-04-25 12:22:41',171,'2017-04-25 12:22:41',171),(296,10,171,'xvddbd','address','',0,0,1,'2017-04-25 12:50:44',171,'2017-04-25 12:50:44',171),(297,10,171,'zzzz','address','',0,0,1,'2017-04-25 12:50:56',171,'2017-04-25 12:50:56',171),(298,10,171,'fggfbf','address','',0,0,1,'2017-04-25 13:35:00',171,'2017-04-25 13:35:00',171),(299,10,171,'dhdgdg','address','',0,0,1,'2017-04-25 13:39:35',171,'2017-04-25 13:39:35',171),(300,10,171,'zzzzz','address','',0,0,1,'2017-04-25 14:06:59',171,'2017-04-25 14:06:59',171),(301,10,171,'sssss','address','',0,0,1,'2017-04-25 14:25:41',171,'2017-04-25 14:25:41',171),(302,10,171,'eeeeeee','address','',0,0,1,'2017-04-25 14:27:54',171,'2017-04-25 14:27:54',171),(303,10,171,'ttttttttt','address','',0,0,1,'2017-04-25 14:35:03',171,'2017-04-25 14:35:03',171),(304,10,171,'ddfa','address','',0,0,1,'2017-04-25 14:42:16',171,'2017-04-25 14:42:16',171),(305,10,171,'vdvddv','address','',0,0,1,'2017-04-25 15:07:53',171,'2017-04-25 15:07:53',171),(306,10,171,'fsvdgdg','address','',0,0,1,'2017-04-25 15:09:31',171,'2017-04-25 15:09:31',171),(307,10,171,'qqqqqq','address','',0,0,1,'2017-04-25 15:12:16',171,'2017-04-25 15:12:16',171),(308,10,171,'bdsfb','address','',0,0,1,'2017-04-25 15:12:49',171,'2017-04-25 15:12:49',171),(309,10,171,'hvuby','address','',0,0,1,'2017-04-25 15:14:30',171,'2017-04-25 15:14:30',171),(310,10,171,'vdvfn','address','',1,0,1,'2017-04-25 15:15:55',171,'2017-04-25 15:15:55',171),(311,10,171,'qqq','address','',0,0,1,'2017-04-25 15:18:02',171,'2017-04-25 15:18:02',171),(312,10,171,'hgcgd','address','',0,0,1,'2017-04-25 15:18:14',171,'2017-04-25 15:18:14',171),(313,10,171,'ftsrqq','address','',0,0,1,'2017-04-25 15:20:02',171,'2017-04-25 15:20:02',171),(314,10,171,'-cdg','address','',0,0,1,'2017-04-25 15:27:42',171,'2017-04-25 15:27:42',171),(315,10,171,'egfgrg','address','',0,0,1,'2017-04-25 15:30:42',171,'2017-04-25 15:30:42',171),(316,10,171,'ftfhgjt','address','',0,0,1,'2017-04-25 15:30:55',171,'2017-04-25 15:30:55',171),(317,8,2,'我向家族新增了一个人物<a href=\"#/person/person-detail/521\">哈哈</a>','','',0,0,2,'2017-04-25 18:06:03',2,'2017-04-25 18:06:03',2),(318,8,2,'我向家族新增了一个人物<a href=\"#/person/person-detail/522\">配偶</a>','','',0,0,2,'2017-04-25 18:10:10',2,'2017-04-25 18:10:10',2),(319,8,2,'我向家族新增了一个人物<a href=\"#/person/person-detail/523\">族母</a>','','',0,0,2,'2017-04-25 18:14:42',2,'2017-04-25 18:14:42',2),(320,8,2,'我添加了大事件<a href=\"#/event/event-detail/121/520/110\">《这里用来测试人物的大事件》</a>','','',0,0,2,'2017-04-25 18:27:02',2,'2017-04-25 18:27:02',2),(321,17,227,'我向家族新增了一个人物<a href=\"#/person/person-detail/525\">1</a>','','',0,0,2,'2017-04-26 10:48:19',227,'2017-04-26 10:48:19',227),(322,17,227,'我向家族新增了一个人物<a href=\"#/person/person-detail/526\">2</a>','','',0,0,2,'2017-04-26 10:48:30',227,'2017-04-26 10:48:30',227),(323,17,227,'11','address','',0,0,1,'2017-04-26 10:49:25',227,'2017-04-26 10:49:25',227),(324,17,227,'22','address','',0,0,1,'2017-04-26 10:49:31',227,'2017-04-26 10:49:31',227),(325,8,2,'我向家族新增了一个人物<a href=\"#/person/person-detail/529\">兄弟</a>','','',0,0,2,'2017-04-26 11:22:43',2,'2017-04-26 11:22:43',2),(326,8,2,'我向家族新增了一个人物<a href=\"#/person/person-detail/530\">姐妹</a>','','',0,0,2,'2017-04-26 11:23:07',2,'2017-04-26 11:23:07',2),(327,8,2,'我向家族新增了一个人物<a href=\"#/person/person-detail/531\">姐妹</a>','','',0,0,2,'2017-04-26 11:23:25',2,'2017-04-26 11:23:25',2),(328,8,2,'我向家族新增了一个人物<a href=\"#/person/person-detail/532\">张大山</a>','','',0,0,2,'2017-04-26 11:24:05',2,'2017-04-26 11:24:05',2),(329,8,2,'我向家族新增了一个人物<a href=\"#/person/person-detail/533\">泮宫催</a>','','',0,0,2,'2017-04-26 11:24:35',2,'2017-04-26 11:24:35',2),(330,18,231,'asda s','','',0,0,1,'2017-04-26 14:15:56',231,'2017-04-26 14:15:56',231),(331,18,231,'我向家族新增了一个人物<a href=\"#/person/person-detail/535\">宁国公</a>','','',0,0,2,'2017-04-26 14:26:24',231,'2017-04-26 14:26:24',231),(332,18,231,'我向家族新增了一个人物<a href=\"#/person/person-detail/536\">贾代化</a>','','',0,0,2,'2017-04-26 14:26:59',231,'2017-04-26 14:26:59',231),(333,18,231,'我向家族新增了一个人物<a href=\"#/person/person-detail/537\">贾敷</a>','','',0,0,2,'2017-04-26 14:27:31',231,'2017-04-26 14:27:31',231),(334,18,231,'我向家族新增了一个人物<a href=\"#/person/person-detail/538\">贾敬</a>','','',0,0,2,'2017-04-26 14:28:14',231,'2017-04-26 14:28:14',231),(335,18,231,'我向家族新增了一个人物<a href=\"#/person/person-detail/539\">贾珍</a>','','',0,0,2,'2017-04-26 14:29:35',231,'2017-04-26 14:29:35',231),(336,18,231,'我向家族新增了一个人物<a href=\"#/person/person-detail/540\">贾惜春</a>','','',0,0,2,'2017-04-26 14:30:06',231,'2017-04-26 14:30:06',231),(337,18,231,'我向家族新增了一个人物<a href=\"#/person/person-detail/541\">贾蓉</a>','','',0,0,2,'2017-04-26 14:30:46',231,'2017-04-26 14:30:46',231),(338,18,231,'我向家族新增了一个人物<a href=\"#/person/person-detail/542\">秦可卿</a>','','',0,1,2,'2017-04-26 14:31:35',231,'2017-04-26 14:31:35',231),(339,8,2,'????','','',0,0,1,'2017-04-26 15:32:11',2,'2017-04-26 15:32:11',2),(340,8,2,'```11','','/images/upload/2/1493192594cLkNlae7cx_DpSBcw0CivIK,/images/upload/2/1493192595Wknbh66tRrebBtiO_iMCIDcV,/images/upload/2/14931925957cvqIb8CwvONCUfsktDVXWHW,/images/upload/2/1493192595cswV3JObWiBCuKd_dMQU0gc,/images/upload/2/1493192595tT6pNOj_eQUixHtr_31sNer,/images/upload/2/1493192596ecP6c3jGXp3JbmIqbAIIfa8d,/images/upload/2/1493192596daG_p6_DiNKuR18NqbuCya0K,/images/upload/2/1493192596LJqUzd6JT56Z3JgQsKGtSrU,/images/upload/2/14931925962WuB4vjQdKP5h0bUg5SkP69',0,0,1,'2017-04-26 15:43:22',2,'2017-04-26 15:43:22',2),(341,8,2,'我发起了活动<a href=\"/activity/activity-detail/10\">#血流成河#</a>,快来看看吧!','','',0,0,2,'2017-04-27 10:59:08',2,'2017-04-27 10:59:08',2),(342,8,2,'我发起了活动<a href=\"/activity/activity-detail/11\">#五一出去玩儿#</a>,快来看看吧!','','',0,0,2,'2017-04-27 11:21:30',2,'2017-04-27 11:21:30',2),(343,8,2,'我发起了活动<a href=\"#/activity/activity-detail/12\">#去旅游#</a>,快来看看吧!','','',0,0,2,'2017-04-27 11:55:19',2,'2017-04-27 11:55:19',2),(344,13,184,'dalh?','','',0,0,1,'2017-04-28 10:58:03',184,'2017-04-28 10:58:03',184),(345,13,184,'?','','/images/upload/184/1493348406Bnglr9fuRoMVfTPKdSU3Ehz0,/images/upload/184/1493348411h8nR8AVwIkuVBprkbSLakBsR,/images/upload/184/1493348411KNvCSx_sUfOko2Perz7HqWpE',0,0,1,'2017-04-28 11:00:41',184,'2017-04-28 11:00:41',184),(346,12,3,'我删除了人物<a href=\"#/person/person-detail/485\">周周</a>','','',0,0,2,'2017-05-02 17:29:00',3,'2017-05-02 17:29:00',3),(347,12,3,'我发起了活动<a href=\"#/activity/activity-detail/13\">#去划船#</a>,快来看看吧!','','',2,1,2,'2017-05-02 17:40:15',3,'2017-05-02 17:40:15',3),(348,8,2,'我发起了活动<a href=\"#/activity/activity-detail/14\">#烦烦烦#</a>,快来看看吧!','','',1,0,2,'2017-05-02 17:43:21',2,'2017-05-02 17:43:21',2),(349,8,2,'?????????????','','',0,0,1,'2017-05-03 10:54:26',2,'2017-05-03 10:54:26',2),(350,8,2,'我添加了大事件<a href=\"#/event/event-detail/121/520/111\">《阿拉姆》</a>','','',0,0,2,'2017-05-03 11:03:45',2,'2017-05-03 11:03:45',2),(351,8,2,'我添加了大事件<a href=\"#/event/event-detail/121/520/112\">《在linux系统shell 命令行操作mongodb》</a>','','',0,0,2,'2017-05-03 11:09:37',2,'2017-05-03 11:09:37',2),(352,8,2,'我添加了大事件<a href=\"#/event/event-detail/121/520/113\">《在linux系统shell 命令行操作mongodb》</a>','','',0,0,2,'2017-05-03 11:09:50',2,'2017-05-03 11:09:50',2),(353,8,2,'我添加了大事件<a href=\"#/event/event-detail/121/520/114\">《在linux系统shell 命令行操作mongodb》</a>','','',0,0,2,'2017-05-03 11:10:32',2,'2017-05-03 11:10:32',2),(354,8,2,'我添加了大事件<a href=\"#/event/event-detail/121/520/115\">《在linux系统shell 命令行操作mongodb》</a>','','',0,0,2,'2017-05-03 11:10:44',2,'2017-05-03 11:10:44',2),(355,8,2,'我添加了大事件<a href=\"#/event/event-detail/121/523/116\">《怒海劫》</a>','','',0,0,2,'2017-05-03 11:19:22',2,'2017-05-03 11:19:22',2),(356,8,2,'我添加了大事件<a href=\"#/event/event-detail/121/521/117\">《雄安配套怎样的医疗教育资源 习近平指明方向》</a>','','',0,0,2,'2017-05-03 11:48:04',2,'2017-05-03 11:48:04',2),(357,8,2,'我添加了大事件<a href=\"#/event/event-detail/121/530/118\">《哈哈哈哈哈哈哈哈哈哈哈》</a>','','',0,0,2,'2017-05-03 12:00:50',2,'2017-05-03 12:00:50',2),(358,8,2,'我添加了大事件<a href=\"#/event/event-detail/121/529/119\">《大叔大婶阿萨德暗示阿萨德暗示  爱迪生啊十大十大撒旦阿萨德啊》</a>','','',0,0,2,'2017-05-03 12:03:32',2,'2017-05-03 12:03:32',2),(359,8,2,'我添加了大事件<a href=\"#/event/event-detail/121/520/121\">《哈哈哈》</a>','','',0,0,2,'2017-05-03 12:24:38',2,'2017-05-03 12:24:38',2),(360,8,2,'我添加了大事件<a href=\"#/event/event-detail/121/520/122\">《哈哈哈》</a>','','',0,0,2,'2017-05-03 12:58:18',2,'2017-05-03 12:58:18',2),(361,8,2,'我添加了大事件<a href=\"#/event/event-detail/121/522/123\">《哈哈哈哈》</a>','','',0,0,2,'2017-05-03 13:02:34',2,'2017-05-03 13:02:34',2),(362,8,2,'我添加了大事件<a href=\"#/event/event-detail/121/522/124\">《哈哈哈哈哈哈哈或或或》</a>','','',0,0,2,'2017-05-03 13:17:42',2,'2017-05-03 13:17:42',2),(363,8,2,'我添加了大事件<a href=\"#/event/event-detail/121/523/125\">《发生的撒旦阿萨德暗示大》</a>','','',0,0,2,'2017-05-03 13:53:52',2,'2017-05-03 13:53:52',2),(364,8,2,'我添加了大事件<a href=\"#/event/event-detail/121/523/126\">《望闻问切无群》</a>','','',0,0,2,'2017-05-03 13:58:33',2,'2017-05-03 13:58:33',2),(365,8,2,'我添加了大事件<a href=\"#/event/event-detail/121/523/127\">《望闻问切无群》</a>','','',0,0,2,'2017-05-03 13:58:39',2,'2017-05-03 13:58:39',2),(366,8,2,'我添加了大事件<a href=\"#/event/event-detail/121/523/128\">《发放》</a>','','',0,0,2,'2017-05-03 14:00:04',2,'2017-05-03 14:00:04',2),(367,8,2,'我添加了大事件<a href=\"#/event/event-detail/121/523/129\">《发放》</a>','','',0,0,2,'2017-05-03 14:00:06',2,'2017-05-03 14:00:06',2),(368,8,2,'我添加了大事件<a href=\"#/event/event-detail/121/523/130\">《打算大奥所大所多》</a>','','',0,0,2,'2017-05-03 14:03:46',2,'2017-05-03 14:03:46',2),(369,8,2,'我添加了大事件<a href=\"#/event/event-detail/121/523/131\">《打算大奥所大所多》</a>','','',0,0,2,'2017-05-03 14:03:47',2,'2017-05-03 14:03:47',2),(370,8,2,'我添加了大事件<a href=\"#/event/event-detail/121/523/132\">《大手大脚》</a>','','',0,0,2,'2017-05-03 14:06:11',2,'2017-05-03 14:06:11',2),(371,8,2,'我添加了大事件<a href=\"#/event/event-detail/121/523/133\">《大大撒多撒多所大撒多所大所》</a>','','',0,0,2,'2017-05-03 14:10:19',2,'2017-05-03 14:10:19',2),(372,8,2,'我添加了大事件<a href=\"#/event/event-detail/121/523/134\">《大大撒多撒多所大撒多所大所》</a>','','',0,0,2,'2017-05-03 14:10:20',2,'2017-05-03 14:10:20',2),(373,8,2,'我添加了大事件<a href=\"#/event/event-detail/121/529/135\">《方式十分大方的说法都是谁发的啥地方放大师傅的说法都是》</a>','','',0,0,2,'2017-05-03 14:14:06',2,'2017-05-03 14:14:06',2),(374,8,2,'我添加了大事件<a href=\"#/event/event-detail/121/529/136\">《方式十分大方的说法都是谁发的啥地方放大师傅的说法都是》</a>','','',0,0,2,'2017-05-03 14:14:07',2,'2017-05-03 14:14:07',2),(375,8,2,'我添加了大事件<a href=\"#/event/event-detail/121/529/137\">《打撒所大所多大撒所大所多》</a>','','',0,0,2,'2017-05-03 14:14:34',2,'2017-05-03 14:14:34',2),(376,8,2,'我添加了大事件<a href=\"#/event/event-detail/121/529/138\">《打撒所大所多大撒所大所多》</a>','','',0,0,2,'2017-05-03 14:14:38',2,'2017-05-03 14:14:38',2),(377,8,2,'我添加了大事件<a href=\"#/event/event-detail/121/529/139\">《打算大大撒大撒多撒多撒撒》</a>','','',0,0,2,'2017-05-03 14:15:42',2,'2017-05-03 14:15:42',2),(378,8,2,'我添加了大事件<a href=\"#/event/event-detail/121/529/140\">《打算大大撒大撒多撒多撒撒》</a>','','',0,0,2,'2017-05-03 14:17:38',2,'2017-05-03 14:17:38',2),(379,8,2,'我添加了大事件<a href=\"#/event/event-detail/121/522/141\">《李克强在山东关切的这件事出新措施了》</a>','','',0,0,2,'2017-05-03 16:28:25',2,'2017-05-03 16:28:25',2),(380,8,2,'我添加了大事件<a href=\"#/event/event-detail/121/522/142\">《李克强在山东关切的这件事出新措施了》</a>','','',0,0,2,'2017-05-03 16:28:29',2,'2017-05-03 16:28:29',2),(381,8,2,'我添加了大事件<a href=\"#/event/event-detail/121/522/143\">《李克强在山东关切的这件事出新措施了》</a>','','',0,0,2,'2017-05-03 16:28:30',2,'2017-05-03 16:28:30',2),(382,8,2,'我添加了大事件<a href=\"#/event/event-detail/121/522/144\">《李克强在山东关切的这件事出新措施了》</a>','','',0,0,2,'2017-05-03 16:28:37',2,'2017-05-03 16:28:37',2),(383,8,2,'我添加了大事件<a href=\"#/event/event-detail/121/522/145\">《李克强在山东关切的这件事出新措施了》</a>','','',0,0,2,'2017-05-03 16:31:02',2,'2017-05-03 16:31:02',2),(384,8,2,'我添加了大事件<a href=\"#/event/event-detail/121/522/146\">《李克强在山东关切的这件事出新措施了》</a>','','',0,0,2,'2017-05-03 16:32:31',2,'2017-05-03 16:32:31',2),(385,8,2,'我添加了大事件<a href=\"#/event/event-detail/121/522/147\">《李克强在山东关切的这件事出新措施了》</a>','','',0,0,2,'2017-05-03 16:32:36',2,'2017-05-03 16:32:36',2),(386,8,2,'我添加了大事件<a href=\"#/event/event-detail/121/522/148\">《李克强在山东关切的这件事出新措施了》</a>','','',0,0,2,'2017-05-03 16:36:05',2,'2017-05-03 16:36:05',2),(387,8,2,'我添加了大事件<a href=\"#/event/event-detail/121/522/149\">《李克强在山东关切的这件事出新措施了》</a>','','',0,0,2,'2017-05-03 16:37:10',2,'2017-05-03 16:37:10',2),(388,8,2,'我添加了大事件<a href=\"#/event/event-detail/121/522/150\">《李克强在山东关切的这件事出新措施了》</a>','','',0,0,2,'2017-05-03 16:39:39',2,'2017-05-03 16:39:39',2),(389,8,2,'我添加了大事件<a href=\"#/event/event-detail/121/522/151\">《李克强在山东关切的这件事出新措施了》</a>','','',0,0,2,'2017-05-03 16:39:49',2,'2017-05-03 16:39:49',2),(390,8,2,'我添加了大事件<a href=\"#/event/event-detail/121/522/152\">《李克强在山东关切的这件事出新措施了》</a>','','',0,0,2,'2017-05-03 16:40:47',2,'2017-05-03 16:40:47',2),(391,8,2,'我添加了大事件<a href=\"#/event/event-detail/121/522/153\">《李克强在山东关切的这件事出新措施了》</a>','','',0,0,2,'2017-05-03 16:41:33',2,'2017-05-03 16:41:33',2),(392,8,2,'我添加了大事件<a href=\"#/event/event-detail/121/530/154\">《测  敖德萨爱仕达爱仕达》</a>','','',0,0,2,'2017-05-03 16:43:16',2,'2017-05-03 16:43:16',2),(393,8,2,'我添加了大事件<a href=\"#/event/event-detail/121/530/156\">《打算大大所大所大所大撒所大多撒多所》</a>','','',0,0,2,'2017-05-03 17:12:46',2,'2017-05-03 17:12:46',2),(394,8,2,'我添加了大事件<a href=\"#/event/event-detail/121/530/157\">《打算大大所大所大所大撒所大多撒多所》</a>','','',0,0,2,'2017-05-03 17:12:47',2,'2017-05-03 17:12:47',2),(395,8,2,'我添加了大事件<a href=\"#/event/event-detail/121/530/158\">《答案是多多撒大所大所大撒多所大撒多撒多撒所大多撒所多大所》</a>','','',0,0,2,'2017-05-03 17:14:23',2,'2017-05-03 17:14:23',2),(396,8,2,'我添加了大事件<a href=\"#/event/event-detail/121/521/160\">《答案是大多撒多所》</a>','','',0,0,2,'2017-05-03 17:15:38',2,'2017-05-03 17:15:38',2),(397,8,2,'我添加了大事件<a href=\"#/event/event-detail/121/521/162\">《答案多所大所大所大所大所大撒所多》</a>','','',0,0,2,'2017-05-03 17:16:27',2,'2017-05-03 17:16:27',2),(398,8,2,'我添加了大事件<a href=\"#/event/event-detail/121/521/163\">《打撒所多多撒所大奥所多多撒大撒所》</a>','','',0,0,2,'2017-05-03 17:18:17',2,'2017-05-03 17:18:17',2),(399,8,2,'我添加了大事件<a href=\"#/event/event-detail/121/521/164\">《打撒大所多撒所多所》</a>','','',0,0,2,'2017-05-03 17:19:03',2,'2017-05-03 17:19:03',2),(400,8,2,'我添加了大事件<a href=\"#/event/event-detail/121/523/165\">《李克强》</a>','','',0,0,2,'2017-05-04 17:06:29',2,'2017-05-04 17:06:29',2),(401,8,2,'我添加了大事件<a href=\"#/event/event-detail/121/521/166\">《山东》</a>','','',0,0,2,'2017-05-04 17:06:51',2,'2017-05-04 17:06:51',2),(402,8,2,'我添加了大事件<a href=\"#/event/event-detail/121/533/167\">《山东李克强》</a>','','',0,1,2,'2017-05-04 17:08:29',2,'2017-05-04 17:08:29',2),(403,8,2,'?????','','',0,0,1,'2017-05-08 18:28:22',2,'2017-05-08 18:28:22',2),(406,10,171,'我删除了人物<a href=\"#/person/person-detail/402\">子</a>','','',0,0,2,'2017-05-09 11:50:07',171,'2017-05-09 11:50:07',171),(407,10,171,'我删除了人物<a href=\"#/person/person-detail/420\">gcvg</a>','','',0,0,2,'2017-05-09 11:50:14',171,'2017-05-09 11:50:14',171),(408,10,171,'我删除了人物<a href=\"#/person/person-detail/419\">zhou</a>','','',0,0,2,'2017-05-09 11:50:25',171,'2017-05-09 11:50:25',171),(409,10,171,'我删除了人物<a href=\"#/person/person-detail/404\">画江湖</a>','','',0,0,2,'2017-05-09 11:51:06',171,'2017-05-09 11:51:06',171),(410,10,171,'我删除了人物<a href=\"#/person/person-detail/254\">兄女</a>','','',0,0,2,'2017-05-09 11:51:57',171,'2017-05-09 11:51:57',171),(411,10,171,'gjcg','address','',0,0,1,'2017-05-09 12:19:36',171,'2017-05-09 12:19:36',171),(412,10,171,'hfyg','address','',0,0,1,'2017-05-09 12:19:53',171,'2017-05-09 12:19:53',171),(413,10,171,'推文','address','',0,0,1,'2017-05-09 12:41:48',171,'2017-05-09 12:41:48',171),(414,10,171,'提体检','address','',0,0,1,'2017-05-09 12:44:03',171,'2017-05-09 12:44:03',171),(415,10,171,'提','address','',0,0,1,'2017-05-09 12:48:17',171,'2017-05-09 12:48:17',171),(416,10,171,'踢皮球','address','',0,0,1,'2017-05-09 12:48:50',171,'2017-05-09 12:48:50',171),(417,10,171,'苏芮','address','',0,0,1,'2017-05-09 12:57:42',171,'2017-05-09 12:57:42',171),(418,10,171,'djfg','address','',0,0,1,'2017-05-09 12:58:34',171,'2017-05-09 12:58:34',171),(419,10,171,'dgdg','address','',0,0,1,'2017-05-09 13:51:29',171,'2017-05-09 13:51:29',171),(420,10,171,'dvfb$fh','address','',0,0,1,'2017-05-09 13:53:16',171,'2017-05-09 13:53:16',171),(421,10,171,'ffg','address','',0,0,1,'2017-05-09 13:59:22',171,'2017-05-09 13:59:22',171),(422,10,171,'dbfhfh','address','',0,0,1,'2017-05-09 14:02:07',171,'2017-05-09 14:02:07',171),(423,10,171,'dgfhfh','address','',0,0,1,'2017-05-09 14:04:26',171,'2017-05-09 14:04:26',171),(424,10,171,'vvv','address','',0,0,1,'2017-05-09 14:04:36',171,'2017-05-09 14:04:36',171),(425,10,171,'www','address','',0,0,1,'2017-05-09 14:12:51',171,'2017-05-09 14:12:51',171),(426,10,171,'cbsg','address','',0,0,1,'2017-05-09 14:14:59',171,'2017-05-09 14:14:59',171),(427,10,171,'ccvcs','address','',0,0,1,'2017-05-09 14:44:43',171,'2017-05-09 14:44:43',171),(428,10,171,'fr','address','',0,0,1,'2017-05-09 14:45:09',171,'2017-05-09 14:45:09',171),(430,19,256,'a','','',0,0,1,'2017-05-09 14:54:12',256,'2017-05-09 14:54:12',256),(431,19,256,'1','','',0,0,1,'2017-05-09 14:54:14',256,'2017-05-09 14:54:14',256),(432,19,256,'2','','',0,0,1,'2017-05-09 14:54:16',256,'2017-05-09 14:54:16',256),(433,19,256,'3','','',0,0,1,'2017-05-09 14:54:18',256,'2017-05-09 14:54:18',256),(434,19,256,'4','','',0,0,1,'2017-05-09 14:54:19',256,'2017-05-09 14:54:19',256),(435,19,256,'5','','',0,0,1,'2017-05-09 14:54:20',256,'2017-05-09 14:54:20',256),(441,10,171,'tet','address','',0,0,1,'2017-05-09 14:58:47',171,'2017-05-09 14:58:47',171),(442,10,171,'rt','address','',0,0,1,'2017-05-09 15:02:25',171,'2017-05-09 15:02:25',171),(443,10,171,'qqq','address','',0,0,1,'2017-05-09 15:03:13',171,'2017-05-09 15:03:13',171),(444,10,171,'ttt','address','',0,0,1,'2017-05-09 15:06:03',171,'2017-05-09 15:06:03',171),(445,10,171,'dgsfsg2fd','address','',0,0,1,'2017-05-09 15:07:16',171,'2017-05-09 15:07:16',171),(446,10,171,'uuuuu','address','',0,0,1,'2017-05-09 15:08:46',171,'2017-05-09 15:08:46',171),(447,10,171,'pppp','address','',0,0,1,'2017-05-09 15:12:12',171,'2017-05-09 15:12:12',171),(448,10,171,'fdb','address','',0,0,1,'2017-05-09 15:13:25',171,'2017-05-09 15:13:25',171),(449,10,171,'dgdg','address','',0,0,1,'2017-05-09 15:17:22',171,'2017-05-09 15:17:22',171),(450,10,171,'qwwq','address','',0,0,1,'2017-05-09 15:21:31',171,'2017-05-09 15:21:31',171),(451,10,171,'yyyy','address','',0,0,1,'2017-05-09 15:23:13',171,'2017-05-09 15:23:13',171),(452,10,171,'dddd','address','',0,0,1,'2017-05-09 15:23:48',171,'2017-05-09 15:23:48',171),(453,10,171,'uuuuu','address','',0,0,1,'2017-05-09 15:24:15',171,'2017-05-09 15:24:15',171),(454,10,171,'ttttt','address','',0,0,1,'2017-05-09 15:27:49',171,'2017-05-09 15:27:49',171),(455,10,171,'yty','address','',0,0,1,'2017-05-09 15:28:27',171,'2017-05-09 15:28:27',171),(456,10,171,'fg','address','',0,0,1,'2017-05-09 15:43:43',171,'2017-05-09 15:43:43',171),(457,10,171,'记得','address','',0,0,1,'2017-05-09 15:50:46',171,'2017-05-09 15:50:46',171),(458,10,171,'关机','address','',0,0,1,'2017-05-09 15:51:29',171,'2017-05-09 15:51:29',171),(459,10,171,'回来','address','',0,0,1,'2017-05-09 15:52:33',171,'2017-05-09 15:52:33',171),(460,10,171,'\'吧','address','',0,0,1,'2017-05-09 15:52:47',171,'2017-05-09 15:52:47',171),(461,10,171,'测','address','',0,0,1,'2017-05-09 15:52:55',171,'2017-05-09 15:52:55',171),(462,10,171,'永','address','',0,0,1,'2017-05-09 15:52:59',171,'2017-05-09 15:52:59',171),(463,10,171,'\'\'\'','address','',0,0,1,'2017-05-09 15:53:57',171,'2017-05-09 15:53:57',171),(464,10,171,'\'了','address','',0,0,1,'2017-05-09 15:56:16',171,'2017-05-09 15:56:16',171),(465,10,171,'的','address','',0,0,1,'2017-05-09 15:58:24',171,'2017-05-09 15:58:24',171),(466,10,171,'好','address','',0,0,1,'2017-05-09 16:01:41',171,'2017-05-09 16:01:41',171),(467,10,171,'关机','address','',0,0,1,'2017-05-09 16:08:33',171,'2017-05-09 16:08:33',171),(468,10,171,'\'吧','address','',0,0,1,'2017-05-09 16:10:10',171,'2017-05-09 16:10:10',171),(469,10,171,'关机','address','',0,0,1,'2017-05-09 16:13:21',171,'2017-05-09 16:13:21',171),(470,10,171,'咯哈','address','',0,0,1,'2017-05-09 16:17:52',171,'2017-05-09 16:17:52',171),(471,10,171,'愧','address','',0,0,1,'2017-05-09 16:21:19',171,'2017-05-09 16:21:19',171),(472,10,171,'回来','address','',0,0,1,'2017-05-09 16:21:40',171,'2017-05-09 16:21:40',171),(473,10,171,'看看','address','',0,0,1,'2017-05-09 16:21:48',171,'2017-05-09 16:21:48',171),(474,10,171,'回来','address','',0,0,1,'2017-05-09 16:22:58',171,'2017-05-09 16:22:58',171),(475,10,171,'发','address','',0,0,1,'2017-05-09 16:24:35',171,'2017-05-09 16:24:35',171),(476,10,171,'\'吧','address','',0,0,1,'2017-05-09 16:26:32',171,'2017-05-09 16:26:32',171),(477,10,171,'\'吧','address','',0,0,1,'2017-05-09 16:28:16',171,'2017-05-09 16:28:16',171),(478,10,171,'\'\'\'','address','',0,0,1,'2017-05-09 16:28:23',171,'2017-05-09 16:28:23',171),(479,10,171,'吧','address','',0,0,1,'2017-05-09 16:29:29',171,'2017-05-09 16:29:29',171),(480,19,256,'大师傅','','',0,0,1,'2017-05-09 16:30:33',256,'2017-05-09 16:30:33',256),(481,19,256,'违反速度奉献出','','',0,0,1,'2017-05-09 16:30:36',256,'2017-05-09 16:30:36',256),(482,19,256,'问哦我','','',0,0,1,'2017-05-09 16:30:39',256,'2017-05-09 16:30:39',256),(483,19,256,'嘿嘿额回来','','',0,0,1,'2017-05-09 16:30:44',256,'2017-05-09 16:30:44',256),(484,19,256,'阿斯蒂芬','','',1,0,1,'2017-05-09 16:31:12',256,'2017-05-09 16:31:12',256),(485,19,256,'自行车v','','',1,0,1,'2017-05-09 16:31:15',256,'2017-05-09 16:31:15',256),(486,10,171,'\'把','address','',0,0,1,'2017-05-09 16:33:03',171,'2017-05-09 16:33:03',171),(487,10,171,'被','address','',0,0,1,'2017-05-09 16:33:42',171,'2017-05-09 16:33:42',171),(488,10,171,'测','address','',0,0,1,'2017-05-09 16:36:24',171,'2017-05-09 16:36:24',171),(489,10,171,'\'吧','address','',0,0,1,'2017-05-09 16:39:03',171,'2017-05-09 16:39:03',171),(490,10,171,'考虑考虑','address','',0,0,1,'2017-05-09 16:39:09',171,'2017-05-09 16:39:09',171),(491,10,171,'测dgf','address','',0,0,1,'2017-05-09 16:39:46',171,'2017-05-09 16:39:46',171),(492,10,171,'xvs','address','',0,0,1,'2017-05-09 16:40:33',171,'2017-05-09 16:40:33',171),(493,10,171,'eg3g','address','',0,0,1,'2017-05-09 16:41:05',171,'2017-05-09 16:41:05',171),(494,10,171,'erffe','address','',0,0,1,'2017-05-09 16:44:38',171,'2017-05-09 16:44:38',171),(495,10,171,'看看','address','',0,0,1,'2017-05-09 16:52:34',171,'2017-05-09 16:52:34',171),(496,10,171,'解雇','address','',1,0,1,'2017-05-09 16:54:44',171,'2017-05-09 16:54:44',171),(497,10,171,'去了','address','',0,0,1,'2017-05-09 16:59:11',171,'2017-05-09 16:59:11',171),(498,10,171,'古','address','',0,0,1,'2017-05-09 17:01:32',171,'2017-05-09 17:01:32',171),(499,10,171,'\'测','address','',0,0,1,'2017-05-09 17:05:55',171,'2017-05-09 17:05:55',171),(500,10,171,'\'测','address','',0,0,1,'2017-05-09 17:06:41',171,'2017-05-09 17:06:41',171),(501,10,171,'qqq','address','',0,0,1,'2017-05-09 17:07:03',171,'2017-05-09 17:07:03',171),(502,10,171,'湖','address','',0,0,1,'2017-05-09 17:08:18',171,'2017-05-09 17:08:18',171),(503,10,171,'\'夨','address','',0,0,1,'2017-05-09 17:09:50',171,'2017-05-09 17:09:50',171),(504,10,171,'啦啦啦啦啦了','address','',0,0,1,'2017-05-09 17:12:11',171,'2017-05-09 17:12:11',171),(505,10,171,'卡特勒去','address','',0,0,1,'2017-05-09 17:13:20',171,'2017-05-09 17:13:20',171),(506,10,171,'狐狸','address','',0,0,1,'2017-05-09 17:22:56',171,'2017-05-09 17:22:56',171),(507,10,171,'伯伯','address','',0,0,1,'2017-05-09 17:31:10',171,'2017-05-09 17:31:10',171),(508,10,171,'我向家族新增了一个人物<a href=\"#/person/person-detail/552\">周爸</a>','','',0,0,2,'2017-05-09 17:36:33',171,'2017-05-09 17:36:33',171),(509,10,171,'我向家族新增了一个人物<a href=\"#/person/person-detail/553\">周妈</a>','','',0,0,2,'2017-05-09 17:36:51',171,'2017-05-09 17:36:51',171),(510,10,171,'我向家族新增了一个人物<a href=\"#/person/person-detail/554\">周兄</a>','','',0,0,2,'2017-05-09 17:37:07',171,'2017-05-09 17:37:07',171),(511,10,171,'我向家族新增了一个人物<a href=\"#/person/person-detail/555\">妻</a>','','',0,0,2,'2017-05-09 17:37:41',171,'2017-05-09 17:37:41',171),(512,10,171,'我删除了人物<a href=\"#/person/person-detail/555\">妻</a>','','',0,0,2,'2017-05-09 17:38:09',171,'2017-05-09 17:38:09',171),(513,10,171,'我向家族新增了一个人物<a href=\"#/person/person-detail/556\">妻</a>','','',0,0,2,'2017-05-09 17:42:40',171,'2017-05-09 17:42:40',171),(514,10,171,'我向家族新增了一个人物<a href=\"#/person/person-detail/557\">女儿</a>','','',0,0,2,'2017-05-09 17:43:03',171,'2017-05-09 17:43:03',171),(515,19,256,'?','','/images/upload/256/1494323003f3S8rAbWMT0sG2_6psZgmqf',0,0,1,'2017-05-09 17:43:35',256,'2017-05-09 17:43:35',256),(517,10,171,'我向家族新增了一个人物<a href=\"#/person/person-detail/558\">周爸</a>','','',0,0,2,'2017-05-09 17:43:56',171,'2017-05-09 17:43:56',171),(518,10,171,'我向家族新增了一个人物<a href=\"#/person/person-detail/559\">周妈</a>','','',0,0,2,'2017-05-09 17:44:27',171,'2017-05-09 17:44:27',171),(519,10,171,'我删除了人物<a href=\"#/person/person-detail/559\">周妈</a>','','',0,0,2,'2017-05-09 17:44:48',171,'2017-05-09 17:44:48',171),(520,10,171,'我向家族新增了一个人物<a href=\"#/person/person-detail/560\">周妈</a>','','',0,0,2,'2017-05-09 17:46:40',171,'2017-05-09 17:46:40',171),(521,10,171,'我删除了人物<a href=\"#/person/person-detail/560\">周妈</a>','','',0,0,2,'2017-05-09 17:48:32',171,'2017-05-09 17:48:32',171),(522,10,171,'我向家族新增了一个人物<a href=\"#/person/person-detail/561\">周</a>','','',0,0,2,'2017-05-09 17:57:50',171,'2017-05-09 17:57:50',171),(523,10,171,'我删除了人物<a href=\"#/person/person-detail/561\">周</a>','','',0,0,2,'2017-05-09 18:01:16',171,'2017-05-09 18:01:16',171),(524,10,171,'我向家族新增了一个人物<a href=\"#/person/person-detail/562\">周妈</a>','','',0,0,2,'2017-05-09 18:04:03',171,'2017-05-09 18:04:03',171),(525,10,171,'我删除了人物<a href=\"#/person/person-detail/562\">周妈</a>','','',0,0,2,'2017-05-09 18:22:44',171,'2017-05-09 18:22:44',171),(526,10,171,'我向家族新增了一个人物<a href=\"#/person/person-detail/563\">周妈</a>','','',0,0,2,'2017-05-09 18:36:31',171,'2017-05-09 18:36:31',171),(527,10,171,'我向家族新增了一个人物<a href=\"#/person/person-detail/564\">周兄</a>','','',0,0,2,'2017-05-09 18:37:50',171,'2017-05-09 18:37:50',171),(528,10,171,'我向家族新增了一个人物<a href=\"#/person/person-detail/565\">周姐</a>','','',0,0,2,'2017-05-09 18:38:36',171,'2017-05-09 18:38:36',171),(529,10,171,'我向家族新增了一个人物<a href=\"#/person/person-detail/566\">爷爷</a>','','',0,0,2,'2017-05-09 18:39:19',171,'2017-05-09 18:39:19',171),(530,8,2,'111','','',0,0,1,'2017-05-10 10:23:41',2,'2017-05-10 10:23:41',2),(531,8,2,'我向家族新增了一个人物<a href=\"#/person/person-detail/568\">删除</a>','','',0,0,2,'2017-05-10 10:40:01',2,'2017-05-10 10:40:01',2),(532,8,2,'我删除了人物<a href=\"#/person/person-detail/568\">删除</a>','','',0,0,2,'2017-05-10 10:40:18',2,'2017-05-10 10:40:18',2),(533,8,2,'我向家族新增了一个人物<a href=\"#/person/person-detail/569\">删除</a>','','',0,0,2,'2017-05-10 10:41:39',2,'2017-05-10 10:41:39',2),(534,8,2,'我删除了人物<a href=\"#/person/person-detail/569\">删除</a>','','',0,0,2,'2017-05-10 10:42:03',2,'2017-05-10 10:42:03',2),(536,8,2,'我更新了<a href=\"#/person/person-detail/570\">啊啊</a>的人物资料','','',0,0,2,'2017-05-10 10:48:37',2,'2017-05-10 10:48:37',2),(537,8,2,'我删除了人物<a href=\"#/person/person-detail/570\">啊啊</a>','','',0,0,2,'2017-05-10 11:00:52',2,'2017-05-10 11:00:52',2),(538,8,2,'我删除了人物<a href=\"#/person/person-detail/570\">啊啊</a>','','',0,0,2,'2017-05-10 11:06:05',2,'2017-05-10 11:06:05',2),(539,8,2,'我删除了人物<a href=\"#/person/person-detail/570\">啊啊</a>','','',0,0,2,'2017-05-10 11:12:39',2,'2017-05-10 11:12:39',2),(540,12,3,'我向家族新增了一个人物<a href=\"#/person/person-detail/572\">李惠英</a>','','',0,0,2,'2017-05-10 17:44:23',3,'2017-05-10 17:44:23',3),(541,12,3,'我向家族新增了一个人物<a href=\"#/person/person-detail/573\">赵贵生</a>','','',0,0,2,'2017-05-10 17:45:12',3,'2017-05-10 17:45:12',3),(542,12,3,'我向家族新增了一个人物<a href=\"#/person/person-detail/574\">李发桂</a>','','',0,0,2,'2017-05-10 17:46:36',3,'2017-05-10 17:46:36',3),(543,12,3,'我向家族新增了一个人物<a href=\"#/person/person-detail/575\">陈淑贞</a>','','',0,0,2,'2017-05-10 17:47:32',3,'2017-05-10 17:47:32',3),(544,12,3,'我向家族新增了一个人物<a href=\"#/person/person-detail/576\">李惠芳</a>','','',0,0,2,'2017-05-10 17:48:49',3,'2017-05-10 17:48:49',3),(545,12,3,'我向家族新增了一个人物<a href=\"#/person/person-detail/577\">李惠兰</a>','','',0,0,2,'2017-05-10 17:50:09',3,'2017-05-10 17:50:09',3),(546,12,3,'我向家族新增了一个人物<a href=\"#/person/person-detail/578\">李惠莲</a>','','',0,0,2,'2017-05-10 17:51:06',3,'2017-05-10 17:51:06',3),(547,12,3,'我向家族新增了一个人物<a href=\"#/person/person-detail/579\">李惠珍</a>','','',0,0,2,'2017-05-10 17:51:52',3,'2017-05-10 17:51:52',3),(548,12,3,'我向家族新增了一个人物<a href=\"#/person/person-detail/580\">李惠华</a>','','',0,0,2,'2017-05-10 17:52:32',3,'2017-05-10 17:52:32',3),(549,12,3,'我向家族新增了一个人物<a href=\"#/person/person-detail/581\">李建宁</a>','','',0,0,2,'2017-05-10 17:52:58',3,'2017-05-10 17:52:58',3),(550,12,3,'我向家族新增了一个人物<a href=\"#/person/person-detail/582\">李惠萍</a>','','',0,0,2,'2017-05-10 17:53:43',3,'2017-05-10 17:53:43',3),(551,12,3,'我向家族新增了一个人物<a href=\"#/person/person-detail/583\">李惠琳</a>','','',0,0,2,'2017-05-10 17:54:26',3,'2017-05-10 17:54:26',3),(552,12,3,'我向家族新增了一个人物<a href=\"#/person/person-detail/584\">周水生</a>','','',0,0,2,'2017-05-10 17:55:47',3,'2017-05-10 17:55:47',3),(553,12,3,'我向家族新增了一个人物<a href=\"#/person/person-detail/585\">孙燕林</a>','','',0,0,2,'2017-05-10 17:56:36',3,'2017-05-10 17:56:36',3),(554,12,3,'我向家族新增了一个人物<a href=\"#/person/person-detail/586\">温舰生</a>','','',0,0,2,'2017-05-10 17:58:03',3,'2017-05-10 17:58:03',3),(555,12,3,'我向家族新增了一个人物<a href=\"#/person/person-detail/587\">曾昌文</a>','','',0,0,2,'2017-05-10 17:58:41',3,'2017-05-10 17:58:41',3),(556,12,3,'我向家族新增了一个人物<a href=\"#/person/person-detail/588\">曾松林</a>','','',0,0,2,'2017-05-10 17:59:24',3,'2017-05-10 17:59:24',3),(557,12,3,'我向家族新增了一个人物<a href=\"#/person/person-detail/589\">彭红群</a>','','',0,0,2,'2017-05-10 18:00:10',3,'2017-05-10 18:00:10',3),(558,12,3,'我向家族新增了一个人物<a href=\"#/person/person-detail/590\">邓文海</a>','','',0,0,2,'2017-05-10 18:00:58',3,'2017-05-10 18:00:58',3),(559,12,3,'我向家族新增了一个人物<a href=\"#/person/person-detail/591\">卢辉</a>','','',0,0,2,'2017-05-10 18:02:53',3,'2017-05-10 18:02:53',3),(560,12,3,'我向家族新增了一个人物<a href=\"#/person/person-detail/592\">周晓军</a>','','',0,0,2,'2017-05-10 18:03:29',3,'2017-05-10 18:03:29',3),(561,12,3,'我向家族新增了一个人物<a href=\"#/person/person-detail/593\">周晓欢</a>','','',0,0,2,'2017-05-10 18:04:06',3,'2017-05-10 18:04:06',3),(562,12,3,'我向家族新增了一个人物<a href=\"#/person/person-detail/594\">孙冰</a>','','',0,0,2,'2017-05-10 18:05:19',3,'2017-05-10 18:05:19',3),(563,12,3,'我向家族新增了一个人物<a href=\"#/person/person-detail/595\">温宏</a>','','',0,0,2,'2017-05-10 18:05:59',3,'2017-05-10 18:05:59',3),(564,12,3,'我向家族新增了一个人物<a href=\"#/person/person-detail/596\">温群</a>','','',0,0,2,'2017-05-10 18:06:54',3,'2017-05-10 18:06:54',3),(565,12,3,'我向家族新增了一个人物<a href=\"#/person/person-detail/597\">曾义杰</a>','','',0,0,2,'2017-05-10 18:07:46',3,'2017-05-10 18:07:46',3),(566,12,3,'我向家族新增了一个人物<a href=\"#/person/person-detail/598\">曾宇乔</a>','','',0,0,2,'2017-05-10 18:08:31',3,'2017-05-10 18:08:31',3),(567,12,3,'我向家族新增了一个人物<a href=\"#/person/person-detail/599\">李杰懿</a>','','',0,0,2,'2017-05-10 18:09:04',3,'2017-05-10 18:09:04',3),(568,12,3,'我向家族新增了一个人物<a href=\"#/person/person-detail/600\">李铭忆</a>','','',0,0,2,'2017-05-10 18:14:47',3,'2017-05-10 18:14:47',3),(569,12,3,'我向家族新增了一个人物<a href=\"#/person/person-detail/601\">李章鑫</a>','','',0,0,2,'2017-05-10 18:16:03',3,'2017-05-10 18:16:03',3),(570,12,3,'我向家族新增了一个人物<a href=\"#/person/person-detail/602\">邓睿骐</a>','','',0,0,2,'2017-05-10 18:16:36',3,'2017-05-10 18:16:36',3),(571,12,3,'我向家族新增了一个人物<a href=\"#/person/person-detail/603\">卢宏豪</a>','','',0,0,2,'2017-05-10 18:17:45',3,'2017-05-10 18:17:45',3),(572,12,3,'我向家族新增了一个人物<a href=\"#/person/person-detail/604\">廖湘</a>','','',0,0,2,'2017-05-10 18:18:21',3,'2017-05-10 18:18:21',3),(573,12,3,'我向家族新增了一个人物<a href=\"#/person/person-detail/605\">赵祎涵</a>','','',0,0,2,'2017-05-10 18:19:01',3,'2017-05-10 18:19:01',3),(574,12,3,'我向家族新增了一个人物<a href=\"#/person/person-detail/606\">刘心怡</a>','','',0,0,2,'2017-05-10 18:20:05',3,'2017-05-10 18:20:05',3),(575,12,3,'我向家族新增了一个人物<a href=\"#/person/person-detail/607\">周子渊</a>','','',0,0,2,'2017-05-10 18:20:54',3,'2017-05-10 18:20:54',3),(576,12,3,'我向家族新增了一个人物<a href=\"#/person/person-detail/608\">谈荣慧</a>','','',0,0,2,'2017-05-10 18:21:23',3,'2017-05-10 18:21:23',3),(577,12,3,'我向家族新增了一个人物<a href=\"#/person/person-detail/609\">周思琪</a>','','',0,0,2,'2017-05-10 18:23:09',3,'2017-05-10 18:23:09',3),(578,12,3,'我向家族新增了一个人物<a href=\"#/person/person-detail/610\">卢锦玥</a>','','',0,0,2,'2017-05-10 18:24:22',3,'2017-05-10 18:24:22',3),(579,12,3,'我为<a href=\"#/person/person-detail/571\">赵鑫烜</a>添加了一张照片','','/images/upload/3/1494411880N3kcF47fCVpBcwLdELaq1NlR',0,0,2,'2017-05-10 18:24:41',3,'2017-05-10 18:24:41',3),(580,12,3,'我添加了管理员<a href=\"#/user/user-detail/192\">宁宁圈</a>','','',0,0,2,'2017-05-10 18:33:42',3,'2017-05-10 18:33:42',3),(581,12,3,'我发起了活动<a href=\"#/activity/activity-detail/15\">#划龙舟#</a>,快来看看吧!','','',0,1,2,'2017-05-10 18:38:15',3,'2017-05-10 18:38:15',3),(582,20,260,'我发起了活动<a href=\"#/activity/activity-detail/16\">#上课#</a>,快来看看吧!','','',0,0,2,'2017-05-11 13:24:58',260,'2017-05-11 13:24:58',260),(583,20,260,'我发起了活动<a href=\"#/activity/activity-detail/17\">#下班#</a>,快来看看吧!','','',0,0,2,'2017-05-11 13:26:16',260,'2017-05-11 13:26:16',260),(584,13,184,'我发起了活动<a href=\"#/activity/activity-detail/18\">#fafa#</a>,快来看看吧!','','',0,0,2,'2017-05-11 18:35:30',184,'2017-05-11 18:35:30',184),(585,13,184,'我发起了活动<a href=\"#/activity/activity-detail/19\">#dsada#</a>,快来看看吧!','','',0,0,2,'2017-05-11 18:36:10',184,'2017-05-11 18:36:10',184),(586,8,2,'我为<a href=\"#/person/person-detail/567\">jiang</a>添加了一张照片','','/images/upload/2/137/14945579182Rx931eoQJR5LTCkTy48Xsjg',0,0,2,'2017-05-12 10:58:39',2,'2017-05-12 10:58:39',2),(587,8,2,'111','','/images/upload/2/1494557991A2iKxzMm4Vq58OWRE0AvCVn8,/images/upload/2/1494557991uwyDmkjk9SIXLe8QOgZJEA_M,/images/upload/2/1494557991Vp6J5faLe8g_3jwt9ZHFJ_T,/images/upload/2/1494557991Zv4qOktnnL5VjRgnKGtStoI6,/images/upload/2/1494557992JHKtlYRxzcSTwJdWtr3he,/images/upload/2/1494557992PvF0KFTD2_k7duSrC6qGqX8z,/images/upload/2/1494557992ogB_aZ78scyfx0CVMHO3w2rf,/images/upload/2/1494557992jfXYQWJPDpy4Kx1A2AMVrgU9,/images/upload/2/1494557992X6eBPdsDI6EqLw1NulVIQM8r',0,0,1,'2017-05-12 10:59:56',2,'2017-05-12 10:59:56',2),(588,8,2,'我发起了活动<a href=\"#/activity/activity-detail/20\">#vvv#</a>,快来看看吧!','','',0,0,2,'2017-05-12 16:20:44',2,'2017-05-12 16:20:44',2),(589,8,2,'我发起了活动<a href=\"#/activity/activity-detail/21\">#更改#</a>,快来看看吧!','','',0,0,2,'2017-05-12 16:21:44',2,'2017-05-12 16:21:44',2),(590,12,3,'我发起了活动<a href=\"#/activity/activity-detail/22\">#吃肉丸子#</a>,快来看看吧!','','',0,0,2,'2017-05-12 16:34:26',3,'2017-05-12 16:34:26',3),(591,12,3,'我发起了活动<a href=\"#/activity/activity-detail/23\">#吃饭饭#</a>,快来看看吧!','','',0,0,2,'2017-05-12 16:42:16',3,'2017-05-12 16:42:16',3),(592,21,265,'我向家族新增了一个人物<a href=\"#/person/person-detail/613\">王霄苒</a>','','',0,0,2,'2017-05-12 17:08:45',265,'2017-05-12 17:08:45',265),(593,8,2,'我发起了活动<a href=\"#/activity/activity-detail/24\">#活动#</a>,快来看看吧!','','',0,0,2,'2017-05-16 13:28:30',2,'2017-05-16 13:28:30',2),(594,8,2,'我发起了活动<a href=\"#/activity/activity-detail/25\">#活动#</a>,快来看看吧!','','',0,0,2,'2017-05-16 13:28:32',2,'2017-05-16 13:28:32',2),(595,8,2,'我发起了活动<a href=\"#/activity/activity-detail/26\">#活动#</a>,快来看看吧!','','',0,0,2,'2017-05-16 13:28:38',2,'2017-05-16 13:28:38',2),(596,8,2,'我发起了活动<a href=\"#/activity/activity-detail/27\">#活动#</a>,快来看看吧!','','',0,0,2,'2017-05-16 13:29:40',2,'2017-05-16 13:29:40',2),(597,8,2,'我发起了活动<a href=\"#/activity/activity-detail/28\">#测试#</a>,快来看看吧!','','',0,0,2,'2017-05-16 15:00:05',2,'2017-05-16 15:00:05',2),(598,8,2,'我更新了<a href=\"#/person/person-detail/567\">jiang</a>的人物资料','','',0,0,2,'2017-05-16 16:08:07',2,'2017-05-16 16:08:07',2),(599,8,2,'我更新了<a href=\"#/person/person-detail/567\">jiang</a>的人物资料','','',0,0,2,'2017-05-16 16:19:40',2,'2017-05-16 16:19:40',2),(600,8,2,'我添加了大事件<a href=\"#/event/event-detail/121/521/169\">《厌倦碎片化，长篇新闻回归主流》</a>','','',0,0,2,'2017-05-17 15:25:21',2,'2017-05-17 15:25:21',2),(601,8,2,'我发起了活动<a href=\"#/activity/activity-detail/29\">#阿迪达斯多#</a>,快来看看吧!','','',0,0,2,'2017-05-17 15:26:51',2,'2017-05-17 15:26:51',2),(602,8,2,'我添加了大事件<a href=\"#/event/event-detail/121/530/170\">《厌倦碎片化，长篇新闻回归主流》</a>','','',0,0,2,'2017-05-17 15:27:36',2,'2017-05-17 15:27:36',2),(603,8,2,'我添加了大事件<a href=\"#/event/event-detail/137/567/171\">《厌倦碎片化，长篇新闻回归主流》</a>','','',0,0,2,'2017-05-17 15:50:23',2,'2017-05-17 15:50:23',2),(604,8,2,'我发起了活动<a href=\"#/activity/activity-detail/30\">#test#</a>,快来看看吧!','','',0,0,2,'2017-05-17 16:36:37',2,'2017-05-17 16:36:37',2),(605,8,2,'我发起了活动<a href=\"#/activity/activity-detail/31\">#test#</a>,快来看看吧!','','',0,0,2,'2017-05-17 16:36:47',2,'2017-05-17 16:36:47',2),(606,8,2,'我发起了活动<a href=\"#/activity/activity-detail/32\">#test#</a>,快来看看吧!','','',0,0,2,'2017-05-17 16:36:59',2,'2017-05-17 16:36:59',2),(607,8,2,'我发起了活动<a href=\"#/activity/activity-detail/33\">#run#</a>,快来看看吧!','','',0,0,2,'2017-05-17 16:38:07',2,'2017-05-17 16:38:07',2),(608,8,2,'我发起了活动<a href=\"#/activity/activity-detail/34\">#run#</a>,快来看看吧!','','',0,0,2,'2017-05-17 16:38:13',2,'2017-05-17 16:38:13',2),(609,8,2,'我发起了活动<a href=\"#/activity/activity-detail/35\">#run#</a>,快来看看吧!','','',0,0,2,'2017-05-17 16:38:21',2,'2017-05-17 16:38:21',2),(610,8,2,'我发起了活动<a href=\"#/activity/activity-detail/36\">#厌倦碎片化，长篇新闻回归主流#</a>,快来看看吧!','','',0,0,2,'2017-05-17 17:35:07',2,'2017-05-17 17:35:07',2),(611,8,2,'我发起了活动<a href=\"#/activity/activity-detail/37\">#厌倦碎片化，长篇新闻回归主流#</a>,快来看看吧!','','',0,0,2,'2017-05-17 17:35:16',2,'2017-05-17 17:35:16',2),(612,8,2,'我发起了活动<a href=\"#/activity/activity-detail/38\">#厌倦碎片化，长篇新闻回归主流#</a>,快来看看吧!','','',0,0,2,'2017-05-17 17:35:30',2,'2017-05-17 17:35:30',2),(613,8,2,'我发起了活动<a href=\"#/activity/activity-detail/39\">#厌倦碎片化，长篇新闻回归主流#</a>,快来看看吧!','','',0,0,2,'2017-05-17 17:35:39',2,'2017-05-17 17:35:39',2),(614,8,2,'我添加了大事件<a href=\"#/event/event-detail/121/521/174\">《映射容器端口到宿主主机的实现》</a>','','',0,0,2,'2017-05-17 17:43:55',2,'2017-05-17 17:43:55',2),(615,8,2,'我添加了大事件<a href=\"#/event/event-detail/121/521/175\">《映射容器端口到宿主主机的实现》</a>','','',0,0,2,'2017-05-17 17:43:57',2,'2017-05-17 17:43:57',2),(616,8,2,'我添加了大事件<a href=\"#/event/event-detail/121/521/176\">《映射容器端口到宿主主机的实现》</a>','','',0,0,2,'2017-05-17 17:44:04',2,'2017-05-17 17:44:04',2),(617,8,2,'我添加了大事件<a href=\"#/event/event-detail/121/521/177\">《映射容器端口到宿主主机的实现》</a>','','',0,0,2,'2017-05-17 17:44:08',2,'2017-05-17 17:44:08',2),(618,8,2,'我添加了大事件<a href=\"#/event/event-detail/121/521/178\">《映射容器端口到宿主主机的实现》</a>','','',0,0,2,'2017-05-17 17:44:09',2,'2017-05-17 17:44:09',2),(619,8,2,'我添加了大事件<a href=\"#/event/event-detail/121/521/179\">《映射容器端口到宿主主机的实现》</a>','','',0,0,2,'2017-05-17 17:44:10',2,'2017-05-17 17:44:10',2),(620,8,2,'我添加了大事件<a href=\"#/event/event-detail/121/521/180\">《映射容器端口到宿主主机的实现》</a>','','',0,0,2,'2017-05-17 17:44:10',2,'2017-05-17 17:44:10',2),(621,8,2,'我添加了大事件<a href=\"#/event/event-detail/121/521/181\">《映射容器端口到宿主主机的实现》</a>','','',0,0,2,'2017-05-17 17:44:11',2,'2017-05-17 17:44:11',2),(622,8,2,'我添加了大事件<a href=\"#/event/event-detail/121/521/182\">《映射容器端口到宿主主机的实现》</a>','','',0,0,2,'2017-05-17 17:44:11',2,'2017-05-17 17:44:11',2),(623,8,2,'我添加了大事件<a href=\"#/event/event-detail/121/521/183\">《映射容器端口到宿主主机的实现》</a>','','',0,0,2,'2017-05-17 17:44:11',2,'2017-05-17 17:44:11',2),(624,8,2,'我添加了大事件<a href=\"#/event/event-detail/121/521/184\">《映射容器端口到宿主主机的实现》</a>','','',0,0,2,'2017-05-17 17:44:11',2,'2017-05-17 17:44:11',2),(625,8,2,'我添加了大事件<a href=\"#/event/event-detail/121/521/185\">《映射容器端口到宿主主机的实现》</a>','','',0,0,2,'2017-05-17 17:44:11',2,'2017-05-17 17:44:11',2),(626,8,2,'我添加了大事件<a href=\"#/event/event-detail/121/521/186\">《映射容器端口到宿主主机的实现》</a>','','',0,0,2,'2017-05-17 17:44:11',2,'2017-05-17 17:44:11',2),(627,8,2,'我添加了大事件<a href=\"#/event/event-detail/121/521/187\">《映射容器端口到宿主主机的实现》</a>','','',0,0,2,'2017-05-17 17:44:12',2,'2017-05-17 17:44:12',2),(628,8,2,'我添加了大事件<a href=\"#/event/event-detail/121/521/188\">《映射容器端口到宿主主机的实现》</a>','','',0,0,2,'2017-05-17 17:44:12',2,'2017-05-17 17:44:12',2),(629,8,2,'我添加了大事件<a href=\"#/event/event-detail/121/521/189\">《映射容器端口到宿主主机的实现》</a>','','',0,0,2,'2017-05-17 17:44:12',2,'2017-05-17 17:44:12',2),(630,8,2,'我添加了大事件<a href=\"#/event/event-detail/121/521/190\">《映射容器端口到宿主主机的实现》</a>','','',0,0,2,'2017-05-17 17:44:12',2,'2017-05-17 17:44:12',2),(631,8,2,'我添加了大事件<a href=\"#/event/event-detail/121/521/191\">《映射容器端口到宿主主机的实现》</a>','','',0,0,2,'2017-05-17 17:44:12',2,'2017-05-17 17:44:12',2),(632,8,2,'我添加了大事件<a href=\"#/event/event-detail/121/521/192\">《映射容器端口到宿主主机的实现》</a>','','',0,0,2,'2017-05-17 17:44:12',2,'2017-05-17 17:44:12',2),(633,8,2,'我添加了大事件<a href=\"#/event/event-detail/121/521/193\">《映射容器端口到宿主主机的实现》</a>','','',0,0,2,'2017-05-17 17:44:13',2,'2017-05-17 17:44:13',2),(634,8,2,'我添加了大事件<a href=\"#/event/event-detail/121/521/194\">《映射容器端口到宿主主机的实现》</a>','','',0,0,2,'2017-05-17 17:44:13',2,'2017-05-17 17:44:13',2),(635,8,2,'我添加了大事件<a href=\"#/event/event-detail/121/521/195\">《映射容器端口到宿主主机的实现》</a>','','',0,0,2,'2017-05-17 17:44:13',2,'2017-05-17 17:44:13',2),(636,8,2,'我添加了大事件<a href=\"#/event/event-detail/121/521/196\">《映射容器端口到宿主主机的实现》</a>','','',0,0,2,'2017-05-17 17:44:14',2,'2017-05-17 17:44:14',2),(637,8,2,'我添加了大事件<a href=\"#/event/event-detail/121/521/197\">《映射容器端口到宿主主机的实现》</a>','','',0,0,2,'2017-05-17 17:44:14',2,'2017-05-17 17:44:14',2),(638,8,2,'我添加了大事件<a href=\"#/event/event-detail/121/521/198\">《映射容器端口到宿主主机的实现》</a>','','',0,0,2,'2017-05-17 17:44:14',2,'2017-05-17 17:44:14',2),(639,8,2,'我添加了大事件<a href=\"#/event/event-detail/121/521/199\">《映射容器端口到宿主主机的实现》</a>','','',0,0,2,'2017-05-17 17:44:14',2,'2017-05-17 17:44:14',2),(640,8,2,'我添加了大事件<a href=\"#/event/event-detail/121/521/200\">《映射容器端口到宿主主机的实现》</a>','','',0,0,2,'2017-05-17 17:44:15',2,'2017-05-17 17:44:15',2),(641,8,2,'我添加了大事件<a href=\"#/event/event-detail/121/521/201\">《映射容器端口到宿主主机的实现》</a>','','',0,0,2,'2017-05-17 17:44:15',2,'2017-05-17 17:44:15',2),(642,8,2,'我添加了大事件<a href=\"#/event/event-detail/121/521/202\">《映射容器端口到宿主主机的实现》</a>','','',0,0,2,'2017-05-17 17:44:15',2,'2017-05-17 17:44:15',2),(643,8,2,'我添加了大事件<a href=\"#/event/event-detail/121/521/203\">《映射容器端口到宿主主机的实现》</a>','','',0,0,2,'2017-05-17 17:44:15',2,'2017-05-17 17:44:15',2),(644,8,2,'我添加了大事件<a href=\"#/event/event-detail/121/521/204\">《映射容器端口到宿主主机的实现》</a>','','',0,0,2,'2017-05-17 17:44:15',2,'2017-05-17 17:44:15',2),(645,8,2,'我添加了大事件<a href=\"#/event/event-detail/121/521/205\">《映射容器端口到宿主主机的实现》</a>','','',0,0,2,'2017-05-17 17:44:15',2,'2017-05-17 17:44:15',2),(646,8,2,'我添加了大事件<a href=\"#/event/event-detail/121/521/206\">《映射容器端口到宿主主机的实现》</a>','','',0,0,2,'2017-05-17 17:44:16',2,'2017-05-17 17:44:16',2),(647,8,2,'我添加了大事件<a href=\"#/event/event-detail/121/521/207\">《映射容器端口到宿主主机的实现》</a>','','',0,0,2,'2017-05-17 17:44:16',2,'2017-05-17 17:44:16',2),(648,8,2,'我添加了大事件<a href=\"#/event/event-detail/121/521/208\">《映射容器端口到宿主主机的实现》</a>','','',0,0,2,'2017-05-17 17:44:16',2,'2017-05-17 17:44:16',2),(649,8,2,'我添加了大事件<a href=\"#/event/event-detail/121/521/209\">《映射容器端口到宿主主机的实现》</a>','','',0,0,2,'2017-05-17 17:44:16',2,'2017-05-17 17:44:16',2),(650,8,2,'我添加了大事件<a href=\"#/event/event-detail/121/521/210\">《映射容器端口到宿主主机的实现》</a>','','',0,0,2,'2017-05-17 17:44:16',2,'2017-05-17 17:44:16',2),(651,8,2,'我添加了大事件<a href=\"#/event/event-detail/121/521/211\">《映射容器端口到宿主主机的实现》</a>','','',0,0,2,'2017-05-17 17:44:17',2,'2017-05-17 17:44:17',2),(652,8,2,'我添加了大事件<a href=\"#/event/event-detail/121/521/212\">《映射容器端口到宿主主机的实现》</a>','','',0,0,2,'2017-05-17 17:44:17',2,'2017-05-17 17:44:17',2),(653,8,2,'我添加了大事件<a href=\"#/event/event-detail/121/521/213\">《映射容器端口到宿主主机的实现》</a>','','',0,0,2,'2017-05-17 17:44:17',2,'2017-05-17 17:44:17',2),(654,8,2,'我添加了大事件<a href=\"#/event/event-detail/121/521/214\">《映射容器端口到宿主主机的实现》</a>','','',0,0,2,'2017-05-17 17:44:17',2,'2017-05-17 17:44:17',2),(655,8,2,'我添加了大事件<a href=\"#/event/event-detail/121/521/215\">《映射容器端口到宿主主机的实现》</a>','','',0,0,2,'2017-05-17 17:44:17',2,'2017-05-17 17:44:17',2),(656,8,2,'我添加了大事件<a href=\"#/event/event-detail/121/521/216\">《映射容器端口到宿主主机的实现》</a>','','',0,0,2,'2017-05-17 17:44:18',2,'2017-05-17 17:44:18',2),(657,8,2,'我添加了大事件<a href=\"#/event/event-detail/121/521/217\">《映射容器端口到宿主主机的实现》</a>','','',0,0,2,'2017-05-17 17:44:18',2,'2017-05-17 17:44:18',2),(658,8,2,'我添加了大事件<a href=\"#/event/event-detail/121/521/218\">《映射容器端口到宿主主机的实现》</a>','','',0,0,2,'2017-05-17 17:44:18',2,'2017-05-17 17:44:18',2),(659,8,2,'我添加了大事件<a href=\"#/event/event-detail/121/521/219\">《映射容器端口到宿主主机的实现》</a>','','',0,0,2,'2017-05-17 17:44:18',2,'2017-05-17 17:44:18',2),(660,8,2,'我添加了大事件<a href=\"#/event/event-detail/121/521/220\">《映射容器端口到宿主主机的实现》</a>','','',0,0,2,'2017-05-17 17:44:18',2,'2017-05-17 17:44:18',2),(661,8,2,'我添加了大事件<a href=\"#/event/event-detail/121/521/221\">《映射容器端口到宿主主机的实现》</a>','','',0,0,2,'2017-05-17 17:44:19',2,'2017-05-17 17:44:19',2),(662,8,2,'我添加了大事件<a href=\"#/event/event-detail/121/521/222\">《映射容器端口到宿主主机的实现》</a>','','',0,0,2,'2017-05-17 17:44:19',2,'2017-05-17 17:44:19',2),(663,8,2,'我添加了大事件<a href=\"#/event/event-detail/121/521/223\">《映射容器端口到宿主主机的实现》</a>','','',0,0,2,'2017-05-17 17:44:19',2,'2017-05-17 17:44:19',2),(664,8,2,'我添加了大事件<a href=\"#/event/event-detail/121/521/224\">《映射容器端口到宿主主机的实现》</a>','','',0,0,2,'2017-05-17 17:44:19',2,'2017-05-17 17:44:19',2),(665,8,2,'我添加了大事件<a href=\"#/event/event-detail/121/521/225\">《映射容器端口到宿主主机的实现》</a>','','',0,0,2,'2017-05-17 17:45:32',2,'2017-05-17 17:45:32',2),(666,8,2,'我添加了大事件<a href=\"#/event/event-detail/121/521/226\">《映射容器端口到宿主主机的实现》</a>','','',0,0,2,'2017-05-17 17:45:35',2,'2017-05-17 17:45:35',2),(667,8,2,'我添加了大事件<a href=\"#/event/event-detail/121/521/227\">《映射容器端口到宿主主机的实现》</a>','','',0,0,2,'2017-05-17 17:45:35',2,'2017-05-17 17:45:35',2),(668,8,2,'我添加了大事件<a href=\"#/event/event-detail/121/521/228\">《映射容器端口到宿主主机的实现》</a>','','',0,0,2,'2017-05-17 17:45:35',2,'2017-05-17 17:45:35',2),(669,8,2,'我添加了大事件<a href=\"#/event/event-detail/121/521/229\">《映射容器端口到宿主主机的实现》</a>','','',0,0,2,'2017-05-17 17:45:36',2,'2017-05-17 17:45:36',2),(670,8,2,'我添加了大事件<a href=\"#/event/event-detail/121/521/230\">《映射容器端口到宿主主机的实现》</a>','','',0,0,2,'2017-05-17 17:45:36',2,'2017-05-17 17:45:36',2),(671,8,2,'我添加了大事件<a href=\"#/event/event-detail/121/521/231\">《映射容器端口到宿主主机的实现》</a>','','',0,0,2,'2017-05-17 17:45:36',2,'2017-05-17 17:45:36',2),(672,8,2,'我添加了大事件<a href=\"#/event/event-detail/121/521/232\">《映射容器端口到宿主主机的实现》</a>','','',0,0,2,'2017-05-17 17:45:36',2,'2017-05-17 17:45:36',2),(673,8,2,'我添加了大事件<a href=\"#/event/event-detail/121/521/233\">《映射容器端口到宿主主机的实现》</a>','','',0,0,2,'2017-05-17 17:45:37',2,'2017-05-17 17:45:37',2),(674,8,2,'我添加了大事件<a href=\"#/event/event-detail/121/521/234\">《映射容器端口到宿主主机的实现》</a>','','',0,0,2,'2017-05-17 17:45:37',2,'2017-05-17 17:45:37',2),(675,8,2,'我添加了大事件<a href=\"#/event/event-detail/121/521/235\">《映射容器端口到宿主主机的实现》</a>','','',0,0,2,'2017-05-17 17:45:37',2,'2017-05-17 17:45:37',2),(676,8,2,'我添加了大事件<a href=\"#/event/event-detail/121/521/236\">《映射容器端口到宿主主机的实现》</a>','','',0,0,2,'2017-05-17 17:45:37',2,'2017-05-17 17:45:37',2),(677,8,2,'我添加了大事件<a href=\"#/event/event-detail/121/521/237\">《映射容器端口到宿主主机的实现》</a>','','',0,0,2,'2017-05-17 17:45:37',2,'2017-05-17 17:45:37',2),(678,8,2,'我添加了大事件<a href=\"#/event/event-detail/121/521/238\">《映射容器端口到宿主主机的实现》</a>','','',0,0,2,'2017-05-17 17:45:38',2,'2017-05-17 17:45:38',2),(679,8,2,'我添加了大事件<a href=\"#/event/event-detail/121/521/239\">《映射容器端口到宿主主机的实现》</a>','','',0,0,2,'2017-05-17 17:48:36',2,'2017-05-17 17:48:36',2),(680,8,2,'我添加了大事件<a href=\"#/event/event-detail/121/521/240\">《映射容器端口到宿主主机的实现》</a>','','',0,0,2,'2017-05-17 17:48:37',2,'2017-05-17 17:48:37',2),(681,8,2,'我添加了大事件<a href=\"#/event/event-detail/137/567/241\">《啊啊啊》</a>','','',0,0,2,'2017-05-17 17:50:12',2,'2017-05-17 17:50:12',2),(682,8,2,'我添加了大事件<a href=\"#/event/event-detail/137/567/242\">《aaa》</a>','','',0,0,2,'2017-05-17 17:50:34',2,'2017-05-17 17:50:34',2),(683,8,2,'我添加了大事件<a href=\"#/event/event-detail/137/567/243\">《aaa》</a>','','',0,0,2,'2017-05-17 17:51:16',2,'2017-05-17 17:51:16',2),(684,8,2,'我添加了大事件<a href=\"#/event/event-detail/137/567/244\">《aaa》</a>','','',0,0,2,'2017-05-17 17:56:13',2,'2017-05-17 17:56:13',2),(685,8,2,'我添加了大事件<a href=\"#/event/event-detail/137/567/245\">《aaa》</a>','','',0,0,2,'2017-05-17 17:56:37',2,'2017-05-17 17:56:37',2),(686,8,2,'我添加了大事件<a href=\"#/event/event-detail/137/567/246\">《啊啊啊啊》</a>','','',0,0,2,'2017-05-17 17:57:17',2,'2017-05-17 17:57:17',2),(687,8,2,'我添加了大事件<a href=\"#/event/event-detail/137/567/247\">《啊啊啊啊》</a>','','',0,0,2,'2017-05-17 17:59:02',2,'2017-05-17 17:59:02',2),(688,8,2,'我添加了大事件<a href=\"#/event/event-detail/137/567/248\">《啊啊啊啊》</a>','','',0,0,2,'2017-05-17 17:59:07',2,'2017-05-17 17:59:07',2),(689,8,2,'我添加了大事件<a href=\"#/event/event-detail/137/567/249\">《啊啊啊啊》</a>','','',0,0,2,'2017-05-17 17:59:07',2,'2017-05-17 17:59:07',2),(690,8,2,'我添加了大事件<a href=\"#/event/event-detail/137/567/250\">《啊啊啊啊》</a>','','',0,0,2,'2017-05-17 17:59:08',2,'2017-05-17 17:59:08',2),(691,8,2,'我添加了大事件<a href=\"#/event/event-detail/137/567/251\">《啊啊啊啊》</a>','','',0,0,2,'2017-05-17 17:59:08',2,'2017-05-17 17:59:08',2),(692,8,2,'我添加了大事件<a href=\"#/event/event-detail/137/567/252\">《啊啊啊啊》</a>','','',0,0,2,'2017-05-17 17:59:08',2,'2017-05-17 17:59:08',2),(693,8,2,'我添加了大事件<a href=\"#/event/event-detail/137/567/253\">《啊啊啊啊》</a>','','',0,0,2,'2017-05-17 18:00:52',2,'2017-05-17 18:00:52',2),(694,8,2,'我添加了大事件<a href=\"#/event/event-detail/137/567/254\">《啊啊啊啊》</a>','','',0,0,2,'2017-05-17 18:00:54',2,'2017-05-17 18:00:54',2),(695,8,2,'我添加了大事件<a href=\"#/event/event-detail/137/567/255\">《啊啊啊啊》</a>','','',0,0,2,'2017-05-17 18:00:55',2,'2017-05-17 18:00:55',2),(696,8,2,'我添加了大事件<a href=\"#/event/event-detail/137/567/256\">《啊啊啊啊》</a>','','',0,0,2,'2017-05-17 18:00:55',2,'2017-05-17 18:00:55',2),(697,8,2,'我添加了大事件<a href=\"#/event/event-detail/137/567/257\">《啊啊啊啊》</a>','','',0,0,2,'2017-05-17 18:00:55',2,'2017-05-17 18:00:55',2),(698,8,2,'我添加了大事件<a href=\"#/event/event-detail/137/567/258\">《啊啊啊啊》</a>','','',0,0,2,'2017-05-17 18:00:55',2,'2017-05-17 18:00:55',2),(699,8,2,'我添加了大事件<a href=\"#/event/event-detail/137/567/259\">《啊啊》</a>','','',0,0,2,'2017-05-17 18:01:10',2,'2017-05-17 18:01:10',2),(700,8,2,'我添加了大事件<a href=\"#/event/event-detail/121/521/260\">《啊啊啊啊》</a>','','',0,0,2,'2017-05-17 18:12:44',2,'2017-05-17 18:12:44',2),(701,8,2,'我添加了大事件<a href=\"#/event/event-detail/137/567/261\">《aaa》</a>','','',0,0,2,'2017-05-17 18:13:19',2,'2017-05-17 18:13:19',2),(702,8,2,'我添加了大事件<a href=\"#/event/event-detail/121/521/262\">《安达市》</a>','','',0,0,2,'2017-05-17 18:14:06',2,'2017-05-17 18:14:06',2),(703,8,2,'我添加了大事件<a href=\"#/event/event-detail/121/521/263\">《安达市》</a>','','',0,0,2,'2017-05-17 18:15:50',2,'2017-05-17 18:15:50',2),(704,8,2,'我添加了大事件<a href=\"#/event/event-detail/121/521/264\">《安达市》</a>','','',0,0,2,'2017-05-17 18:15:52',2,'2017-05-17 18:15:52',2),(705,8,2,'我添加了大事件<a href=\"#/event/event-detail/121/521/265\">《安达市》</a>','','',0,0,2,'2017-05-17 18:15:53',2,'2017-05-17 18:15:53',2),(706,8,2,'我添加了大事件<a href=\"#/event/event-detail/121/521/266\">《安达市》</a>','','',0,0,2,'2017-05-17 18:15:53',2,'2017-05-17 18:15:53',2),(707,8,2,'我添加了大事件<a href=\"#/event/event-detail/121/521/267\">《安达市》</a>','','',0,0,2,'2017-05-17 18:15:53',2,'2017-05-17 18:15:53',2),(708,8,2,'我添加了大事件<a href=\"#/event/event-detail/121/521/268\">《安达市》</a>','','',0,0,2,'2017-05-17 18:15:53',2,'2017-05-17 18:15:53',2),(709,8,2,'我添加了大事件<a href=\"#/event/event-detail/121/521/269\">《安达市》</a>','','',0,0,2,'2017-05-17 18:15:53',2,'2017-05-17 18:15:53',2),(710,8,2,'我添加了大事件<a href=\"#/event/event-detail/121/521/270\">《安达市》</a>','','',0,0,2,'2017-05-17 18:15:54',2,'2017-05-17 18:15:54',2),(711,8,2,'我添加了大事件<a href=\"#/event/event-detail/121/521/271\">《安达市》</a>','','',0,0,2,'2017-05-17 18:15:54',2,'2017-05-17 18:15:54',2),(712,8,2,'我添加了大事件<a href=\"#/event/event-detail/121/521/272\">《安达市》</a>','','',0,0,2,'2017-05-17 18:15:54',2,'2017-05-17 18:15:54',2),(713,8,2,'我添加了大事件<a href=\"#/event/event-detail/121/521/273\">《安达市》</a>','','',0,0,2,'2017-05-17 18:15:54',2,'2017-05-17 18:15:54',2),(714,8,2,'我添加了大事件<a href=\"#/event/event-detail/137/567/274\">《啊啊啊》</a>','','',0,0,2,'2017-05-17 18:27:17',2,'2017-05-17 18:27:17',2),(715,8,2,'我添加了大事件<a href=\"#/event/event-detail/137/567/275\">《啊啊啊》</a>','','',0,0,2,'2017-05-17 18:27:18',2,'2017-05-17 18:27:18',2),(716,8,2,'我发起了活动<a href=\"#/activity/activity-detail/40\">#aaa#</a>,快来看看吧!','','',0,0,2,'2017-05-18 10:01:02',2,'2017-05-18 10:01:02',2),(717,8,2,'我发起了活动<a href=\"#/activity/activity-detail/41\">#aaa#</a>,快来看看吧!','','',0,0,2,'2017-05-18 10:01:03',2,'2017-05-18 10:01:03',2),(718,8,2,'我发起了活动<a href=\"#/activity/activity-detail/42\">#qqq#</a>,快来看看吧!','','',0,0,2,'2017-05-18 10:48:11',2,'2017-05-18 10:48:11',2),(719,8,2,'我发起了活动<a href=\"#/activity/activity-detail/43\">#qqq#</a>,快来看看吧!','','',0,0,2,'2017-05-18 10:48:17',2,'2017-05-18 10:48:17',2),(720,8,2,'我发起了活动<a href=\"#/activity/activity-detail/44\">#qwq#</a>,快来看看吧!','','',0,0,2,'2017-05-18 10:49:50',2,'2017-05-18 10:49:50',2),(721,8,2,'我发起了活动<a href=\"#/activity/activity-detail/45\">#qwq#</a>,快来看看吧!','','',0,0,2,'2017-05-18 11:01:53',2,'2017-05-18 11:01:53',2),(722,8,2,'我添加了大事件<a href=\"#/event/event-detail/121/522/276\">《打开php错误提示 nginx php》</a>','','',0,0,2,'2017-05-18 11:27:40',2,'2017-05-18 11:27:40',2),(723,8,2,'我添加了大事件<a href=\"#/event/event-detail/137/567/277\">《搜索引擎索引之索引基础》</a>','','',0,0,2,'2017-05-18 11:52:21',2,'2017-05-18 11:52:21',2),(724,8,2,'我添加了大事件<a href=\"#/event/event-detail/137/567/278\">《搜索引擎索引之索引基础》</a>','','',0,0,2,'2017-05-18 11:54:02',2,'2017-05-18 11:54:02',2),(725,8,2,'我添加了大事件<a href=\"#/event/event-detail/137/567/279\">《c》</a>','','',0,0,2,'2017-05-18 16:43:03',2,'2017-05-18 16:43:03',2),(726,8,2,'我发起了活动<a href=\"#/activity/activity-detail/46\">#啊啊啊#</a>,快来看看吧!','','',0,0,2,'2017-05-18 16:49:15',2,'2017-05-18 16:49:15',2),(727,8,2,'我发起了活动<a href=\"#/activity/activity-detail/47\">#哈哈哈#</a>,快来看看吧!','','',0,0,2,'2017-05-18 16:51:31',2,'2017-05-18 16:51:31',2),(728,8,2,'我添加了大事件<a href=\"#/event/event-detail/121/521/281\">《幻觉》</a>','','',0,0,2,'2017-05-18 16:53:09',2,'2017-05-18 16:53:09',2),(729,8,2,'我向家族新增了一个人物<a href=\"#/person/person-detail/614\">哈哈</a>','','',0,0,2,'2017-05-18 18:37:33',2,'2017-05-18 18:37:33',2),(730,8,2,'我向家族新增了一个人物<a href=\"#/person/person-detail/615\">哈哈</a>','','',0,0,2,'2017-05-18 18:37:33',2,'2017-05-18 18:37:33',2),(731,8,2,'我向家族新增了一个人物<a href=\"#/person/person-detail/616\">啊啊啊</a>','','',1,0,2,'2017-05-18 18:50:31',2,'2017-05-18 18:50:31',2),(732,8,2,'我添加了管理员<a href=\"#/user/user-detail/269\">testreg</a>','','',0,0,2,'2017-05-31 11:21:59',2,'2017-05-31 11:21:59',2),(733,8,2,'我移除了<a href=\"#/user/user-detail/269\">testreg</a>的管理员权限','','',0,0,2,'2017-05-31 11:22:03',2,'2017-05-31 11:22:03',2),(734,8,2,'我添加了管理员<a href=\"#/user/user-detail/269\">testreg</a>','','',0,0,2,'2017-05-31 11:22:56',2,'2017-05-31 11:22:56',2),(735,8,2,'我移除了<a href=\"#/user/user-detail/269\">testreg</a>的管理员权限','','',0,0,2,'2017-05-31 11:23:17',2,'2017-05-31 11:23:17',2),(736,8,2,'我添加了管理员<a href=\"#/user/user-detail/269\">testreg</a>','','',0,0,2,'2017-05-31 11:42:26',2,'2017-05-31 11:42:26',2),(737,8,2,'我移除了<a href=\"#/user/user-detail/269\">testreg</a>的管理员权限','','',0,0,2,'2017-05-31 11:42:28',2,'2017-05-31 11:42:28',2),(738,8,2,'我添加了管理员<a href=\"#/user/user-detail/269\">testreg</a>','','',0,0,2,'2017-05-31 11:42:32',2,'2017-05-31 11:42:32',2),(739,8,2,'我移除了<a href=\"#/user/user-detail/269\">testreg</a>的管理员权限','','',0,0,2,'2017-05-31 11:43:01',2,'2017-05-31 11:43:01',2),(740,8,2,'我添加了管理员<a href=\"#/user/user-detail/269\">testreg</a>','','',0,0,2,'2017-05-31 11:43:05',2,'2017-05-31 11:43:05',2),(741,8,2,'我移除了<a href=\"#/user/user-detail/269\">testreg</a>的管理员权限','','',0,0,2,'2017-05-31 11:44:19',2,'2017-05-31 11:44:19',2),(742,8,2,'我添加了管理员<a href=\"#/user/user-detail/269\">testreg</a>','','',0,0,2,'2017-05-31 11:46:06',2,'2017-05-31 11:46:06',2),(743,8,2,'我移除了<a href=\"#/user/user-detail/269\">testreg</a>的管理员权限','','',0,0,2,'2017-05-31 11:48:37',2,'2017-05-31 11:48:37',2),(744,8,2,'我添加了管理员<a href=\"#/user/user-detail/269\">testreg</a>','','',0,0,2,'2017-05-31 11:48:42',2,'2017-05-31 11:48:42',2),(745,8,2,'我移除了<a href=\"#/user/user-detail/269\">testreg</a>的管理员权限','','',0,0,2,'2017-05-31 11:48:45',2,'2017-05-31 11:48:45',2),(746,8,2,'我添加了管理员<a href=\"#/user/user-detail/269\">testreg</a>','','',0,0,2,'2017-05-31 11:48:49',2,'2017-05-31 11:48:49',2),(747,8,2,'我移除了<a href=\"#/user/user-detail/269\">testreg</a>的管理员权限','','',0,0,2,'2017-05-31 11:52:30',2,'2017-05-31 11:52:30',2),(748,8,2,'我添加了管理员<a href=\"#/user/user-detail/269\">testreg</a>','','',0,0,2,'2017-05-31 11:54:12',2,'2017-05-31 11:54:12',2),(751,8,2,'我删除了人物<a href=\"#/person/person-detail/532\">张大山</a>','','',0,0,2,'2017-05-31 11:57:01',2,'2017-05-31 11:57:01',2),(752,8,2,'??????','','',0,0,1,'2017-05-31 13:33:56',2,'2017-05-31 13:33:56',2),(753,8,2,'我向家族新增了一个人物<a href=\"#/person/person-detail/617\">女儿</a>','','',0,0,2,'2017-05-31 13:46:33',2,'2017-05-31 13:46:33',2),(754,8,2,'我移除了<a href=\"#/user/user-detail/2\">jiang</a>的管理员权限','','',0,0,2,'2017-05-31 14:10:37',2,'2017-05-31 14:10:37',2),(755,8,2,'我添加了管理员<a href=\"#/user/user-detail/2\">jiang</a>','','',0,0,2,'2017-05-31 14:10:40',2,'2017-05-31 14:10:40',2),(756,8,2,'我删除了人物<a href=\"#/person/person-detail/616\">啊啊啊</a>','','',0,0,2,'2017-05-31 16:01:45',2,'2017-05-31 16:01:45',2),(758,8,2,'我更新了<a href=\"#/person/person-detail/617\">女儿</a>的人物资料','','',0,0,2,'2017-06-01 10:53:16',2,'2017-06-01 10:53:16',2),(759,8,2,'我更新了<a href=\"#/person/person-detail/520\">族长</a>的人物资料','','',1,1,2,'2017-06-01 13:51:15',2,'2017-06-01 13:51:15',2),(760,8,2,'??????','','',0,0,1,'2017-06-01 13:59:32',2,'2017-06-01 13:59:32',2),(761,8,2,'?????','','',0,0,1,'2017-06-01 13:59:38',2,'2017-06-01 13:59:38',2),(762,8,2,'?????','','',0,0,1,'2017-06-01 14:02:45',2,'2017-06-01 14:02:45',2),(763,8,2,'?????','','',0,0,1,'2017-06-01 14:02:49',2,'2017-06-01 14:02:49',2),(764,8,2,'?????','','',0,0,1,'2017-06-01 14:03:06',2,'2017-06-01 14:03:06',2),(765,8,2,'我发起了活动<a href=\"#/activity/activity-detail/48\">#哈哈#</a>,快来看看吧!','','',0,0,2,'2017-06-01 14:14:23',2,'2017-06-01 14:14:23',2),(766,8,2,'1111','','/images/upload/2/1496297784a7ZUJvXsH4zrhuLJu3s5KNtw,/images/upload/2/1496297784zB5OJoPj1BpWsBfuhfWubAce,/images/upload/2/1496297785KEQ6er8m1bBH6Me3lDxdFWeF,/images/upload/2/1496297785DhRuHESRMPKuiFWZKup0Z8Jr,/images/upload/2/1496297785yloD2SZCs3p9rdttOToftDJL,/images/upload/2/1496297785xroZDzIgnPuOXQP6pvcaKgv,/images/upload/2/1496297785baxWY_qzgg2XVUMFHv8_82YS',0,0,1,'2017-06-01 14:16:30',2,'2017-06-01 14:16:30',2),(767,8,2,'我更新了<a href=\"#/person/person-detail/520\">族长</a>的人物资料','','',0,0,2,'2017-06-01 17:47:48',2,'2017-06-01 17:47:48',2),(768,8,2,'我更新了大事件<a href=\"#/event/event-detail//521/281\">《</a>','','',0,0,2,'2017-06-02 10:36:26',2,'2017-06-02 10:36:26',2),(769,8,2,'我更新了大事件<a href=\"#/event/event-detail//521/281\">《大学》</a>','','',0,0,2,'2017-06-02 10:37:40',2,'2017-06-02 10:37:40',2),(770,8,2,'我更新了大事件<a href=\"#/event/event-detail/121/521/281\">《大学》</a>','','',0,0,2,'2017-06-02 10:38:24',2,'2017-06-02 10:38:24',2),(771,8,2,'我更新了大事件<a href=\"#/event/event-detail/121/521/281\">《大学》</a>','','',0,0,2,'2017-06-02 11:05:12',2,'2017-06-02 11:05:12',2),(772,8,2,'我更新了大事件<a href=\"#/event/event-detail/121/521/281\">《大学》</a>','','',0,0,2,'2017-06-02 11:18:42',2,'2017-06-02 11:18:42',2),(773,8,2,'我更新了大事件<a href=\"#/event/event-detail/121/521/281\">《大学》</a>','','',0,0,2,'2017-06-02 11:18:43',2,'2017-06-02 11:18:43',2),(774,8,2,'我更新了大事件<a href=\"#/event/event-detail/121/521/281\">《大学》</a>','','',0,0,2,'2017-06-02 11:18:44',2,'2017-06-02 11:18:44',2),(775,8,2,'我更新了大事件<a href=\"#/event/event-detail/121/521/281\">《大学》</a>','','',0,0,2,'2017-06-02 12:14:07',2,'2017-06-02 12:14:07',2),(776,8,2,'我更新了大事件<a href=\"#/event/event-detail/121/521/281\">《大学111》</a>','','',0,0,2,'2017-06-02 12:25:39',2,'2017-06-02 12:25:39',2),(777,8,2,'我更新了大事件<a href=\"#/event/event-detail/121/521/281\">《大学111》</a>','','',0,0,2,'2017-06-02 13:59:13',2,'2017-06-02 13:59:13',2),(778,8,2,'我更新了大事件<a href=\"#/event/event-detail/121/521/281\">《大学111》</a>','','',0,0,2,'2017-06-02 14:31:51',2,'2017-06-02 14:31:51',2),(779,8,2,'我更新了大事件<a href=\"#/event/event-detail/121/521/281\">《大学111》</a>','','',0,0,2,'2017-06-02 14:44:55',2,'2017-06-02 14:44:55',2),(780,8,2,'我更新了大事件<a href=\"#/event/event-detail/121/533/167\">《山东李克强》</a>','','',0,0,2,'2017-06-02 17:41:48',2,'2017-06-02 17:41:48',2),(781,8,2,'我更新了大事件<a href=\"#/event/event-detail/121/533/167\">《山东李克强》</a>','','',0,0,2,'2017-06-02 17:42:06',2,'2017-06-02 17:42:06',2),(782,18,231,'我更新了大事件<a href=\"#/event/event-detail/121/533/167\">《山东李克强》</a>','','',0,0,2,'2017-06-02 17:58:57',231,'2017-06-02 17:58:57',231),(783,18,231,'哈哈哈哈  你们能看到我发的吗','','/images/upload/231/1496398046WkoP0EbgnV7mEncF_314NP_2,/images/upload/231/1496398047UwWO6hUWhmOdi3VuNsGvt8eJ,/images/upload/231/1496398047dppCB6EVIWASV94SzIWIqxO6,/images/upload/231/1496398047laI0zgSuBfhBUsRfmZC_kPDj,/images/upload/231/1496398047x4D2fTJ7oDVuUOpa8bnrfhV0,/images/upload/231/149639804709MjQjxeI8POMJvHhmBrqs_,/images/upload/231/1496398047SEoEsnGNxnO5EFAdUSPMiF0E,/images/upload/231/1496398047KAvbIKVdOwg2nZ9MA3etRDD_,/images/upload/231/14963980476mHwTtDTuMDOBWjPCrDpckUU',1,0,1,'2017-06-02 18:07:40',231,'2017-06-02 18:07:40',231),(784,8,2,'我添加了管理员<a href=\"#/user/user-detail/231\">admin</a>','','',1,0,2,'2017-06-02 18:12:45',2,'2017-06-02 18:12:45',2),(785,8,2,'我添加了管理员<a href=\"#/user/user-detail/269\">testreg</a>','','',0,0,2,'2017-06-02 18:36:41',2,'2017-06-02 18:36:41',2),(786,8,2,'我移除了<a href=\"#/user/user-detail/269\">testreg</a>的管理员权限','','',0,0,2,'2017-06-02 18:36:45',2,'2017-06-02 18:36:45',2),(787,8,2,'我添加了大事件<a href=\"#/event/event-detail/121/520/282\">《这是大事件的第一个版本》</a>','','',0,0,2,'2017-06-05 10:58:10',2,'2017-06-05 10:58:10',2),(788,8,2,'我更新了大事件<a href=\"#/event/event-detail/121/520/282\">《这是大事件的第二个版本》</a>','','',0,0,2,'2017-06-05 11:05:53',2,'2017-06-05 11:05:53',2),(789,8,2,'我为<a href=\"#/person/person-detail/614\">哈哈</a>添加了一张照片','','/images/upload/2/137/1496715702A0oq8FBT4XYse9I9vMQjX4mK',0,0,2,'2017-06-06 10:21:43',2,'2017-06-06 10:21:43',2),(790,8,2,'我为<a href=\"#/person/person-detail/615\">哈哈</a>添加了一张照片','','/images/upload/2/137/1496715712OgOjBADaAAJEaBI6x8lHRva',0,0,2,'2017-06-06 10:21:53',2,'2017-06-06 10:21:53',2),(791,8,2,'我向家族新增了一个人物<a href=\"#/person/person-detail/618\">儿子</a>','','',0,0,2,'2017-06-06 10:25:23',2,'2017-06-06 10:25:23',2),(792,8,2,'我更新了<a href=\"#/person/person-detail/618\">儿子</a>的人物资料','','',0,0,2,'2017-06-06 10:34:26',2,'2017-06-06 10:34:26',2),(793,8,2,'我更新了大事件<a href=\"#/event/event-detail/121/520/282\">《这是大事件的第三个版本》</a>','','',0,0,2,'2017-06-06 10:35:08',2,'2017-06-06 10:35:08',2),(794,8,2,'我更新了大事件<a href=\"#/event/event-detail/121/520/282\">《这是大事件的第三个版本》</a>','','',1,0,2,'2017-06-06 10:35:17',2,'2017-06-06 10:35:17',2),(795,8,2,'我更新了大事件<a href=\"#/event/event-detail/121/520/282\">《这是大事件的第三个版本》</a>','','',0,0,2,'2017-06-06 10:35:43',2,'2017-06-06 10:35:43',2),(796,8,2,'我添加了大事件<a href=\"#/event/event-detail/121/521/283\">《哈哈的大事件》</a>','','',0,0,2,'2017-06-07 10:26:59',2,'2017-06-07 10:26:59',2);
/*!40000 ALTER TABLE `gener_zonePost` ENABLE KEYS */;
UNLOCK TABLES;
/*!40103 SET TIME_ZONE=@OLD_TIME_ZONE */;

/*!40101 SET SQL_MODE=@OLD_SQL_MODE */;
/*!40014 SET FOREIGN_KEY_CHECKS=@OLD_FOREIGN_KEY_CHECKS */;
/*!40014 SET UNIQUE_CHECKS=@OLD_UNIQUE_CHECKS */;
/*!40101 SET CHARACTER_SET_CLIENT=@OLD_CHARACTER_SET_CLIENT */;
/*!40101 SET CHARACTER_SET_RESULTS=@OLD_CHARACTER_SET_RESULTS */;
/*!40101 SET COLLATION_CONNECTION=@OLD_COLLATION_CONNECTION */;
/*!40111 SET SQL_NOTES=@OLD_SQL_NOTES */;

-- Dump completed on 2017-06-08 15:56:55
