-- MySQL dump 10.13  Distrib 5.7.16, for Linux (x86_64)
--
-- Host: 120.26.103.174    Database: family
-- ------------------------------------------------------
-- Server version	5.5.53-0ubuntu0.12.04.1

/*!40101 SET @OLD_CHARACTER_SET_CLIENT=@@CHARACTER_SET_CLIENT */;
/*!40101 SET @OLD_CHARACTER_SET_RESULTS=@@CHARACTER_SET_RESULTS */;
/*!40101 SET @OLD_COLLATION_CONNECTION=@@COLLATION_CONNECTION */;
/*!40101 SET NAMES utf8 */;
/*!40103 SET @OLD_TIME_ZONE=@@TIME_ZONE */;
/*!40103 SET TIME_ZONE='+00:00' */;
/*!40014 SET @OLD_UNIQUE_CHECKS=@@UNIQUE_CHECKS, UNIQUE_CHECKS=0 */;
/*!40014 SET @OLD_FOREIGN_KEY_CHECKS=@@FOREIGN_KEY_CHECKS, FOREIGN_KEY_CHECKS=0 */;
/*!40101 SET @OLD_SQL_MODE=@@SQL_MODE, SQL_MODE='NO_AUTO_VALUE_ON_ZERO' */;
/*!40111 SET @OLD_SQL_NOTES=@@SQL_NOTES, SQL_NOTES=0 */;

--
-- Table structure for table `gener_eventEditHistory`
--

DROP TABLE IF EXISTS `gener_eventEditHistory`;
/*!40101 SET @saved_cs_client     = @@character_set_client */;
/*!40101 SET character_set_client = utf8 */;
CREATE TABLE `gener_eventEditHistory` (
  `id` int(50) NOT NULL AUTO_INCREMENT,
  `eventId` int(30) NOT NULL,
  `exp_time` date NOT NULL,
  `exp_name` varchar(100) NOT NULL,
  `exp_content` text NOT NULL,
  `edit_type` int(10) NOT NULL,
  `writer` int(30) NOT NULL,
  `create_by` int(30) NOT NULL,
  `create_time` datetime NOT NULL,
  `update_by` int(30) NOT NULL,
  `update_time` datetime NOT NULL,
  PRIMARY KEY (`id`)
) ENGINE=InnoDB AUTO_INCREMENT=11 DEFAULT CHARSET=utf8;
/*!40101 SET character_set_client = @saved_cs_client */;

--
-- Dumping data for table `gener_eventEditHistory`
--

LOCK TABLES `gener_eventEditHistory` WRITE;
/*!40000 ALTER TABLE `gener_eventEditHistory` DISABLE KEYS */;
INSERT INTO `gener_eventEditHistory` VALUES (1,25,'2016-02-02','','经历的内容经历的内容经历的内容经历的内容经历的内容经历的内容经历的内容经历的内容',0,2,2,'2016-12-17 18:25:06',2,'2016-12-17 18:25:06'),(2,26,'2016-02-02','','经历的内容经历的内容经历的内容经历的内容经历的内容经历的内容经历的内容经历的内容',0,2,2,'2016-12-17 18:25:17',2,'2016-12-17 18:25:17'),(3,18,'2016-01-09','','更改事件内容更改事件内容更改事件内容更改事件内容',1,2,2,'2016-12-17 18:30:54',2,'2016-12-17 18:30:54'),(4,27,'2016-02-02','','经历的内容经历的内容经历的内容经历的内容经历的内容经历的内容经历的内容经历的内容',0,2,2,'2017-01-12 15:23:33',2,'2017-01-12 15:23:33'),(5,27,'2016-01-09','','更改事件内容更改事件内容更改事件内容更改事件内容',1,2,2,'2017-01-12 15:26:21',2,'2017-01-12 15:26:21'),(6,27,'2016-02-02','经历标题','经历的内容经历的内容经历的内容经历的内容经历的内容经历的内容经历的内容经历的内容',0,2,2,'2017-02-10 11:11:21',2,'2017-02-10 11:11:21'),(7,27,'2016-01-09','更改事件内容更改事件内容更改事件内容更改事件内容','0',1,0,0,'0000-00-00 00:00:00',0,'0000-00-00 00:00:00'),(8,27,'2016-01-09','','更改事件内容更改事件内容更改事件内容更改事件内容',1,2,2,'2017-02-10 11:14:02',2,'2017-02-10 11:14:02'),(9,27,'2016-01-09','','更改事件内容更改事件内容更改事件内容更改事件内容',1,2,2,'2017-02-10 11:14:20',2,'2017-02-10 11:14:20'),(10,27,'2016-01-09','事件标题1111','更改事件内容更改事件内容更改事件内容更改事件内容',1,2,2,'2017-02-10 11:16:24',2,'2017-02-10 11:16:24');
/*!40000 ALTER TABLE `gener_eventEditHistory` ENABLE KEYS */;
UNLOCK TABLES;

--
-- Table structure for table `gener_familyAdmin`
--

DROP TABLE IF EXISTS `gener_familyAdmin`;
/*!40101 SET @saved_cs_client     = @@character_set_client */;
/*!40101 SET character_set_client = utf8 */;
CREATE TABLE `gener_familyAdmin` (
  `id` int(30) NOT NULL AUTO_INCREMENT,
  `familyId` int(30) NOT NULL,
  `adminId` int(30) NOT NULL,
  `create_by` int(30) NOT NULL,
  `create_time` datetime NOT NULL,
  `update_by` int(30) NOT NULL,
  `update_time` datetime NOT NULL,
  PRIMARY KEY (`id`)
) ENGINE=InnoDB AUTO_INCREMENT=7 DEFAULT CHARSET=utf8;
/*!40101 SET character_set_client = @saved_cs_client */;

--
-- Dumping data for table `gener_familyAdmin`
--

LOCK TABLES `gener_familyAdmin` WRITE;
/*!40000 ALTER TABLE `gener_familyAdmin` DISABLE KEYS */;
INSERT INTO `gener_familyAdmin` VALUES (1,29,4,2,'2017-02-08 13:12:54',2,'2017-02-08 13:12:54'),(3,29,3,2,'2017-02-08 12:36:32',2,'2017-02-08 12:36:32'),(4,97,2,2,'2017-02-08 12:54:59',2,'2017-02-08 12:54:59'),(5,29,2,2,'2017-02-08 12:54:59',2,'2017-02-08 12:54:59');
/*!40000 ALTER TABLE `gener_familyAdmin` ENABLE KEYS */;
UNLOCK TABLES;

--
-- Table structure for table `gener_familyNews`
--

DROP TABLE IF EXISTS `gener_familyNews`;
/*!40101 SET @saved_cs_client     = @@character_set_client */;
/*!40101 SET character_set_client = utf8 */;
CREATE TABLE `gener_familyNews` (
  `id` int(11) NOT NULL AUTO_INCREMENT,
  `familyId` int(30) NOT NULL,
  `module` varchar(100) NOT NULL,
  `operatorId` int(30) NOT NULL,
  `thingId` int(30) NOT NULL COMMENT '存储的是被操作的事物的id',
  `thing_name` varchar(100) NOT NULL,
  `extra_info1` varchar(255) DEFAULT NULL COMMENT '额外信息1，例如某人为某人增加了照片，可以在这里存放照片的路径',
  `extra_info2` varchar(255) DEFAULT NULL COMMENT '额外信息2',
  `create_by` int(30) NOT NULL,
  `create_time` datetime NOT NULL,
  `update_by` int(30) NOT NULL,
  `update_time` datetime NOT NULL,
  PRIMARY KEY (`id`)
) ENGINE=InnoDB AUTO_INCREMENT=15 DEFAULT CHARSET=utf8;
/*!40101 SET character_set_client = @saved_cs_client */;

--
-- Dumping data for table `gener_familyNews`
--

LOCK TABLES `gener_familyNews` WRITE;
/*!40000 ALTER TABLE `gener_familyNews` DISABLE KEYS */;
INSERT INTO `gener_familyNews` VALUES (1,29,'MODULE_PERSON_ADDPHOTO',2,211,'祖父','/images/upload/14866934992017-01-06 18-26-03屏幕截图.png','',2,'2017-02-10 10:24:59',2,'2017-02-10 10:24:59'),(2,29,'MODULE_PERSON_ADDRELATEPERSON',2,369,'祖父配偶','','',2,'2017-02-10 10:28:28',2,'2017-02-10 10:28:28'),(3,29,'MODULE_PERSON_EDITPERSON',2,369,'祖父的配偶','','',2,'2017-02-10 10:29:34',2,'2017-02-10 10:29:34'),(4,29,'MODULE_PERSON_EDITPERSON',2,369,'祖父的配偶','','',2,'2017-02-10 10:29:42',2,'2017-02-10 10:29:42'),(8,29,'MODULE_PERSON_DELETEPERSON',2,150,'姐妹3','','',2,'2017-02-10 10:33:22',2,'2017-02-10 10:33:22'),(9,29,'MODULE_PERSON_ADDEVENT',2,27,'经历标题','','',2,'2017-02-10 11:11:21',2,'2017-02-10 11:11:21'),(10,29,'MODULE_PERSON_UPDATEEVENT',2,27,'经历标题','','',2,'2017-02-10 11:12:35',2,'2017-02-10 11:12:35'),(13,29,'MODULE_PERSON_UPDATEEVENT',2,27,'事件标题1111','','',2,'2017-02-10 11:16:24',2,'2017-02-10 11:16:24'),(14,29,'MODULE_PERSON_DELETEEVENT',2,27,'事件标题1111','','',2,'2017-02-10 11:16:56',2,'2017-02-10 11:16:56');
/*!40000 ALTER TABLE `gener_familyNews` ENABLE KEYS */;
UNLOCK TABLES;

--
-- Table structure for table `gener_loginHistory`
--

DROP TABLE IF EXISTS `gener_loginHistory`;
/*!40101 SET @saved_cs_client     = @@character_set_client */;
/*!40101 SET character_set_client = utf8 */;
CREATE TABLE `gener_loginHistory` (
  `id` int(100) NOT NULL AUTO_INCREMENT,
  `login_name` varchar(255) NOT NULL,
  `device` varchar(30) NOT NULL,
  `userId` int(30) NOT NULL,
  `token` varchar(255) NOT NULL,
  `login_ip` varchar(56) NOT NULL,
  `login_time` datetime NOT NULL,
  `success` int(1) NOT NULL COMMENT '1代表成功，0代表失败',
  PRIMARY KEY (`id`)
) ENGINE=InnoDB AUTO_INCREMENT=789 DEFAULT CHARSET=utf8;
/*!40101 SET character_set_client = @saved_cs_client */;

--
-- Dumping data for table `gener_loginHistory`
--

LOCK TABLES `gener_loginHistory` WRITE;
/*!40000 ALTER TABLE `gener_loginHistory` DISABLE KEYS */;
INSERT INTO `gener_loginHistory` VALUES (1,'','0',2,'8d969eef6ecad3c29a3a629280e686cf0c3f5d5a86aff3ca12020c923adc6c92','::1','2016-11-26 15:17:21',1),(2,'','0',2,'8d969eef6ecad3c29a3a629280e686cf0c3f5d5a86aff3ca12020c923adc6c92','::1','2016-11-26 15:44:10',1),(3,'','0',2,'8d969eef6ecad3c29a3a629280e686cf0c3f5d5a86aff3ca12020c923adc6c92','::1','2016-11-26 15:46:31',1),(4,'','0',2,'','::1','2016-11-26 16:01:30',0),(5,'','0',2,'8d969eef6ecad3c29a3a629280e686cf0c3f5d5a86aff3ca12020c923adc6c92','::1','2016-11-26 16:02:15',1),(6,'','0',2,'8d969eef6ecad3c29a3a629280e686cf0c3f5d5a86aff3ca12020c923adc6c92','114.93.128.172','2016-11-26 16:59:35',1),(7,'','0',159,'5feceb66ffc86f38d952786c6d696c79c2dbc239dd4e91b46729d73a27fb57e9','114.93.128.172','2016-11-26 17:15:53',1),(8,'','0',159,'5feceb66ffc86f38d952786c6d696c79c2dbc239dd4e91b46729d73a27fb57e9','114.93.128.172','2016-11-26 17:16:31',1),(9,'','0',159,'5feceb66ffc86f38d952786c6d696c79c2dbc239dd4e91b46729d73a27fb57e9','114.93.128.172','2016-11-26 17:17:20',1),(10,'','0',159,'5feceb66ffc86f38d952786c6d696c79c2dbc239dd4e91b46729d73a27fb57e9','114.93.128.172','2016-11-26 17:18:26',1),(11,'','0',159,'5feceb66ffc86f38d952786c6d696c79c2dbc239dd4e91b46729d73a27fb57e9','114.93.128.172','2016-11-26 17:20:41',1),(12,'','0',159,'ef2d127de37b942baad06145e54b0c619a1f22327b2ebbcfbec78f5564afe39d','114.93.128.172','2016-11-26 17:21:32',1),(13,'','0',170,'5feceb66ffc86f38d952786c6d696c79c2dbc239dd4e91b46729d73a27fb57e9','114.93.128.172','2016-11-26 17:25:43',1),(14,'','0',159,'5feceb66ffc86f38d952786c6d696c79c2dbc239dd4e91b46729d73a27fb57e9','114.93.128.172','2016-11-26 17:27:03',1),(15,'','0',2,'8d969eef6ecad3c29a3a629280e686cf0c3f5d5a86aff3ca12020c923adc6c92','::1','2016-11-26 17:39:23',1),(16,'','0',159,'5feceb66ffc86f38d952786c6d696c79c2dbc239dd4e91b46729d73a27fb57e9','114.93.128.172','2016-12-10 10:04:55',1),(17,'','0',159,'5feceb66ffc86f38d952786c6d696c79c2dbc239dd4e91b46729d73a27fb57e9','114.93.128.172','2016-12-10 10:05:01',1),(18,'','0',2,'8d969eef6ecad3c29a3a629280e686cf0c3f5d5a86aff3ca12020c923adc6c92','114.93.128.172','2016-12-10 10:05:25',1),(19,'','0',159,'5feceb66ffc86f38d952786c6d696c79c2dbc239dd4e91b46729d73a27fb57e9','114.93.128.172','2016-12-10 10:05:48',1),(20,'','0',159,'5feceb66ffc86f38d952786c6d696c79c2dbc239dd4e91b46729d73a27fb57e9','114.93.128.172','2016-12-10 10:09:00',1),(21,'','0',2,'8d969eef6ecad3c29a3a629280e686cf0c3f5d5a86aff3ca12020c923adc6c92','114.93.128.172','2016-12-10 10:14:14',1),(22,'','0',2,'8d969eef6ecad3c29a3a629280e686cf0c3f5d5a86aff3ca12020c923adc6c92','114.93.128.172','2016-12-10 10:34:35',1),(23,'','0',171,'8d969eef6ecad3c29a3a629280e686cf0c3f5d5a86aff3ca12020c923adc6c92','114.93.128.172','2016-12-10 10:39:24',1),(24,'','0',171,'8d969eef6ecad3c29a3a629280e686cf0c3f5d5a86aff3ca12020c923adc6c92','114.93.128.172','2016-12-10 10:39:29',1),(25,'','0',170,'8d969eef6ecad3c29a3a629280e686cf0c3f5d5a86aff3ca12020c923adc6c92','114.93.128.172','2016-12-10 10:41:14',1),(26,'','0',171,'8d969eef6ecad3c29a3a629280e686cf0c3f5d5a86aff3ca12020c923adc6c92','114.93.128.172','2016-12-10 10:42:20',1),(27,'','0',171,'8d969eef6ecad3c29a3a629280e686cf0c3f5d5a86aff3ca12020c923adc6c92','114.93.128.172','2016-12-10 10:42:37',1),(28,'','0',171,'dc47efc36355b16845aa4648f83dcd57d438fffe993c55c2da9b4b78bbfeba32','114.93.128.172','2016-12-10 10:43:34',1),(29,'','0',171,'8d969eef6ecad3c29a3a629280e686cf0c3f5d5a86aff3ca12020c923adc6c92','114.93.128.172','2016-12-10 10:43:48',1),(30,'','0',171,'8d969eef6ecad3c29a3a629280e686cf0c3f5d5a86aff3ca12020c923adc6c92','114.93.128.172','2016-12-10 10:44:50',1),(31,'','0',171,'8d969eef6ecad3c29a3a629280e686cf0c3f5d5a86aff3ca12020c923adc6c92','114.93.128.172','2016-12-10 10:45:21',1),(32,'','0',171,'8d969eef6ecad3c29a3a629280e686cf0c3f5d5a86aff3ca12020c923adc6c92','114.93.128.172','2016-12-10 10:45:58',1),(33,'','0',171,'e5db8c0826e5478a0e433044d77b9b1654c54c6d4c846f6261c917315e08031c','114.93.128.172','2016-12-10 10:48:25',1),(34,'','0',171,'8d969eef6ecad3c29a3a629280e686cf0c3f5d5a86aff3ca12020c923adc6c92','114.93.128.172','2016-12-10 10:50:42',1),(35,'','0',171,'8d969eef6ecad3c29a3a629280e686cf0c3f5d5a86aff3ca12020c923adc6c92','114.93.128.172','2016-12-10 10:53:45',1),(36,'','0',2,'8d969eef6ecad3c29a3a629280e686cf0c3f5d5a86aff3ca12020c923adc6c92','114.93.128.172','2016-12-10 11:08:09',1),(37,'','0',171,'8d969eef6ecad3c29a3a629280e686cf0c3f5d5a86aff3ca12020c923adc6c92','114.93.128.172','2016-12-10 11:08:55',1),(38,'','0',171,'e6757959da8eff84c42d4df125b44eb40143dff452afd56aea5cfa058f245028','114.93.128.172','2016-12-10 11:09:04',1),(39,'','0',171,'52f1476494897c64f417deb7ef7cd690f1cea9edce638746c420f1240d3d39dc','114.93.128.172','2016-12-10 11:39:45',1),(40,'','0',2,'8d969eef6ecad3c29a3a629280e686cf0c3f5d5a86aff3ca12020c923adc6c92','114.93.128.172','2016-12-10 11:48:07',1),(41,'','0',2,'8d969eef6ecad3c29a3a629280e686cf0c3f5d5a86aff3ca12020c923adc6c92','114.93.128.172','2016-12-10 11:51:40',1),(42,'','0',2,'8d969eef6ecad3c29a3a629280e686cf0c3f5d5a86aff3ca12020c923adc6c92','114.93.128.172','2016-12-10 11:54:11',1),(43,'','0',2,'e6757959da8eff84c42d4df125b44eb40143dff452afd56aea5cfa058f245028','114.93.128.172','2016-12-10 11:55:51',1),(44,'','0',2,'8d969eef6ecad3c29a3a629280e686cf0c3f5d5a86aff3ca12020c923adc6c92','114.93.128.172','2016-12-10 11:56:59',1),(45,'','0',2,'8d969eef6ecad3c29a3a629280e686cf0c3f5d5a86aff3ca12020c923adc6c92','114.93.128.172','2016-12-10 11:58:07',1),(46,'','0',171,'8d969eef6ecad3c29a3a629280e686cf0c3f5d5a86aff3ca12020c923adc6c92','114.93.128.172','2016-12-10 12:02:21',1),(47,'','0',171,'8d969eef6ecad3c29a3a629280e686cf0c3f5d5a86aff3ca12020c923adc6c92','114.93.128.172','2016-12-10 12:06:45',1),(48,'','0',171,'3fb0a50e69a3bd10bd006726cf744fa50e779bd652b0dda9733137d78af42de5','114.93.128.172','2016-12-10 12:10:59',1),(49,'','0',171,'939522318b738f86e2a1ad2f1b290de97be66c42f3644d4ea9af9cab476b67a4','114.93.128.172','2016-12-10 12:11:20',1),(50,'','0',171,'8d969eef6ecad3c29a3a629280e686cf0c3f5d5a86aff3ca12020c923adc6c92','114.93.128.172','2016-12-10 12:13:06',1),(51,'','0',171,'8d969eef6ecad3c29a3a629280e686cf0c3f5d5a86aff3ca12020c923adc6c92','114.93.128.172','2016-12-10 12:16:07',1),(52,'','0',171,'8d969eef6ecad3c29a3a629280e686cf0c3f5d5a86aff3ca12020c923adc6c92','114.93.128.172','2016-12-10 12:41:59',1),(53,'','0',171,'8d969eef6ecad3c29a3a629280e686cf0c3f5d5a86aff3ca12020c923adc6c92','114.93.128.172','2016-12-10 12:43:51',1),(54,'','0',171,'8d969eef6ecad3c29a3a629280e686cf0c3f5d5a86aff3ca12020c923adc6c92','114.93.128.172','2016-12-10 12:46:20',1),(55,'','0',171,'8d969eef6ecad3c29a3a629280e686cf0c3f5d5a86aff3ca12020c923adc6c92','114.93.128.172','2016-12-10 13:03:15',1),(56,'','0',171,'8d969eef6ecad3c29a3a629280e686cf0c3f5d5a86aff3ca12020c923adc6c92','114.93.128.172','2016-12-10 13:05:04',1),(57,'','0',2,'8d969eef6ecad3c29a3a629280e686cf0c3f5d5a86aff3ca12020c923adc6c92','::1','2016-12-10 13:07:21',1),(58,'','0',171,'8d969eef6ecad3c29a3a629280e686cf0c3f5d5a86aff3ca12020c923adc6c92','114.93.128.172','2016-12-10 13:44:58',1),(59,'','0',171,'8d969eef6ecad3c29a3a629280e686cf0c3f5d5a86aff3ca12020c923adc6c92','114.93.128.172','2016-12-10 13:45:55',1),(60,'','0',171,'8d969eef6ecad3c29a3a629280e686cf0c3f5d5a86aff3ca12020c923adc6c92','114.93.128.172','2016-12-10 13:46:27',1),(61,'','0',171,'8d969eef6ecad3c29a3a629280e686cf0c3f5d5a86aff3ca12020c923adc6c92','114.93.128.172','2016-12-10 13:49:41',1),(62,'','0',171,'8d969eef6ecad3c29a3a629280e686cf0c3f5d5a86aff3ca12020c923adc6c92','114.93.128.172','2016-12-10 13:50:40',1),(63,'','0',171,'8d969eef6ecad3c29a3a629280e686cf0c3f5d5a86aff3ca12020c923adc6c92','114.93.128.172','2016-12-10 13:52:41',1),(64,'','0',171,'8d969eef6ecad3c29a3a629280e686cf0c3f5d5a86aff3ca12020c923adc6c92','114.93.128.172','2016-12-10 13:53:48',1),(65,'','0',171,'8d969eef6ecad3c29a3a629280e686cf0c3f5d5a86aff3ca12020c923adc6c92','114.93.128.172','2016-12-10 13:55:46',1),(66,'','0',171,'8d969eef6ecad3c29a3a629280e686cf0c3f5d5a86aff3ca12020c923adc6c92','114.93.128.172','2016-12-10 14:10:50',1),(67,'','0',171,'8d969eef6ecad3c29a3a629280e686cf0c3f5d5a86aff3ca12020c923adc6c92','114.93.128.172','2016-12-10 14:12:06',1),(68,'','0',171,'8d969eef6ecad3c29a3a629280e686cf0c3f5d5a86aff3ca12020c923adc6c92','114.93.128.172','2016-12-10 14:17:06',1),(69,'','0',171,'74087a60271b79b517b79d062cba1601377d1bfa1cff8415803ca9997f6bb7a1','114.93.128.172','2016-12-10 14:17:32',1),(70,'','0',171,'8d969eef6ecad3c29a3a629280e686cf0c3f5d5a86aff3ca12020c923adc6c92','114.93.128.172','2016-12-10 14:18:05',1),(71,'','0',171,'8d969eef6ecad3c29a3a629280e686cf0c3f5d5a86aff3ca12020c923adc6c92','114.93.128.172','2016-12-10 14:18:20',1),(72,'','0',171,'8d969eef6ecad3c29a3a629280e686cf0c3f5d5a86aff3ca12020c923adc6c92','114.93.128.172','2016-12-10 14:19:39',1),(73,'','0',171,'8d969eef6ecad3c29a3a629280e686cf0c3f5d5a86aff3ca12020c923adc6c92','114.93.128.172','2016-12-10 14:22:00',1),(74,'','0',171,'54b688a517f7654563a6c64d945a3670880a4c602ec67a065bbebbcd2b22edd5','114.93.128.172','2016-12-10 14:22:55',1),(75,'','0',171,'8d969eef6ecad3c29a3a629280e686cf0c3f5d5a86aff3ca12020c923adc6c92','114.93.128.172','2016-12-10 14:23:31',1),(76,'','0',171,'8d969eef6ecad3c29a3a629280e686cf0c3f5d5a86aff3ca12020c923adc6c92','114.93.128.172','2016-12-10 14:24:17',1),(77,'','0',171,'8d969eef6ecad3c29a3a629280e686cf0c3f5d5a86aff3ca12020c923adc6c92','114.93.128.172','2016-12-10 14:40:00',1),(78,'','0',171,'52f1476494897c64f417deb7ef7cd690f1cea9edce638746c420f1240d3d39dc','114.93.128.172','2016-12-10 14:40:51',1),(79,'','0',171,'3fb0a50e69a3bd10bd006726cf744fa50e779bd652b0dda9733137d78af42de5','114.93.128.172','2016-12-10 14:41:06',1),(80,'','0',171,'74087a60271b79b517b79d062cba1601377d1bfa1cff8415803ca9997f6bb7a1','114.93.128.172','2016-12-10 14:41:26',1),(81,'','0',171,'8d969eef6ecad3c29a3a629280e686cf0c3f5d5a86aff3ca12020c923adc6c92','114.93.128.172','2016-12-10 14:41:58',1),(82,'','0',171,'8d969eef6ecad3c29a3a629280e686cf0c3f5d5a86aff3ca12020c923adc6c92','114.93.128.172','2016-12-10 14:49:21',1),(83,'','0',171,'cdb7a70dc7f62bece115efc18f8c40610411766512da21c18aa75eb24d6b7b49','114.93.128.172','2016-12-10 15:18:05',1),(84,'','0',171,'8d969eef6ecad3c29a3a629280e686cf0c3f5d5a86aff3ca12020c923adc6c92','114.93.128.172','2016-12-10 15:19:14',1),(85,'','0',171,'8d969eef6ecad3c29a3a629280e686cf0c3f5d5a86aff3ca12020c923adc6c92','114.93.128.172','2016-12-10 15:20:08',1),(86,'','0',171,'8d969eef6ecad3c29a3a629280e686cf0c3f5d5a86aff3ca12020c923adc6c92','114.93.128.172','2016-12-10 15:21:27',1),(87,'','0',171,'8d969eef6ecad3c29a3a629280e686cf0c3f5d5a86aff3ca12020c923adc6c92','114.93.128.172','2016-12-10 15:27:25',1),(88,'','0',171,'8d969eef6ecad3c29a3a629280e686cf0c3f5d5a86aff3ca12020c923adc6c92','114.93.128.172','2016-12-10 15:51:21',1),(89,'','1',2,'8d969eef6ecad3c29a3a629280e686cf0c3f5d5a86aff3ca12020c923adc6c92','::1','2016-12-10 15:53:59',1),(90,'','1',2,'8d969eef6ecad3c29a3a629280e686cf0c3f5d5a86aff3ca12020c923adc6c92','::1','2016-12-10 15:54:13',1),(91,'jiang','1',2,'8d969eef6ecad3c29a3a629280e686cf0c3f5d5a86aff3ca12020c923adc6c92','::1','2016-12-10 15:57:01',1),(92,'','0',171,'74087a60271b79b517b79d062cba1601377d1bfa1cff8415803ca9997f6bb7a1','114.93.128.172','2016-12-10 16:02:40',1),(93,'','0',171,'8d969eef6ecad3c29a3a629280e686cf0c3f5d5a86aff3ca12020c923adc6c92','114.93.128.172','2016-12-10 16:03:14',1),(94,'','0',171,'8d969eef6ecad3c29a3a629280e686cf0c3f5d5a86aff3ca12020c923adc6c92','114.93.128.172','2016-12-10 16:03:20',1),(95,'','1',177,'8d969eef6ecad3c29a3a629280e686cf0c3f5d5a86aff3ca12020c923adc6c92','::1','2016-12-10 16:04:20',1),(96,'','0',171,'8d969eef6ecad3c29a3a629280e686cf0c3f5d5a86aff3ca12020c923adc6c92','114.93.128.172','2016-12-10 16:05:05',1),(97,'','0',171,'8d969eef6ecad3c29a3a629280e686cf0c3f5d5a86aff3ca12020c923adc6c92','114.93.128.172','2016-12-10 16:07:57',1),(98,'','0',171,'8d969eef6ecad3c29a3a629280e686cf0c3f5d5a86aff3ca12020c923adc6c92','114.93.128.172','2016-12-10 16:08:49',1),(99,'','0',171,'8d969eef6ecad3c29a3a629280e686cf0c3f5d5a86aff3ca12020c923adc6c92','114.93.128.172','2016-12-10 16:13:45',1),(100,'','0',171,'54b688a517f7654563a6c64d945a3670880a4c602ec67a065bbebbcd2b22edd5','114.93.128.172','2016-12-10 16:18:06',1),(101,'','0',171,'8d969eef6ecad3c29a3a629280e686cf0c3f5d5a86aff3ca12020c923adc6c92','114.93.128.172','2016-12-10 16:18:27',1),(102,'','0',171,'8d969eef6ecad3c29a3a629280e686cf0c3f5d5a86aff3ca12020c923adc6c92','114.93.128.172','2016-12-10 16:18:49',1),(103,'','0',171,'8d969eef6ecad3c29a3a629280e686cf0c3f5d5a86aff3ca12020c923adc6c92','114.93.128.172','2016-12-10 16:21:44',1),(104,'','0',171,'8d969eef6ecad3c29a3a629280e686cf0c3f5d5a86aff3ca12020c923adc6c92','114.93.128.172','2016-12-10 16:28:28',1),(105,'','0',2,'8d969eef6ecad3c29a3a629280e686cf0c3f5d5a86aff3ca12020c923adc6c92','114.93.128.172','2016-12-10 16:38:03',1),(106,'','0',171,'8d969eef6ecad3c29a3a629280e686cf0c3f5d5a86aff3ca12020c923adc6c92','114.93.128.172','2016-12-10 16:38:09',1),(107,'','0',171,'8d969eef6ecad3c29a3a629280e686cf0c3f5d5a86aff3ca12020c923adc6c92','114.93.128.172','2016-12-10 16:38:32',1),(108,'786185931@qq.com','1',2,'8d969eef6ecad3c29a3a629280e686cf0c3f5d5a86aff3ca12020c923adc6c92','::1','2016-12-10 16:39:26',1),(109,'jiang','1',2,'e6757959da8eff84c42d4df125b44eb40143dff452afd56aea5cfa058f245028','::1','2016-12-10 16:39:34',1),(110,'15000895132','1',177,'8d969eef6ecad3c29a3a629280e686cf0c3f5d5a86aff3ca12020c923adc6c92','::1','2016-12-10 16:39:50',1),(111,'15000895132','',177,'8d969eef6ecad3c29a3a629280e686cf0c3f5d5a86aff3ca12020c923adc6c92','::1','2016-12-10 16:41:43',1),(112,'111@qq.com','',169,'8d969eef6ecad3c29a3a629280e686cf0c3f5d5a86aff3ca12020c923adc6c92','::1','2016-12-10 16:55:24',1),(113,'111@qq.com','',169,'8d969eef6ecad3c29a3a629280e686cf0c3f5d5a86aff3ca12020c923adc6c92','::1','2016-12-10 16:55:32',1),(114,'111@qq.com','',169,'8d969eef6ecad3c29a3a629280e686cf0c3f5d5a86aff3ca12020c923adc6c92','::1','2016-12-10 16:55:45',1),(115,'测试','',181,'52f1476494897c64f417deb7ef7cd690f1cea9edce638746c420f1240d3d39dc','::1','2016-12-10 16:58:50',1),(116,'','0',2,'e6757959da8eff84c42d4df125b44eb40143dff452afd56aea5cfa058f245028','114.93.128.172','2016-12-10 18:25:12',1),(117,'','0',2,'8d969eef6ecad3c29a3a629280e686cf0c3f5d5a86aff3ca12020c923adc6c92','114.93.128.172','2016-12-10 18:25:23',1),(118,'','0',2,'8d969eef6ecad3c29a3a629280e686cf0c3f5d5a86aff3ca12020c923adc6c92','114.93.128.172','2016-12-10 18:25:55',1),(119,'','0',2,'8d969eef6ecad3c29a3a629280e686cf0c3f5d5a86aff3ca12020c923adc6c92','114.93.128.172','2016-12-10 18:26:16',1),(120,'','0',3,'5feceb66ffc86f38d952786c6d696c79c2dbc239dd4e91b46729d73a27fb57e9','101.226.114.166','2016-12-10 18:27:56',1),(121,'','0',3,'5feceb66ffc86f38d952786c6d696c79c2dbc239dd4e91b46729d73a27fb57e9','101.226.114.166','2016-12-10 18:29:08',1),(122,'','0',2,'8d969eef6ecad3c29a3a629280e686cf0c3f5d5a86aff3ca12020c923adc6c92','114.93.128.172','2016-12-10 18:30:41',1),(123,'','0',171,'8d969eef6ecad3c29a3a629280e686cf0c3f5d5a86aff3ca12020c923adc6c92','114.93.128.172','2016-12-10 18:42:47',1),(124,'测试','',181,'8d969eef6ecad3c29a3a629280e686cf0c3f5d5a86aff3ca12020c923adc6c92','::1','2016-12-17 12:08:26',1),(125,'测试','',181,'939522318b738f86e2a1ad2f1b290de97be66c42f3644d4ea9af9cab476b67a4','::1','2016-12-17 12:08:45',1),(126,'786185931@qq.com','',2,'8d969eef6ecad3c29a3a629280e686cf0c3f5d5a86aff3ca12020c923adc6c92','::1','2016-12-17 12:09:35',1),(127,'测试','',181,'8d969eef6ecad3c29a3a629280e686cf0c3f5d5a86aff3ca12020c923adc6c92','::1','2016-12-17 12:09:59',1),(128,'测试','',181,'c2f5b098db496ebdc36796ddb7fcfb6cca1926ae70e3fb624a63a48ba1f7b056','::1','2016-12-17 12:10:22',1),(129,'测试','',181,'cdb7a70dc7f62bece115efc18f8c40610411766512da21c18aa75eb24d6b7b49','::1','2016-12-17 12:10:32',1),(130,'测试','',181,'8d969eef6ecad3c29a3a629280e686cf0c3f5d5a86aff3ca12020c923adc6c92','::1','2016-12-17 12:13:39',1),(131,'测试','',181,'8d969eef6ecad3c29a3a629280e686cf0c3f5d5a86aff3ca12020c923adc6c92','::1','2016-12-17 12:14:23',1),(132,'测试','',181,'8d969eef6ecad3c29a3a629280e686cf0c3f5d5a86aff3ca12020c923adc6c92','::1','2016-12-17 12:14:42',1),(133,'测试','',181,'8d969eef6ecad3c29a3a629280e686cf0c3f5d5a86aff3ca12020c923adc6c92','::1','2016-12-17 12:16:02',1),(134,'786185931@qq.com','',2,'8d969eef6ecad3c29a3a629280e686cf0c3f5d5a86aff3ca12020c923adc6c92','::1','2016-12-17 12:19:50',1),(135,'测试','',181,'8d969eef6ecad3c29a3a629280e686cf0c3f5d5a86aff3ca12020c923adc6c92','::1','2016-12-17 12:20:29',1),(136,'测试','',181,'8d969eef6ecad3c29a3a629280e686cf0c3f5d5a86aff3ca12020c923adc6c92','::1','2016-12-17 12:20:42',1),(137,'测试','',181,'8d969eef6ecad3c29a3a629280e686cf0c3f5d5a86aff3ca12020c923adc6c92','::1','2016-12-17 12:22:00',1),(138,'测试','',181,'52f1476494897c64f417deb7ef7cd690f1cea9edce638746c420f1240d3d39dc','::1','2016-12-17 12:22:43',1),(139,'测试','',181,'8d969eef6ecad3c29a3a629280e686cf0c3f5d5a86aff3ca12020c923adc6c92','::1','2016-12-17 12:22:57',1),(140,'测试','',181,'8d969eef6ecad3c29a3a629280e686cf0c3f5d5a86aff3ca12020c923adc6c92','::1','2016-12-17 12:23:27',1),(141,'测试','',181,'8d969eef6ecad3c29a3a629280e686cf0c3f5d5a86aff3ca12020c923adc6c92','::1','2016-12-17 12:25:44',1),(142,'测试','',181,'8d969eef6ecad3c29a3a629280e686cf0c3f5d5a86aff3ca12020c923adc6c92','::1','2016-12-17 12:27:44',1),(143,'786185931@qq.com','',2,'8d969eef6ecad3c29a3a629280e686cf0c3f5d5a86aff3ca12020c923adc6c92','::1','2016-12-17 15:34:45',1),(144,'786185931@qq.com','',2,'cdb7a70dc7f62bece115efc18f8c40610411766512da21c18aa75eb24d6b7b49','::1','2016-12-17 15:35:04',1),(145,'测试','',181,'8d969eef6ecad3c29a3a629280e686cf0c3f5d5a86aff3ca12020c923adc6c92','::1','2016-12-17 15:35:33',1),(146,'786185931@qq.com','',2,'37dcbe95bb1c85c6ba4a40f0a6eaa6eba46466b666d5b47faaa660c66179be84','::1','2016-12-17 15:35:54',1),(147,'','0',171,'8d969eef6ecad3c29a3a629280e686cf0c3f5d5a86aff3ca12020c923adc6c92','180.160.177.177','2016-12-19 17:33:26',1),(148,'','0',171,'8d969eef6ecad3c29a3a629280e686cf0c3f5d5a86aff3ca12020c923adc6c92','180.160.211.210','2016-12-20 16:01:11',1),(149,'','0',171,'8d969eef6ecad3c29a3a629280e686cf0c3f5d5a86aff3ca12020c923adc6c92','180.160.211.210','2016-12-20 16:17:23',1),(150,'','0',171,'3fb0a50e69a3bd10bd006726cf744fa50e779bd652b0dda9733137d78af42de5','180.160.211.210','2016-12-20 16:18:14',1),(151,'','0',171,'8d969eef6ecad3c29a3a629280e686cf0c3f5d5a86aff3ca12020c923adc6c92','180.160.211.210','2016-12-20 16:19:32',1),(152,'','0',171,'8d969eef6ecad3c29a3a629280e686cf0c3f5d5a86aff3ca12020c923adc6c92','180.160.211.210','2016-12-20 16:43:59',1),(153,'','0',171,'8d969eef6ecad3c29a3a629280e686cf0c3f5d5a86aff3ca12020c923adc6c92','180.160.211.210','2016-12-20 16:45:51',1),(154,'','0',171,'e6757959da8eff84c42d4df125b44eb40143dff452afd56aea5cfa058f245028','180.160.211.210','2016-12-20 16:50:34',1),(155,'','0',171,'8d969eef6ecad3c29a3a629280e686cf0c3f5d5a86aff3ca12020c923adc6c92','180.160.211.210','2016-12-20 16:50:57',1),(156,'','0',171,'37dcbe95bb1c85c6ba4a40f0a6eaa6eba46466b666d5b47faaa660c66179be84','180.160.211.210','2016-12-20 16:55:42',1),(157,'','0',171,'8d969eef6ecad3c29a3a629280e686cf0c3f5d5a86aff3ca12020c923adc6c92','180.160.211.210','2016-12-20 16:55:47',1),(158,'','0',171,'8d969eef6ecad3c29a3a629280e686cf0c3f5d5a86aff3ca12020c923adc6c92','180.160.211.210','2016-12-20 16:58:43',1),(159,'','0',171,'8d969eef6ecad3c29a3a629280e686cf0c3f5d5a86aff3ca12020c923adc6c92','180.160.211.210','2016-12-20 16:59:13',1),(160,'','0',171,'8d969eef6ecad3c29a3a629280e686cf0c3f5d5a86aff3ca12020c923adc6c92','180.160.211.210','2016-12-20 17:00:08',1),(161,'','0',171,'8d969eef6ecad3c29a3a629280e686cf0c3f5d5a86aff3ca12020c923adc6c92','180.160.211.210','2016-12-20 17:01:10',1),(162,'','0',171,'8d969eef6ecad3c29a3a629280e686cf0c3f5d5a86aff3ca12020c923adc6c92','180.160.211.210','2016-12-20 17:01:44',1),(163,'','0',171,'8d969eef6ecad3c29a3a629280e686cf0c3f5d5a86aff3ca12020c923adc6c92','180.160.211.210','2016-12-20 23:43:06',1),(164,'','0',171,'8d969eef6ecad3c29a3a629280e686cf0c3f5d5a86aff3ca12020c923adc6c92','180.160.211.210','2016-12-20 23:43:55',1),(165,'','0',171,'8d969eef6ecad3c29a3a629280e686cf0c3f5d5a86aff3ca12020c923adc6c92','180.160.211.210','2016-12-20 23:45:34',1),(166,'','0',171,'8d969eef6ecad3c29a3a629280e686cf0c3f5d5a86aff3ca12020c923adc6c92','180.160.211.210','2016-12-20 23:46:11',1),(167,'','0',171,'8d969eef6ecad3c29a3a629280e686cf0c3f5d5a86aff3ca12020c923adc6c92','180.160.211.210','2016-12-20 23:56:06',1),(168,'','0',3,'ef2d127de37b942baad06145e54b0c619a1f22327b2ebbcfbec78f5564afe39d','58.215.136.43','2016-12-21 00:56:04',1),(169,'','0',3,'5feceb66ffc86f38d952786c6d696c79c2dbc239dd4e91b46729d73a27fb57e9','58.215.136.43','2016-12-21 00:57:47',1),(170,'','0',171,'8d969eef6ecad3c29a3a629280e686cf0c3f5d5a86aff3ca12020c923adc6c92','180.160.211.210','2016-12-21 10:24:22',1),(171,'','0',171,'cdb7a70dc7f62bece115efc18f8c40610411766512da21c18aa75eb24d6b7b49','180.160.211.210','2016-12-21 10:26:35',1),(172,'','0',171,'8d969eef6ecad3c29a3a629280e686cf0c3f5d5a86aff3ca12020c923adc6c92','180.160.211.210','2016-12-21 10:41:01',1),(173,'','0',171,'8d969eef6ecad3c29a3a629280e686cf0c3f5d5a86aff3ca12020c923adc6c92','180.160.211.210','2016-12-21 10:57:22',1),(174,'','0',171,'8d969eef6ecad3c29a3a629280e686cf0c3f5d5a86aff3ca12020c923adc6c92','180.160.211.210','2016-12-21 10:58:18',1),(175,'','0',171,'8d969eef6ecad3c29a3a629280e686cf0c3f5d5a86aff3ca12020c923adc6c92','180.160.211.210','2016-12-21 10:59:36',1),(176,'','0',171,'8d969eef6ecad3c29a3a629280e686cf0c3f5d5a86aff3ca12020c923adc6c92','180.160.211.210','2016-12-21 11:05:07',1),(177,'','0',171,'8d969eef6ecad3c29a3a629280e686cf0c3f5d5a86aff3ca12020c923adc6c92','180.160.211.210','2016-12-21 11:06:43',1),(178,'','0',171,'74087a60271b79b517b79d062cba1601377d1bfa1cff8415803ca9997f6bb7a1','180.160.211.210','2016-12-21 11:09:13',1),(179,'','0',171,'8d969eef6ecad3c29a3a629280e686cf0c3f5d5a86aff3ca12020c923adc6c92','180.160.211.210','2016-12-21 11:09:35',1),(180,'','0',171,'8d969eef6ecad3c29a3a629280e686cf0c3f5d5a86aff3ca12020c923adc6c92','180.160.211.210','2016-12-21 11:13:28',1),(181,'','0',171,'e6757959da8eff84c42d4df125b44eb40143dff452afd56aea5cfa058f245028','180.160.211.210','2016-12-21 11:23:38',1),(182,'','0',171,'3fb0a50e69a3bd10bd006726cf744fa50e779bd652b0dda9733137d78af42de5','180.160.211.210','2016-12-21 11:24:46',1),(183,'','0',171,'8d969eef6ecad3c29a3a629280e686cf0c3f5d5a86aff3ca12020c923adc6c92','180.160.211.210','2016-12-21 11:25:22',1),(184,'','0',171,'8d969eef6ecad3c29a3a629280e686cf0c3f5d5a86aff3ca12020c923adc6c92','180.160.211.210','2016-12-21 11:30:52',1),(185,'','0',171,'52f1476494897c64f417deb7ef7cd690f1cea9edce638746c420f1240d3d39dc','180.160.211.210','2016-12-21 11:31:12',1),(186,'','0',171,'37dcbe95bb1c85c6ba4a40f0a6eaa6eba46466b666d5b47faaa660c66179be84','180.160.211.210','2016-12-21 11:31:38',1),(187,'','0',171,'54b688a517f7654563a6c64d945a3670880a4c602ec67a065bbebbcd2b22edd5','180.160.211.210','2016-12-21 11:31:51',1),(188,'','0',171,'8d969eef6ecad3c29a3a629280e686cf0c3f5d5a86aff3ca12020c923adc6c92','180.160.211.210','2016-12-21 11:32:04',1),(189,'','0',171,'cdb7a70dc7f62bece115efc18f8c40610411766512da21c18aa75eb24d6b7b49','180.160.211.210','2016-12-21 11:35:55',1),(190,'','0',171,'8d969eef6ecad3c29a3a629280e686cf0c3f5d5a86aff3ca12020c923adc6c92','180.160.211.210','2016-12-21 11:36:20',1),(191,'','0',171,'8d969eef6ecad3c29a3a629280e686cf0c3f5d5a86aff3ca12020c923adc6c92','180.160.211.210','2016-12-21 11:37:06',1),(192,'','0',171,'8d969eef6ecad3c29a3a629280e686cf0c3f5d5a86aff3ca12020c923adc6c92','180.160.211.210','2016-12-21 11:38:38',1),(193,'','0',171,'8d969eef6ecad3c29a3a629280e686cf0c3f5d5a86aff3ca12020c923adc6c92','180.160.211.210','2016-12-21 11:38:41',1),(194,'','0',171,'8d969eef6ecad3c29a3a629280e686cf0c3f5d5a86aff3ca12020c923adc6c92','180.160.211.210','2016-12-21 11:40:06',1),(195,'','0',171,'8d969eef6ecad3c29a3a629280e686cf0c3f5d5a86aff3ca12020c923adc6c92','180.160.211.210','2016-12-21 11:40:48',1),(196,'','0',171,'00d96a46f593031f8870faabefe8a4f4940f03871138dc05cbb9ac9dbbc89ad9','180.160.211.210','2016-12-21 11:41:32',1),(197,'','0',171,'cdb7a70dc7f62bece115efc18f8c40610411766512da21c18aa75eb24d6b7b49','180.160.211.210','2016-12-21 11:41:48',1),(198,'','0',171,'f7ceeb5ca17753a6fa5983af090f59db729c7d3ac446f32b7a5186447b0ba205','180.160.211.210','2016-12-21 11:46:03',1),(199,'','0',171,'8d969eef6ecad3c29a3a629280e686cf0c3f5d5a86aff3ca12020c923adc6c92','180.160.211.210','2016-12-23 12:59:53',1),(200,'','0',171,'8d969eef6ecad3c29a3a629280e686cf0c3f5d5a86aff3ca12020c923adc6c92','180.160.211.210','2016-12-23 13:06:49',1),(201,'','0',171,'8d969eef6ecad3c29a3a629280e686cf0c3f5d5a86aff3ca12020c923adc6c92','180.160.211.210','2016-12-23 13:08:33',1),(202,'','0',171,'8d969eef6ecad3c29a3a629280e686cf0c3f5d5a86aff3ca12020c923adc6c92','180.160.211.210','2016-12-23 13:09:34',1),(203,'','0',171,'8d969eef6ecad3c29a3a629280e686cf0c3f5d5a86aff3ca12020c923adc6c92','180.160.186.193','2016-12-23 16:12:44',1),(204,'','0',171,'8d969eef6ecad3c29a3a629280e686cf0c3f5d5a86aff3ca12020c923adc6c92','180.160.186.193','2016-12-23 16:13:47',1),(205,'','0',171,'8d969eef6ecad3c29a3a629280e686cf0c3f5d5a86aff3ca12020c923adc6c92','180.160.186.193','2016-12-23 16:15:09',1),(206,'','0',171,'8d969eef6ecad3c29a3a629280e686cf0c3f5d5a86aff3ca12020c923adc6c92','180.160.186.193','2016-12-23 16:15:58',1),(207,'','0',171,'e5db8c0826e5478a0e433044d77b9b1654c54c6d4c846f6261c917315e08031c','180.160.186.193','2016-12-23 16:17:14',1),(208,'','0',171,'8d969eef6ecad3c29a3a629280e686cf0c3f5d5a86aff3ca12020c923adc6c92','180.160.186.193','2016-12-23 16:17:51',1),(209,'','0',171,'8d969eef6ecad3c29a3a629280e686cf0c3f5d5a86aff3ca12020c923adc6c92','180.160.186.193','2016-12-23 16:18:45',1),(210,'','0',171,'8d969eef6ecad3c29a3a629280e686cf0c3f5d5a86aff3ca12020c923adc6c92','180.160.186.193','2016-12-23 16:19:31',1),(211,'','0',171,'8d969eef6ecad3c29a3a629280e686cf0c3f5d5a86aff3ca12020c923adc6c92','180.160.186.193','2016-12-23 16:22:01',1),(212,'','0',171,'cdb7a70dc7f62bece115efc18f8c40610411766512da21c18aa75eb24d6b7b49','180.160.186.193','2016-12-23 16:26:41',1),(213,'','0',171,'8d969eef6ecad3c29a3a629280e686cf0c3f5d5a86aff3ca12020c923adc6c92','180.160.186.193','2016-12-23 16:26:56',1),(214,'','0',171,'8d969eef6ecad3c29a3a629280e686cf0c3f5d5a86aff3ca12020c923adc6c92','180.160.186.193','2016-12-23 16:28:43',1),(215,'','0',171,'8d969eef6ecad3c29a3a629280e686cf0c3f5d5a86aff3ca12020c923adc6c92','180.160.186.193','2016-12-23 16:31:54',1),(216,'','0',171,'8d969eef6ecad3c29a3a629280e686cf0c3f5d5a86aff3ca12020c923adc6c92','180.160.186.193','2016-12-23 16:33:38',1),(217,'','0',171,'8d969eef6ecad3c29a3a629280e686cf0c3f5d5a86aff3ca12020c923adc6c92','180.160.186.193','2016-12-23 16:38:46',1),(218,'','0',171,'8d969eef6ecad3c29a3a629280e686cf0c3f5d5a86aff3ca12020c923adc6c92','180.160.186.193','2016-12-23 16:46:27',1),(219,'','0',171,'8d969eef6ecad3c29a3a629280e686cf0c3f5d5a86aff3ca12020c923adc6c92','180.160.186.193','2016-12-23 16:50:13',1),(220,'','0',171,'8d969eef6ecad3c29a3a629280e686cf0c3f5d5a86aff3ca12020c923adc6c92','180.160.186.193','2016-12-23 16:51:15',1),(221,'','0',171,'8d969eef6ecad3c29a3a629280e686cf0c3f5d5a86aff3ca12020c923adc6c92','180.160.186.193','2016-12-23 16:53:07',1),(222,'','0',171,'8d969eef6ecad3c29a3a629280e686cf0c3f5d5a86aff3ca12020c923adc6c92','180.160.186.193','2016-12-23 16:54:08',1),(223,'','0',171,'8d969eef6ecad3c29a3a629280e686cf0c3f5d5a86aff3ca12020c923adc6c92','180.160.186.193','2016-12-23 16:56:20',1),(224,'','0',171,'8d969eef6ecad3c29a3a629280e686cf0c3f5d5a86aff3ca12020c923adc6c92','180.160.186.193','2016-12-23 16:57:42',1),(225,'','0',171,'8d969eef6ecad3c29a3a629280e686cf0c3f5d5a86aff3ca12020c923adc6c92','180.160.186.193','2016-12-23 16:58:14',1),(226,'','0',171,'8d969eef6ecad3c29a3a629280e686cf0c3f5d5a86aff3ca12020c923adc6c92','180.160.186.193','2016-12-23 17:00:08',1),(227,'','0',171,'8d969eef6ecad3c29a3a629280e686cf0c3f5d5a86aff3ca12020c923adc6c92','180.160.186.193','2016-12-23 17:41:52',1),(228,'','0',171,'8d969eef6ecad3c29a3a629280e686cf0c3f5d5a86aff3ca12020c923adc6c92','180.160.186.193','2016-12-24 12:58:24',1),(229,'','0',171,'8d969eef6ecad3c29a3a629280e686cf0c3f5d5a86aff3ca12020c923adc6c92','180.160.186.193','2016-12-24 12:59:55',1),(230,'','0',171,'8d969eef6ecad3c29a3a629280e686cf0c3f5d5a86aff3ca12020c923adc6c92','180.160.186.193','2016-12-24 13:02:58',1),(231,'','0',171,'8d969eef6ecad3c29a3a629280e686cf0c3f5d5a86aff3ca12020c923adc6c92','180.160.186.193','2016-12-24 13:05:07',1),(232,'','0',171,'8d969eef6ecad3c29a3a629280e686cf0c3f5d5a86aff3ca12020c923adc6c92','180.160.186.193','2016-12-24 13:07:38',1),(233,'','0',171,'8d969eef6ecad3c29a3a629280e686cf0c3f5d5a86aff3ca12020c923adc6c92','180.160.186.193','2016-12-24 13:15:37',1),(234,'','0',171,'8d969eef6ecad3c29a3a629280e686cf0c3f5d5a86aff3ca12020c923adc6c92','180.160.186.193','2016-12-24 13:29:09',1),(235,'','0',171,'8d969eef6ecad3c29a3a629280e686cf0c3f5d5a86aff3ca12020c923adc6c92','180.160.186.193','2016-12-24 13:41:04',1),(236,'','0',171,'8d969eef6ecad3c29a3a629280e686cf0c3f5d5a86aff3ca12020c923adc6c92','180.160.186.193','2016-12-24 13:47:34',1),(237,'','0',171,'8d969eef6ecad3c29a3a629280e686cf0c3f5d5a86aff3ca12020c923adc6c92','180.160.186.193','2016-12-24 13:47:42',1),(238,'','0',171,'8d969eef6ecad3c29a3a629280e686cf0c3f5d5a86aff3ca12020c923adc6c92','180.160.186.193','2016-12-24 13:53:30',1),(239,'','0',171,'8d969eef6ecad3c29a3a629280e686cf0c3f5d5a86aff3ca12020c923adc6c92','180.160.186.193','2016-12-24 14:02:57',1),(240,'','0',171,'8d969eef6ecad3c29a3a629280e686cf0c3f5d5a86aff3ca12020c923adc6c92','180.160.186.193','2016-12-24 14:04:00',1),(241,'','0',171,'8d969eef6ecad3c29a3a629280e686cf0c3f5d5a86aff3ca12020c923adc6c92','180.160.186.193','2016-12-24 14:08:37',1),(242,'','0',171,'8d969eef6ecad3c29a3a629280e686cf0c3f5d5a86aff3ca12020c923adc6c92','180.160.186.193','2016-12-24 20:42:34',1),(243,'','0',171,'8d969eef6ecad3c29a3a629280e686cf0c3f5d5a86aff3ca12020c923adc6c92','180.160.186.193','2016-12-24 21:01:00',1),(244,'','0',171,'8d969eef6ecad3c29a3a629280e686cf0c3f5d5a86aff3ca12020c923adc6c92','180.160.186.193','2016-12-24 21:02:33',1),(245,'','0',171,'3fb0a50e69a3bd10bd006726cf744fa50e779bd652b0dda9733137d78af42de5','180.160.186.193','2016-12-24 21:03:10',1),(246,'','0',171,'8d969eef6ecad3c29a3a629280e686cf0c3f5d5a86aff3ca12020c923adc6c92','180.160.186.193','2016-12-24 21:03:40',1),(247,'','0',171,'8d969eef6ecad3c29a3a629280e686cf0c3f5d5a86aff3ca12020c923adc6c92','180.160.186.193','2016-12-25 00:05:52',1),(248,'','0',171,'8d969eef6ecad3c29a3a629280e686cf0c3f5d5a86aff3ca12020c923adc6c92','180.160.186.193','2016-12-25 00:07:54',1),(249,'','0',171,'37dcbe95bb1c85c6ba4a40f0a6eaa6eba46466b666d5b47faaa660c66179be84','180.160.186.193','2016-12-25 00:11:06',1),(250,'','0',171,'8d969eef6ecad3c29a3a629280e686cf0c3f5d5a86aff3ca12020c923adc6c92','180.160.186.193','2016-12-25 00:11:14',1),(251,'','0',171,'8d969eef6ecad3c29a3a629280e686cf0c3f5d5a86aff3ca12020c923adc6c92','180.160.186.193','2016-12-25 00:29:17',1),(252,'','0',171,'8d969eef6ecad3c29a3a629280e686cf0c3f5d5a86aff3ca12020c923adc6c92','180.160.186.193','2016-12-25 00:30:55',1),(253,'','0',171,'8d969eef6ecad3c29a3a629280e686cf0c3f5d5a86aff3ca12020c923adc6c92','180.160.186.193','2016-12-25 00:32:45',1),(254,'','0',171,'8d969eef6ecad3c29a3a629280e686cf0c3f5d5a86aff3ca12020c923adc6c92','180.160.186.193','2016-12-25 00:37:20',1),(255,'','0',171,'8d969eef6ecad3c29a3a629280e686cf0c3f5d5a86aff3ca12020c923adc6c92','180.160.186.193','2016-12-25 00:39:50',1),(256,'','0',171,'8d969eef6ecad3c29a3a629280e686cf0c3f5d5a86aff3ca12020c923adc6c92','180.160.186.193','2016-12-25 00:41:25',1),(257,'','0',171,'8d969eef6ecad3c29a3a629280e686cf0c3f5d5a86aff3ca12020c923adc6c92','180.160.186.193','2016-12-25 00:43:04',1),(258,'','0',171,'4b27b790dc5bdd0433109d971cbce2051afa705332426c23e6061be545477ad1','180.160.186.193','2016-12-25 00:44:21',1),(259,'','0',171,'8d969eef6ecad3c29a3a629280e686cf0c3f5d5a86aff3ca12020c923adc6c92','180.160.186.193','2016-12-25 00:44:38',1),(260,'','0',171,'8d969eef6ecad3c29a3a629280e686cf0c3f5d5a86aff3ca12020c923adc6c92','180.160.186.193','2016-12-25 00:47:01',1),(261,'','0',171,'8d969eef6ecad3c29a3a629280e686cf0c3f5d5a86aff3ca12020c923adc6c92','180.160.186.193','2016-12-25 00:49:02',1),(262,'','0',171,'8d969eef6ecad3c29a3a629280e686cf0c3f5d5a86aff3ca12020c923adc6c92','180.160.186.193','2016-12-25 00:50:54',1),(263,'','0',171,'8d969eef6ecad3c29a3a629280e686cf0c3f5d5a86aff3ca12020c923adc6c92','180.160.186.193','2016-12-25 00:56:49',1),(264,'','0',171,'37dcbe95bb1c85c6ba4a40f0a6eaa6eba46466b666d5b47faaa660c66179be84','180.160.186.193','2016-12-25 01:02:57',1),(265,'','0',171,'8d969eef6ecad3c29a3a629280e686cf0c3f5d5a86aff3ca12020c923adc6c92','180.160.186.193','2016-12-25 01:03:12',1),(266,'','0',171,'8d969eef6ecad3c29a3a629280e686cf0c3f5d5a86aff3ca12020c923adc6c92','180.160.186.193','2016-12-25 01:05:23',1),(267,'','0',171,'8d969eef6ecad3c29a3a629280e686cf0c3f5d5a86aff3ca12020c923adc6c92','180.160.186.193','2016-12-25 01:08:00',1),(268,'','0',171,'8d969eef6ecad3c29a3a629280e686cf0c3f5d5a86aff3ca12020c923adc6c92','180.160.186.193','2016-12-25 01:11:08',1),(269,'','0',171,'8d969eef6ecad3c29a3a629280e686cf0c3f5d5a86aff3ca12020c923adc6c92','218.82.153.233','2016-12-25 10:11:35',1),(270,'786185931@qq.com','',2,'8d969eef6ecad3c29a3a629280e686cf0c3f5d5a86aff3ca12020c923adc6c92','::1','2016-12-25 10:50:12',1),(271,'','0',171,'8d969eef6ecad3c29a3a629280e686cf0c3f5d5a86aff3ca12020c923adc6c92','218.82.153.233','2016-12-25 11:36:41',1),(272,'786185931@qq.com','1',2,'','::1','2017-01-09 15:28:13',0),(273,'786185931@qq.com','1',2,'','::1','2017-01-09 15:28:19',0),(274,'786185931@qq.com','1',2,'e834a561527a761a6076b05517cfb33b6b088849bee0cf844a213bb09dc970f1','::1','2017-01-09 15:32:35',1),(275,'jiang','1',2,'bc53ac2149d7f533305e4a1d0d70870e98401b7b33c87108e2c5157cdf6b5460','124.79.184.112','2017-01-09 15:42:14',1),(276,'jiang','1',2,'d9e62c073cc546739af5173d40dbd638e399420794998c13e2a8652143db28de','124.79.184.112','2017-01-09 15:42:21',1),(277,'jiang','1',2,'8f99a6b2a0599279b6936cc172addd67bf5115a425d4989d89d26ebabc5ec1af','124.79.184.112','2017-01-09 16:00:20',1),(278,'jiang','1',2,'0a17ad97ca07cbbde72eaabb6317718f43ef9c614ae726da381e9caffc389697','124.79.184.112','2017-01-09 16:00:24',1),(279,'jiang','1',2,'613680b19a7c2001c38ca59a812e41c0d716547a96beb47fb4f80fb716293820','124.79.184.112','2017-01-09 16:00:40',1),(280,'786185931@qq.com','1',2,'4e9a5dffbf5e46b68376aca5a046ac8079f685db63f349be2c1c55599dca238e','::1','2017-01-09 16:04:27',1),(281,'jiang','1',2,'819d223c42b1c872d07604011626fdbc62e3011a190a0c4baa16bd9f371714ad','124.79.184.112','2017-01-09 16:08:14',1),(282,'786185931@qq.com','1',2,'c9d450e9c7a77dce28d737025b5204fe3915e621ef69e0f6ba2c55c6fa334b97','124.79.184.112','2017-01-10 12:44:07',1),(283,'786185931@qq.com','1',2,'353b031f194498c8b07b7d964c584fa032fe0ad5b7345a62448c8ab5499d978b','124.79.184.112','2017-01-10 18:40:01',1),(284,'786185931@qq.com','1',2,'72405e7bfa1e21eed5d95fb2f34d60c1ba19b19a38c22c5bb2d13e82e81f72cd','127.0.0.1','2017-01-12 13:54:38',1),(285,'786185931@qq.com','1',2,'8e670c57b168c54a028e632bc7926ba9015e2dcb846cadf2c951d3c5b98b8cd2','124.79.184.112','2017-01-12 14:53:21',1),(286,'786185931@qq.com','1',2,'10a956ec4a702e60e95d74d9884f0a82ae87f33845c5d6ad5bcfd2db8f9bdca1','124.79.184.112','2017-01-12 14:56:32',1),(287,'786185931@qq.com','1',2,'c407fc3525746447c92e91938635cba524be8838007f8691ac11b325c6800af5','124.79.184.112','2017-01-12 15:09:42',1),(288,'786185931@qq.com','1',2,'97baa72aadba73280d65c96c67b7aebf5b60940759f94200453e7bf1e2558b70','127.0.0.1','2017-01-12 15:14:54',1),(289,'786185931@qq.com','1',2,'ed172eb62adc511cc7d2a2a278938d44a027e513d60eb0c18726b5782a813e31','124.79.184.112','2017-01-12 15:17:36',1),(290,'786185931@qq.com','1',2,'6bbf1553c7566e394e00f4ddcd3596455852ff1c17e2817515ab4dc5c35c0d49','127.0.0.1','2017-01-12 15:20:05',1),(291,'786185931@qq.com','1',2,'a234812ea1e41772935a1f622d1685097ba43c8aa70a3cad3541dd11a84cf609','124.79.184.112','2017-01-12 17:36:53',1),(292,'786185931@qq.com','1',2,'16ea81223acea6f3b777ad784f43843545317c10ba01baa4b91508dc24b5fc73','124.79.184.112','2017-01-12 18:31:31',1),(293,'zhx','1',3,'','124.79.184.112','2017-01-12 18:31:49',0),(294,'zhx','1',3,'','124.79.184.112','2017-01-12 18:31:59',0),(295,'zhx','1',3,'','124.79.184.112','2017-01-12 18:32:07',0),(296,'zhx','1',3,'','124.79.184.112','2017-01-12 18:34:23',0),(297,'zhx','1',3,'2a75b3e163776d896772dfa2bb3094ef8bd55ac1f075b40467f392ec4d7266d5','124.79.184.112','2017-01-12 18:34:43',1),(298,'786185931@qq.com','1',2,'2c46b9a8e21ba910de960c25571947388ff27cfc04c53a437a8cf33061f2d58d','58.215.136.47','2017-01-12 18:49:23',1),(299,'jiang','1',2,'394d3248ed395a03d11a7125965e4e7dc017848daaa7780afb2ae056ea3dd308','114.80.12.45','2017-01-12 18:52:43',1),(300,'786185931@qq.com','1',2,'62610fc8e8d28b310e2433b5376be74f134a269ebccbb51078614014a1417688','58.215.136.49','2017-01-13 11:14:14',1),(301,'786185931@qq.com','1',2,'3bfdcadb8c32cc7165c477176d37c527d1f21781d3dcda8f065f8f44d588c849','58.215.136.54','2017-01-14 10:10:56',1),(302,'1176902387@qq.com','2',171,'d3ad2e5aed4a7576b5c8a8f902fb3c64145a16d475b0a610228d3631369885a3','124.79.184.112','2017-01-14 10:13:07',1),(303,'1176902387@qq.com','2',171,'c4b4e1e7c925afcc655f7aae0570391b2bac396093a7a764519e99c9f9d6b6df','124.79.184.112','2017-01-14 10:13:38',1),(304,'786185931@qq.com','2',2,'4c6ad0cbb46efc2b0fcd0760dfedbb3a2cb0f13756de0eaa365796d3caa5cb2b','124.79.184.112','2017-01-14 10:16:44',1),(305,'786185931@qq.com','1',2,'ca5f3afbb56943fb1c6ce4767065bc5caf1d35cd98ecd0fe276fdb7c858cdd80','124.79.184.112','2017-01-14 10:17:12',1),(306,'zhx','1',3,'2c9c3cc60d5f40c88f4883e17a0963cb6762d92563b8bb4dce27aaca8c260ce6','124.79.184.112','2017-01-14 10:48:00',1),(307,'jiang','1',2,'66a102cb4fe04b9da0b097fd7c4c512c1f691889d46adb26bfa7911e71927254','124.79.184.112','2017-01-14 10:49:37',1),(308,'786185931@qq.com','2',2,'aa933619a9768b08027ae62c406d3597a7e1d3937c501cb921e952084984df28','124.79.184.112','2017-01-14 10:53:40',1),(309,'786185931@qq.com','2',2,'c709a0dabeac7447dae7b37c5ad3bad533db9d82dff42ad2d2f0f779c11fe8ef','124.79.184.112','2017-01-14 10:54:41',1),(310,'786185931@qq.com','2',2,'f8612ea9f1d4e16cd51e1d8a81b2e2b984e101a2a8b4380a853fd77fe3e9b722','124.79.184.112','2017-01-14 11:04:47',1),(311,'jiang','1',2,'c3bf8c95e347bb42f71b1dd674e9bee8f1389ec3abab3e05231e8b9e03a93099','124.79.184.112','2017-01-14 11:08:21',1),(312,'786185931@qq.com','2',2,'dcbe09a08c9b59a64bdf78795a2a62b6d5ca6171e218f9de625a8fd7a50ad91b','124.79.184.112','2017-01-14 11:09:39',1),(313,'786185931@qq.com','2',2,'a686cfa1b20c06b6d0a26557e7bbde17371f68c6980caab00d577e492b3fa649','124.79.184.112','2017-01-14 11:40:11',1),(314,'786185931@qq.com','2',2,'846cbc4cf63a7c6a8867813af601160096fb1ff2d9f97bc704702339de76001b','124.79.184.112','2017-01-14 11:46:31',1),(315,'786185931@qq.com','2',2,'77564d5cdffc0fe7d426c0c6fbbed21fe81cdbdedae313b86e5594e8ba6ad665','124.79.184.112','2017-01-14 11:49:51',1),(316,'1176902387@qq.com','1',171,'bd0515e9d1cbdaf3853c62b661cf6a3fa125e91b20ae30632cf319300140f444','124.79.184.39','2017-01-14 11:55:56',1),(317,'786185931@qq.com','1',2,'a23a750494a625126ca3dc6fde3328b01a6e0d708dba49244c2cb1c1ea5c8553','124.79.184.112','2017-01-14 11:58:04',1),(318,'zeo','1',184,'2b6587c968c2643eb533617a94cd8459de10d2050105e04895513ef3016f15a4','124.79.184.112','2017-01-14 12:00:23',1),(319,'1176902387@qq.com','1',171,'c57f05e4d083d361874413ad1bb0e266d9da8f03287b04fdb7c05bd6cfddd576','124.79.184.112','2017-01-14 12:02:27',1),(320,'zhouyijun','1',171,'3512e5b854230b7d1cc7a4a6bb149dd639a0829ee1feb22afd9d380b4ec6f897','124.79.184.39','2017-01-14 12:03:00',1),(321,'1176902387@qq.com','1',171,'90dbc849330d9678b2072c74ef2d4c1e3427df77731b7249da20c036e4f1846d','124.79.184.39','2017-01-14 12:35:42',1),(322,'jiang','1',2,'a6cb4cb8b1140ac1178f58682a932672a762016ae8d36d02b6d15d377a2f1709','124.79.184.112','2017-01-14 12:37:41',1),(323,'jiang','1',2,'82b3f804a0b02eb2d6bec864e93d399eb763a4b8b01360f0927a19de22a486c6','124.79.184.112','2017-01-14 12:44:17',1),(324,'jiang','1',2,'53023f9ac4b4d028d8f42245f1a88320642cc82377e0c5749010342ab5e2ff43','124.79.184.112','2017-01-14 12:45:16',1),(325,'jiang','1',2,'229449edb4e3d86306360ba755bad92a4b46035171b432edf4827911fae3a5ab','124.79.184.112','2017-01-14 12:55:11',1),(326,'jiang','1',2,'09e27b100f6222e7de0ddea0c5478011a0078c6dfc4cc31b0bd4d3f1faddc9bb','124.79.184.112','2017-01-14 13:04:05',1),(327,'786185931@qq.com','1',2,'f66b8165eb9f4cddc1fe3158f58b01b503e874295f8b9f8ea2ce9064708369a3','::1','2017-01-14 13:08:24',1),(328,'786185931@qq.com','2',2,'7f85653fd5a963fad1a81009e55bab59b9be2f27e82adb4797f51b11917aeae7','124.79.184.112','2017-01-14 13:08:25',1),(329,'786185931@qq.com','2',2,'cf485f217cc2252a801f452bb8ec1df1627ec3d2a7515214936b26ec7a211579','124.79.184.112','2017-01-14 13:13:05',1),(330,'786185931@qq.com','2',2,'2a022ace160b898aaeb5f2891c92b54bc3a76130ee9141958169124790b6f41a','124.79.184.112','2017-01-14 13:13:28',1),(331,'786185931@qq.com','2',2,'f57bd21a7fd603527b8fcffd42dbd1229a36274d6e14a01dfc82d72481fe14d1','124.79.184.112','2017-01-14 13:16:24',1),(332,'786185931@qq.com','2',2,'4aebaa36a3585190ffbf5ad258c7690dc5ba1aee910cdc480e1f8874834dc5df','124.79.184.112','2017-01-14 13:18:16',1),(333,'786185931@qq.com','2',2,'702e65313efbfadea24983d95e3ace1ae02ed8d828219123f5619d8574abebfc','124.79.184.112','2017-01-14 13:20:25',1),(334,'786185931@qq.com','2',2,'cc2a6738209aa1daa4bc4482da5ab4594e0318c7145db72910352a529da2ca3f','124.79.184.112','2017-01-14 13:21:41',1),(335,'786185931@qq.com','2',2,'ee0758ced99e8d9106b9b2b9d3acc97749d6f21761200538cebfe60d6f7f703c','124.79.184.112','2017-01-14 13:23:15',1),(336,'786185931@qq.com','2',2,'cf361b6550c855f3b054fb9a6f9d471f8c72ac0dd13e25693abd6dde1ab24ce2','124.79.184.112','2017-01-14 13:24:24',1),(337,'786185931@qq.com','2',2,'9eae53c05041a470f6c39b91a5d890c0dc8570a2f5ac9642c0d167ea3a131b6b','124.79.184.112','2017-01-14 13:25:53',1),(338,'786185931@qq.com','1',2,'474963ecdf901da8683023bbe994e5b78c8dfe65d54ac7485183a65d9534d414','::1','2017-01-14 13:34:56',1),(339,'786185931@qq.com','1',2,'e95d3f9a3ac2458988ce9bf79bc7debd016a65cc9feff6949e8dfa41c7d0221a','::1','2017-01-14 13:35:01',1),(340,'786185931@qq.com','1',2,'a6ac38dc71b4bf64ae539d3b9e4d910eb96434543700969c24c01f45f964e6da','::1','2017-01-14 13:45:42',1),(341,'jiang','1',2,'93542b91cfbe6cfec8bafd6c029efe14776595107f485d00f038ab0a2237e358','124.79.184.112','2017-01-14 13:46:46',1),(342,'jiang','1',2,'2847cb9237e418502a7d1bdb0b5347958705645483fb1462ae9db1724aea0da2','124.79.184.112','2017-01-14 13:48:08',1),(343,'786185931@qq.com','2',2,'0d3377f38f0ffaa65b8e320bf62c3f6d83a77451158fe9c06b40996a2efce45a','124.79.184.112','2017-01-14 14:05:52',1),(344,'786185931@qq.com','2',2,'741a9069a5541929bfb735c42b2576da3eb4abede85100534702288bfc3c5092','124.79.184.112','2017-01-14 14:09:07',1),(345,'786185931@qq.com','2',2,'ecd9c1f5fb1a92b0e1db81597da41267a3bd59546577929e202c868aa52f7a30','124.79.184.112','2017-01-14 14:20:17',1),(346,'786185931@qq.com','2',2,'03881f998bd00b3daaf375c0609426ccd288c63befc0242c05a41f64efb5df32','124.79.184.112','2017-01-14 15:07:42',1),(347,'786185931@qq.com','2',2,'3b41ccecb73410c01b250336fc6dd0903ee286f853d9a018635199a27d4fc8d9','124.79.184.112','2017-01-14 15:08:58',1),(348,'786185931@qq.com','2',2,'bdaea63c13151e8abfbf625f04e1aee3ef6a41a573a6d09b3111ac2eae154e1a','124.79.184.112','2017-01-14 15:10:55',1),(349,'786185931@qq.com','2',2,'33688337970695d56f9f693407f70da8a9b649d12f74490734f5394a4fe89f14','124.79.184.112','2017-01-14 15:11:35',1),(350,'786185931@qq.com','2',2,'a16da0025192ed8e5b7febe999c28f0fc44ae0781fb90f2ab666d36815546633','124.79.184.112','2017-01-14 15:13:36',1),(351,'786185931@qq.com','2',2,'8e6fde24a119f1adbacaf7668d87ef3ae99be39781c2fb285b9cacfae0f17654','124.79.184.112','2017-01-14 15:14:09',1),(352,'786185931@qq.com','2',2,'4a396ca714887e5caf4be0e6fbaaa6aea6cbc1f54e200d33337be33f86ee33e6','124.79.184.112','2017-01-14 15:14:47',1),(353,'786185931@qq.com','2',2,'27bbbc54cf37827ee73597d9c6de440d573e6237df9b2b6e327787395e4f49c2','124.79.184.112','2017-01-14 15:16:44',1),(354,'786185931@qq.com','2',2,'066fc164a06ae476dfeedb3b94cdea3f6d99a26b029fe1c8c07475f98b7a32dd','124.79.184.112','2017-01-14 15:17:21',1),(355,'786185931@qq.com','2',2,'e38632307f269f63f07b82abb8629a2bee8eff1b41719a450c1f7eec553f551f','124.79.184.112','2017-01-14 15:20:21',1),(356,'786185931@qq.com','2',2,'b0dd3ffb8fcb371d85debd33b7bf4e1306a05e55df2541a71691569d30c8a62d','124.79.184.112','2017-01-14 15:21:49',1),(357,'786185931@qq.com','2',2,'518f31d7aa5554aef439f73856ad050d1e36a6c8a1606ed3e2538e2d5a634ac9','124.79.184.112','2017-01-14 15:23:01',1),(358,'786185931@qq.com','2',2,'73fbc42b59b44d10e5d48d86ff5d62ddd309219bb9c9092f5c7dd3bddea29b1c','124.79.184.112','2017-01-14 15:24:07',1),(359,'786185931@qq.com','2',2,'b11afdc39e79c77c4867462ec132d163c9619bd24efd8bc1c4c5a9540531e092','124.79.184.112','2017-01-14 15:24:39',1),(360,'786185931@qq.com','2',2,'f3acabbbe8a16fda7bbd0765ba78fe484f632f1e847a69c1f2d6bb98b1b79f1d','124.79.184.112','2017-01-14 15:25:48',1),(361,'786185931@qq.com','2',2,'70c52797e3685e3d22891d165b16cab00ac303bbe4bc4cd73750092aa4486530','124.79.184.112','2017-01-14 15:26:36',1),(362,'786185931@qq.com','2',2,'253e4c0a149a44c926265725a4f0dc68080eefdeea9dfd5b6034cf1d2c4245fd','124.79.184.112','2017-01-14 15:28:32',1),(363,'786185931@qq.com','2',2,'d554f904ac3943ce6a8e592d656b8f6cc9b4d5ac2dba350081a310547019d316','124.79.184.112','2017-01-14 15:30:38',1),(364,'786185931@qq.com','2',2,'56eca0c6f82889f25ffe8bec715ee1378afe5a0170fb4e852d17a2abf1d05683','124.79.184.112','2017-01-14 15:34:46',1),(365,'zhx','1',3,'1005124ef692e826de9dff3e7d3257db5ec6153d0259d71adabb8cf66817a415','124.79.184.112','2017-01-14 15:36:21',1),(366,'786185931@qq.com','2',2,'5ad37f22d0936a03c06d518003c6cd29265d75962fa3c10d1e39b504e34ea8d9','124.79.184.112','2017-01-14 15:38:32',1),(367,'jiang','1',2,'bda97ca4c5852943bcae60ef6caf86259ccbcfb3338f48080969a2072e2d8bc5','124.79.184.39','2017-01-14 15:38:40',1),(368,'786185931@qq.com','2',2,'5fdb6e0dc1645b990221d91c10e7daf83c0dccadf5e416521dbe85a4bd16d9c4','124.79.184.112','2017-01-14 15:40:10',1),(369,'zeo','1',184,'e8ceb528e2df134603f18ffa2d8f89dbd58990190ed4ea5d6a59895c3e02c349','124.79.184.112','2017-01-14 15:41:05',1),(370,'786185931@qq.com','2',2,'372b81a618c8e0115329d8ae86cadd600cb13a3111ee740f2ba4f48d57f7aa40','124.79.184.112','2017-01-14 15:41:43',1),(371,'786185931@qq.com','2',2,'fb71c5509f14648da2f84c609a05063c733e8d9d6de8910100f068a156c0ffcb','124.79.184.112','2017-01-14 15:42:54',1),(372,'182666781@qq.com','1',185,'1ea9c1b50310ffdbafa4222678a3f4275537eab185efdf9a7aecd2f89e5316a1','::1','2017-01-14 15:43:01',1),(373,'zhx','1',3,'bc8cb486202d1af928f1975ba39d67eeda8eb6b088bff84196617dcea40cf2c8','101.226.68.141','2017-01-14 15:43:59',1),(374,'786185931@qq.com','2',2,'4c6608cf362ec4c79de2d4faf9b4b37d3958cc1a4ed7220806b7c2a4f31e6e5a','124.79.184.112','2017-01-14 15:45:10',1),(375,'786185931@qq.com','2',2,'ea8cf89e1dd1593ec05af8b8485acf1a158b544e558ec8293d6643754b4e5a7b','124.79.184.112','2017-01-14 15:46:22',1),(376,'jiang','1',2,'44004e279dc796c4decd4618ab063fa69ca9b6ae1594de696b290dade7046575','58.215.136.45','2017-01-14 15:46:55',1),(377,'jiang','1',2,'d0b5bd0fa6d16c77a8b182867aaddda5becae92a7038852352dc26e4392b7fed','124.79.184.112','2017-01-14 15:47:59',1),(378,'786185931@qq.com','2',2,'52e256a8f8535b3c34fba3bd87368cc0060710f021c38f35a839fb0a9e6a8554','124.79.184.112','2017-01-14 15:49:08',1),(379,'786185931@qq.com','1',2,'7f1843c4b62494dc550505e3985a9a8e9c7526374abb9518eb99fea7f89464a2','::1','2017-01-14 15:50:49',1),(380,'zhx','1',3,'bd6c04bd4215d99b2752eea757238782e519584d5529fbe075f43d1e8b355442','124.79.184.112','2017-01-14 15:51:25',1),(381,'jiang','1',2,'9402d7b08f0b257b5893636342213a5321dc0d25a8cd7402cf5912699b517b8f','124.79.184.112','2017-01-14 15:51:38',1),(382,'786185931@qq.com','2',2,'3095e04c535791c1d4c630aaac09c4214ca8af6ebdb1099f2f9d682fed66c2fc','124.79.184.112','2017-01-14 15:52:27',1),(383,'786185931@qq.com','2',2,'715661dd6e8ed132641c06cddcf1839c23f9d0377a75d5f85ebb0baaa814d53e','124.79.184.112','2017-01-14 15:54:12',1),(384,'jiang','1',2,'cdd6039da1a0d193b80d090f20a06d5e95c251cbd532ea5981141f799a0a6515','58.215.136.45','2017-01-14 15:56:58',1),(385,'786185931@qq.com','2',2,'f8364faab580a34a7f4addc2539bdb0c9e56a22b8e39d703655177d600e1fb21','124.79.184.112','2017-01-14 15:57:16',1),(386,'zhx','1',3,'8cc0619cb0371a6c92d65b4794a2a6006b2f6084aae4147d33070f4188fbc2d2','124.79.184.112','2017-01-14 15:58:56',1),(387,'786185931@qq.com','2',2,'59c9f2edf5191a4a186031989c0030211d729677ca58889dbca2baba8a6bcccb','124.79.184.112','2017-01-14 15:59:49',1),(388,'786185931@qq.com','2',2,'39e103ef8e7e24ef523e2c36a16a7222ba46139ac1dd235f32f5f197cbe1a6dc','124.79.184.112','2017-01-14 16:00:46',1),(389,'zhx','1',3,'3318906bd5b3d3017f3fe81384b248bed410616c4d890806b67b02a9d255bb50','124.79.184.112','2017-01-14 16:03:05',1),(390,'786185931@qq.com','2',2,'e3027fcdfe8d87789755d4350d5a986b2b84ad8d207a9de014f13431cf5889c0','124.79.184.112','2017-01-14 16:03:21',1),(391,'786185931@qq.com','2',2,'081157330208b612bd45e75212b21a0a761929e23cdce8c19d9d32abc4bd9c3e','124.79.184.112','2017-01-16 10:01:22',1),(392,'1176902387@qq.com','2',171,'951c01db26f929158c47d9495e99a8a39694bf1f45399a1eae9dbd37dfb62a99','124.79.184.112','2017-01-16 10:01:41',1),(393,'182666781@qq.com','1',185,'59826f26ea31b04a9b92c07861f3672e6a39658dc13c1d4c54d716d09ee7b9f5','::1','2017-01-16 10:25:44',1),(394,'1176902387@qq.com','2',171,'8666ff476d13eb688092ae1170899be50707b4bf07c4ba77a08ae502c0a0f4d4','124.79.184.112','2017-01-16 10:35:28',1),(395,'1176902387@qq.com','2',171,'a86aff072249343b2241a085ddcc6fb977abc3ae371cc4ba76ae31a62697d028','124.79.184.112','2017-01-16 10:42:35',1),(396,'1176902387@qq.com','2',171,'7daaf40524a5da2469f6d74aa1b9e437acbf5c81fa8d7f7c1ae47028526546f8','124.79.184.112','2017-01-16 10:45:17',1),(397,'1176902387@qq.com','2',171,'77a9f79bf5a9596e8804e31f40cff6a96db05e78d6131bfa397977a08372bf31','124.79.184.112','2017-01-16 10:47:39',1),(398,'1176902387@qq.com','2',171,'9e76adc36070109519a99a3757180ade24a17869360a0ff13313e87e938e021d','124.79.184.112','2017-01-16 11:04:28',1),(399,'1176902387@qq.com','2',171,'566c4df6c0598b1d1711af238d1a841ec85f9e8a8910ca1f00f30772704f4892','124.79.184.112','2017-01-16 11:05:57',1),(400,'182666781@qq.com','1',185,'d863092ce7a5eea8522c9e7f9dc7e395da37208602766483509b0ca89232d46b','::1','2017-01-16 11:06:58',1),(401,'1176902387@qq.com','2',171,'1a378f1f503a6a372d3d57829e42ce898a903af37509b053c523358849549e23','124.79.184.112','2017-01-16 11:08:52',1),(402,'1176902387@qq.com','2',171,'a181bd121fc81b9ae774112682a217e0074f3eedd7d028d58ec8ce92f993f015','124.79.184.112','2017-01-16 11:13:13',1),(403,'1176902387@qq.com','2',171,'961c614889d1be1f89c0a01deb442a07093bbd08e453c09b390bb31d2411bcc4','124.79.184.112','2017-01-16 11:15:05',1),(404,'1176902387@qq.com','2',171,'fd4ffb1e7d9a7155455ae70c3a341704a2afd68cae81f7fe2198301399e0b4af','124.79.184.112','2017-01-16 11:15:55',1),(405,'1176902387@qq.com','2',171,'d73342ef9faab1df18aff928b6d613adfb1ae58ff71091fa88016a0349817900','124.79.184.112','2017-01-16 11:16:22',1),(406,'1176902387@qq.com','2',171,'7cffaa8c14f32365f38198e6fc27bf635f889b291b58c75f2f0049b53b9b2c37','124.79.184.112','2017-01-16 11:39:10',1),(407,'1176902387@qq.com','2',171,'547c4eb6a4fb6a5f80fd70df8b93023399b2511fcb7c0b6278bfca8a7562b68b','124.79.184.112','2017-01-16 11:48:22',1),(408,'1176902387@qq.com','2',171,'d3321056188f6384f8cf1eadbfb79ed35adaeec145170e82fcc4ac4d5e834ff1','124.79.184.112','2017-01-16 11:51:35',1),(409,'1176902387@qq.com','2',171,'1d7c679660980c678fb21ff4a43c027244925f0d5455e62995f54368b7a26520','124.79.184.112','2017-01-16 11:55:50',1),(410,'1176902387@qq.com','2',171,'8a1fdb29e5f8e7a07f27eb919ea2b0d032cdb90850483f72dd2946fb022a9c18','124.79.184.112','2017-01-16 11:58:35',1),(411,'1176902387@qq.com','2',171,'8ddd38c12724a5de29c6d68172146c9342180a7d0e0f2275b325bace8c86ff77','124.79.184.112','2017-01-16 11:59:25',1),(412,'1176902387@qq.com','2',171,'2570c1415293c52848f005bcdf24ef1f6b4faf96e17986886755ef5d198cebf1','124.79.184.112','2017-01-16 11:59:48',1),(413,'1176902387@qq.com','2',171,'c4f95b254847f8bce3f459b55e6c69fbc5b7a4b1f476a4d0976e72bef4b23b64','124.79.184.112','2017-01-16 12:00:20',1),(414,'1176902387@qq.com','1',171,'ceba3f73a0d7e9322924d56cca65a9f0f12f1fa6f57f4ca5e05d4d1887595cd3','124.78.209.208','2017-01-16 12:01:01',1),(415,'1176902387@qq.com','2',171,'ded62209433310ae3d6b0519517401784c3a1c2c9acff2dde7b7bf3eba64c9eb','124.79.184.112','2017-01-16 12:01:39',1),(416,'1176902387@qq.com','2',171,'1bc049b8a749e8c2dbb7a64c7a8de5ccfd7f4f3c96ae88e3fc1e7ec7d3fd80a3','124.79.184.112','2017-01-16 12:02:39',1),(417,'1176902387@qq.com','2',171,'77fc8517059479a3296db669160d04f166b5217c11efa74b09aa3f7b2337d024','124.79.184.112','2017-01-16 12:40:13',1),(418,'1176902387@qq.com','2',171,'d92615b45bfd72cccfb5c413c7ed432347c7791bd10878a19e0a9974ee956c2e','124.79.184.112','2017-01-16 12:41:15',1),(419,'1176902387@qq.com','2',171,'272d850bb58e3150f166e5a71270e4035f01c81481870d2f7b8eac91c11626e5','124.79.184.112','2017-01-16 12:43:06',1),(420,'1176902387@qq.com','2',171,'2846664cd14c455555869ab6ba2f6c8938fcff2185030788f71847e76d0dc28c','124.79.184.112','2017-01-16 12:44:12',1),(421,'jiang','2',2,'f7820bc3f68a0fb9160a63890e11e173189760c60ddbb910887bf9c558f23a09','124.79.184.112','2017-01-16 12:44:32',1),(422,'zhouyijun','2',171,'879d95d60695306cb8dd15124116322ef5006f497ba3d698324632ceebe973ce','124.79.184.112','2017-01-16 12:46:07',1),(423,'zhouyijun','1',171,'795e63d5e93344412e38e6c1015b080b8dd87bdfdf570111099396e8b6c8ea99','124.78.209.208','2017-01-16 12:48:04',1),(424,'zhouyijun','2',171,'2290af15e3464a7e6c991cdda4ea3a6e0b3fed7bdd19bffa486910efe9b51eea','124.79.184.112','2017-01-16 12:49:27',1),(425,'zhouyijun','2',171,'02bef9d30ce05533c2ed8fe9c787778d53038015840b6d204680e86b1b87782c','124.79.184.112','2017-01-16 12:49:48',1),(426,'zhouyijun','2',171,'c18106ae624305272185025b55dfcb61cf98a0257472dbea6ebcde9b0154c131','124.79.184.112','2017-01-16 12:51:22',1),(427,'zhouyijun','2',171,'c6d916505014b9693246318879a32356bd0490a18dde53d2b5ebf71c2e95d7f0','124.79.184.112','2017-01-16 12:51:48',1),(428,'zhouyijun','2',171,'825787aaae87cdbd738dd188c0af7bf79e0dd8e7c80457a1ee7339352cfd2a95','124.79.184.112','2017-01-16 12:58:09',1),(429,'zhouyijun','2',171,'6ce7e28b77163bd321320b34e6ac1b8fe8e51da14d70e49a1a50d84d39b36ec9','124.79.184.112','2017-01-16 12:58:46',1),(430,'zhouyijun','2',171,'b831232f1b8c73b5ce2bdd62cb59a334a2e3f0b29835e0b5aeddb99f67ab42ab','124.79.184.112','2017-01-16 13:05:18',1),(431,'zhouyijun','2',171,'0f5d26adf205e53527656dc9858ff7613558dd4e612e532b5780e530fa25d483','124.79.184.112','2017-01-16 13:19:33',1),(432,'zhouyijun','2',171,'b48f75d3b1ebce655b67af5de0e6a2dcd16a2f647a90a7c74d4995861fcc140b','124.79.184.112','2017-01-16 13:21:10',1),(433,'zhouyijun','1',171,'7dbcb84311cc1a62d69f5232b89ddaf72604945e6f458c47f834f30e4f0be5d1','124.78.209.208','2017-01-16 13:23:49',1),(434,'zhouyijun','2',171,'f4e9dd0d6d3adae710bcb2ba343ae4d48529047d4df5b3314e40b00ed73affe2','124.79.184.112','2017-01-16 13:27:46',1),(435,'zhouyijun','2',171,'07f77897b2f816c17f5aad8e5ccb2c2cce03ad6555a03b4d4b0d87cfb3230642','124.79.184.112','2017-01-16 13:29:03',1),(436,'zhouyijun','2',171,'1b1a1e69b4c2697524523eae894998ba97540c0350494800288112fed30ac0fc','124.79.184.112','2017-01-16 13:30:40',1),(437,'zhouyijun','2',171,'2d3bbaaa18887c30b11d6588b269ccefae5e2796b85656d81276f3d5687e7148','124.79.184.112','2017-01-16 13:32:09',1),(438,'zhouyijun','2',171,'da892a5b8766cbdb680b9747eed53285c9445398aca85a97e459920bc027a1f7','124.79.184.112','2017-01-16 13:33:28',1),(439,'zhouyijun','1',171,'8161838242b847b6fc5cb130b21e7398a45bfae019bed89ed6b95ea5d95687fc','124.79.184.112','2017-01-16 13:53:11',1),(440,'zhouyijun','2',171,'ab30f5188d7243704993a2eff39b8b8e54d2a656a72d0ff3d88bf360be7b28d6','124.79.184.112','2017-01-16 13:53:35',1),(441,'zhouyijun','2',171,'b625e99ae25e34824213b2145f78dec02ee4764b2325131d0801077c15dbd8f7','124.79.184.112','2017-01-16 13:59:26',1),(442,'zhouyijun','2',171,'187cfe90803285e56358f168389acbc81e1dbd7c3935f40315b2f99ad4457f74','124.79.184.112','2017-01-16 13:59:34',1),(443,'zhouyijun','2',171,'ea259d2c0d5829b4c16ce299a24b77190efdbe9ab1b00993f328c973a119910e','124.79.184.112','2017-01-16 13:59:55',1),(444,'zhouyijun','2',171,'7aeff12e95ab47ec52565864aaae74ce4439cd1a1795edb002ee0cc363a2579e','124.79.184.112','2017-01-16 14:02:48',1),(445,'zhouyijun','2',171,'1d47f884681ed918fcfa34f6de617c4d129a3a3836ebc95ec69c7b470d4b0723','124.79.184.112','2017-01-16 14:21:04',1),(446,'zhouyijun','2',171,'354cac67da85aa236d478362eebdbe0f170f43b7c6ed84c545e54f6b9472f38f','124.79.184.112','2017-01-16 14:22:14',1),(447,'zhouyijun','2',171,'2e7cd7bfe995abc265f96fcc7d74294ce4b482cf7d14cf08cf003e55ab747e58','124.79.184.112','2017-01-16 14:23:35',1),(448,'zhouyijun','2',171,'280f2f92a66967a6a31447d21b220ed7f185e30ca93df7107033c29ae711b166','124.79.184.112','2017-01-16 14:42:47',1),(449,'zhouyijun','2',171,'25b287d0ba1a05d73a21795f34c0f4765f531773eda0213b1b281fb3c71baa51','124.79.184.112','2017-01-16 14:51:09',1),(450,'zhouyijun','2',171,'9a14afcbf850792ee3848b2f1590b7d64010358a92eceff55e8322bdd92a2af3','124.79.184.112','2017-01-16 14:55:42',1),(451,'zhouyijun','2',171,'cec5acc9c0db50c08b251adf343acc30be8f20757483330277749d24066520fc','124.79.184.112','2017-01-16 15:54:40',1),(452,'zhouyijun','2',171,'a660ee5ea4ec51422499513fbfd3bbdca26071acfe147d03168f4f86acb94968','124.79.184.112','2017-01-16 15:58:08',1),(453,'zhouyijun','2',171,'2728a7aa02dc89779ffceb8bc4fd983898a4dbf94e59a05f5ebcdbc4da4fb56b','124.79.184.112','2017-01-16 15:59:13',1),(454,'zhouyijun','2',171,'f833533430a289756e86a4bb13574583b4bee89b27d6cbcadf46cd4b2e5d880a','124.79.184.112','2017-01-16 16:04:01',1),(455,'zhouyijun','2',171,'b18f7a606cac836e7674d43ef1b7bc6f106604c7aa08fef75cb591a75647e265','124.79.184.112','2017-01-16 16:04:26',1),(456,'zhouyijun','2',171,'27c63e07448a8ec05677f4f4d60fecbd065c40804a17c26bcc47237c835d4c1d','124.79.184.112','2017-01-16 16:07:20',1),(457,'zhouyijun','2',171,'2537bd8f260b581e124ad26e95f35bea73a119847472426d77ff2edd2f91aab0','124.79.184.112','2017-01-16 16:19:28',1),(458,'zhouyijun','2',171,'56935a671839d98df85f5a6fca88f135ac5a4cbc6d4175005e2b4dea8ef0bad9','124.79.184.112','2017-01-16 16:27:33',1),(459,'zhouyijun','2',171,'7215034bc00a1faaf7d811ecabf779b6f1aa90ef3ebb55bc495148aaf03334c4','124.79.184.112','2017-01-16 16:27:57',1),(460,'zhouyijun','2',171,'91a339cb0cbfd9b2eb2e820991f363c6c4a9478fabc3c97663d44269c0db85a0','124.79.184.112','2017-01-16 16:30:00',1),(461,'zhouyijun','2',171,'d826965b2f983c1792bf51fb32f9e4afda9c7103b9d7564cbc86367c063a80a6','124.79.184.112','2017-01-16 16:32:10',1),(462,'zhouyijun','2',171,'df919d6a5562b49ea0ba90792ecb36141992a0126748495df605a15478bead58','124.79.184.112','2017-01-16 16:34:58',1),(463,'zhouyijun','2',171,'6107103c9c6682bbce2ef699b8450128d573acde3171c2721404b089dd52ae64','124.79.184.112','2017-01-16 17:11:25',1),(464,'zhouyijun','2',171,'28900f86f5e9255894565b3c185227de9c6442b0c0109b2744753f8fb5c9e262','124.79.184.112','2017-01-16 17:15:21',1),(465,'zhouyijun','2',171,'eebc08cb4fb8c75952c8f84021430bc4d41c2e7cdc006cfc90cc5cdad079acb8','124.79.184.112','2017-01-16 17:17:51',1),(466,'zhouyijun','1',171,'ccbf50db14b064e40950f73673e89bb252c74c60805483285964be8499da98c5','124.79.184.112','2017-01-16 17:18:40',1),(467,'zhouyijun','2',171,'b89fe88deae21ef86b57191d53355013d8f2a2d725053758be8c864e086c9475','124.79.184.112','2017-01-16 17:23:16',1),(468,'zhouyijun','2',171,'99f677e42c6d30dfb0b00f586dad9be6dc849012b45bd247f729707ada125b8f','124.79.184.112','2017-01-16 17:40:53',1),(469,'jiang','1',2,'e21556fdc5d54a335deef2430b3b6f3dba84925212735c2f63157ca0c1d17363','124.79.184.112','2017-01-16 17:41:36',1),(470,'jiang','2',2,'9ace5fdcd58b7db5eff26c9ec329a2fab8c4fcdf895cf6112db9a71effc18513','124.79.184.112','2017-01-16 18:02:13',1),(471,'jiang','1',2,'0278979b400c3c8f4a5d2476d2d429a58aa77e703efa525b2dab17dc9cfa8ebe','211.103.26.67','2017-01-16 20:41:40',1),(472,'zhx','1',3,'72f08eb1eb9c4850008b73224b0f32a338071bfa907225e21f937c0112230f62','58.33.130.69','2017-01-16 20:56:05',1),(473,'zhx','1',3,'f116b4b8e3c3be8a3daa37880760a1faa5efd34c27f7218f5dece0a4eb0ad636','58.33.130.69','2017-01-16 21:08:58',1),(474,'jiang','2',2,'e979bab3bae5ae53f0dd4e49191abdae61053cbfeb048833fda978483714377b','124.79.184.112','2017-01-17 10:49:05',1),(475,'zhouyijun','1',171,'2c1c8f0e1e14dea8bed011541ff67d0d1c1e760caef7370e94a8156d26b02af7','124.79.184.112','2017-01-17 10:54:21',1),(476,'zhouyijun','2',171,'6b155765b8a16634866349536a2cfc5033f029ac1ed96b30b63ad36ff2811d62','124.79.184.112','2017-01-17 12:03:16',1),(477,'zhouyijun','2',171,'502d51b90c8f7cf6192568556f7280c10ad57100ca94921679f91a024e15ea04','124.79.184.112','2017-01-17 12:42:47',1),(478,'zhouyijun','2',171,'9eef79a7f52872e4ad5767ce5e82ecfbc668c53e0a30425975d1db861ed99138','124.79.184.112','2017-01-17 12:47:14',1),(479,'zhouyijun','2',171,'9df275539e067b8153b99a90b81ca732f6d2dbf3e5ac2d297e3b03f0c8091f4e','124.79.184.112','2017-01-17 12:50:47',1),(480,'zhouyijun','2',171,'488c251e23de17fe8cb769196ade72bad2510cbebcda63a7d9f203a721bd3779','124.79.184.112','2017-01-17 12:51:47',1),(481,'zhouyijun','2',171,'4ecb6a1e2f4f48ec7e838a8bd3a68ed1296fe47bc53bce3d8e3bc6050272ce91','124.79.184.112','2017-01-17 12:55:12',1),(482,'zhouyijun','2',171,'15d7fd2fcb4f2cf69118b104a6437323013f57a01715514ca43136fa20a6f986','124.79.184.112','2017-01-17 13:01:41',1),(483,'zhouyijun','2',171,'8348a312672be3f84280e899035badce44395871f9bb545f3f7d7685fb4861a2','124.79.184.112','2017-01-17 13:14:43',1),(484,'zhouyijun','2',171,'ed9e89220e38aea7ce3a4570607a7c66bcab3e3e30bf36605a527b2f69485908','124.79.184.112','2017-01-17 13:20:14',1),(485,'zhouyijun','2',171,'1e962208bf87c4c417b1ca5b904d6b19f152be6993fffd42697cda14d51c6e43','124.79.184.112','2017-01-17 13:40:30',1),(486,'zhouyijun','2',171,'24aee47d851ba3e844a58bb2c4bf0bd93a5483ca9c4ed893dcd145c5f1508b65','124.79.184.112','2017-01-17 13:45:10',1),(487,'zhouyijun','2',171,'320e16edd471be713735908b28580792583737148795bd26d195f098263d18c8','124.79.184.112','2017-01-17 13:48:13',1),(488,'zhouyijun','2',171,'60c88d879bad47f994b43b4d7334ca92cbca7dc53e7e5699c9236fc0087398f4','124.79.184.112','2017-01-17 13:48:40',1),(489,'zhouyijun','2',171,'899e6e35555e9e50bd8cb1747523cecf6af562504db0ba59c57be71b9a4a83c8','124.79.184.112','2017-01-17 13:49:41',1),(490,'zhouyijun','2',171,'b54efdc740d4538d95df6d79fa7815e3d925a0cdf6e5cd02a8e0289866ddb742','124.79.184.112','2017-01-17 13:51:47',1),(491,'zhouyijun','2',171,'763314b5e625d8d4847997f0d00e8efd4e317087f25580153d806ca405ef9ad9','124.79.184.112','2017-01-17 14:46:20',1),(492,'zhouyijun','2',171,'23742f0ec32e271c2f0bfb3e710649da79a4f5579f069abfb183b2b157ec9170','124.79.184.112','2017-01-17 14:50:33',1),(493,'zhouyijun','2',171,'d216a6f89f1b5fd9e6bbd978226e65b8805a622725baf5511fec57445ed31182','124.79.184.112','2017-01-17 14:51:34',1),(494,'zhouyijun','2',171,'5a6d8fe68325e6fe0f2fd83c3187e8ad157d48acd89266d31a551756bd876a39','124.79.184.112','2017-01-17 14:52:54',1),(495,'zhouyijun','2',171,'69c3adf10bc3b53974c8c7cccb0911f442c2c7120199695872029f6c5a5ed2d6','124.79.184.112','2017-01-17 14:54:46',1),(496,'zhouyijun','2',171,'cd3f332df553360dc4985b00252e4c3f8024b1f07643c4fd25ee9feadf669d32','124.79.184.112','2017-01-17 15:16:03',1),(497,'zhouyijun','2',171,'8522cf94ec6931a9187b1cad43a1b7dd9f1fc1c97f6d53f078625e0dd37f4f23','124.79.184.112','2017-01-17 15:20:25',1),(498,'zhouyijun','2',171,'90fd5aa05fdc84e7e31438498449bff2f3ac88b811d8e6acbd5ae8bcb9c32d4f','124.79.184.112','2017-01-17 15:21:37',1),(499,'zhouyijun','2',171,'34f1b3bd47019108e4c23da023732594d1145f2fff900b8eea8c1732dc75d2e2','124.79.184.112','2017-01-17 15:23:16',1),(500,'zhouyijun','2',171,'6aa2e0f10ed0443c5d730431fc4fd68250e0d5bd2a1877da3a2f5ead620b48b5','124.79.184.112','2017-01-17 15:25:22',1),(501,'786185931@qq.com','1',2,'e6d8f82ffed27eb268f500b84f3f69adae7a05ff446e59447306841b07e39c00','120.210.162.33','2017-01-17 16:16:32',1),(502,'zhouyijun','2',171,'2ae2369f6ddd0fca860a13df5478f717621b7dc6ab28ed4da9488cb6dd7da32a','124.79.184.112','2017-01-17 16:18:35',1),(503,'zhouyijun','2',171,'c0510defafad1ebefba6082ad320786dcdcb64e0902a20f70f94648090130bb5','124.79.184.112','2017-01-17 16:19:06',1),(504,'zhouyijun','2',171,'e142d784481127afa4bfdc24c9748d854cc4339218d9abadc88d9978f0b1e80a','124.79.184.112','2017-01-17 16:19:58',1),(505,'zhouyijun','2',171,'0a49e03d7ebe8d51365953fec0863d55c088525f64b5c09c0e329b397d7ea134','124.79.184.112','2017-01-17 16:21:00',1),(506,'zhouyijun','2',171,'ace082fe19139afda6c0d3c04f7bd0403bf67ab0ca16029c0b7b3caa7786df74','124.79.184.112','2017-01-17 16:23:55',1),(507,'zhouyijun','2',171,'cc7549c9790d31dfd850ab50fe5f16368f6896d1d276cdcf9c4b82d2a5e09048','124.79.184.112','2017-01-17 16:27:35',1),(508,'zhouyijun','2',171,'5f9be645f358b188c0c6a8039d4a109dfc8fd65508197499775c858a426c0c0d','124.79.184.112','2017-01-17 16:31:22',1),(509,'zhouyijun','2',171,'4cb287b133a49378d20569a19cd3932614b293a2f4f6421f7282dd248cee0b2c','124.79.184.112','2017-01-17 16:44:40',1),(510,'zhouyijun','2',171,'b811ff41be6fae8bb1fa77558c0bd5ec6a18b61ff52c13391b7e8645c2558fdf','124.79.184.112','2017-01-17 17:03:17',1),(511,'jiang','1',2,'58cb66dffbb067852e6336aad97ca13356112500a96565e867b71c2ea33e97e7','120.210.162.33','2017-01-17 17:03:41',1),(512,'zhouyijun','1',171,'fa96a6da546d46c93cee572d0947abdeef93f80eda560e5a9df435d6c8717540','124.78.209.208','2017-01-17 17:15:49',1),(513,'237812367@qq.com','1',6,'','116.246.2.245','2017-01-17 17:19:34',0),(514,'237812367@qq.com','1',6,'','116.246.2.245','2017-01-17 17:19:42',0),(515,'zhouyijun','2',171,'7731929cc795b1a065183a2d71e83a1bac6bfbda4cdaca5b173049090123f2ac','124.79.184.112','2017-01-17 17:31:38',1),(516,'zhx','1',3,'b1f44b0da4c4271f5c5e7f6e7fe61153138f31f41d801ae941e677f93104442d','124.79.184.112','2017-01-17 17:36:44',1),(517,'zhouyijun','2',171,'190aa1b7985b77ab1df1ff865a06268fa224bba6269a1566fa10e31ed9da0eb2','124.79.184.112','2017-01-17 17:41:14',1),(518,'zhouyijun','2',171,'0a36b71c73427164f194d73612b8076fcbb7c1f08b45ad8c20a4d12a6871e2d7','124.79.184.112','2017-01-17 17:42:38',1),(519,'zhouyijun','2',171,'65b3d74b62cc5f1dac3297366ceb5065e6d0955dd66aad7b88328081e98c1624','124.79.184.112','2017-01-17 17:43:57',1),(520,'zhouyijun','2',171,'47e3960c7f53fecde44e6c86347ca59ce067d0e6e87e0ede7e558e581224037b','124.79.184.112','2017-01-17 17:45:59',1),(521,'zhouyijun','2',171,'e5d5a007eb95221cd59c6a59e75c459092b2ba2c49ade5419ec46c89787b2275','124.79.184.112','2017-01-17 17:50:20',1),(522,'zhouyijun','2',171,'edce029db048441ad1194f2103be9c75b1973881010a7acb79cadf76a23f5963','124.79.184.112','2017-01-17 17:51:54',1),(523,'zhouyijun','2',171,'ebd06c1b0bf37e42ef72b289cacef8b358283bfc8e228c89ba63b15785f44cb3','124.79.184.112','2017-01-17 17:53:00',1),(524,'zhouyijun','2',171,'f111b75a7ec14e0e764bce5e2fcb829d25a5a4e5a234ed030cc6141ccefd426e','124.79.184.112','2017-01-17 17:54:14',1),(525,'zhouyijun','2',171,'e9044bfb909625e973b5ae5b90d06fd5a9382b39e12c8f9a98c6a321982b6759','124.79.184.112','2017-01-17 17:56:24',1),(526,'zhouyijun','2',171,'bc74c803ed7ef8b740e5abf4bd10de017061b0bcb37f70faaeca2ea1a0a1c6c0','124.79.184.112','2017-01-17 17:58:14',1),(527,'zhouyijun','2',171,'692bc18dc6d292ddfe103a669ba3a0108480f2e29c447541368303a0ee456a23','124.79.184.112','2017-01-17 18:00:37',1),(528,'zhouyijun','2',171,'509321ccc4665727b211d6c304477a2de5e9d78ba532b672ce7acfd72ce2e341','124.79.184.112','2017-01-17 18:02:43',1),(529,'1176902387@qq.com','1',171,'d08c50606bad9353a87ff027a6c66cd4150e7c37766d1d3c4fc86c01529a3b2e','124.78.209.208','2017-01-17 18:03:47',1),(530,'zhouyijun','1',171,'6b73b22f03b45fe9beeaf24ebf7cc7eb785eb9622e5f369b34d66eed57926f15','124.78.209.208','2017-01-17 18:16:58',1),(531,'zhouyijun','2',171,'4ef1bb6b444b3b488fe727e64a04c3c029895187940ea08228049c6ebaa58f8e','124.79.184.112','2017-01-17 18:25:35',1),(532,'zhouyijun','2',171,'28d98af674fd12f19359776da68495c7ea4e5b7b0d7eadd7f9e6f077813f2df0','124.79.184.112','2017-01-17 18:27:18',1),(533,'zhouyijun','1',171,'9a6e5eae7e1a1014980923495a2cc60803466072bab16b7895021d4f34b00b3f','124.79.184.112','2017-01-17 18:28:30',1),(534,'zhouyijun','1',171,'154c0221517c11ec2ffb7e59ab77cfcafd46491866eeb6863604cd024e228ca7','124.78.209.208','2017-01-17 18:29:58',1),(535,'zhouyijun','1',171,'c5d78d66063a694a427d9f859750b63ea719b811f4b7f5fd081d8230544f23c3','124.79.184.112','2017-01-17 18:30:44',1),(536,'1176902387@qq.com','1',171,'17d3a83a69fcb07238d32f6cc586597185972d3a16d9ff8799facc43e00b55b4','124.78.209.208','2017-01-18 10:09:50',1),(537,'zhouyijun','2',171,'78cb133648649ab07d9157baa1da729a9a111b57d3b866217b564f73ba86fea5','124.79.184.112','2017-01-18 10:18:39',1),(538,'qqq','1',111,'','101.226.125.113','2017-01-18 11:18:25',0),(539,'qqq','1',111,'','101.226.125.113','2017-01-18 11:18:33',0),(540,'qqq','1',111,'','101.226.125.113','2017-01-18 11:18:38',0),(541,'qqq','1',111,'','101.226.125.113','2017-01-18 11:18:48',0),(542,'qqq','1',111,'','101.226.125.113','2017-01-18 11:18:50',0),(543,'qqqe','1',186,'fbefefb72d118ef64d543c650e3bc5ea19e6033c886c6a4229e18fcb40360790','101.226.125.113','2017-01-18 11:19:37',1),(544,'qqqe','1',186,'3743c841fea09e614d68ed6efb1a973c1bc419578981c823d55cc2cb789ad1de','112.26.232.76','2017-01-18 11:25:26',1),(545,'zhouyijun','2',171,'bb4696891e6d0aa08a98dc7a56c08491c30a0a56becde6e8f0339adaceae6772','124.79.184.112','2017-01-18 12:05:37',1),(546,'zhouyijun','2',171,'d5c35aaa82bc09f7bd6e30cb2f60b064dcc10c245acbeb1abf27ee3974de1225','124.79.184.112','2017-01-18 12:17:43',1),(547,'zhouyijun','2',171,'f9d9fde6185523e0b5a47d97f1e5f9700ab43d55e44aa576c7babd962b1906b9','124.79.184.112','2017-01-18 12:19:29',1),(548,'zhouyijun','2',171,'37e4b723e481142a0c592564a85cd055369ff731fca375eaaafa55027fd16bc8','124.79.184.112','2017-01-18 12:23:50',1),(549,'zhouyijun','2',171,'4f0140982e5dd89b284a7a4933d97ec3759efa9ea7004388fb74e8653559e167','124.79.184.112','2017-01-18 12:38:32',1),(550,'zhouyijun','2',171,'08fbe60f8079b2e7fe730bd74bc7361c9ca36641078629943d8c981cd31febf9','124.79.184.112','2017-01-18 12:39:44',1),(551,'zhouyijun','2',171,'5676859e4ff4ec6002fdc204c00d88950e815882923673378c550c4cbbe97194','124.79.184.112','2017-01-18 12:40:11',1),(552,'zhouyijun','2',171,'e3503fe74468642fdd013eb60953b2663de3aec437a5462bdad391711d778064','124.79.184.112','2017-01-18 12:43:01',1),(553,'zhouyijun','2',171,'06868e61a36964d289a6b82423996bfb8551051d3e0eb24a094a45f9f6bd47b8','124.79.184.112','2017-01-18 12:55:26',1),(554,'zhouyijun','2',171,'243c8e65e0308d51fb70275606d7ee879bda701ab42379526bacd0cebce1b377','124.79.184.112','2017-01-18 12:57:42',1),(555,'zhouyijun','2',171,'e5c8e8a1d7aed836765fe8b02879b2efbd5a47debe551340bebe9f176cea22c9','124.79.184.112','2017-01-18 13:00:32',1),(556,'zhouyijun','2',171,'330986b8ac7c0c6f18cbf2adba0ed467d689683632af44325078b4154c93dd34','124.79.184.112','2017-01-18 13:01:09',1),(557,'zhouyijun','2',171,'233b032eed47d897ca4ec6f8d8aebb0b81d772222e66f21c2879341bd9585ac7','124.79.184.112','2017-01-18 13:02:12',1),(558,'zhouyijun','2',171,'06a38c6bfd0d8cabae08b1d9f7b3af37f6ff498ab6d64c0e7c5ea40983478706','124.79.184.112','2017-01-18 15:29:15',1),(559,'zhouyijun','2',171,'31efe831ea4af40501f2f8b0a450f902078d869018f937eb4c2ec5904f1e41fb','124.79.184.112','2017-01-18 15:29:46',1),(560,'zhouyijun','2',171,'4822165812c912d9e6c4096a84333e3bac5f9e982d3518d273a3070841f90f77','124.79.184.112','2017-01-18 15:31:12',1),(561,'zhouyijun','2',171,'674f05227a1e42ea22b97afb3e1c092c6704bb9f4557d2e3f73e749367c56cb7','124.79.184.112','2017-01-18 15:33:41',1),(562,'zhouyijun','2',171,'19eb0f6a4bbc8739b1d69b35f5e48815be115d34c3fa59ff1c83960b5554199c','124.79.184.112','2017-01-18 15:34:50',1),(563,'zhouyijun','2',171,'4f18374e825baf90bf31aa57c001555e500763218733755ec02dfd3e60ae7c86','124.79.184.112','2017-01-18 15:36:20',1),(564,'zhouyijun','2',171,'3bbd984c26167619bfb5a9cfe8d9c48f3e7b283c2ee3b27cde9d6ad486180a99','124.79.184.112','2017-01-18 15:37:40',1),(565,'zhouyijun','2',171,'b45b7b68172b5e3be94f3da4a1309a1806c8028c62fe2fc2f411db58d32ff0ed','124.79.184.112','2017-01-18 15:37:57',1),(566,'zhouyijun','2',171,'a1fa33e8c1b4a82708336ac93ee1d65dc76009597fad7b88dea44e95e12b6d6d','124.79.184.112','2017-01-18 15:38:43',1),(567,'zhouyijun','2',171,'fab147e0e6ecda72407fccd41e93b56c68752f759be9acb5c771ab72b2cad8e7','124.79.184.112','2017-01-18 15:43:22',1),(568,'zhouyijun','2',171,'41cb1126dbca697ecbe1dc19550d7414e10b7bcfd017d70a4d22459aa2d21159','124.79.184.112','2017-01-18 15:44:15',1),(569,'zhouyijun','2',171,'c4085cd5fd08e581f3c210c3449648b3ecf8a94189a09f0e93ed5fa0d5356f44','124.79.184.112','2017-01-18 15:44:57',1),(570,'zhouyijun','2',171,'d0af235250e67199b91994ffbf3c687c484fb2817d0dbd7ff0b4704a498d3247','124.79.184.112','2017-01-18 16:36:07',1),(571,'zhouyijun','1',171,'d78a6cc8a65eb00512a2cf5ac043c56aa08c4dfffcb99f8d535a37ab19c11a5b','124.79.184.112','2017-01-18 17:07:05',1),(572,'zhouyijun','2',171,'7c2b326f0aca77f4622af58309e5a68d7de06cbc3a6c9902ad1aea6d55794668','124.79.184.112','2017-01-18 17:09:58',1),(573,'zhouyijun','2',171,'d5349aa4839abbad2ff6656804ba15c6f1f6e4dde3aac75c9536b40e05cbd128','124.79.184.112','2017-01-18 17:36:37',1),(574,'182666781@qq.com','1',185,'c71730bca3387a7562a536a71464a543d55da402fafce5da1c79e31425029640','::1','2017-01-18 17:38:28',1),(575,'182666781@qq.com','1',185,'147f7fba0f3dc81fddab23f0a70a9ed0594b6874d5a8ea54f3b66dba5be55bb3','::1','2017-01-18 17:38:50',1),(576,'kellen','1',185,'5a7d320e976d1d8d73fee2ec050143d4ba629803ccff88fb31534f879d1ec916','::1','2017-01-18 17:39:14',1),(577,'zhouyijun','2',171,'9f4e9dd91881c747eb7d84b5979c4fb2c88ebb529039dc6f8b5ef09360586bde','124.79.184.112','2017-01-18 17:42:17',1),(578,'kellenwang','1',187,'2f862a1bc80be8a6ae6c94146afae054dd8b2329bd2b3057e147a15cf1ddfb70','::1','2017-01-18 17:45:55',1),(579,'18266678@qq.com','1',187,'8fcf748792668dc2e26ebf738a9a07893049e1eb518f5ecb24eff276bfcc2c6c','::1','2017-01-18 17:46:14',1),(580,'18266678@qq.com','1',187,'3a76e26ab1ae2efadfe771fd8bc7950ff53b8c56b785159a550dbb676e8e4773','::1','2017-01-18 17:46:50',1),(581,'zhouyijun','2',171,'62399645961b97be3d2f24f1af7ae77e58014a129be86170c5121777dfe1e1b9','124.79.184.112','2017-01-18 17:48:51',1),(582,'18266678@qq.com','1',187,'c0eaddb6de0b7c3982b53086c3708f3a451930074a36146bc507571d4f29adb2','::1','2017-01-18 18:15:21',1),(583,'1176902387@qq.com','1',171,'91e05d6dcacf11e9ca01c7f6da89a443b65e1002955514f59f9d648a69acb955','124.78.209.208','2017-01-18 18:15:44',1),(584,'182666781@qq.com','1',185,'40b61060e5379098347e0ce90d5c3d1b658879a55907f66f2a8fe03d7c92da68','::1','2017-01-18 18:15:47',1),(585,'qqqe','1',186,'d8dc200f7a15950a7e70c98169f943f8ccae0b03601fbac51dbb9179a1f9f393','112.26.232.76','2017-01-18 19:55:22',1),(586,'qqqe','1',186,'7b19a564738af11546be1fc3ffcb8ce7afb2aa1137ddc65224e71fa69a392e5e','112.26.232.76','2017-01-18 19:55:45',1),(587,'zhouyijun','2',171,'79d2f05ddd83159d08f7e027faee490808092992ce2df28de7d70789841e2ffe','124.79.184.112','2017-01-19 10:54:55',1),(588,'zhouyijun','2',171,'cb124ef86cb2174efcf09b121c050d8d442b8e650a9bde695b398ef76a46549f','124.79.184.112','2017-01-19 10:55:26',1),(589,'zhouyijun','2',171,'2ea854a2ca8d63797a36b426df7ef396cf94067af9f00fc611bdfeb1baecb7ec','124.79.184.112','2017-01-19 10:58:03',1),(590,'zhouyijun','2',171,'97fb1e1233d3fac56e8eb00eaf872a6e7dd8fcf3ca8f7c46701cc6b113949e28','124.79.184.112','2017-01-19 11:00:25',1),(591,'zhouyijun','2',171,'247408aa16e05675ea446fc1fa8f0c6038e52fa94713d48bb1bea03176fd23f1','124.79.184.112','2017-01-19 11:01:10',1),(592,'zhouyijun','2',171,'a290531571d30bdc9734367af8a9b25db6c70d3305a61d7681ccee90b3aaf4b1','124.79.184.112','2017-01-19 11:47:24',1),(593,'zhouyijun','2',171,'a98b7e0053e31bc843806601d7e748a18e8158fdbff1ec82ec219a910aa87a17','124.79.184.112','2017-01-19 11:56:54',1),(594,'zhouyijun','2',171,'13d75c4d94627268becfdf43c972df7592a27dadb5723e27a2a1f750219ad37b','124.79.184.112','2017-01-19 11:58:59',1),(595,'zhouyijun','2',171,'497db9730a625f139f4143b9d7edb6163b6b048642fa0cdb7987003df127c7e6','124.79.184.112','2017-01-19 12:02:12',1),(596,'zhouyijun','2',171,'700db6f3f81f51f1d52e211fcba39780983d1a30ef29e0f9927ec438c3d5621f','124.79.184.112','2017-01-19 12:04:24',1),(597,'zhouyijun','2',171,'07a2f7578e7eb5987aa094ef9c633149e369da16e6b87ce1ae86c5c8c58fde18','124.79.184.112','2017-01-19 12:42:47',1),(598,'zhouyijun','1',171,'cc408cb5d4c525a55f3401af0489aefd575bf1c502d143e4f0018920d2fc9e36','124.79.184.112','2017-01-19 12:42:47',1),(599,'zhouyijun','2',171,'28b2465e2a54d645a46e01ea6564925ae67ac4d4aa83ebc055a6e343ce3b1496','124.79.184.112','2017-01-19 12:42:58',1),(600,'zhouyijun','2',171,'007bfb96e458d9b07d47a6c9b801884b200b04ae3aeffa850355e036317d7ec4','124.79.184.112','2017-01-19 13:49:50',1),(601,'zhouyijun','2',171,'5fa0ab404d8f3e325dd5e9f6e8fafe7ecbf39bf62ec66ed423822157bfe8e488','124.79.184.112','2017-01-19 13:52:46',1),(602,'zhouyijun','2',171,'bc1a3f8733ed92ba83c6516db19a34a2c3c07a43fd2b3938dede2daf1ffdb7a6','124.79.184.112','2017-01-19 13:53:41',1),(603,'zhouyijun','2',171,'ec4fdd86445023fef49b41d2a5ddc072d28fdd995d194413720ba3e221b6ccfa','124.79.184.112','2017-01-19 14:00:47',1),(604,'zhouyijun','2',171,'fcf5be93bde68b86d4abd753590a919b1344d23c18a885e4543fc40df1681312','124.79.184.112','2017-01-19 14:01:33',1),(605,'zhouyijun','2',171,'8da214dec5f18f0596cf017ff396decc50ee1c8c53ee94a30729d357009e3b4b','124.79.184.112','2017-01-19 14:01:59',1),(606,'zhouyijun','2',171,'2638f98f54d8ee1f1ed1ec6a610bb827da1818f25eb9f7e0030a271de8c05e20','124.79.184.112','2017-01-19 14:03:21',1),(607,'zhouyijun','2',171,'875300ec4b4df85097e83eead1b089efabe35a8522cf6f153342082d92d62194','124.79.184.112','2017-01-19 14:06:49',1),(608,'zhouyijun','2',171,'347684ddd0ac89e5f2f7a60dac2b59524f28c26a4d8cdd397e321594d230c556','124.79.184.112','2017-01-19 14:09:39',1),(609,'zhouyijun','2',171,'dcf1ce09407a1d11b5210ff70a105a671eaf43d56521328328ec2a7312f993b4','124.79.184.112','2017-01-19 14:10:53',1),(610,'zhouyijun','2',171,'5df1131c26681301d746c210eb60cf61ebe7531c66b695dec84c1766ba529c5a','124.79.184.112','2017-01-19 14:14:35',1),(611,'zhouyijun','2',171,'0baafc8cf9b1212582e125635e028d10bbce3bbd97bc466782b794f56c964d02','124.79.184.112','2017-01-19 14:18:21',1),(612,'zhouyijun','2',171,'e16f1d29753c7937344ee260d83224821d10d34c68d28a98f98eb91445e741a0','124.79.184.112','2017-01-19 14:22:54',1),(613,'zhouyijun','2',171,'879940b0973bf0e312790cca7797492e1e9996f9f8916e45e16b9835051c3ceb','124.79.184.112','2017-01-19 14:38:33',1),(614,'zhouyijun','2',171,'431aad0b8bd856a30da021a10c282aa835247ea58c2536a557483cb9b344c627','124.79.184.112','2017-01-19 14:39:18',1),(615,'zhouyijun','2',171,'7cea3eba57d3163f94a507b4510c2ea222159d2c1256221384b64bc32041021f','124.79.184.112','2017-01-19 14:41:51',1),(616,'zhouyijun','2',171,'2dd7db36198608e9d688e5a4604c7e28878743683fd1673b428d26ebec6d61b6','124.79.184.112','2017-01-19 14:45:30',1),(617,'zhouyijun','2',171,'7d22d07084c1ee3ef56110f3c0c44b5103b9c766427011cce6c3071f87d91e40','124.79.184.112','2017-01-19 14:54:09',1),(618,'zhouyijun','2',171,'446d7a32f1707a74cfc58feb67858249a228283a042611b5ad62418fd623679e','124.79.184.112','2017-01-19 14:55:20',1),(619,'zhouyijun','2',171,'ef73b9b99cf355aad80602ce79dc54019863087e509fc2d387aa74535eec45e7','124.79.184.112','2017-01-19 14:58:13',1),(620,'zhouyijun','2',171,'f587f60947e328aac8f51e62c744d7125481edadf0f2cefe4b0a7f99e0308e32','124.79.184.112','2017-01-19 14:59:53',1),(621,'zhouyijun','2',171,'7ee3b3d3917587c9a7b04d517c603202c7ab8a45a536d08452a444e42df592ae','124.79.184.112','2017-01-19 15:07:31',1),(622,'zhouyijun','2',171,'6cdaae5e532cac4daf889a62eeda319970382aa4c1ca1088cd1528c31044fd27','124.79.184.112','2017-01-19 15:12:11',1),(623,'zhouyijun','2',171,'d0fd9e433f26e793cde3451c097abc5dfbf394593ade880125d134b9594a345f','124.79.184.112','2017-01-19 15:15:48',1),(624,'zhouyijun','2',171,'2be559a02149678b980cc8c8aac79b6a6ad75ba3dd703b347b35020669cce959','124.79.184.112','2017-01-19 15:17:08',1),(625,'zhouyijun','2',171,'96c590f684a709f1af23ede138dc929d81a2c6c3a3260403a1849c7af13e1cd9','124.79.184.112','2017-01-19 15:19:26',1),(626,'zhouyijun','2',171,'b5fadae75410579cf6f90049bc53d6b60f1cc8f264da68ec4c2fa12808257531','124.79.184.112','2017-01-19 15:31:53',1),(627,'zhouyijun','2',171,'3dc329e42489cb1051990b5d46d5e3a7b7618eec88d7b24a21ee0179024dd6ed','124.79.184.112','2017-01-19 15:40:34',1),(628,'zhouyijun','2',171,'98a82d72523a9eacb0362a72d58229aeacc5384eab4ac0d50c67004166d3cc69','124.79.184.112','2017-01-19 15:41:31',1),(629,'zhouyijun','2',171,'1721d75324fac23f7f34eea8d9a5f614aac930a27e96318a47fd3304b375ec44','124.79.184.112','2017-01-19 15:43:30',1),(630,'zhouyijun','2',171,'600c6cb133738dce1482eb4c452f7f6e684366832cc7e6c9076f1ed129dfe966','124.79.184.112','2017-01-19 15:46:07',1),(631,'zhouyijun','2',171,'d8a5f9b5cc36993461df495c43900932994d72e4bf89dd9ceffeb4f87754930c','124.79.184.112','2017-01-19 15:57:42',1),(632,'zhouyijun','2',171,'1486a49b809048dda393343f95ac9459ed35968847c04442be235c9147034187','124.79.184.112','2017-01-19 16:03:03',1),(633,'zhouyijun','2',171,'924e4ab34720923ba84199e206bf079b277ce8ff38dbb19abc12953ab62b89ff','124.79.184.112','2017-01-19 16:05:18',1),(634,'zhouyijun','2',171,'08604c816ee1f8c88c3b3c8d09ff5481565c1dc0fbcb381c79a9b9c5621b22ca','124.79.184.112','2017-01-19 16:06:53',1),(635,'zhouyijun','2',171,'89d1468d3ee09101d3066fb74a9ec5b632ab72460f0fe043c49af38fe53cef74','124.79.184.112','2017-01-19 16:09:08',1),(636,'zhouyijun','2',171,'975b45311deb40516d9a384adb346622947b6c14d682a28e2e4211fc2ef80221','124.79.184.112','2017-01-19 16:18:10',1),(637,'zhouyijun','2',171,'693017a78b12b6cb16df93e921a12a1cfeb646da2de4c22f984e0799c3a876fa','124.79.184.112','2017-01-19 16:18:20',1),(638,'zhouyijun','2',171,'c0a0938c025f6bd3b2ad93fd78349d694caa8d44e7d6393a3a7a76d4954986fc','124.79.184.112','2017-01-19 16:19:45',1),(639,'zhouyijun','2',171,'85d94ae68989d2243fc3777934e5eb3354f7d828f72dece574be7bae3ed6eba7','124.79.184.112','2017-01-19 16:23:09',1),(640,'zhouyijun','2',171,'fc56ffa5386d81e9c66f5599b04ac410d6626c0fa2bd4b0a46fea372c568bc60','124.79.184.112','2017-01-19 16:24:32',1),(641,'zhouyijun','2',171,'e19172355569453475fff29536069a8031bb7b02308b2c96bf2c40a18e3cf06e','124.79.184.112','2017-01-19 16:26:50',1),(642,'zhouyijun','2',171,'5a68d282251fd423f5d6162e5bcbb7adeab1f94fb1fe90fb5c079340d7f6993a','124.79.184.112','2017-01-19 16:30:22',1),(643,'zhouyijun','2',171,'6003059836d59615271b2bce0c1706d05ab539a426d9e657b7c1c1fcc3666b97','124.79.184.112','2017-01-19 16:33:22',1),(644,'zhouyijun','2',171,'79c1ad7c869bcfaf919686b21c4e81f07640fb1e745750f1dc1c74d9ada3f014','124.79.184.112','2017-01-19 16:35:55',1),(645,'zhouyijun','2',171,'989a32fe9c65a767091bb0747165f9cb68cdf274ca778f53eb71ca7e4a80746c','124.79.184.112','2017-01-19 16:49:24',1),(646,'zhouyijun','2',171,'6079ec4255bdc77a2e7d7ec0d75e64d2a44a8889b3d1b6f8e401f46edb73532a','124.79.184.112','2017-01-19 16:55:57',1),(647,'zhouyijun','2',171,'6e480567b20b97b5ef276710c68b52c65255d622a8eb530322be92889ae82e86','124.79.184.112','2017-01-19 17:08:19',1),(648,'zhouyijun','2',171,'20dd016cda89a55e9d6dd39a7016a2c2436ae193c6a7968efe5548a141809c7d','124.79.184.112','2017-01-19 17:41:59',1),(649,'zhouyijun','2',171,'2b5d49d59c6eea2bb5b8d4a126c461c1628115beb5cd31fcceab260379715aba','124.79.184.112','2017-01-19 17:45:01',1),(650,'zhouyijun','2',171,'6902a45d259cb031c4e8a3d4deffe787403c7b904181960094bdd616db26c5fc','124.79.184.112','2017-01-19 17:46:11',1),(651,'zhouyijun','2',171,'c3ea66a5da06d48086e46228878d9c00881630c0aa705575f017fb2944f97849','124.79.184.112','2017-01-19 17:46:33',1),(652,'zhouyijun','2',171,'b6ee12da158e21ed6cf4c5a1a849cd60bad14a2b6b43746714c0391c66bb52cd','124.79.184.112','2017-01-19 17:49:02',1),(653,'zhouyijun','2',171,'809353cac78616662fd0b8ecc11dbdfb06c3bff3b83bd29de617ac1cb716b03e','124.79.184.112','2017-01-19 17:50:30',1),(654,'zhouyijun','2',171,'4034b28ddff3797cd067646e57a50090ece739527c155c87e7ded5d4b16f89d1','124.79.184.112','2017-01-19 17:51:51',1),(655,'zhouyijun','2',171,'c3c21dd2d4c5cd11c809a8f4b07ac887c36047031d65ee23a1f89ec949290391','124.79.184.112','2017-01-19 17:54:07',1),(656,'zhouyijun','2',171,'53a9af040b51f5b4d5d4d35e21ee60a1fb454d45861dd4f3c3257c04d43ebf63','124.79.184.112','2017-01-19 17:56:08',1),(657,'zhouyijun','2',171,'8baa58f350359efa794cb71839948e9fb23cece04d5c0f2d8c068415e246a16d','124.79.184.112','2017-01-19 17:57:41',1),(658,'zhouyijun','2',171,'d2adebbf8ea0a6edbe101c2964ac39b9dadd13b449286795abf4e6c2babe29a1','124.79.184.112','2017-01-19 17:58:07',1),(659,'zhouyijun','2',171,'90b6d61490e71f6848195f3f3797eacc0844242919f4f5be92b48c77e1ddbbbb','124.79.184.112','2017-01-19 18:00:03',1),(660,'zhouyijun','2',171,'ac9b42088ebac79d81f06997529d1f1b9f1399a4e1e10f22e7a943641e8d57f6','124.79.184.112','2017-01-19 18:16:18',1),(661,'zhouyijun','2',171,'240bf70288c19615b7e935822b6ac364e7b59f80f7092675fa9d433c5aedead7','124.79.184.112','2017-01-20 10:08:14',1),(662,'zhouyijun','2',171,'d79649c93e8bfb3f4cb546a1c7bb6aadbb82f08cc86017cbfb01caaec845f7a9','124.79.184.112','2017-01-20 10:18:37',1),(663,'zhouyijun','2',171,'9f7e671436dc618ca088e76006d0d05888521c794f067b124092a5451e2ff403','124.79.184.112','2017-01-20 10:20:54',1),(664,'zhouyijun','2',171,'e845b0d1c249c3e5ffe8a6e8fa1aea61dd39b9a533f5f95d78d57619af107549','124.79.184.112','2017-01-20 10:24:54',1),(665,'zhouyijun','2',171,'64c8e41c0220cb17d230d346b255af89da3c8ce4a4cb6b64ead3a032b70d6069','124.79.184.112','2017-01-20 10:33:59',1),(666,'zhouyijun','2',171,'ef1574ff300381a9e569a165d37716264c9db7cac769959f5a5d1188e1ba664a','124.79.184.112','2017-01-20 10:36:43',1),(667,'zhouyijun','2',171,'96368e27cdc375bf1267f294fbbfb0a3c4b33d4f8e45c189bf4606cd4eaddeaf','124.79.184.112','2017-01-20 10:38:54',1),(668,'zhouyijun','2',171,'b85b927eb1d5400985e158b976e9d7d3b5d54dd8ce6cdd794783471ba7943cd1','124.79.184.112','2017-01-20 10:39:45',1),(669,'zhouyijun','2',171,'43fcc1fce48c030039dfe307c0a93351d0ac8140f12e38dd705758d53f1a852a','124.79.184.112','2017-01-20 10:42:44',1),(670,'zhouyijun','2',171,'30487912fbd284dd297caf7db04ebcb6da1c1ae9088d4c23df2dabbf3843ea5c','124.79.184.112','2017-01-20 10:47:16',1),(671,'zhouyijun','2',171,'5e66a701ed22abde0450fb4b658b2b9c014a7a55653d97b633e471ab900dc07c','124.79.184.112','2017-01-20 10:49:35',1),(672,'zhouyijun','2',171,'cfcb8da936f5469b916be9de8645025ece5ca5255054ab23ac6f307dc5ba0df9','124.79.184.112','2017-01-20 11:25:48',1),(673,'zhouyijun','2',171,'99943a7fa7a07e81164057cb0cffb66a4caa4a8eb9c956825f32eeb2ced39cbe','124.79.184.112','2017-01-20 11:27:14',1),(674,'zhouyijun','2',171,'082a7a7c67ecdfd3e6a19f9882b29642e90146d93a9efe0e67ab107047730fa8','124.79.184.112','2017-01-20 11:28:51',1),(675,'zhouyijun','2',171,'24a896047ba22b561dc0a188776139f4af285f4d7865b53f8ac9abe757f9562c','124.79.184.112','2017-01-20 11:31:15',1),(676,'zhouyijun','2',171,'93da0ec422baa16bddadb7a8578669d7d22606c45e2456c443a855bffb21254f','124.79.184.112','2017-01-20 11:32:05',1),(677,'zhouyijun','2',171,'7541cc67f14af031791a1fbf8a4e72e4fb4280596c7ba49fcab7dcb4bcd8e919','124.79.184.112','2017-01-20 11:34:29',1),(678,'zhouyijun','2',171,'ca03fed26f58472f8813648e29b673fa8ff703f1f94e4782389054ba00589af8','124.79.184.112','2017-01-20 11:36:33',1),(679,'zhouyijun','2',171,'0981f76aa75c4667165cf8cfa18f057109ba463634d09ca0d4ef423abc5a6e2e','124.79.184.112','2017-01-20 11:38:08',1),(680,'zhouyijun','2',171,'8f31fed5388939d786b2fff72381f18ac2266e09ca1071af61d78b4ce75273a1','124.79.184.112','2017-01-20 11:40:17',1),(681,'zhouyijun','2',171,'3d9d05b6711208066f819c5fae731f3338e29878a7f4c712225fce787b59cd43','124.79.184.112','2017-01-20 13:08:40',1),(682,'zhouyijun','2',171,'de10c42f6923edf0f1b9d3856e412d0ae63b7b345ddf501cf94c7df460d12b98','124.79.184.112','2017-01-20 14:21:14',1),(683,'zhouyijun','2',171,'067c5f7d2093fba64655815311481078b2e9b2b4c3fd2c3227ed2466ed4efbca','124.79.184.112','2017-01-20 14:21:52',1),(684,'zhouyijun','2',171,'eb2a504b0f34810ed99cc0cb27850178f5eedf9e82d1040d80aa6c3f69f6fec3','124.79.184.112','2017-01-20 14:30:18',1),(685,'zhouyijun','2',171,'08e6565e254d68f91231fd989c316c0650575f148e57e53129f5c6b1f2dc321f','124.79.184.112','2017-01-20 14:31:56',1),(686,'zhouyijun','2',171,'73f582abf98c9f28c91a5209f2f8398e8c91b204b84b2af4e04e935d7c7b2a27','124.79.184.112','2017-01-20 14:33:03',1),(687,'zhouyijun','2',171,'37d049df49419f167dde084d40eef8bed8963f847d94e285e9cbfa27a6bdb205','124.79.184.112','2017-01-20 14:36:26',1),(688,'zhx','1',3,'1488d36e114a3f03370af9ab13bc1aef3e0ba4f1385aa13ede86a9c7fbd22e37','124.79.184.112','2017-01-20 17:25:09',1),(689,'zhouyijun','2',171,'5ed8a0eb59b11d452eb66ac8ff59a3462122a6d88f957d6eb09fefd3b06aa0ec','112.11.146.171','2017-01-24 17:00:19',1),(690,'zhx','1',3,'acabe40b4ac607309c6b7f37c8ad5c04c980630a6716471ae0e0aa1efc393854','101.90.253.81','2017-01-24 18:26:47',1),(691,'zhx','1',3,'bf39008ed9c0fc9b19d1dfb5a55d5f099a60e8f15026cd1aedacb902e717a8aa','101.90.253.81','2017-01-24 18:29:15',1),(692,'zhx','1',3,'b2704d72c3bbd7e68880a01ec919031651c922d6b370c9cfba74590c4e7ae16b','101.90.253.81','2017-01-24 18:33:07',1),(693,'zhx','1',3,'3752c56d4f7b7233308eb1b3b3d701e7194085e8e99556686b3666658d4f5bd4','101.90.253.81','2017-01-25 14:41:45',1),(694,'zhx','1',3,'fc3395d76ea60dfbd84e5da456d6080cf5f0d96fa46d49f4944ebd34eaa827a7','101.90.252.112','2017-01-28 21:10:27',1),(695,'zhx','1',3,'dd193191ecd5ccc3e1fb8eeccf2be23cf76fc2b2dbaee27c6dc5adff6bb3c581','101.90.252.112','2017-01-28 21:16:26',1),(696,'zhx','1',3,'1cebd3c7019c341587af902b0914d389f58b07e9e7493037a323d2ff6eecd821','101.90.252.112','2017-01-28 21:17:25',1),(697,'zhx','1',3,'7d4f03dd8cf13587c538cda7a4462a099ad3cd4e558365561f4228d08df17813','106.7.85.186','2017-01-28 21:22:24',1),(698,'zhx','1',3,'bdd00294d31d44e6c302113d478a086fe8bb2cb120a1276d2503a0a9a310e096','101.90.252.112','2017-01-28 21:26:56',1),(699,'zhx','1',3,'5c690c7d40b7edc002dacf636b426f7881f90f5645604eec160faffa1a334545','106.7.85.186','2017-01-28 21:39:50',1),(700,'zhx','1',3,'f4aa7ad38e70eaf8e6f52424005890ce5702d3d9d4b778b677f4da197db4246c','101.90.252.112','2017-01-28 21:44:34',1),(701,'zhx','1',3,'e341ba40f5be4eb68b0236627892b5fc85869dd335e864f4893c96ee4868c80e','106.7.85.186','2017-01-28 21:45:55',1),(702,'TEST110','1',188,'a8801a07524b7f2eb49a474c4bc2c1908bc5244d73207a03fb1cc24aec4083d2','106.7.85.186','2017-01-28 21:52:45',1),(703,'zhx','1',3,'57e680ca9b0a6639c18efb5b755b0451f979147c91791a464a2d68ace9bb6205','106.7.85.186','2017-01-28 21:53:44',1),(704,'zhx','1',3,'','106.7.85.186','2017-01-28 22:33:32',0),(705,'zhx','1',3,'36efcf24b8ad905a293e0d40af1e229debbb8847ef83b92de37fdbd023be9060','106.7.85.186','2017-01-28 22:33:39',1),(706,'CCCC','1',189,'c1d9391ca299ac74bbf28eabbe61742346ecb755cf68345c5808be688400bedf','106.7.85.186','2017-01-28 22:43:08',1),(707,'zhx','1',3,'7e55508170003061a5ac9d791ce2de8cddf722c29e10f37e43c1b40b62986984','101.90.255.52','2017-01-30 11:46:49',1),(708,'zhx','1',3,'20835948e7d7094256f50ef02c164c39878507990ebdc77072c3da39f303d499','111.78.54.83','2017-01-30 21:31:12',1),(709,'zhx','1',3,'474fdfb8b2a35aa840cfc646b94138c5afe477daed139856eb81b0b73b8b7486','111.78.54.83','2017-01-30 23:22:28',1),(710,'zhx','1',3,'610942a0fc5226e94210cb0354b4edfc0d26c098a5b84c0ff8ab557d2b6c5b5f','111.78.54.83','2017-01-30 23:24:09',1),(711,'zhx','1',3,'b598f23eddf12bf74133e80ca70430d557ba948c296903b03aa9b677fe752ecd','111.78.54.83','2017-01-30 23:27:36',1),(712,'zhx','1',3,'711e53ae52ccd5dbe4c02f3efd4230bd7ccb3180b92ba76d596890101c543854','111.78.54.83','2017-01-30 23:28:09',1),(713,'zhx','1',3,'3b4629642ac3f50db0dea55b59fbf37aa15cc4968eb1f51c34471f07df222fe1','111.78.54.83','2017-01-31 02:10:41',1),(714,'zhx','1',3,'44fc45c88527d68c314377a803583daa10d3a27b5bf298f5175b84c02345a2f2','111.78.54.83','2017-01-31 02:29:58',1),(715,'zhx','1',3,'bb608d14473dd8670e68469b075b1e581f6162d06303e896c8c5809115c65a68','111.78.54.83','2017-01-31 02:30:26',1),(716,'zhx','1',3,'db4fd3506cef89449220fb285fa330577489119216eba5c9ddbaf5a9a1d82af8','111.78.54.83','2017-01-31 02:32:47',1),(717,'CCCC','1',189,'','111.78.54.83','2017-01-31 02:41:04',0),(718,'CCCC','1',189,'8ac7b2b68785a2d1b4bd2fcc9f4a14e49fffd5ffb7d36ab9877949ca9c8fdc64','111.78.54.83','2017-01-31 02:41:14',1),(719,'zhx','1',3,'918cbb1af268265e3ee2c195e055d92bce92b2eb876ca8880781279d9d95fc10','101.90.124.26','2017-01-31 10:45:08',1),(720,'群群群','1',190,'56636fb36de8d26efcfbffa78efab82f08c81f2596be309a974680abb412db74','111.78.54.83','2017-01-31 10:54:21',1),(721,'群群群','1',190,'6c4172656bb9909f21ce756948ff40741fdf21e8138c7a8d0a5e5d9d740524df','111.78.54.83','2017-01-31 11:02:46',1),(722,'619786636@qq.com','1',191,'70979f53fe167cd4151517b410e059cf63c7c823e030d3e532946d33706334b8','111.78.54.83','2017-01-31 13:28:01',1),(723,'zhx','1',3,'133d359fd2356002756fb580de04fe53cbbaaf34cf185d984b592e53ee8e5a22','101.90.124.26','2017-01-31 13:42:03',1),(724,'军哥哥','1',191,'321ed1f9c63a6b4f46e42071c02b1775613b640cbb4b6a1f1f60d2920e0afa63','101.90.124.26','2017-01-31 13:44:24',1),(725,'zhx','1',3,'225380987b7cc5a7527a614c7055f3a2d61e621fd53549b9583617329efc7dce','101.90.124.26','2017-01-31 13:46:39',1),(726,'宁宁圈','1',192,'a14b02c5e8a8d70f7ee5bd0ba56ce6a01724d3a4a568f1fd5baf90db6eed7aa2','111.78.54.83','2017-01-31 13:55:21',1),(727,'宁宁圈','1',192,'4f48ea5958ea9fef62b569dd869d6806cb0616850e03350d9d06fe4dc0fad936','111.78.54.83','2017-01-31 13:57:02',1),(728,'luhui','1',193,'ea16b9c2c267186b77b3d5899d45d60acf5c9b03f4b4b5d2d99eb98d206d5f13','223.104.31.238','2017-01-31 18:00:33',1),(729,'luhui','1',193,'0cb0d1fb49b630813e7381e596e9ae774fabc2f4f1c9eaf797a38761295aac51','223.104.31.238','2017-01-31 18:01:16',1),(730,'luhui','1',193,'f0453eb11e528435e8d2f1fd27e6861101da64672cf0b34ff668e9f6f0071935','111.77.245.209','2017-01-31 19:59:10',1),(731,'萍淡是福','1',194,'38048e6cc6a621763d2ca15d1dadb85f4b186dcb7d5c92dfecca1adf6aca7bf0','39.158.222.148','2017-01-31 20:12:45',1),(732,'萍淡是福','1',194,'3f1a85f2cc9a03d7d24b480bc10581a636fcafe199553f4c43979a365ef2c5fb','106.7.211.61','2017-01-31 20:14:33',1),(733,'zhx','1',3,'f60e0642d085bcfc71711bb529a8667c70fc2ed7792010c5f1dc87a30b3c92a1','106.7.211.61','2017-02-01 01:05:06',1),(734,'sl1826@sina.com','1',195,'','106.7.211.61','2017-02-01 15:29:21',0),(735,'sl1826@sina.com','1',195,'','106.7.211.61','2017-02-01 15:29:21',0),(736,'sl1826@sina.com','1',195,'a01cd6714c994f316242348705a3f2a3927de8244d330cd7c4413389383ad991','106.37.32.115','2017-02-01 15:32:34',1),(737,'zhx','1',3,'820a1a5d7c22333e6732878c2c322f4d2992bf072482b28fd517a6f511140bcb','101.90.124.191','2017-02-04 13:20:35',1),(738,'786185931@qq.com','1',2,'6dc35ed873bc47ec730eb14858f083c9d7bad9f61cbf435fcb24aecb9a82c852','::1','2017-02-07 11:18:37',1),(739,'zhx','1',3,'d33ababe01256d62c12a88ab563e50ec08628d94c0b39b34663527a3f48b51d9','124.79.184.112','2017-02-07 16:00:41',1),(740,'786185931@qq.com','1',2,'2659308c58aaa339e1c68c1d4e8c40e068eaaa8b8896712707008be920ae9b8d','::1','2017-02-07 16:12:16',1),(741,'786185931@qq.com','1',2,'4f1c11e41fa9db0b11ab0d51f9f4d4f3ae409baaccd76dcbe67d4882fce47e0e','::1','2017-02-07 16:12:19',1),(742,'786185931@qq.com','1',2,'5df1fdfdf0dc8ef4d7ba12252bc327e536babcbf6d4c095b7978dacc2cd190a4','::1','2017-02-07 16:12:25',1),(743,'786185931@qq.com','1',2,'a71377d9aaf317c3b60da82068745ecdd61741d035379bb119e5ad926c6ee153','124.79.184.112','2017-02-07 16:12:52',1),(744,'786185931@qq.com','1',2,'a252cf636f7aebc0ebc0c6459f47991b0d32a2d6edc62bf0b6a82899551c9aa4','::1','2017-02-07 17:31:23',1),(745,'786185931@qq.com','1',2,'eb3ba480bceda29a012f2b1e9400bfa116b7add756777e152d2c5c704c3897f6','::1','2017-02-07 17:31:31',1),(746,'786185931@qq.com','1',2,'7cf345a26ec73a023879d2ae2f95ac0b902672445757b01cef8a3dd1a6e7874c','::1','2017-02-07 17:32:27',1),(747,'zhx','1',3,'6d7f31a64d67ca4b78068501b18e72778c899c43cd32a28348d1fd8c7854a06b','124.79.184.112','2017-02-07 18:09:12',1),(748,'786185931@qq.com','1',2,'b9c95fbbe339eaca5ab86e13f86a60f7bff0d1099efa3c15f68a790a6bdff662','124.79.184.112','2017-02-07 18:11:24',1),(749,'786185931@qq.com','1',2,'49dc818473c3bd681560cec9bcc292515152e561528b67bb52e3c49f3077b305','::1','2017-02-07 18:11:52',1),(750,'786185931@qq.com','1',2,'0cefee86d87db2acf4073dfe203af58e7ffc61b870e46f1bd1431f4aef58817a','124.79.184.112','2017-02-07 18:12:33',1),(751,'786185931@qq.com','1',2,'e245fcdeaaf849807673b5e72ddc66a47040dbafb7a63463d9215a4cccb3c7cd','124.79.184.112','2017-02-07 18:15:16',1),(752,'786185931@qq.com','1',2,'4b34ad5148144d41c86c0d78e4254034f6fa231acf2d5fc4216dc01d00145c9e','124.79.184.112','2017-02-07 18:20:02',1),(753,'zhx','1',3,'113fccd33a07c1f30d9eff5afaf152a01d9dd7abd14f03a3a50c22bcffebe300','124.79.184.112','2017-02-07 18:21:31',1),(754,'zhx','1',3,'869218290b748bc9f5303c1e3f9bf282738a936665bc62e4244d9c17fa5729be','124.79.184.112','2017-02-07 18:22:17',1),(755,'786185931@qq.com','1',2,'6ef210fc2349ef796962a037bf2205426fd9ab4beb1809cfc6d9cbfe0df14668','124.79.184.112','2017-02-07 18:23:40',1),(756,'786185931@qq.com','1',2,'0eae79447f79e5f1c50a5e98b8e73eb2f82019c21c18a04bd1a44170f07ef55f','124.79.184.112','2017-02-07 18:28:54',1),(757,'786185931@qq.com','1',2,'685e098965651e9a28b2437c38803b80c1909c60ecf37773ded725be3f69228f','124.79.184.112','2017-02-07 18:29:45',1),(758,'786185931@qq.com','1',2,'486f7bc69601a0132456857e32b285300479fe4ea3786e7a68c1659c0434ad2b','124.79.184.112','2017-02-07 18:30:15',1),(759,'786185931@qq.com','1',2,'d8655599219808880b3412f0d283b0dc4f25679a95ad536dc8229f3075e7b197','::1','2017-02-07 18:30:53',1),(760,'zhx','1',3,'587b2691cec132a670669aa4c50a84822b4bb640845dd90072461046eb404a94','124.79.184.112','2017-02-07 18:37:32',1),(761,'zhx','1',3,'478b96c49ed8aa0d289d20d803bd7f5a910345cae96e183ac6cea92cec5c533c','124.79.184.112','2017-02-07 18:42:13',1),(762,'786185931@qq.com','1',2,'01157bca9be8938ad2428bf62b0dfbc540a5cfeaf977d5c37274a1ab08138e55','124.79.184.112','2017-02-07 18:42:51',1),(763,'786185931@qq.com','1',2,'46d70ea4530b7f70b38047ce292fd67caa152d07f349da81600667a97aa4fa10','124.79.184.112','2017-02-08 10:18:15',1),(764,'786185931@qq.com','1',2,'e29ab2a394c99d8a7d0cf2a77a15233bbec4e03625f45f1a776ebe7c566860f0','::1','2017-02-08 11:24:33',1),(765,'786185931@qq.com','1',2,'9fa611a06a3cf8d2f6adeab8d8d892f16f55c162b96133a2a722ea9aa007cbc7','::1','2017-02-08 11:31:30',1),(766,'786185931@qq.com','1',2,'9e24e0ee38451ce401ddf519f563d5d12d9a6350f21d1fca7bd8bebda798d651','::1','2017-02-08 12:10:34',1),(767,'zhx','1',3,'c21374ca5bffa2d69df202dbfee367160f670eef0024e61cee9c622f56a486d1','192.168.3.4','2017-02-08 12:12:05',1),(768,'786185931@qq.com','1',2,'b623631997842eafe4482aaacb90fa706883f9891088cde8b10ca195315dd50a','::1','2017-02-08 12:36:20',1),(769,'786185931@qq.com','1',2,'ac0d71d040304054e7b7426f96203cfcc0ea82547ff4c4b22ee1bd17d340d52b','::1','2017-02-08 12:52:37',1),(770,'786185931@qq.com','1',2,'8a801684331632252040f2e2e42a4d935044c6dbb3e97ff461b874c46cc2c1f0','::1','2017-02-08 13:12:47',1),(771,'786185931@qq.com','1',2,'66f56eb37c5627b14f0f8d4eb7a770a65164f9a00a1c67f4879f17cff7d8b71b','124.79.184.112','2017-02-08 13:38:57',1),(772,'786185931@qq.com','1',2,'172770f4643c74442b08061d824ceea1507005d32a9bdd2eb700270639fa12ff','124.79.184.112','2017-02-08 13:38:57',1),(773,'zhx','1',3,'117f92b7437e404865a577d59ac2c9e254a01f203ed6d321bbe59eaf7fc17e52','124.79.184.112','2017-02-08 18:30:36',1),(774,'jiang','1',2,'1a0f19696c55162906e73cae4d017793a9ddb9d6c9eff10711d181fd4b3f3d91','124.79.184.112','2017-02-08 18:31:42',1),(775,'jiang','1',2,'884041d55d43231c5d106bed44c7aaaaf462a121464b0bd233323682b1c7145e','124.79.184.112','2017-02-08 18:32:51',1),(776,'qqqe','1',186,'','112.28.163.24','2017-02-08 20:19:14',0),(777,'qqqe','1',186,'','112.28.163.24','2017-02-08 20:19:24',0),(778,'qqqet','1',196,'8fa7d07bde67cc86753704a2e1c0d13197e20a22825024648c20132b5d3d422a','112.28.163.24','2017-02-08 20:20:05',1),(779,'786185931@qq.com','1',2,'76b2956e11d2b811e91b46ae58901cce60e5226f5250c168659350064e094700','124.79.184.112','2017-02-09 10:51:06',1),(780,'1826667810@qq.com','1',158,'','::1','2017-02-09 11:03:07',0),(781,'1826667810@qq.com','1',158,'','::1','2017-02-09 11:03:17',0),(782,'1826667810@qq.com','1',158,'','::1','2017-02-09 11:03:22',0),(783,'1826667810@qq.com','1',158,'','::1','2017-02-09 11:03:28',0),(784,'1826667810@qq.com','1',158,'','::1','2017-02-09 11:03:42',0),(785,'kel','1',197,'6b36758990e1b2b3d5e96d064289507c12a15f099fd7bfea3bfed81abd5bd939','::1','2017-02-09 11:05:44',1),(786,'kel','1',197,'0ccc8a16ace701882a6815253ed861488840f41fa3e8cbd34a9df1d83ed59bcd','::1','2017-02-09 11:06:07',1),(787,'786185931@qq.com','1',2,'aed74f6a67754f1b4d9fc803e0be06c3cb3271dd2b2bff88194cff7eed054f86','::1','2017-02-09 11:59:48',1),(788,'786185931@qq.com','1',2,'e3573e4467ac427a45f8d4bcf8fba3487060a19e3f664c4ed345a5c299c071a5','::1','2017-02-10 11:10:44',1);
/*!40000 ALTER TABLE `gener_loginHistory` ENABLE KEYS */;
UNLOCK TABLES;

--
-- Table structure for table `gener_significantEvent`
--

DROP TABLE IF EXISTS `gener_significantEvent`;
/*!40101 SET @saved_cs_client     = @@character_set_client */;
/*!40101 SET character_set_client = utf8 */;
CREATE TABLE `gener_significantEvent` (
  `id` int(30) NOT NULL AUTO_INCREMENT,
  `personId` int(30) NOT NULL,
  `userId` int(30) NOT NULL,
  `familyId` int(30) NOT NULL,
  `exp_time` date NOT NULL,
  `exp_name` varchar(100) NOT NULL,
  `exp_content` text NOT NULL,
  `write_mode` int(10) NOT NULL,
  `create_time` datetime NOT NULL,
  `create_by` int(30) NOT NULL,
  `update_time` datetime NOT NULL,
  `update_by` int(30) NOT NULL,
  PRIMARY KEY (`id`)
) ENGINE=InnoDB AUTO_INCREMENT=28 DEFAULT CHARSET=utf8;
/*!40101 SET character_set_client = @saved_cs_client */;

--
-- Dumping data for table `gener_significantEvent`
--

LOCK TABLES `gener_significantEvent` WRITE;
/*!40000 ALTER TABLE `gener_significantEvent` DISABLE KEYS */;
INSERT INTO `gener_significantEvent` VALUES (18,148,0,29,'2016-01-09','','更改事件内容更改事件内容更改事件内容更改事件内容',0,'2016-12-17 17:35:32',2,'2016-12-17 18:30:54',2),(19,148,0,29,'2016-02-02','','经历的内容经历的内容经历的内容经历的内容经历的内容经历的内容经历的内容经历的内容',0,'2016-12-17 17:35:33',2,'2016-12-17 17:35:33',2),(20,148,0,29,'2016-02-02','','经历的内容经历的内容经历的内容经历的内容经历的内容经历的内容经历的内容经历的内容',0,'2016-12-17 17:35:33',2,'2016-12-17 17:35:33',2),(21,148,0,29,'2016-02-02','','经历的内容经历的内容经历的内容经历的内容经历的内容经历的内容经历的内容经历的内容',0,'2016-12-17 17:35:34',2,'2016-12-17 17:35:34',2),(25,148,0,28,'2016-02-02','','经历的内容经历的内容经历的内容经历的内容经历的内容经历的内容经历的内容经历的内容',0,'2016-12-17 18:25:06',2,'2016-12-17 18:25:06',2),(26,148,0,29,'2016-02-02','','经历的内容经历的内容经历的内容经历的内容经历的内容经历的内容经历的内容经历的内容',0,'2016-12-17 18:25:17',2,'2016-12-17 18:25:17',2);
/*!40000 ALTER TABLE `gener_significantEvent` ENABLE KEYS */;
UNLOCK TABLES;

--
-- Table structure for table `gener_testFamily`
--

DROP TABLE IF EXISTS `gener_testFamily`;
/*!40101 SET @saved_cs_client     = @@character_set_client */;
/*!40101 SET character_set_client = utf8 */;
CREATE TABLE `gener_testFamily` (
  `id` int(30) unsigned NOT NULL AUTO_INCREMENT,
  `name` varchar(100) NOT NULL,
  `password` varchar(100) NOT NULL,
  `min_level` int(10) NOT NULL,
  `max_level` int(10) NOT NULL,
  `permission` int(10) NOT NULL,
  `originator` int(30) NOT NULL,
  `create_by` int(30) NOT NULL,
  `create_time` datetime NOT NULL,
  `update_by` int(30) NOT NULL,
  `update_time` datetime NOT NULL,
  PRIMARY KEY (`id`)
) ENGINE=InnoDB AUTO_INCREMENT=98 DEFAULT CHARSET=utf8;
/*!40101 SET character_set_client = @saved_cs_client */;

--
-- Dumping data for table `gener_testFamily`
--

LOCK TABLES `gener_testFamily` WRITE;
/*!40000 ALTER TABLE `gener_testFamily` DISABLE KEYS */;
INSERT INTO `gener_testFamily` VALUES (29,'江','123456',-2,3,0,2,2,'2016-11-05 17:15:09',2,'2016-11-05 17:15:09'),(65,'123','q789456123',0,0,0,6,6,'2016-11-12 16:47:50',6,'2016-11-12 16:47:50'),(66,'123','q789456123',0,0,0,6,6,'2016-11-12 16:49:49',6,'2016-11-12 16:49:49'),(67,'周家','123456',-1,1,0,159,159,'2016-11-19 11:54:25',159,'2016-11-19 11:54:25'),(68,'老李家','123456',-2,1,0,192,3,'2016-11-19 14:38:10',3,'2016-11-19 14:38:10'),(73,'haha','123456',-1,0,0,2,2,'2016-11-19 18:23:52',2,'2016-11-19 18:23:52'),(74,'周家2','123456',-1,1,0,159,159,'2016-11-26 15:40:14',159,'2016-11-26 15:40:14'),(75,'周家','123456',-1,0,0,171,171,'2016-12-10 12:07:11',171,'2016-12-10 12:07:11'),(76,'%E5%91%A8%E5%AE%B62','123456',0,0,0,171,171,'2016-12-10 12:45:05',171,'2016-12-10 12:45:05'),(77,'周家3','123456',-1,1,0,171,171,'2016-12-10 12:46:36',171,'2016-12-10 12:46:36'),(78,'周家4','123456',0,0,0,171,171,'2016-12-24 13:39:48',171,'2016-12-24 13:39:48'),(79,'周家5','123456',-1,0,0,171,171,'2016-12-24 13:48:11',171,'2016-12-24 13:48:11'),(80,'周家6','123456',-1,1,0,171,171,'2016-12-24 13:54:00',171,'2016-12-24 13:54:00'),(81,'周家7','123456',-1,1,0,171,171,'2016-12-25 10:24:17',171,'2016-12-25 10:24:17'),(82,'周家9','123456',-1,0,0,171,171,'2017-01-14 10:14:05',171,'2017-01-14 10:14:05'),(83,'hqhq','babana',0,0,0,2,2,'2017-01-14 12:37:52',2,'2017-01-14 12:37:52'),(84,'jsbnw','gwhjw',0,0,0,2,2,'2017-01-14 12:39:03',2,'2017-01-14 12:39:03'),(85,'vbbb','vbhh',0,0,0,2,2,'2017-01-14 12:39:55',2,'2017-01-14 12:39:55'),(86,'龚','123456',-1,0,0,184,184,'2017-01-14 15:41:35',184,'2017-01-14 15:41:35'),(87,'周家10','123456',-1,0,0,171,171,'2017-01-16 10:03:14',171,'2017-01-16 10:03:14'),(88,'周家11','123456',-1,0,0,171,171,'2017-01-16 10:05:00',171,'2017-01-16 10:05:00'),(89,'182666781@qq.com','123',-1,0,0,185,185,'2017-01-16 10:26:49',185,'2017-01-16 10:26:49'),(90,'周家12','123456',-1,0,0,171,171,'2017-01-16 11:48:49',171,'2017-01-16 11:48:49'),(91,'周家13','123456',-1,1,0,171,171,'2017-01-17 12:43:29',171,'2017-01-17 12:43:29'),(92,'hh','qqq',-1,0,0,186,186,'2017-01-18 11:20:58',186,'2017-01-18 11:20:58'),(93,'周家14','123456',-1,1,0,171,171,'2017-01-18 17:37:14',171,'2017-01-18 17:37:14'),(94,'老周','123466',-2,0,0,191,191,'2017-01-31 13:33:09',191,'2017-01-31 13:33:09'),(97,'786185931@qq.com','123456',0,0,0,2,2,'2017-02-08 12:54:59',2,'2017-02-08 12:54:59');
/*!40000 ALTER TABLE `gener_testFamily` ENABLE KEYS */;
UNLOCK TABLES;

--
-- Table structure for table `gener_testPerson`
--

DROP TABLE IF EXISTS `gener_testPerson`;
/*!40101 SET @saved_cs_client     = @@character_set_client */;
/*!40101 SET character_set_client = utf8 */;
CREATE TABLE `gener_testPerson` (
  `id` int(30) unsigned NOT NULL AUTO_INCREMENT,
  `name` varchar(100) NOT NULL,
  `address` varchar(100) NOT NULL,
  `birthday` datetime NOT NULL,
  `gender` int(10) NOT NULL,
  `photo` varchar(250) NOT NULL,
  `share_url` varchar(250) NOT NULL,
  `familyId` int(30) NOT NULL,
  `ref_familyId` int(30) DEFAULT NULL,
  `father` varchar(100) DEFAULT '',
  `mother` varchar(100) DEFAULT '',
  `son` varchar(100) DEFAULT '',
  `daughter` varchar(100) DEFAULT '',
  `spouse` varchar(100) DEFAULT '',
  `sister` varchar(100) DEFAULT '',
  `brother` varchar(100) DEFAULT '',
  `level` int(30) NOT NULL,
  `userId` int(30) NOT NULL,
  `confirm` int(1) NOT NULL COMMENT 'confirm表示这条记录有没有被管理员确认',
  `create_by` int(30) NOT NULL,
  `create_time` datetime NOT NULL,
  `update_by` int(30) NOT NULL,
  `update_time` datetime NOT NULL,
  PRIMARY KEY (`id`)
) ENGINE=InnoDB AUTO_INCREMENT=370 DEFAULT CHARSET=utf8;
/*!40101 SET character_set_client = @saved_cs_client */;

--
-- Dumping data for table `gener_testPerson`
--

LOCK TABLES `gener_testPerson` WRITE;
/*!40000 ALTER TABLE `gener_testPerson` DISABLE KEYS */;
INSERT INTO `gener_testPerson` VALUES (141,'编辑1','测试编辑地址','2016-08-08 00:00:00',1,'/images/upload/14842052952017-01-06 18-26-03屏幕截图.png','1412e182c17fe99ed8376bb2354e92d3',29,NULL,'142|','144|','154|155|','156|207|','153|270|','141|148|149|','145|146|147|',0,2,0,2,'2016-11-05 17:15:09',2,'2016-11-05 17:15:09'),(142,'父亲','安徽','1978-10-31 00:00:00',1,'','1422e182c17fe99ed8376bb2354e92d3',29,NULL,'211|','369|','145|146|147|','141|148|149|','144|268|269|','','142|',-1,0,0,2,'2016-11-05 17:17:18',2,'2016-11-05 17:17:18'),(144,'母亲','','1997-12-10 12:42:23',0,'','1432e182c17fe99ed8376bb2354e92d3',29,NULL,'','','145|146|147|','141|148|149|','142|','144|','',-1,0,0,2,'2016-11-05 17:18:31',2,'2016-11-05 17:18:31'),(145,'兄弟1','','1997-12-10 12:42:23',1,'','1442e182c17fe99ed8376bb2354e92d3',29,NULL,'142|','144|','214|','','213|','141|148|149|','145|146|147|',0,0,0,2,'2016-11-05 17:19:09',2,'2016-11-05 17:19:09'),(146,'兄弟2','','1997-12-10 12:42:23',1,'','1452e182c17fe99ed8376bb2354e92d3',29,NULL,'142|','144|','','','','141|148|149|','146|145|147|',0,0,0,2,'2016-11-05 17:19:49',2,'2016-11-05 17:19:49'),(147,'兄弟3','','1997-12-10 12:42:23',1,'','1462e182c17fe99ed8376bb2354e92d3',29,NULL,'142|','144|','','','','141|148|149|','147|145|146|',0,0,0,2,'2016-11-05 17:19:53',2,'2016-11-05 17:19:53'),(148,'姐妹1','','1997-12-10 12:42:23',0,'','1472e182c17fe99ed8376bb2354e92d3',29,NULL,'142|','144|','','','','148|149|','141|145|146|147|',0,0,0,2,'2016-11-05 17:20:07',2,'2016-11-05 17:20:07'),(149,'姐妹2','','1997-12-10 12:42:23',0,'','1482e182c17fe99ed8376bb2354e92d3',29,NULL,'142|','144|','','','','149|148|','141|145|146|147|',0,0,0,2,'2016-11-05 17:20:10',2,'2016-11-05 17:20:10'),(153,'配偶','','1997-12-10 12:42:23',0,'','1502e182c17fe99ed8376bb2354e92d3',29,NULL,'','','154|155|','156|207|','141|','153|','',0,0,0,2,'2016-11-05 17:20:55',2,'2016-11-05 17:20:55'),(154,'儿子2','','1997-12-10 12:42:23',1,'','1512e182c17fe99ed8376bb2354e92d3',29,NULL,'141|','153|','208|','','','156|207|','154|155|',1,0,0,2,'2016-11-05 17:32:39',2,'2016-11-05 17:32:39'),(155,'测试iframe的单点添加','','1997-12-10 12:42:23',1,'','1522e182c17fe99ed8376bb2354e92d3',29,NULL,'141|','153|','','','','156|207|','155|154|',1,0,0,2,'2016-11-05 17:53:48',2,'2016-11-05 17:53:48'),(156,'女儿2','','1997-12-10 12:42:23',0,'','1532e182c17fe99ed8376bb2354e92d3',29,NULL,'141|','153|','210|','','203|','156|207|','154|155|',1,0,0,2,'2016-11-05 17:59:43',2,'2016-11-05 17:59:43'),(173,'zc','undefined','1997-12-10 12:42:23',0,'','',65,NULL,'','','','','','173|','',0,6,0,6,'2016-11-12 16:47:50',6,'2016-11-12 16:47:50'),(174,'123','undefined','1997-12-10 12:42:23',0,'','',66,NULL,'','','','','','174|','',0,6,0,6,'2016-11-12 16:49:49',6,'2016-11-12 16:49:49'),(200,'周','','1997-12-10 12:42:23',0,'','',67,NULL,'212|','217|','','219|','','200|218|','220|221|',0,159,0,159,'2016-11-19 11:54:25',159,'2016-11-19 11:54:25'),(201,'赵鑫烜','undefined','1997-12-10 00:00:00',0,'/images/upload/1485795647xuan.jpg','',68,NULL,'277|','278|','','280|','279|','201|','',0,3,0,3,'2016-11-19 14:38:10',3,'2016-11-19 14:38:10'),(203,'李山','上海','2009-02-03 00:00:00',1,'','1542e182c17fe99ed8376bb2354e92d3',29,NULL,'','','210|','','156|','','203|',1,0,0,2,'2016-11-19 14:57:58',2,'2016-11-19 14:57:58'),(207,'姐妹','','1997-02-04 00:00:00',0,'','1552e182c17fe99ed8376bb2354e92d3',29,NULL,'141|','153|','','','','207|','156|154|155|',1,0,0,2,'2016-11-19 15:16:09',2,'2016-11-19 15:16:09'),(208,'孙子','','2016-11-02 00:00:00',1,'','1562e182c17fe99ed8376bb2354e92d3',29,NULL,'154|','','209|','','','','208|',2,0,0,2,'2016-11-19 15:18:34',2,'2016-11-19 15:18:34'),(209,'重孙','','2016-11-09 00:00:00',1,'','1572e182c17fe99ed8376bb2354e92d3',29,NULL,'208|','','','','','','209|',3,0,0,2,'2016-11-19 15:19:28',2,'2016-11-19 15:19:28'),(210,'二孙子','','2016-11-07 00:00:00',1,'','1582e182c17fe99ed8376bb2354e92d3',29,NULL,'203|','156|','','','','','210|',2,0,0,2,'2016-11-19 15:19:51',2,'2016-11-19 15:19:51'),(211,'祖父','','1993-02-03 00:00:00',1,'/images/upload/14866934992017-01-06 18-26-03屏幕截图.png','1622e182c17fe99ed8376bb2354e92d3',29,NULL,'','','142|','','369|','','211|',-2,169,0,2,'2016-11-19 15:48:11',2,'2016-11-19 15:48:11'),(212,'周爸','','1997-12-10 12:42:23',0,'','',67,NULL,'','','220|221|','200|218|','217|','212|','',-1,0,0,159,'2016-11-19 16:11:41',159,'2016-11-19 16:11:41'),(213,'配偶','','2016-10-31 00:00:00',0,'','8b656d4b86ee4e30f0ba937110ab5c85',29,NULL,'','','214|','','145|','213|','',0,0,0,169,'2016-11-19 17:17:33',169,'2016-11-19 17:17:33'),(214,'女儿','','2016-11-10 00:00:00',0,'','c610f22895e084e4b20747b8c6a6079f',29,NULL,'145|','213|','','','','214|','',1,0,0,169,'2016-11-19 17:22:30',169,'2016-11-19 17:22:30'),(215,'haahah','','1997-12-10 12:42:23',0,'','dec8e7ef5dd8a3b3dfe0ccc8aeac8e6c',73,NULL,'216|','','','','','215|','',0,2,0,2,'2016-11-19 18:23:52',2,'2016-11-19 18:23:52'),(216,'父亲','','2016-11-02 00:00:00',1,'','8ba46d9d7fcf632ac6a95c622df7ff23',73,NULL,'','','','215|','','','216|',-1,0,0,2,'2016-11-19 18:24:15',2,'2016-11-19 18:24:15'),(217,'周妈','','1997-12-10 12:42:23',0,'','19562b764a0889bc959df6d4cf456b4c',67,NULL,'','','220|221|','200|218|','212|','217|','',-1,0,0,159,'2016-11-26 10:43:42',159,'2016-11-26 10:43:42'),(218,'周兄','','1997-12-10 12:42:23',0,'','1488c08a6c8ee66790ac76f464cbeb56',67,NULL,'212|','217|','','','','218|','200|220|221|',0,0,0,159,'2016-11-26 10:44:26',159,'2016-11-26 10:44:26'),(219,'周子','','1997-12-10 12:42:23',0,'','0560623f4387fc5eb786d5e43a48fd40',67,NULL,'','200|','','','','219|','',1,0,0,159,'2016-11-26 10:45:17',159,'2016-11-26 10:45:17'),(220,'周妻','','1997-12-10 12:42:23',0,'','458ad9e7c52db66228b278b1d6700bd1',67,NULL,'212|','217|','','','','220|200|218|','221|',0,0,0,159,'2016-11-26 10:45:44',159,'2016-11-26 10:45:44'),(221,'兄妻','','1997-12-10 12:42:23',0,'','8b87687d07b02b6e27345c3a72a76cc2',67,NULL,'212|','217|','','','','221|218|','200|220|',0,0,0,159,'2016-11-26 12:00:44',159,'2016-11-26 12:00:44'),(222,'周','','1997-12-10 12:42:23',0,'','9a581205956c14db8aa4470334d321ed',74,NULL,'223|','224|','227|','229|','226|','222|','225|',0,159,0,159,'2016-11-26 15:40:14',159,'2016-11-26 15:40:14'),(223,'周爸','','1997-12-10 12:42:23',0,'','553f950f44e25c91f8e7b3a3e8f6595b',74,NULL,'','','225|','222|','224|','223|','',-1,0,0,159,'2016-11-26 15:40:32',159,'2016-11-26 15:40:32'),(224,'周妈','','1997-12-10 12:42:23',0,'','56ee31634d7e1587492128eb1b84e454',74,NULL,'','','225|','222|','223|','224|','',-1,0,0,159,'2016-11-26 15:40:48',159,'2016-11-26 15:40:48'),(225,'周兄','','1997-12-10 12:42:23',0,'','ac1b4d85d2eeee24e0b891d8dd33c4e9',74,NULL,'223|','224|','','','228|','225|222|','',0,0,0,159,'2016-11-26 15:41:03',159,'2016-11-26 15:41:03'),(226,'周妻','','1997-12-10 12:42:23',0,'','ede8ef63827785ee31b47f1e523a91c9',74,NULL,'','','227|','229|','222|','226|','',0,0,0,159,'2016-11-26 15:41:15',159,'2016-11-26 15:41:15'),(227,'周子','','1997-12-10 12:42:23',0,'','141e748c992bbea722cb4fd9e5831d86',74,NULL,'226|','222|','','','','227|229|','',1,0,0,159,'2016-11-26 15:41:25',159,'2016-11-26 15:41:25'),(228,'兄妻','','1997-12-10 12:42:23',0,'','5246833ea97af82c30846a3dfb8d0571',74,NULL,'','','','','225|','228|','',0,0,0,159,'2016-11-26 15:41:59',159,'2016-11-26 15:41:59'),(229,'周女','','1997-12-10 12:42:23',0,'','b4f4ef2908a69027838d867cfa704ac6',74,NULL,'226|','222|','','','','229|','227|',1,0,0,159,'2016-11-26 15:42:42',159,'2016-11-26 15:42:42'),(230,'周','','1997-12-10 12:42:23',0,'','09588cb3a423bac8e3eb54b8a62b20b8',75,NULL,'231|','233|','','','','230|','',0,171,0,0,'2016-12-10 12:07:11',171,'2016-12-10 12:07:11'),(231,'周爸','','1997-12-10 12:42:23',0,'','20db63756e0195f5674735a670d32e41',75,NULL,'','','','230|','232|233|','231|','',-1,0,0,0,'2016-12-10 12:07:30',0,'2016-12-10 12:07:30'),(233,'周妈','','1997-12-10 12:42:23',0,'','7e2091083bbcf0e46333e8a815e10624',75,NULL,'','','','230|','231|','233|','',-1,0,0,0,'2016-12-10 12:44:10',0,'2016-12-10 12:44:10'),(235,'周','','1997-12-10 12:42:23',0,'','b2366bd239295b55f2543478fdf829d6',77,NULL,'236|','237|','242|','','241|','235|244|','238|',0,171,0,0,'2016-12-10 12:46:36',171,'2016-12-10 12:46:36'),(236,'周爸','','1997-12-10 12:42:23',0,'','3a57993b3b89c4e7277d4cb847613d6e',77,NULL,'','','238|','235|244|','237|','236|','',-1,0,0,0,'2016-12-10 12:46:55',0,'2016-12-10 12:46:55'),(237,'周妈','','1997-12-10 12:42:23',0,'','cf656a0dfe5343e7bbfaf94048fb7dd4',77,NULL,'','','238|','235|244|','236|','237|','',-1,0,0,0,'2016-12-10 12:47:10',0,'2016-12-10 12:47:10'),(238,'周兄','','1997-12-10 12:42:23',0,'','4ccd95424d408c0df1f0946e0659de5b',77,NULL,'236|','237|','243|','240|','239|','238|235|244|','',0,0,0,0,'2016-12-10 12:47:30',0,'2016-12-10 12:47:30'),(239,'兄妻','','1997-12-10 12:42:23',0,'','3e2f3fc9eea7a486b393512040143a02',77,NULL,'','','243|','240|','238|','239|','',0,0,0,0,'2016-12-10 12:48:11',0,'2016-12-10 12:48:11'),(240,'兄女','','1997-12-10 12:42:23',0,'','e02332770004ccc11df51f423c4deb8d',77,NULL,'239|','238|','','','','240|','243|',1,0,0,0,'2016-12-10 12:48:33',0,'2016-12-10 12:48:33'),(241,'妻','','1997-12-10 12:42:23',0,'','5089f3c50032029109bf4799255ab434',77,NULL,'','','242|','','235|','241|','',0,0,0,0,'2016-12-10 12:49:03',0,'2016-12-10 12:49:03'),(242,'子','','1997-12-10 12:42:23',0,'','088cf05d3757a46e8631a17236cc40b8',77,NULL,'241|','235|','','','','242|','',1,0,0,0,'2016-12-10 12:49:19',0,'2016-12-10 12:49:19'),(243,'兄子','','1997-12-10 12:42:23',0,'','aae7d912fb581b3aa447f916bb44c39a',77,NULL,'239|','238|','','','','243|240|','',1,0,0,0,'2016-12-10 13:00:06',0,'2016-12-10 13:00:06'),(244,'周姐','','1997-12-10 12:42:23',0,'','6eaefcd8a7704f78730f1562a55dd5f5',77,NULL,'236|','237|','','','245|','244|','235|238|',0,0,0,0,'2016-12-10 13:38:55',0,'2016-12-10 13:38:55'),(245,'姐夫','','1997-12-10 12:42:23',0,'','c1391cc0c352d0fa2bde740cbda2909c',77,NULL,'','','','','244|','245|','',0,0,0,0,'2016-12-10 13:39:14',0,'2016-12-10 13:39:14'),(246,'周','','1997-12-10 12:42:23',0,'','89c7e5db78a3ce86486d09a7ce4dbb6b',78,NULL,'','','','','','246|','',0,171,0,0,'2016-12-24 13:39:48',171,'2016-12-24 13:39:48'),(247,'周','','1997-12-10 12:42:23',0,'','ed04ff593ea3b121b10d2ddf5dc3025d',79,NULL,'305|','304|','','','','247|','',0,171,0,0,'2016-12-24 13:48:11',171,'2016-12-24 13:48:11'),(248,'周','','1997-12-10 12:42:23',1,'','1cbb3521485761043fbbbe629108f3c7',80,NULL,'249|','250|','','','','','248|251|',0,171,0,0,'2016-12-24 13:54:00',171,'2016-12-24 13:54:00'),(249,'周爸','','1997-12-10 12:42:23',0,'','7f38a6336533ccc55b8d9efd7d11ae3d',80,NULL,'','','248|251|','','250|','249|','',-1,0,0,0,'2016-12-24 13:55:34',0,'2016-12-24 13:55:34'),(250,'周妈','','1997-12-10 12:42:23',0,'','ec23c3bf800cb351f6044da27c5ce43e',80,NULL,'','','248|251|','','249|','250|','',-1,0,0,0,'2016-12-24 13:56:02',0,'2016-12-24 13:56:02'),(251,'周兄','','1997-12-10 12:42:23',0,'','73ac59f6a7920456e44609363598e027',80,NULL,'249|','250|','253|','254|','252|','251|','248|',0,0,0,0,'2016-12-24 14:00:02',0,'2016-12-24 14:00:02'),(252,'兄妻','','1997-12-10 12:42:23',0,'','458b68d240e33ca25b7b87a9d4a9f09c',80,NULL,'','','253|','254|','251|','252|','',0,0,0,0,'2016-12-24 14:00:23',0,'2016-12-24 14:00:23'),(253,'兄子','','1997-12-10 12:42:23',0,'','bd37500c2a987e995b8741d0c258a001',80,NULL,'252|','251|','','','','253|254|','',1,0,0,0,'2016-12-24 14:00:39',0,'2016-12-24 14:00:39'),(254,'兄女','','1997-12-10 12:42:23',0,'','a60869e2acbe7282e83257bf489d7ff1',80,NULL,'252|','251|','','','','254|','253|',1,0,0,0,'2016-12-25 00:29:56',0,'2016-12-25 00:29:56'),(255,'周','','1997-12-10 12:42:23',1,'','5c5b1ac0d7eb4beda4b92fa6cb51ce3c',81,NULL,'256|','257|','','','','','255|258|',0,171,0,0,'2016-12-25 10:24:17',171,'2016-12-25 10:24:17'),(256,'周爸','','1997-12-10 12:42:23',0,'','706bb410d262266c2b1a66a389c2b8e5',81,NULL,'','','255|258|','','257|','256|','',-1,0,0,0,'2016-12-25 10:24:27',0,'2016-12-25 10:24:27'),(257,'周妈','','1997-12-10 12:42:23',0,'','6beff95910aa8cfe23d8deb00185f33a',81,NULL,'','','255|258|','','256|','257|','',-1,0,0,0,'2016-12-25 10:24:53',0,'2016-12-25 10:24:53'),(258,'周兄','','1997-12-10 12:42:23',0,'','bba664c3ecd540290b5d8405710a655a',81,NULL,'256|','257|','261|','260|','259|','258|','255|',0,0,0,0,'2016-12-25 10:26:47',0,'2016-12-25 10:26:47'),(259,'兄妻','','1997-12-10 12:42:23',0,'','e585575243b973fcd133f481133640dd',81,NULL,'','','261|','260|','258|','259|','',0,0,0,0,'2016-12-25 10:27:29',0,'2016-12-25 10:27:29'),(260,'兄女','','1997-12-10 12:42:23',0,'','e3f2ed965dac8554bc368d62072b770f',81,NULL,'259|','258|','','','','260|','261|',1,0,0,0,'2016-12-25 10:27:47',0,'2016-12-25 10:27:47'),(261,'兄子','','1997-12-10 12:42:23',0,'','609de1ce057040eab0a85366a33bbda7',81,NULL,'259|','258|','','','','261|260|','',1,0,0,0,'2016-12-25 10:28:04',0,'2016-12-25 10:28:04'),(263,'周','','0000-00-00 00:00:00',1,'','8f1a90be7b6d6f48ac304739011f37ad',82,NULL,'264|','267|','','','','','263|266|',0,171,0,171,'2017-01-14 10:14:05',171,'2017-01-14 10:14:05'),(264,'周爸','','0000-00-00 00:00:00',1,'','cab041973f589b58764872e75258116e',82,NULL,'','','263|266|','','265|267|','','264|',-1,0,0,171,'2017-01-14 10:14:16',171,'2017-01-14 10:14:16'),(266,'周兄','','0000-00-00 00:00:00',1,'','f1499855de5ec58bd23e374aa81a5b93',82,NULL,'264|','267|','','','','','266|263|',0,0,0,171,'2017-01-14 10:14:51',171,'2017-01-14 10:14:51'),(267,'配偶2','','0000-00-00 00:00:00',0,'','aa8aba1ba6f023a9ca743df7d03c0003',82,NULL,'','','263|266|','','264|','267|','',-1,0,0,171,'2017-01-14 10:15:15',171,'2017-01-14 10:15:15'),(271,'jajja','','0000-00-00 00:00:00',0,'','4666d2a735d95660196b54e17a313308',83,NULL,'','','','','','271|','',0,2,0,2,'2017-01-14 12:37:52',2,'2017-01-14 12:37:52'),(272,'jbjqjjqk','','0000-00-00 00:00:00',0,'','14a0071f6fb36121dd15bfcdc75e56c1',84,NULL,'','','','','','272|','',0,2,0,2,'2017-01-14 12:39:03',2,'2017-01-14 12:39:03'),(273,'jnnhb','','0000-00-00 00:00:00',0,'','7775b34168aa4138cd47b9c26678b940',85,NULL,'','','','','','273|','',0,2,0,2,'2017-01-14 12:39:55',2,'2017-01-14 12:39:55'),(274,'zeo','','0000-00-00 00:00:00',0,'','46781741e0fc92bac9dade0663f99555',86,NULL,'276|','275|','','','','274|','',0,184,0,184,'2017-01-14 15:41:35',184,'2017-01-14 15:41:35'),(275,'在线','','0000-00-00 00:00:00',0,'','f169a0a0379bdfc0801be84a05a857f3',86,NULL,'','','','274|','276|','275|','',-1,0,0,184,'2017-01-14 15:42:16',184,'2017-01-14 15:42:16'),(276,'犹豫','','0000-00-00 00:00:00',1,'','f3106c87433de92d94f5b6f984d2946f',86,NULL,'','','','274|','275|','','276|',-1,0,0,184,'2017-01-14 15:42:38',184,'2017-01-14 15:42:38'),(277,'赵贵生','','0000-00-00 00:00:00',1,'/images/upload/1485795830guisheng.jpg','e127d30afe117a8029b2584a2950ae47',68,NULL,'','','','201|','278|','','277|',-1,0,0,3,'2017-01-14 15:52:21',3,'2017-01-14 15:52:21'),(278,'李惠英','','0000-00-00 00:00:00',0,'/images/upload/1485795174yingying.jpg','4d6df14ff2dcf9ccbd78fa204dd1a66e',68,NULL,'317|','334|','','201|','277|','278|331|335|340|343|347|355|356|','350|',-1,0,0,3,'2017-01-14 15:52:48',3,'2017-01-14 15:52:48'),(279,'廖湘','','0000-00-00 00:00:00',0,'/images/upload/1485795603xiang1.jpg','b3062da9d9603faf964295c444726b86',68,NULL,'','','','280|','201|','279|','',0,189,0,3,'2017-01-14 15:53:24',3,'2017-01-14 15:53:24'),(280,'赵子涵','','0000-00-00 00:00:00',0,'/images/upload/1485797720nini.jpg','91f3881532da54283eacbdf225edb300',68,NULL,'279|','201|','','','','280|','',1,0,0,3,'2017-01-14 15:57:52',3,'2017-01-14 15:57:52'),(284,'周','','0000-00-00 00:00:00',1,'','9606e1addc6f30f745d9d9522c473754',87,NULL,'285|','286|','','','','','284|',0,171,0,171,'2017-01-16 10:03:14',171,'2017-01-16 10:03:14'),(285,'周爸','','0000-00-00 00:00:00',1,'','0ecef1fe961df51b18681d7a41b63c31',87,NULL,'','','284|','','286|','','285|',-1,0,0,171,'2017-01-16 10:03:28',171,'2017-01-16 10:03:28'),(286,'周妈','','0000-00-00 00:00:00',1,'','37706709465c52c623c3fcbeaf2983cc',87,NULL,'','','284|','','285|','','286|',-1,0,0,171,'2017-01-16 10:03:38',171,'2017-01-16 10:03:38'),(287,'周','','0000-00-00 00:00:00',1,'','266fe164183e042c74a7ffa6d49c716b',88,NULL,'288|','289|','','','','','287|',0,171,0,171,'2017-01-16 10:05:00',171,'2017-01-16 10:05:00'),(288,'周爸','','0000-00-00 00:00:00',1,'','bd323181796a2863ee8ae2f789e5ce87',88,NULL,'','','287|','','289|','','288|',-1,0,0,171,'2017-01-16 10:05:10',171,'2017-01-16 10:05:10'),(289,'周妈','','0000-00-00 00:00:00',0,'','b37f1ef4b8ba8109ec6d228732f78686',88,NULL,'','','287|','','288|','289|','',-1,0,0,171,'2017-01-16 10:05:24',171,'2017-01-16 10:05:24'),(292,'妻','','0000-00-00 00:00:00',0,'','5c8d7247216fe85c882d0ccf82c03b59',88,NULL,'','','','','290|','292|','',0,0,0,171,'2017-01-16 10:08:25',171,'2017-01-16 10:08:25'),(293,'王凯伦','','0000-00-00 00:00:00',0,'/images/upload/1484533799QQ图片20170107101435.jpg','7e7688cd73372796de08d6e3070b6f88',89,NULL,'294|','','','','','293|','',0,185,0,185,'2017-01-16 10:26:49',185,'2017-01-16 10:26:49'),(294,'王康龙','安徽省，六安市','2017-01-10 00:00:00',1,'/images/upload/1484533788图片1.png','00c9ef779fbff0be418210f99212968c',89,NULL,'','','','293|','','','294|',-1,0,0,185,'2017-01-16 10:28:56',185,'2017-01-16 10:28:56'),(295,'周','。。','0000-00-00 00:00:00',1,'','c5bc80f81022949b1c9b1e01ab651005',90,NULL,'296|','297|','','','','','295|303|',0,171,0,171,'2017-01-16 11:48:49',171,'2017-01-16 11:48:49'),(296,'周爸','','0000-00-00 00:00:00',1,'','82d68962409b41b3fd547d42fe617ddd',90,NULL,'','','295|303|','','297|','','296|',-1,0,0,171,'2017-01-16 11:48:59',171,'2017-01-16 11:48:59'),(297,'周妈','','0000-00-00 00:00:00',0,'','7c2e0d990d5a5dfd76b35cdba0612064',90,NULL,'','','295|303|','','296|','297|','',-1,0,0,171,'2017-01-16 11:49:07',171,'2017-01-16 11:49:07'),(303,'周兄','。。','0000-00-00 00:00:00',1,'','8e9646751f3382ec05f05100106f29bc',90,NULL,'296|','297|','','','306|307|','','303|295|',0,0,0,171,'2017-01-16 13:20:02',171,'2017-01-16 13:20:02'),(304,'周妈','','0000-00-00 00:00:00',0,'','4c3707741c4b91db25deac92a52ea98e',79,NULL,'','','','247|','305|','304|','',-1,0,0,171,'2017-01-16 14:03:37',171,'2017-01-16 14:03:37'),(305,'周爸','','0000-00-00 00:00:00',1,'','0a446b5ab011000c27ca7b3d092be374',79,NULL,'','','','247|','304|','','305|',-1,0,0,171,'2017-01-16 14:12:57',171,'2017-01-16 14:12:57'),(307,'妻','','0000-00-00 00:00:00',0,'','4a3368028c4c0503e6dfcbf5e6eb27a0',90,NULL,'','','','','303|','307|','',0,0,0,171,'2017-01-17 11:23:26',171,'2017-01-17 11:23:26'),(308,'周','','0000-00-00 00:00:00',1,'','57bb1603d8183863fc066c3bc4961826',91,NULL,'309|','310|','','','','314|','308|313|',0,171,0,171,'2017-01-17 12:43:29',171,'2017-01-17 12:43:29'),(309,'周爸','','0000-00-00 00:00:00',1,'','314b18fd58dbf62a84ad26126031b05c',91,NULL,'','','308|313|','314|','310|','','309|',-1,0,0,171,'2017-01-17 12:43:41',171,'2017-01-17 12:43:41'),(310,'周妈','','0000-00-00 00:00:00',0,'','ee4164c143690eb7631ab19489ca502e',91,NULL,'','','308|313|','314|','309|','310|','',-1,0,0,171,'2017-01-17 12:43:53',171,'2017-01-17 12:43:53'),(313,'兄','','0000-00-00 00:00:00',1,'/images/upload/1484647468','7ce3cb043c31e64153c2c62f810228a5',91,NULL,'309|','310|','','','315|','314|','313|308|',0,0,0,171,'2017-01-17 12:52:42',171,'2017-01-17 12:52:42'),(314,'姐','。。','0000-00-00 00:00:00',0,'','adcf5ccc0590534066d85f7a30d0ce8d',91,NULL,'309|','310|','','','319|','314|','308|313|',0,0,0,171,'2017-01-17 12:52:54',171,'2017-01-17 12:52:54'),(317,'李发桂','12312','1945-08-08 00:00:00',1,'/images/upload/1485799038waigong3.jpg','7f3be85016abf569be496e24946764f9',68,NULL,'','','350|','278|331|335|340|343|347|355|356|','334|','','317|',-2,0,0,3,'2017-01-17 17:37:08',3,'2017-01-17 17:37:08'),(319,'夫','','0000-00-00 00:00:00',1,'','154b229c9fe46266ddd2f146d5b6f00a',91,NULL,'','','','','314|','','319|',0,0,0,171,'2017-01-17 18:21:40',171,'2017-01-17 18:21:40'),(320,'hh','','0000-00-00 00:00:00',0,'','e6dfe9259b190662a0912d401d1deb77',92,NULL,'330|','','','','','320|','',0,186,0,186,'2017-01-18 11:20:58',186,'2017-01-18 11:20:58'),(321,'周','','0000-00-00 00:00:00',1,'','7ed9823ede6bc45f7e55c899deb760ff',93,NULL,'322|','323|','','','','325|','321|',0,171,0,171,'2017-01-18 17:37:14',171,'2017-01-18 17:37:14'),(322,'周爸','','0000-00-00 00:00:00',1,'','ccc7ed872b13bee103af4a7c09d04a8a',93,NULL,'','','321|','325|','323|','','322|',-1,0,0,171,'2017-01-18 17:37:48',171,'2017-01-18 17:37:48'),(323,'周妈','','0000-00-00 00:00:00',0,'','b81de882d4ee2316ee48b80e1596edc3',93,NULL,'','','321|','325|','322|','323|','',-1,0,0,171,'2017-01-18 17:37:59',171,'2017-01-18 17:37:59'),(325,'周姐','','0000-00-00 00:00:00',0,'','13abe6b97c6cb4f4ab3665cb8d47c226',93,NULL,'322|','323|','','','328|','325|','321|',0,0,0,171,'2017-01-18 17:38:15',171,'2017-01-18 17:38:15'),(326,'妻','。。','0000-00-00 00:00:00',0,'','495d0d9e101527b8f918622812fd4183',93,NULL,'','','','','324|','326|','',0,0,0,171,'2017-01-18 17:38:30',171,'2017-01-18 17:38:30'),(328,'夫','','0000-00-00 00:00:00',1,'','ddcd66674560d83d79744a5d994636ce',93,NULL,'','','','','325|','','328|',0,0,0,171,'2017-01-18 17:39:26',171,'2017-01-18 17:39:26'),(330,'15','','0000-00-00 00:00:00',1,'','70699b22869575084cc0b3b39cac29a2',92,NULL,'','','','320|','','','330|',-1,0,0,186,'2017-01-18 19:56:16',186,'2017-01-18 19:56:16'),(331,'李惠华','','0000-00-00 00:00:00',0,'/images/upload/1485795002huahua.jpg','d8527f00ec57d5bc93792c4ceb9f81fe',68,NULL,'317|','334|','333|','','332|','331|335|340|343|347|355|356|','278|350|',-1,0,0,3,'2017-01-24 18:29:56',3,'2017-01-24 18:29:56'),(332,'曾松林','','0000-00-00 00:00:00',1,'/images/upload/1485796527zengsonglin.jpg','b444cf98ab4a79165269a63d718a9311',68,NULL,'','','333|','','331|','','332|',-1,0,0,3,'2017-01-24 18:30:19',3,'2017-01-24 18:30:19'),(333,'曾宇乔','','0000-00-00 00:00:00',1,'/images/upload/1485796636qiaoqiao.jpg','2a2945d5c5e25eed96880bd873f06c07',68,NULL,'332|','331|','','','','','333|',0,0,0,3,'2017-01-24 18:30:49',3,'2017-01-24 18:30:49'),(334,'陈淑珍','','0000-00-00 00:00:00',0,'/images/upload/1485798967waipo5.jpg','8ccc0114854e70ba18fdcb70eb3dd009',68,NULL,'','','350|','278|331|335|340|343|347|355|356|','317|','334|','',-2,0,0,3,'2017-01-24 18:31:36',3,'2017-01-24 18:31:36'),(335,'李惠芳','','0000-00-00 00:00:00',0,'/images/upload/1485795218fangfang.jpg','6a423139ee7ad6e06186441b249c20b8',68,NULL,'317|','334|','337|339|','','336|','335|331|340|343|347|355|356|','278|350|',-1,0,0,3,'2017-01-28 21:31:35',3,'2017-01-28 21:31:35'),(336,'周水生','','0000-00-00 00:00:00',1,'/images/upload/1485796323dayifu.jpg','e56bcb708b3831f5742abf12e54b0334',68,NULL,'','','337|339|','','335|','','336|',-1,0,0,3,'2017-01-28 21:32:00',3,'2017-01-28 21:32:00'),(337,'周晓军','','0000-00-00 00:00:00',1,'/images/upload/1485793805junjun.jpg','c285f3525db0543d668d36cf751b7f3d',68,NULL,'336|','335|','338|','','364|','','337|339|',0,191,0,3,'2017-01-28 21:32:32',3,'2017-01-28 21:32:32'),(338,'周子渊','123','2010-01-28 00:00:00',1,'/images/upload/1485798237ziyuan.jpg','d0531e76d20476e664ddaf9c114653b8',68,NULL,'337|','364|','','','','','338|',1,0,0,3,'2017-01-28 21:32:55',3,'2017-01-28 21:32:55'),(339,'周晓欢','','0000-00-00 00:00:00',1,'/images/upload/1485793736huanhuan.jpg','64b4d0dbabc5aca9c04474f38af6e0ec',68,NULL,'336|','335|','363|','','362|','','339|337|',0,0,0,3,'2017-01-28 21:34:17',3,'2017-01-28 21:34:17'),(340,'李惠兰','','0000-00-00 00:00:00',0,'/images/upload/1485794613lanlan.jpg','abbf002d98a27589b3fac7ecb0c0d7d7',68,NULL,'317|','334|','342|','','341|','340|331|343|347|355|356|','335|278|350|',-1,0,0,3,'2017-01-28 21:35:53',3,'2017-01-28 21:35:53'),(341,'孙燕林','','0000-00-00 00:00:00',1,'/images/upload/1485794837sunyanlin.jpg','dd9866ba183b5a7a8f98d013536a69e3',68,NULL,'','','342|','','340|','','341|',-1,0,0,3,'2017-01-28 21:36:27',3,'2017-01-28 21:36:27'),(342,'孙冰','','0000-00-00 00:00:00',1,'/images/upload/1485792523sunbing.jpg','eab017195699f364d72e529cb652f156',68,NULL,'341|','340|','','','','','342|',0,195,0,3,'2017-01-28 21:36:59',3,'2017-01-28 21:36:59'),(343,'李惠莲','','0000-00-00 00:00:00',0,'/images/upload/1485795109lianlian.jpg','efedeadb32df6eef4dec65c5044e733b',68,NULL,'317|','334|','346|','345|','344|','343|331|335|340|347|355|356|','278|350|',-1,0,0,3,'2017-01-28 21:37:39',3,'2017-01-28 21:37:39'),(344,'温舰生','123','1970-09-01 00:00:00',1,'/images/upload/1485797561wenjiansheng.jpg','f00b925ee40c7f8aa0a9d72393a20a39',68,NULL,'','','346|','345|','343|','','344|',-1,0,0,3,'2017-01-28 21:38:17',3,'2017-01-28 21:38:17'),(345,'温宏','','0000-00-00 00:00:00',0,'/images/upload/1485794775wenhong.jpg','1827ee5245cdd4f4e5132f67f451b666',68,NULL,'344|','343|','','','','345|','346|',0,0,0,3,'2017-01-28 21:38:37',3,'2017-01-28 21:38:37'),(346,'温群','','0000-00-00 00:00:00',1,'/images/upload/1485793871wenqun.jpg','249878d3ab61f2089ff6aa375ddea1d6',68,NULL,'344|','343|','','','','345|','346|',0,0,0,3,'2017-01-28 21:39:03',3,'2017-01-28 21:39:03'),(347,'李惠珍','','0000-00-00 00:00:00',0,'/images/upload/1485795060zhenzhen.jpg','7b3f1e9147edc919254b06f1a3c279c0',68,NULL,'317|','334|','349|','','348|','347|331|340|343|355|356|','335|278|350|',-1,0,0,3,'2017-01-30 22:31:17',3,'2017-01-30 22:31:17'),(348,'曾昌文','','0000-00-00 00:00:00',1,'/images/upload/1485793559zengchangwen.jpg','ca83c5a1ab25c84e53fdadf66d62c57e',68,NULL,'','','349|','','347|','','348|',-1,0,0,3,'2017-01-30 22:44:57',3,'2017-01-30 22:44:57'),(349,'曾义杰','宁都','2017-01-31 00:00:00',1,'/images/upload/1485792727zengyijie.jpg','24d03c1b1cd877aa83c5f0c40f100bfa',68,NULL,'348|','347|','','','','','349|',0,0,0,3,'2017-01-30 22:45:33',3,'2017-01-30 22:45:33'),(350,'李建宁','宁都','1973-05-19 00:00:00',1,'/images/upload/1485793665jiujiu.jpg','eacdaf9d508b573220674c00fce83572',68,NULL,'317|','334|','354|','352|353|','351|','347|331|340|343|355|356|','350|335|278|',-1,192,0,3,'2017-01-30 22:47:03',3,'2017-01-30 22:47:03'),(351,'彭红群','宁都','1978-07-25 00:00:00',0,'/images/upload/1485792625penghongqun.jpg','614dd632e9a357e9ad65264de8338716',68,NULL,'','','354|','352|353|','350|','351|','',-1,190,0,3,'2017-01-30 22:47:31',3,'2017-01-30 22:47:31'),(352,'李杰懿','','0000-00-00 00:00:00',0,'/images/upload/1485796113tongtong.jpg','d276b2b3bbaf1b60051b7d3aa2060fb1',68,NULL,'350|','351|','','','','352|353|','354|',0,0,0,3,'2017-01-30 23:00:29',3,'2017-01-30 23:00:29'),(353,'李铭煜','231','2002-01-01 00:00:00',0,'/images/upload/1485794338xinxin.jpg','1c6fe77c8a1675b89c938be6186a4339',68,NULL,'350|','351|','','','','353|352|','354|',0,0,0,3,'2017-01-30 23:06:08',3,'2017-01-30 23:06:08'),(354,'李章鑫','','0000-00-00 00:00:00',1,'/images/upload/1485792449yuanyuan.jpg','87a541de7e3f5d5a613a32b94ef39f45',68,NULL,'350|','351|','','','','352|353|','354|',0,0,0,3,'2017-01-30 23:06:27',3,'2017-01-30 23:06:27'),(355,'李惠萍','','0000-00-00 00:00:00',0,'/images/upload/1485795326pingping2.jpg','61af1ddc268d0e7a9eb7ae3df89ec8f0',68,NULL,'317|','334|','359|','','357|','355|331|335|340|343|347|356|','278|350|',-1,194,0,3,'2017-01-30 23:07:16',3,'2017-01-30 23:07:16'),(356,'李惠琳','123','2009-01-31 00:00:00',0,'/images/upload/1485795249qingqing.jpg','b3c01db5deec6b134ea8d7111e804ea8',68,NULL,'317|','334|','360|','361|','358|','356|331|335|340|343|347|','355|278|350|',-1,0,0,3,'2017-01-30 23:07:34',3,'2017-01-30 23:07:34'),(357,'邓文海','','0000-00-00 00:00:00',1,'/images/upload/1485800474wenhai.jpg','81d78876981d82b88b912c73c6105d76',68,NULL,'','','359|','','355|','','357|',-1,0,0,3,'2017-01-30 23:10:20',3,'2017-01-30 23:10:20'),(358,'卢辉','123','1977-09-12 00:00:00',1,'/images/upload/1485799294卢辉1.jpg','12dd9a7da79123cad422f1a81cee7090',68,NULL,'','','360|','361|','356|','','358|',-1,193,0,3,'2017-01-30 23:10:45',3,'2017-01-30 23:10:45'),(359,'邓睿骐','123','2017-01-31 00:00:00',1,'/images/upload/1485799189rongrong2.jpg','d9b4c87f49d5a7057579887c273e8eef',68,NULL,'357|','355|','','','','','359|',0,0,0,3,'2017-01-30 23:11:38',3,'2017-01-30 23:11:38'),(360,'卢宏豪','','0000-00-00 00:00:00',1,'/images/upload/1485793930haohao.jpg','34d07f9c2d4d0f461d45f9944664895d',68,NULL,'358|','356|','','','','361|','360|',0,0,0,3,'2017-01-30 23:12:13',3,'2017-01-30 23:12:13'),(361,'卢锦玥','宁都','2016-12-23 00:00:00',0,'/images/upload/1485799525yueyue.jpg','4ab0481a103ef71cae1cfc4b2699f7a6',68,NULL,'358|','356|','','','','361|','360|',0,0,0,3,'2017-01-30 23:12:34',3,'2017-01-30 23:12:34'),(362,'谈荣慧','','0000-00-00 00:00:00',0,'/images/upload/1485796866tanronghui.jpg','19234dceca537a710eddcee67a8b12f5',68,NULL,'','','363|','','339|','362|','',0,0,0,3,'2017-01-30 23:14:58',3,'2017-01-30 23:14:58'),(363,'周诗骐','123','2013-09-30 00:00:00',1,'/images/upload/1485796933zhousiqi.jpg','88bffadfb71bb0ad5b62ed44cfe37e37',68,NULL,'339|','362|','','','','','363|',1,0,0,3,'2017-01-30 23:15:40',3,'2017-01-30 23:15:40'),(364,'刘心仪','','0000-00-00 00:00:00',0,'/images/upload/1485798313liuxinyi.jpg','bdf1dae51bfa5d5d01219d10be18be0e',68,NULL,'','','338|','','337|','364|','',0,0,0,3,'2017-01-30 23:45:37',3,'2017-01-30 23:45:37'),(365,'周晓军','','0000-00-00 00:00:00',0,'','802dca426d2f0856f1777b7a3209578f',94,NULL,'366|','','','','','365|','',0,191,0,191,'2017-01-31 13:33:09',191,'2017-01-31 13:33:09'),(366,'周水生','','0000-00-00 00:00:00',1,'','bfdbbedde25d9cb8d7ccca333f977184',94,NULL,'367|','','','365|','','','366|',-1,0,0,191,'2017-01-31 13:33:58',191,'2017-01-31 13:33:58'),(367,'周传南','','0000-00-00 00:00:00',1,'','e37916846aa584b03fd23815ff448866',94,NULL,'','','366|','','','','367|',-2,0,0,191,'2017-01-31 13:34:36',191,'2017-01-31 13:34:36'),(368,'121212','','0000-00-00 00:00:00',0,'','1e7e4241cdcd6cc63f21670dbb4a2cc8',97,NULL,'','','','','','368|','',0,2,0,2,'2017-02-08 12:54:59',2,'2017-02-08 12:54:59'),(369,'祖父的配偶','上海市','2017-02-01 00:00:00',0,'','e8e75f84eb2b6adaed2a9cae2049a84f',29,NULL,'','','142|','','211|','369|','',-2,0,0,2,'2017-02-10 10:28:28',2,'2017-02-10 10:28:28');
/*!40000 ALTER TABLE `gener_testPerson` ENABLE KEYS */;
UNLOCK TABLES;

--
-- Table structure for table `gener_user`
--

DROP TABLE IF EXISTS `gener_user`;
/*!40101 SET @saved_cs_client     = @@character_set_client */;
/*!40101 SET character_set_client = utf8 */;
CREATE TABLE `gener_user` (
  `id` int(11) NOT NULL AUTO_INCREMENT,
  `username` varchar(255) NOT NULL,
  `phone` varchar(30) DEFAULT NULL,
  `email` varchar(255) DEFAULT NULL,
  `password` varchar(255) NOT NULL,
  `photo` varchar(255) DEFAULT NULL,
  `sex` varchar(255) DEFAULT NULL,
  `birthday` int(30) DEFAULT NULL,
  `address` varchar(255) DEFAULT NULL,
  `create_time` int(255) DEFAULT NULL,
  `update_time` int(255) DEFAULT NULL,
  PRIMARY KEY (`id`)
) ENGINE=InnoDB AUTO_INCREMENT=198 DEFAULT CHARSET=utf8;
/*!40101 SET character_set_client = @saved_cs_client */;

--
-- Dumping data for table `gener_user`
--

LOCK TABLES `gener_user` WRITE;
/*!40000 ALTER TABLE `gener_user` DISABLE KEYS */;
INSERT INTO `gener_user` VALUES (2,'jiang',NULL,'786185931@qq.com','8d969eef6ecad3c29a3a629280e686cf0c3f5d5a86aff3ca12020c923adc6c92','/images/upload/1479522526pd.jpg',NULL,NULL,NULL,NULL,NULL),(3,'zhx',NULL,'zhaoxinxuan@xinhuotech.com','8d969eef6ecad3c29a3a629280e686cf0c3f5d5a86aff3ca12020c923adc6c92','/images/upload/1479537858company1.png',NULL,NULL,NULL,NULL,NULL),(4,'shmao',NULL,'shmao288@gmail.com','276966e5c13d2a542dcadc150e7b84ad',NULL,NULL,NULL,NULL,NULL,NULL),(5,'2144804428',NULL,'2414804428@qq.com','8214be4641d4b62f679adea7a33896ea',NULL,NULL,NULL,NULL,NULL,NULL),(6,'zc99999',NULL,'237812367@qq.com','bbebb8ca1e5968fcd8d4e164443d7cb5','/images/upload/1479553742u',NULL,NULL,NULL,NULL,NULL),(7,'qq',NULL,'1084264084@qq.com','aa3ebb781b024bfcaf25b0599bd1d4c0',NULL,NULL,NULL,NULL,NULL,NULL),(80,'vivo',NULL,'123@qq.com','e10adc3949ba59abbe56e057f20f883e',NULL,NULL,NULL,NULL,NULL,NULL),(81,'wang',NULL,'280317769@qq.com','e0d9d3862dfb270de65719d43749df5e',NULL,NULL,NULL,NULL,NULL,NULL),(92,'joyme1234',NULL,'222@qq.com','e10adc3949ba59abbe56e057f20f883e',NULL,NULL,NULL,NULL,NULL,NULL),(93,'mao',NULL,'123456@qq.com','e10adc3949ba59abbe56e057f20f883e',NULL,NULL,NULL,NULL,NULL,NULL),(94,'shmao',NULL,'1234567@qq.com','fcea920f7412b5da7be0cf42b8c93759',NULL,NULL,NULL,NULL,NULL,NULL),(95,'mao',NULL,'12345678@qq.com','25d55ad283aa400af464c76d713c07ad',NULL,NULL,NULL,NULL,NULL,NULL),(96,'m',NULL,'1@qq.com','c4ca4238a0b923820dcc509a6f75849b',NULL,NULL,NULL,NULL,NULL,NULL),(97,'1',NULL,'1','c4ca4238a0b923820dcc509a6f75849b',NULL,NULL,NULL,NULL,NULL,NULL),(98,'2',NULL,'2','c81e728d9d4c2f636f067f89cc14862c',NULL,NULL,NULL,NULL,NULL,NULL),(99,'qian2',NULL,'1234@qq.com','e10adc3949ba59abbe56e057f20f883e',NULL,NULL,NULL,NULL,NULL,NULL),(100,'1',NULL,'1','c4ca4238a0b923820dcc509a6f75849b',NULL,NULL,NULL,NULL,NULL,NULL),(101,'u',NULL,'123@qq.com','e10adc3949ba59abbe56e057f20f883e',NULL,NULL,NULL,NULL,NULL,NULL),(102,'liuche',NULL,'2414804429@qq.com','e10adc3949ba59abbe56e057f20f883e',NULL,NULL,NULL,NULL,NULL,NULL),(103,'liuche',NULL,'141420201@qq.com','e10adc3949ba59abbe56e057f20f883e',NULL,NULL,NULL,NULL,NULL,NULL),(104,'liuche',NULL,'2414804450@qq.com','e10adc3949ba59abbe56e057f20f883e',NULL,NULL,NULL,NULL,NULL,NULL),(105,'yanghui',NULL,'2414804451@qq.com','e10adc3949ba59abbe56e057f20f883e',NULL,NULL,NULL,NULL,NULL,NULL),(106,'lihong',NULL,'2414804452@qq.com','e10adc3949ba59abbe56e057f20f883e',NULL,NULL,NULL,NULL,NULL,NULL),(107,'changyuan',NULL,'2414804453@qq.com','e10adc3949ba59abbe56e057f20f883e',NULL,NULL,NULL,NULL,NULL,NULL),(108,'shenming',NULL,'2414804454@qq.com','e10adc3949ba59abbe56e057f20f883e',NULL,NULL,NULL,NULL,NULL,NULL),(109,'12',NULL,'12@12.com','c20ad4d76fe97759aa27a0c99bff6710',NULL,NULL,NULL,NULL,NULL,NULL),(110,'行啊',NULL,'ads','d964fcc76368f57aca59d0fcfae023f5',NULL,NULL,NULL,NULL,NULL,NULL),(111,'撒啊',NULL,'qqq','b2ca678b4c936f905fb82f2733f5297f',NULL,NULL,NULL,NULL,NULL,NULL),(112,'一只小猫猫',NULL,'1334415779@qq.com','7295485882e1b56b3bc5bd970fde6bcd',NULL,NULL,NULL,NULL,NULL,NULL),(113,'asd',NULL,'asd','7815696ecbf1c96e6894b779456d330e',NULL,NULL,NULL,NULL,NULL,NULL),(153,'年后',NULL,'11111111@qq.com','1bbd886460827015e5d605ed44252251',NULL,NULL,NULL,NULL,NULL,NULL),(154,'555',NULL,'55@qq.com','15de21c670ae7c3f6f3f1f37029303c9',NULL,NULL,NULL,NULL,NULL,NULL),(155,'555',NULL,'55@qq.com','15de21c670ae7c3f6f3f1f37029303c9',NULL,NULL,NULL,NULL,NULL,NULL),(156,'测试登录注册页面',NULL,'jiangpengfei@xinhuotech.com','e10adc3949ba59abbe56e057f20f883e',NULL,NULL,NULL,NULL,NULL,NULL),(157,'小测测',NULL,'test@qq.com','e10adc3949ba59abbe56e057f20f883e',NULL,NULL,NULL,NULL,NULL,NULL),(158,'王凯伦',NULL,'1826667810@qq.com','e8e31a35fec8909d9fae59c6baed43ae',NULL,NULL,NULL,NULL,NULL,NULL),(161,'测试新接口',NULL,'testnewapi@qqq.com','e10adc3949ba59abbe56e057f20f883e',NULL,NULL,NULL,NULL,NULL,NULL),(162,'zc121212',NULL,'zc121212@qq.com','bbebb8ca1e5968fcd8d4e164443d7cb5',NULL,NULL,NULL,NULL,NULL,NULL),(163,'测试新接口',NULL,'testnewapi@qqq.com','e10adc3949ba59abbe56e057f20f883e',NULL,NULL,NULL,NULL,NULL,NULL),(164,'zc121212',NULL,'123@qq.com','bbebb8ca1e5968fcd8d4e164443d7cb5','/images/upload/1479538147QQ图片20161118171024.png',NULL,NULL,NULL,NULL,NULL),(169,'joyme',NULL,'111@qq.com','e10adc3949ba59abbe56e057f20f883e',NULL,NULL,NULL,NULL,NULL,NULL),(171,'zhouyijun',NULL,'1176902387@qq.com','8d969eef6ecad3c29a3a629280e686cf0c3f5d5a86aff3ca12020c923adc6c92',NULL,NULL,NULL,NULL,NULL,NULL),(172,'zhouyijun',NULL,'1176902387@qq.com','8d969eef6ecad3c29a3a629280e686cf0c3f5d5a86aff3ca12020c923adc6c92',NULL,NULL,NULL,NULL,NULL,NULL),(177,'15000895132','15000895132','','e10adc3949ba59abbe56e057f20f883e',NULL,NULL,NULL,NULL,NULL,NULL),(179,'jiang12','1500895132','','e10adc3949ba59abbe56e057f20f883e',NULL,NULL,NULL,NULL,NULL,NULL),(180,'jiang123','','78618593111@qq.com','e10adc3949ba59abbe56e057f20f883e',NULL,NULL,NULL,NULL,NULL,NULL),(181,'测试','','7816821@qaq.com','e10adc3949ba59abbe56e057f20f883e',NULL,NULL,NULL,NULL,NULL,NULL),(182,'测试12','','122@qq.com','8d969eef6ecad3c29a3a629280e686cf0c3f5d5a86aff3ca12020c923adc6c92',NULL,NULL,NULL,NULL,NULL,NULL),(183,'qwerty','','jsjwko@qq.com','8d969eef6ecad3c29a3a629280e686cf0c3f5d5a86aff3ca12020c923adc6c92',NULL,NULL,NULL,NULL,NULL,NULL),(184,'zeo','','gongyijing@xinhuotech.com','8d969eef6ecad3c29a3a629280e686cf0c3f5d5a86aff3ca12020c923adc6c92',NULL,NULL,NULL,NULL,NULL,NULL),(185,'kellen','','182666781@qq.com','a665a45920422f9d417e4867efdc4fb8a04a1f3fff1fa07e998e86f7f7a27ae3',NULL,NULL,NULL,NULL,NULL,NULL),(186,'qqqe','','589632583@qq.com','a665a45920422f9d417e4867efdc4fb8a04a1f3fff1fa07e998e86f7f7a27ae3',NULL,NULL,NULL,NULL,NULL,NULL),(187,'kellenwang','','18266678@qq.com','a665a45920422f9d417e4867efdc4fb8a04a1f3fff1fa07e998e86f7f7a27ae3',NULL,NULL,NULL,NULL,NULL,NULL),(188,'TEST110','','TSET110@QQ.COM','8d969eef6ecad3c29a3a629280e686cf0c3f5d5a86aff3ca12020c923adc6c92',NULL,NULL,NULL,NULL,NULL,NULL),(189,'CCCC','','flora1109@163.com','29886a1c71247b9d7e10063a69b7eabee5b17288e39b66d6c63a0a718025c866',NULL,NULL,NULL,NULL,NULL,NULL),(190,'群群群','','617995483@qq.com','429e3f5ac675b51e94609a3d1d9a689edd090e0bcfe1493444631cf15a766fcc',NULL,NULL,NULL,NULL,NULL,NULL),(191,'军哥哥','','619786636@qq.com','306a9fe771046f6eff0df1b1759e6c21c225fbfbe0f95af02199531b09cd219d',NULL,NULL,NULL,NULL,NULL,NULL),(192,'宁宁圈','','522195100@qq.com','429e3f5ac675b51e94609a3d1d9a689edd090e0bcfe1493444631cf15a766fcc',NULL,NULL,NULL,NULL,NULL,NULL),(193,'luhui','','969817966@qq.com','bf4a2a248c0640ac6c6f293a41ebd884319dd8dae81b2008be393a4347b13f69',NULL,NULL,NULL,NULL,NULL,NULL),(194,'萍淡是福','','724226469@qq.com','148276d0b834e483e4200d5de440a3a2b5a5d75395fd4bbc06945f54c7db0fb3',NULL,NULL,NULL,NULL,NULL,NULL),(195,'孙冰','','sl1826@sina.com','1dcb9dea83c69b00df9a3db8d5e4f8f8ef1fb23b02ca259953661aa541c22c0d',NULL,NULL,NULL,NULL,NULL,NULL),(196,'qqqet','','qqqwcgghh@qq.com','ed103a5485d5982e447205fec59a1cf8805400793f3ee4e0fbee079041081298',NULL,NULL,NULL,NULL,NULL,NULL),(197,'kel','','182666@qq.com','e75873fbf340e10a919fb0b992d21da645051923b24a7fd185abc8a1cfc3564f',NULL,NULL,NULL,NULL,NULL,NULL);
/*!40000 ALTER TABLE `gener_user` ENABLE KEYS */;
UNLOCK TABLES;

--
-- Table structure for table `gener_zone`
--

DROP TABLE IF EXISTS `gener_zone`;
/*!40101 SET @saved_cs_client     = @@character_set_client */;
/*!40101 SET character_set_client = utf8 */;
CREATE TABLE `gener_zone` (
  `id` int(30) NOT NULL AUTO_INCREMENT,
  `userId` int(30) NOT NULL,
  `content` varchar(255) NOT NULL,
  `create_time` datetime NOT NULL,
  `create_by` int(30) NOT NULL,
  `update_time` datetime NOT NULL,
  `update_by` int(30) NOT NULL,
  PRIMARY KEY (`id`)
) ENGINE=InnoDB AUTO_INCREMENT=6 DEFAULT CHARSET=utf8;
/*!40101 SET character_set_client = @saved_cs_client */;

--
-- Dumping data for table `gener_zone`
--

LOCK TABLES `gener_zone` WRITE;
/*!40000 ALTER TABLE `gener_zone` DISABLE KEYS */;
INSERT INTO `gener_zone` VALUES (2,2,'空间描述','2017-01-12 15:40:18',2,'2017-01-12 15:40:18',2),(5,171,'yfyvyvyf','2017-01-18 18:21:11',171,'2017-01-20 14:18:30',171);
/*!40000 ALTER TABLE `gener_zone` ENABLE KEYS */;
UNLOCK TABLES;

--
-- Table structure for table `gener_zoneComment`
--

DROP TABLE IF EXISTS `gener_zoneComment`;
/*!40101 SET @saved_cs_client     = @@character_set_client */;
/*!40101 SET character_set_client = utf8 */;
CREATE TABLE `gener_zoneComment` (
  `id` int(30) NOT NULL AUTO_INCREMENT,
  `postId` int(30) NOT NULL,
  `userId` int(30) NOT NULL,
  `replyto` int(11) NOT NULL,
  `comment` varchar(255) NOT NULL,
  `create_time` datetime NOT NULL,
  `create_by` int(11) NOT NULL,
  `update_time` datetime NOT NULL,
  `update_by` int(11) NOT NULL,
  PRIMARY KEY (`id`)
) ENGINE=InnoDB AUTO_INCREMENT=2 DEFAULT CHARSET=utf8;
/*!40101 SET character_set_client = @saved_cs_client */;

--
-- Dumping data for table `gener_zoneComment`
--

LOCK TABLES `gener_zoneComment` WRITE;
/*!40000 ALTER TABLE `gener_zoneComment` DISABLE KEYS */;
INSERT INTO `gener_zoneComment` VALUES (1,2,2,-1,'评论内容','2017-01-12 16:13:53',2,'2017-01-12 16:13:53',2);
/*!40000 ALTER TABLE `gener_zoneComment` ENABLE KEYS */;
UNLOCK TABLES;

--
-- Table structure for table `gener_zonePost`
--

DROP TABLE IF EXISTS `gener_zonePost`;
/*!40101 SET @saved_cs_client     = @@character_set_client */;
/*!40101 SET character_set_client = utf8 */;
CREATE TABLE `gener_zonePost` (
  `id` int(11) NOT NULL AUTO_INCREMENT,
  `zoneId` int(11) NOT NULL,
  `userId` int(11) NOT NULL,
  `content` varchar(255) CHARACTER SET latin1 NOT NULL,
  `address` varchar(45) CHARACTER SET latin1 DEFAULT NULL,
  `create_time` datetime NOT NULL,
  `create_by` int(11) NOT NULL,
  `update_time` datetime NOT NULL,
  `update_by` int(11) NOT NULL,
  PRIMARY KEY (`id`)
) ENGINE=InnoDB AUTO_INCREMENT=15 DEFAULT CHARSET=utf8;
/*!40101 SET character_set_client = @saved_cs_client */;

--
-- Dumping data for table `gener_zonePost`
--

LOCK TABLES `gener_zonePost` WRITE;
/*!40000 ALTER TABLE `gener_zonePost` DISABLE KEYS */;
INSERT INTO `gener_zonePost` VALUES (1,2,2,'??','??','2017-01-12 15:50:24',2,'2017-01-12 15:50:24',2),(3,2,2,'??','??','2017-01-12 16:00:15',2,'2017-01-12 16:00:15',2),(4,5,171,'dsd','address','2017-01-19 17:57:51',171,'2017-01-19 17:57:51',171),(5,5,171,'feed','address','2017-01-19 18:00:15',171,'2017-01-19 18:00:15',171),(6,5,171,'??','address','2017-01-20 10:40:29',171,'2017-01-20 10:40:29',171),(7,5,171,'yufutdtdt','address','2017-01-20 10:49:55',171,'2017-01-20 11:32:20',171),(10,5,171,'yvyfycyc','address','2017-01-20 14:17:41',171,'2017-01-20 14:17:41',171),(11,5,171,'egdgdgdg','address','2017-01-20 14:30:37',171,'2017-01-20 14:30:37',171),(12,5,171,'gdgffb','address','2017-01-20 14:30:41',171,'2017-01-20 14:30:41',171),(13,5,171,'grgdgdg','address','2017-01-20 14:30:48',171,'2017-01-20 14:30:48',171),(14,5,171,'gefdg','address','2017-01-20 14:32:14',171,'2017-01-20 14:32:14',171);
/*!40000 ALTER TABLE `gener_zonePost` ENABLE KEYS */;
UNLOCK TABLES;
/*!40103 SET TIME_ZONE=@OLD_TIME_ZONE */;

/*!40101 SET SQL_MODE=@OLD_SQL_MODE */;
/*!40014 SET FOREIGN_KEY_CHECKS=@OLD_FOREIGN_KEY_CHECKS */;
/*!40014 SET UNIQUE_CHECKS=@OLD_UNIQUE_CHECKS */;
/*!40101 SET CHARACTER_SET_CLIENT=@OLD_CHARACTER_SET_CLIENT */;
/*!40101 SET CHARACTER_SET_RESULTS=@OLD_CHARACTER_SET_RESULTS */;
/*!40101 SET COLLATION_CONNECTION=@OLD_COLLATION_CONNECTION */;
/*!40111 SET SQL_NOTES=@OLD_SQL_NOTES */;

-- Dump completed on 2017-02-10 11:19:54
