-- MySQL dump 10.13  Distrib 5.7.17, for Linux (x86_64)
--
-- Host: 120.26.103.174    Database: family
-- ------------------------------------------------------
-- Server version	5.5.53-0ubuntu0.12.04.1

/*!40101 SET @OLD_CHARACTER_SET_CLIENT=@@CHARACTER_SET_CLIENT */;
/*!40101 SET @OLD_CHARACTER_SET_RESULTS=@@CHARACTER_SET_RESULTS */;
/*!40101 SET @OLD_COLLATION_CONNECTION=@@COLLATION_CONNECTION */;
/*!40101 SET NAMES utf8 */;
/*!40103 SET @OLD_TIME_ZONE=@@TIME_ZONE */;
/*!40103 SET TIME_ZONE='+00:00' */;
/*!40014 SET @OLD_UNIQUE_CHECKS=@@UNIQUE_CHECKS, UNIQUE_CHECKS=0 */;
/*!40014 SET @OLD_FOREIGN_KEY_CHECKS=@@FOREIGN_KEY_CHECKS, FOREIGN_KEY_CHECKS=0 */;
/*!40101 SET @OLD_SQL_MODE=@@SQL_MODE, SQL_MODE='NO_AUTO_VALUE_ON_ZERO' */;
/*!40111 SET @OLD_SQL_NOTES=@@SQL_NOTES, SQL_NOTES=0 */;

--
-- Table structure for table `gener_action`
--

DROP TABLE IF EXISTS `gener_action`;
/*!40101 SET @saved_cs_client     = @@character_set_client */;
/*!40101 SET character_set_client = utf8 */;
CREATE TABLE `gener_action` (
  `action` int(11) NOT NULL AUTO_INCREMENT,
  `name` varchar(45) COLLATE utf8mb4_unicode_ci NOT NULL,
  `module` int(11) NOT NULL,
  PRIMARY KEY (`action`),
  UNIQUE KEY `name_UNIQUE` (`name`),
  KEY `fk_gener_action_module_idx` (`module`),
  CONSTRAINT `fk_gener_action_module` FOREIGN KEY (`module`) REFERENCES `gener_module` (`module`) ON DELETE NO ACTION ON UPDATE NO ACTION
) ENGINE=InnoDB AUTO_INCREMENT=14 DEFAULT CHARSET=utf8mb4 COLLATE=utf8mb4_unicode_ci;
/*!40101 SET character_set_client = @saved_cs_client */;

--
-- Dumping data for table `gener_action`
--

LOCK TABLES `gener_action` WRITE;
/*!40000 ALTER TABLE `gener_action` DISABLE KEYS */;
INSERT INTO `gener_action` VALUES (1,'ADDPHOTO',8),(2,'ADDRELATEPERSON',8),(3,'DELETEPERSON',8),(4,'EDITPERSON',8),(5,'ADDADMIN',9),(6,'RESCINDADMIN',9),(7,'TRANSFERORIGINATOR',9),(8,'ADDEVENT',4),(9,'DELETEEVENT',4),(10,'UPDATEEVENT',4);
/*!40000 ALTER TABLE `gener_action` ENABLE KEYS */;
UNLOCK TABLES;

--
-- Table structure for table `gener_eventEditHistory`
--

DROP TABLE IF EXISTS `gener_eventEditHistory`;
/*!40101 SET @saved_cs_client     = @@character_set_client */;
/*!40101 SET character_set_client = utf8 */;
CREATE TABLE `gener_eventEditHistory` (
  `id` int(50) NOT NULL AUTO_INCREMENT,
  `eventId` int(30) NOT NULL,
  `exp_time` date NOT NULL,
  `exp_name` varchar(100) CHARACTER SET utf8mb4 NOT NULL,
  `exp_content` text CHARACTER SET utf8mb4 NOT NULL,
  `edit_type` int(10) NOT NULL,
  `writer` int(30) NOT NULL,
  `create_by` int(30) NOT NULL,
  `create_time` datetime NOT NULL,
  `update_by` int(30) NOT NULL,
  `update_time` datetime NOT NULL,
  PRIMARY KEY (`id`),
  KEY `fk_gener_eventEditHistory_1_idx` (`eventId`),
  KEY `fk_gener_eventEditHistory_writer_idx` (`writer`),
  CONSTRAINT `fk_gener_eventEditHistory_writer` FOREIGN KEY (`writer`) REFERENCES `gener_user` (`id`) ON DELETE NO ACTION ON UPDATE NO ACTION,
  CONSTRAINT `fk_gener_eventEditHistory_1` FOREIGN KEY (`eventId`) REFERENCES `gener_significantEvent` (`id`) ON DELETE CASCADE ON UPDATE NO ACTION
) ENGINE=InnoDB AUTO_INCREMENT=102 DEFAULT CHARSET=utf8mb4 COLLATE=utf8mb4_unicode_ci;
/*!40101 SET character_set_client = @saved_cs_client */;

--
-- Dumping data for table `gener_eventEditHistory`
--

LOCK TABLES `gener_eventEditHistory` WRITE;
/*!40000 ALTER TABLE `gener_eventEditHistory` DISABLE KEYS */;
INSERT INTO `gener_eventEditHistory` VALUES (88,82,'1995-02-01','测试我的大事件','&lt;p&gt;哈哈哈啊哈哈哈啊哈哈和&lt;/p&gt;',0,2,2,'2017-04-06 14:50:26',2,'2017-04-06 14:50:26'),(93,88,'2017-04-05','我的大事件有配图了','&lt;p&gt;啊啊啊啊啊啊&lt;/p&gt;',0,2,2,'2017-04-06 15:35:23',2,'2017-04-06 15:35:23'),(94,89,'2017-03-31','我的公开的大事件','&lt;p&gt;1111&lt;/p&gt;',0,2,2,'2017-04-06 15:36:03',2,'2017-04-06 15:36:03'),(95,90,'2017-04-06','哈哈哈哈','&lt;p&gt;测试新的横幅&lt;/p&gt;',0,2,2,'2017-04-06 16:14:29',2,'2017-04-06 16:14:29'),(96,91,'2017-04-03','这是一个带动画的横幅','&lt;p&gt;按道理说，秘密只能是自己的&lt;/p&gt;',0,2,2,'2017-04-06 16:48:38',2,'2017-04-06 16:48:38'),(97,92,'2003-02-07','兄弟１的大事件','&lt;p&gt;兄弟１的大事件&lt;/p&gt;\n&lt;p&gt;兄弟１的大事件&lt;/p&gt;\n&lt;p&gt;兄弟１的大事件&lt;/p&gt;\n&lt;p&gt;兄弟１的大事件&lt;/p&gt;\n&lt;p&gt;兄弟１的大事件&lt;/p&gt;\n&lt;p&gt;兄弟１的大事件&lt;/p&gt;\n&lt;p&gt;兄弟１的大事件&lt;/p&gt;\n&lt;p&gt;兄弟１的大事件&lt;/p&gt;\n&lt;p&gt;兄弟１的大事件&lt;/p&gt;\n&lt;p&gt;兄弟１的大事件&lt;/p&gt;\n&lt;p&gt;兄弟１的大事件&lt;/p&gt;\n&lt;p&gt;兄弟１的大事件&lt;/p&gt;\n&lt;p&gt;兄弟１的大事件&lt;/p&gt;\n&lt;p&gt;兄弟１的大事件&lt;/p&gt;\n&lt;p&gt;兄弟１的大事件&lt;/p&gt;\n&lt;p&gt;兄弟１的大事件&lt;/p&gt;\n&lt;p&gt;兄弟１的大事件&lt;/p&gt;\n&lt;p&gt;&amp;nbsp;&lt;/p&gt;',0,2,2,'2017-04-10 13:16:51',2,'2017-04-10 13:16:51'),(98,93,'2003-02-07','兄弟１的大事件','&lt;p&gt;兄弟１的大事件&lt;/p&gt;\n&lt;p&gt;兄弟１的大事件&lt;/p&gt;\n&lt;p&gt;兄弟１的大事件&lt;/p&gt;\n&lt;p&gt;兄弟１的大事件&lt;/p&gt;\n&lt;p&gt;兄弟１的大事件&lt;/p&gt;\n&lt;p&gt;兄弟１的大事件&lt;/p&gt;\n&lt;p&gt;兄弟１的大事件&lt;/p&gt;\n&lt;p&gt;兄弟１的大事件&lt;/p&gt;\n&lt;p&gt;兄弟１的大事件&lt;/p&gt;\n&lt;p&gt;兄弟１的大事件&lt;/p&gt;\n&lt;p&gt;兄弟１的大事件&lt;/p&gt;\n&lt;p&gt;兄弟１的大事件&lt;/p&gt;\n&lt;p&gt;兄弟１的大事件&lt;/p&gt;\n&lt;p&gt;兄弟１的大事件&lt;/p&gt;\n&lt;p&gt;兄弟１的大事件&lt;/p&gt;\n&lt;p&gt;兄弟１的大事件&lt;/p&gt;\n&lt;p&gt;兄弟１的大事件&lt;/p&gt;\n&lt;p&gt;&amp;nbsp;&lt;/p&gt;',0,2,2,'2017-04-10 13:17:42',2,'2017-04-10 13:17:42'),(99,94,'2017-03-29','兄弟1的另外一个大事件','&lt;p&gt;这里是兄弟1的另外一个大事件&lt;/p&gt;',0,2,2,'2017-04-10 13:28:16',2,'2017-04-10 13:28:16'),(100,95,'2016-03-10','给兄弟的大事件','&lt;p&gt;给兄弟的大事件&lt;/p&gt;',0,2,2,'2017-04-10 13:35:11',2,'2017-04-10 13:35:11'),(101,96,'2017-03-29','1111111111111111','&lt;p&gt;11111111111111111111111111&lt;/p&gt;',0,2,2,'2017-04-10 13:40:28',2,'2017-04-10 13:40:28');
/*!40000 ALTER TABLE `gener_eventEditHistory` ENABLE KEYS */;
UNLOCK TABLES;

--
-- Table structure for table `gener_familyAdmin`
--

DROP TABLE IF EXISTS `gener_familyAdmin`;
/*!40101 SET @saved_cs_client     = @@character_set_client */;
/*!40101 SET character_set_client = utf8 */;
CREATE TABLE `gener_familyAdmin` (
  `id` int(30) NOT NULL AUTO_INCREMENT,
  `familyId` int(30) unsigned NOT NULL,
  `adminId` int(30) NOT NULL,
  `create_by` int(30) NOT NULL,
  `create_time` datetime NOT NULL,
  `update_by` int(30) NOT NULL,
  `update_time` datetime NOT NULL,
  PRIMARY KEY (`id`),
  KEY `fk_gener_familyAdmin_1_idx` (`familyId`),
  KEY `fk_gener_familyAdmin_admin_idx` (`adminId`),
  KEY `fk_gener_familyAdmin_user_idx` (`create_by`),
  KEY `fk_gener_familyAdmin_updateBy_idx` (`update_by`),
  CONSTRAINT `fk_gener_familyAdmin_updateBy` FOREIGN KEY (`update_by`) REFERENCES `gener_user` (`id`) ON DELETE NO ACTION ON UPDATE NO ACTION,
  CONSTRAINT `fk_gener_familyAdmin_admin` FOREIGN KEY (`adminId`) REFERENCES `gener_user` (`id`) ON DELETE NO ACTION ON UPDATE NO ACTION,
  CONSTRAINT `fk_gener_familyAdmin_createBy` FOREIGN KEY (`create_by`) REFERENCES `gener_user` (`id`) ON DELETE NO ACTION ON UPDATE NO ACTION,
  CONSTRAINT `fk_gener_familyAdmin_family` FOREIGN KEY (`familyId`) REFERENCES `gener_testFamily` (`id`) ON DELETE NO ACTION ON UPDATE NO ACTION
) ENGINE=InnoDB AUTO_INCREMENT=26 DEFAULT CHARSET=utf8mb4 COLLATE=utf8mb4_unicode_ci;
/*!40101 SET character_set_client = @saved_cs_client */;

--
-- Dumping data for table `gener_familyAdmin`
--

LOCK TABLES `gener_familyAdmin` WRITE;
/*!40000 ALTER TABLE `gener_familyAdmin` DISABLE KEYS */;
INSERT INTO `gener_familyAdmin` VALUES (1,29,4,2,'2017-02-08 13:12:54',2,'2017-02-08 13:12:54'),(3,29,3,2,'2017-02-08 12:36:32',2,'2017-02-08 12:36:32'),(4,97,2,2,'2017-02-08 12:54:59',2,'2017-02-08 12:54:59'),(5,29,2,2,'2017-02-08 12:54:59',2,'2017-02-08 12:54:59'),(7,98,2,2,'2017-02-13 16:03:46',2,'2017-02-13 16:03:46'),(8,99,200,200,'2017-02-13 16:05:38',200,'2017-02-13 16:05:38'),(9,100,185,185,'2017-02-17 14:12:30',185,'2017-02-17 14:12:30'),(10,101,171,171,'2017-02-17 17:09:52',171,'2017-02-17 17:09:52'),(11,68,3,3,'2017-02-08 13:12:54',3,'2017-02-08 13:12:54'),(12,68,192,3,'0000-00-00 00:00:00',3,'2017-02-08 13:12:54'),(13,102,3,3,'2017-02-17 17:39:18',3,'2017-02-17 17:39:18'),(14,103,171,171,'2017-02-21 18:16:09',171,'2017-02-21 18:16:09'),(15,104,171,171,'2017-02-22 14:43:35',171,'2017-02-22 14:43:35'),(16,105,171,171,'2017-02-28 11:03:59',171,'2017-02-28 11:03:59'),(17,106,213,213,'2017-03-21 15:23:28',213,'2017-03-21 15:23:28'),(18,107,2,2,'2017-03-23 17:57:01',2,'2017-03-23 17:57:01'),(19,108,207,207,'2017-03-23 21:54:08',207,'2017-03-23 21:54:08'),(20,109,2,2,'2017-03-24 11:12:18',2,'2017-03-24 11:12:18'),(21,110,2,2,'2017-03-24 11:13:22',2,'2017-03-24 11:13:22'),(22,111,171,171,'2017-03-29 17:48:46',171,'2017-03-29 17:48:46'),(23,112,2,2,'2017-04-05 10:48:49',2,'2017-04-05 10:48:49'),(24,113,207,207,'2017-04-11 11:30:36',207,'2017-04-11 11:30:36'),(25,114,214,214,'2017-04-11 15:39:09',214,'2017-04-11 15:39:09');
/*!40000 ALTER TABLE `gener_familyAdmin` ENABLE KEYS */;
UNLOCK TABLES;

--
-- Table structure for table `gener_familyNews`
--

DROP TABLE IF EXISTS `gener_familyNews`;
/*!40101 SET @saved_cs_client     = @@character_set_client */;
/*!40101 SET character_set_client = utf8 */;
CREATE TABLE `gener_familyNews` (
  `id` int(11) NOT NULL AUTO_INCREMENT,
  `familyId` int(30) unsigned NOT NULL,
  `module` int(6) NOT NULL,
  `action` int(6) NOT NULL,
  `operatorId` int(30) NOT NULL,
  `thingId` int(30) NOT NULL COMMENT '存储的是被操作的事物的id',
  `thing_name` varchar(100) CHARACTER SET utf8mb4 NOT NULL,
  `extra_info1` varchar(255) CHARACTER SET utf8mb4 DEFAULT NULL COMMENT '额外信息1，例如某人为某人增加了照片，可以在这里存放照片的路径',
  `extra_info2` varchar(255) CHARACTER SET utf8mb4 DEFAULT NULL COMMENT '额外信息2',
  `create_by` int(30) NOT NULL,
  `create_time` datetime NOT NULL,
  `update_by` int(30) NOT NULL,
  `update_time` datetime NOT NULL,
  PRIMARY KEY (`id`),
  KEY `fk_gener_familyNews_familyId_idx` (`familyId`),
  KEY `fk_gener_familyNews_module_idx` (`module`),
  KEY `fk_gener_familyNews_action_idx` (`action`),
  CONSTRAINT `fk_gener_familyNews_action` FOREIGN KEY (`action`) REFERENCES `gener_action` (`action`) ON DELETE NO ACTION ON UPDATE NO ACTION,
  CONSTRAINT `fk_gener_familyNews_family` FOREIGN KEY (`familyId`) REFERENCES `gener_testFamily` (`id`) ON DELETE CASCADE ON UPDATE NO ACTION,
  CONSTRAINT `fk_gener_familyNews_module` FOREIGN KEY (`module`) REFERENCES `gener_module` (`module`) ON DELETE NO ACTION ON UPDATE NO ACTION
) ENGINE=InnoDB AUTO_INCREMENT=1790 DEFAULT CHARSET=utf8mb4 COLLATE=utf8mb4_unicode_ci;
/*!40101 SET character_set_client = @saved_cs_client */;

--
-- Dumping data for table `gener_familyNews`
--

LOCK TABLES `gener_familyNews` WRITE;
/*!40000 ALTER TABLE `gener_familyNews` DISABLE KEYS */;
INSERT INTO `gener_familyNews` VALUES (1751,112,8,2,2,473,'哈哈哈','','',2,'2017-04-06 12:23:32',2,'2017-04-06 12:23:32'),(1756,29,8,2,2,474,'另一个配偶','','',2,'2017-04-06 16:26:25',2,'2017-04-06 16:26:25'),(1757,29,4,8,2,91,'这是一个带动画的横幅','','',2,'2017-04-06 16:48:38',2,'2017-04-06 16:48:38'),(1760,29,4,8,2,92,'兄弟１的大事件','','',2,'2017-04-10 13:16:51',2,'2017-04-10 13:16:51'),(1761,29,4,8,2,93,'兄弟１的大事件','','',2,'2017-04-10 13:17:42',2,'2017-04-10 13:17:42'),(1762,112,8,2,2,475,'兄弟','','',2,'2017-04-10 13:26:55',2,'2017-04-10 13:26:55'),(1763,29,4,8,2,94,'兄弟1的另外一个大事件','','',2,'2017-04-10 13:28:16',2,'2017-04-10 13:28:16'),(1764,29,4,8,2,95,'给兄弟的大事件','','',2,'2017-04-10 13:35:11',2,'2017-04-10 13:35:11'),(1765,107,4,8,2,96,'1111111111111111','','',2,'2017-04-10 13:40:28',2,'2017-04-10 13:40:28'),(1766,102,8,2,3,476,'赖章刚','','',3,'2017-04-10 17:43:15',3,'2017-04-10 17:43:15'),(1767,102,8,2,3,477,'赖菀滴','','',3,'2017-04-10 17:45:54',3,'2017-04-10 17:45:54'),(1768,102,8,2,3,478,'江黎黎','','',3,'2017-04-10 17:47:42',3,'2017-04-10 17:47:42'),(1769,102,8,2,3,479,'赵晨伊','','',3,'2017-04-10 17:50:25',3,'2017-04-10 17:50:25'),(1770,102,8,2,3,480,'王雪松','','',3,'2017-04-10 17:56:40',3,'2017-04-10 17:56:40'),(1771,102,8,2,3,481,'赵宝丹','','',3,'2017-04-10 17:58:25',3,'2017-04-10 17:58:25'),(1772,102,8,2,3,482,'陈小芳','','',3,'2017-04-10 17:58:50',3,'2017-04-10 17:58:50'),(1773,102,8,2,3,483,'曾晨','','',3,'2017-04-10 17:59:30',3,'2017-04-10 17:59:30'),(1774,102,8,2,3,484,'周周','','',3,'2017-04-10 18:01:02',3,'2017-04-10 18:01:02'),(1775,102,8,2,3,485,'周周','','',3,'2017-04-10 18:01:02',3,'2017-04-10 18:01:02'),(1776,29,8,1,2,474,'另一个配偶','/images/upload/2/149181988513xAMqkEI_hL8s1o478ZTQPU','',2,'2017-04-10 18:24:46',2,'2017-04-10 18:24:46'),(1777,29,8,1,2,474,'另一个配偶','/images/upload/2/1491819911tY7wIRnxtnue_8bMxjNPnwT','',2,'2017-04-10 18:25:13',2,'2017-04-10 18:25:13'),(1778,29,8,1,2,474,'另一个配偶','/images/upload/2/1491819931W1DtHnKYhGMHaDx7T94efS','',2,'2017-04-10 18:25:32',2,'2017-04-10 18:25:32'),(1779,29,8,1,2,474,'另一个配偶','/images/upload/2/14918199671mKtHbgYbULlfMTOqfTrJvBl','',2,'2017-04-10 18:26:08',2,'2017-04-10 18:26:08'),(1780,29,8,1,2,474,'另一个配偶','/images/upload/2/1491819981E25tQ6LPSzHMYRzfs0KgFDyO','',2,'2017-04-10 18:26:23',2,'2017-04-10 18:26:23'),(1781,108,8,2,207,486,'1','','',207,'2017-04-11 11:11:03',207,'2017-04-11 11:11:03'),(1782,108,8,2,207,487,'2','','',207,'2017-04-11 11:11:19',207,'2017-04-11 11:11:19'),(1783,114,8,2,214,490,'周爸','','',214,'2017-04-11 15:39:30',214,'2017-04-11 15:39:30'),(1784,114,8,2,214,491,'周妈','','',214,'2017-04-11 15:39:55',214,'2017-04-11 15:39:55'),(1785,114,8,2,214,492,'周兄','','',214,'2017-04-11 15:40:54',214,'2017-04-11 15:40:54'),(1786,114,8,1,214,492,'周兄','/images/upload/1491902268ZEhUw5v5dU0q8QTPo9HEM31F','',214,'2017-04-11 17:17:48',214,'2017-04-11 17:17:48'),(1787,29,8,1,2,149,'姐妹2','/images/upload/2/1491983379wUgB3vVPkl7R_U5oLKKTafBF','',2,'2017-04-12 15:49:42',2,'2017-04-12 15:49:42'),(1788,29,8,1,2,148,'姐妹1','/images/upload/2/1491983892vp8yEv5wT0O8ct2vOBtN3HQ','2',2,'2017-04-12 15:58:13',2,'2017-04-12 15:58:13'),(1789,29,8,1,2,148,'姐妹1','/images/upload/2/1491984013G0AR20rK0ffXc_DgWXFYjrvP','',2,'2017-04-12 16:00:14',2,'2017-04-12 16:00:14');
/*!40000 ALTER TABLE `gener_familyNews` ENABLE KEYS */;
UNLOCK TABLES;

--
-- Table structure for table `gener_feedback`
--

DROP TABLE IF EXISTS `gener_feedback`;
/*!40101 SET @saved_cs_client     = @@character_set_client */;
/*!40101 SET character_set_client = utf8 */;
CREATE TABLE `gener_feedback` (
  `id` int(11) unsigned zerofill NOT NULL AUTO_INCREMENT,
  `userId` int(11) NOT NULL,
  `feedback_message` varchar(255) CHARACTER SET utf8mb4 NOT NULL,
  `handle_static` int(11) DEFAULT NULL,
  `message_from` varchar(255) CHARACTER SET utf8mb4 DEFAULT NULL,
  `message_to` varchar(255) CHARACTER SET utf8mb4 DEFAULT NULL,
  `topic_id` int(11) DEFAULT NULL,
  `create_by` char(255) CHARACTER SET latin1 DEFAULT NULL,
  `create_time` datetime DEFAULT NULL,
  `update_by` char(255) CHARACTER SET latin1 DEFAULT NULL,
  `update_time` datetime DEFAULT NULL,
  PRIMARY KEY (`id`),
  KEY `fk_gener_feedback_userId_idx` (`userId`),
  CONSTRAINT `fk_gener_feedback_userId` FOREIGN KEY (`userId`) REFERENCES `gener_user` (`id`) ON DELETE NO ACTION ON UPDATE NO ACTION
) ENGINE=InnoDB AUTO_INCREMENT=4 DEFAULT CHARSET=utf8mb4 COLLATE=utf8mb4_unicode_ci;
/*!40101 SET character_set_client = @saved_cs_client */;

--
-- Dumping data for table `gener_feedback`
--

LOCK TABLES `gener_feedback` WRITE;
/*!40000 ALTER TABLE `gener_feedback` DISABLE KEYS */;
INSERT INTO `gener_feedback` VALUES (00000000001,2,'helloworld',0,'2','0',1,NULL,'0000-00-00 00:00:00',NULL,NULL);
/*!40000 ALTER TABLE `gener_feedback` ENABLE KEYS */;
UNLOCK TABLES;

--
-- Table structure for table `gener_file`
--

DROP TABLE IF EXISTS `gener_file`;
/*!40101 SET @saved_cs_client     = @@character_set_client */;
/*!40101 SET character_set_client = utf8 */;
CREATE TABLE `gener_file` (
  `id` int(10) unsigned zerofill NOT NULL AUTO_INCREMENT,
  `file_path` varchar(255) CHARACTER SET utf8 NOT NULL,
  `module` int(11) NOT NULL,
  `create_by` int(8) NOT NULL,
  `create_time` datetime NOT NULL,
  PRIMARY KEY (`id`),
  UNIQUE KEY `file_path_UNIQUE` (`file_path`)
) ENGINE=InnoDB AUTO_INCREMENT=416 DEFAULT CHARSET=utf8mb4 COLLATE=utf8mb4_unicode_ci;
/*!40101 SET character_set_client = @saved_cs_client */;

--
-- Dumping data for table `gener_file`
--

LOCK TABLES `gener_file` WRITE;
/*!40000 ALTER TABLE `gener_file` DISABLE KEYS */;
INSERT INTO `gener_file` VALUES (0000000007,'/images/upload/2/14891291232017-01-06 14-30-49屏幕截图.png',4,2,'2017-03-10 14:58:43'),(0000000008,'/images/upload/2/14891291832017-01-06 14-30-49屏幕截图.png',4,2,'2017-03-10 14:59:43'),(0000000009,'/images/upload/2/14891299792017-01-06 14-30-49屏幕截图.png',4,2,'2017-03-10 15:12:59'),(0000000010,'/images/upload/2/14891307522017-01-06 14-30-49屏幕截图.png',4,2,'2017-03-10 15:25:52'),(0000000011,'/images/upload/2/14891312822017-01-06 14-30-49屏幕截图.png',4,2,'2017-03-10 15:34:42'),(0000000012,'/images/upload/2/14891325632017-01-06 14-30-49屏幕截图.png',4,2,'2017-03-10 15:56:03'),(0000000013,'/images/upload/2/14891326082017-01-06 14-30-49屏幕截图.png',4,2,'2017-03-10 15:56:47'),(0000000014,'/images/upload/2/14891335202017-01-06 14-30-49屏幕截图.png',4,2,'2017-03-10 16:12:00'),(0000000015,'/images/upload/2/14891336732017-01-06 14-30-49屏幕截图.png',4,2,'2017-03-10 16:14:33'),(0000000016,'/images/upload/2/14891336832017-01-06 14-30-49屏幕截图.png',4,2,'2017-03-10 16:14:43'),(0000000017,'/images/upload/2/14891353602017-01-06 14-30-49屏幕截图.png',4,2,'2017-03-10 16:42:40'),(0000000018,'/images/upload/2/14891355202017-01-06 14-30-49屏幕截图.png',4,2,'2017-03-10 16:45:20'),(0000000019,'/images/upload/2/14891356866808.jpg_wh300.jpg',4,2,'2017-03-10 16:48:06'),(0000000020,'/images/upload/2/14891357682017-01-06 14-30-49屏幕截图.png',4,2,'2017-03-10 16:49:28'),(0000000021,'/images/upload/2/1489135929photo.png',4,2,'2017-03-10 16:52:09'),(0000000022,'/images/upload/2/14891361596808.jpg_wh300.jpg',4,2,'2017-03-10 16:55:59'),(0000000023,'/images/upload/2/14891367912017-01-06 14-30-49屏幕截图.png',4,2,'2017-03-10 17:06:31'),(0000000024,'/images/upload/2/1489136837photo.png',4,2,'2017-03-10 17:07:17'),(0000000025,'/images/upload/2/14891397272017-01-06 18-26-03屏幕截图.png',4,2,'2017-03-10 17:55:27'),(0000000026,'/images/upload/2/14891398962017-01-06 14-30-49屏幕截图.png',4,2,'2017-03-10 17:58:16'),(0000000027,'/images/upload/2/14891402132017-01-06 14-30-49屏幕截图.png',4,2,'2017-03-10 18:03:33'),(0000000028,'/images/upload/2/14891404982017-01-06 14-30-49屏幕截图.png',4,2,'2017-03-10 18:08:18'),(0000000029,'/images/upload/2/14891424466808.jpg_wh300.jpg',4,2,'2017-03-10 18:40:46'),(0000000030,'/images/upload/2/14893700522017-01-06 14-30-49屏幕截图.png',4,2,'2017-03-13 09:54:12'),(0000000031,'/images/upload/2/14893701672017-01-06 14-30-49屏幕截图.png',4,2,'2017-03-13 09:56:07'),(0000000032,'/images/upload/2/14893949402017-01-06 14-30-49屏幕截图.png',4,2,'2017-03-13 16:49:00'),(0000000033,'/images/upload/3/1489401878tiger3.jpg',4,3,'2017-03-13 18:44:38'),(0000000034,'/images/upload/2/1489570978photo.png',4,2,'2017-03-15 17:42:58'),(0000000035,'/images/upload/3/1489642700895309692761421944.jpg',4,3,'2017-03-16 13:38:20'),(0000000036,'/images/upload/2/14899975762017-01-06 14-30-49屏幕截图.png',4,2,'2017-03-20 16:12:56'),(0000000037,'/images/upload/2/14899975872017-01-06 14-30-49屏幕截图.png',4,2,'2017-03-20 16:13:07'),(0000000039,'/images/upload/2/14899975872017-01-06 18-26-03屏幕截图.png',4,2,'2017-03-20 16:13:07'),(0000000040,'/images/upload/2/14899975872017-02-14 14-18-22屏幕截图.png',4,2,'2017-03-20 16:13:07'),(0000000041,'/images/upload/2/14899975876808.jpg_wh300.jpg',4,2,'2017-03-20 16:13:07'),(0000000042,'/images/upload/2/1489997587hahahahahahahahahahh.png',4,2,'2017-03-20 16:13:07'),(0000000043,'/images/upload/2/1489997587photo.png',4,2,'2017-03-20 16:13:07'),(0000000044,'/images/upload/2/14899978012017-01-06 14-30-49屏幕截图.png',4,2,'2017-03-20 16:16:41'),(0000000045,'/images/upload/2/14899978012017-01-06 18-26-03屏幕截图.png',4,2,'2017-03-20 16:16:41'),(0000000046,'/images/upload/2/14899978012017-02-14 14-18-22屏幕截图.png',4,2,'2017-03-20 16:16:41'),(0000000047,'/images/upload/2/14899978016808.jpg_wh300.jpg',4,2,'2017-03-20 16:16:41'),(0000000048,'/images/upload/2/1489997802hahahahahahahahahahh.png',4,2,'2017-03-20 16:16:41'),(0000000049,'/images/upload/2/1489997802photo.png',4,2,'2017-03-20 16:16:42'),(0000000050,'/images/upload/2/14899978422017-01-06 14-30-49屏幕截图.png',4,2,'2017-03-20 16:17:22'),(0000000051,'/images/upload/2/14899978422017-01-06 18-26-03屏幕截图.png',4,2,'2017-03-20 16:17:22'),(0000000052,'/images/upload/2/14899978422017-02-14 14-18-22屏幕截图.png',4,2,'2017-03-20 16:17:22'),(0000000053,'/images/upload/2/14899978426808.jpg_wh300.jpg',4,2,'2017-03-20 16:17:22'),(0000000054,'/images/upload/2/1489997842hahahahahahahahahahh.png',4,2,'2017-03-20 16:17:22'),(0000000055,'/images/upload/2/1489997842photo.png',4,2,'2017-03-20 16:17:22'),(0000000056,'/images/upload/2/14899979792017-01-06 14-30-49屏幕截图.png',4,2,'2017-03-20 16:19:38'),(0000000057,'/images/upload/2/14899979792017-01-06 18-26-03屏幕截图.png',4,2,'2017-03-20 16:19:39'),(0000000058,'/images/upload/2/14899979792017-02-14 14-18-22屏幕截图.png',4,2,'2017-03-20 16:19:39'),(0000000059,'/images/upload/2/14899979796808.jpg_wh300.jpg',4,2,'2017-03-20 16:19:39'),(0000000060,'/images/upload/2/1489997979hahahahahahahahahahh.png',4,2,'2017-03-20 16:19:39'),(0000000061,'/images/upload/2/1489997979photo.png',4,2,'2017-03-20 16:19:39'),(0000000062,'/images/upload/2/14899980032017-01-06 14-30-49屏幕截图.png',4,2,'2017-03-20 16:20:03'),(0000000063,'/images/upload/2/14899980032017-01-06 18-26-03屏幕截图.png',4,2,'2017-03-20 16:20:03'),(0000000064,'/images/upload/2/14899980032017-02-14 14-18-22屏幕截图.png',4,2,'2017-03-20 16:20:03'),(0000000065,'/images/upload/2/14899980036808.jpg_wh300.jpg',4,2,'2017-03-20 16:20:03'),(0000000066,'/images/upload/2/1489998003hahahahahahahahahahh.png',4,2,'2017-03-20 16:20:03'),(0000000067,'/images/upload/2/1489998003photo.png',4,2,'2017-03-20 16:20:03'),(0000000068,'/images/upload/2/14899980342017-01-06 14-30-49屏幕截图.png',4,2,'2017-03-20 16:20:34'),(0000000069,'/images/upload/2/14899980342017-01-06 18-26-03屏幕截图.png',4,2,'2017-03-20 16:20:34'),(0000000070,'/images/upload/2/14899980342017-02-14 14-18-22屏幕截图.png',4,2,'2017-03-20 16:20:34'),(0000000071,'/images/upload/2/14899980346808.jpg_wh300.jpg',4,2,'2017-03-20 16:20:34'),(0000000072,'/images/upload/2/1489998035hahahahahahahahahahh.png',4,2,'2017-03-20 16:20:35'),(0000000073,'/images/upload/2/1489998035photo.png',4,2,'2017-03-20 16:20:35'),(0000000074,'/images/upload/2/14899980382017-01-06 14-30-49屏幕截图.png',4,2,'2017-03-20 16:20:38'),(0000000075,'/images/upload/2/14899980392017-01-06 18-26-03屏幕截图.png',4,2,'2017-03-20 16:20:38'),(0000000076,'/images/upload/2/14899980392017-02-14 14-18-22屏幕截图.png',4,2,'2017-03-20 16:20:39'),(0000000077,'/images/upload/2/14899980396808.jpg_wh300.jpg',4,2,'2017-03-20 16:20:39'),(0000000078,'/images/upload/2/1489998039hahahahahahahahahahh.png',4,2,'2017-03-20 16:20:39'),(0000000079,'/images/upload/2/1489998039photo.png',4,2,'2017-03-20 16:20:39'),(0000000080,'/images/upload/2/14899980392017-01-06 14-30-49屏幕截图.png',4,2,'2017-03-20 16:20:39'),(0000000086,'/images/upload/2/14899989462017-01-06 14-30-49屏幕截图.png',4,2,'2017-03-20 16:35:46'),(0000000087,'/images/upload/2/14899989472017-01-06 18-26-03屏幕截图.png',4,2,'2017-03-20 16:35:47'),(0000000088,'/images/upload/2/14899989472017-02-14 14-18-22屏幕截图.png',4,2,'2017-03-20 16:35:47'),(0000000089,'/images/upload/2/14899989476808.jpg_wh300.jpg',4,2,'2017-03-20 16:35:47'),(0000000090,'/images/upload/2/1489998947hahahahahahahahahahh.png',4,2,'2017-03-20 16:35:47'),(0000000091,'/images/upload/2/1489998947photo.png',4,2,'2017-03-20 16:35:47'),(0000000092,'/images/upload/2/14899997512017-01-06 14-30-49屏幕截图.png',4,2,'2017-03-20 16:49:10'),(0000000093,'/images/upload/2/14899997512017-01-06 18-26-03屏幕截图.png',4,2,'2017-03-20 16:49:11'),(0000000094,'/images/upload/2/14899997512017-02-14 14-18-22屏幕截图.png',4,2,'2017-03-20 16:49:11'),(0000000095,'/images/upload/2/14899997516808.jpg_wh300.jpg',4,2,'2017-03-20 16:49:11'),(0000000096,'/images/upload/2/1489999751hahahahahahahahahahh.png',4,2,'2017-03-20 16:49:11'),(0000000097,'/images/upload/2/1489999751photo.png',4,2,'2017-03-20 16:49:11'),(0000000098,'/images/upload/2/14899999182017-01-06 14-30-49屏幕截图.png',4,2,'2017-03-20 16:51:58'),(0000000099,'/images/upload/2/14899999182017-01-06 18-26-03屏幕截图.png',4,2,'2017-03-20 16:51:58'),(0000000100,'/images/upload/2/14899999182017-02-14 14-18-22屏幕截图.png',4,2,'2017-03-20 16:51:58'),(0000000101,'/images/upload/2/14899999186808.jpg_wh300.jpg',4,2,'2017-03-20 16:51:58'),(0000000102,'/images/upload/2/1489999918hahahahahahahahahahh.png',4,2,'2017-03-20 16:51:58'),(0000000103,'/images/upload/2/1489999918photo.png',4,2,'2017-03-20 16:51:58'),(0000000104,'/images/upload/2/14900000002017-01-06 14-30-49屏幕截图.png',4,2,'2017-03-20 16:53:20'),(0000000105,'/images/upload/2/14900000002017-01-06 18-26-03屏幕截图.png',4,2,'2017-03-20 16:53:20'),(0000000106,'/images/upload/2/14900000012017-02-14 14-18-22屏幕截图.png',4,2,'2017-03-20 16:53:20'),(0000000107,'/images/upload/2/14900000016808.jpg_wh300.jpg',4,2,'2017-03-20 16:53:21'),(0000000108,'/images/upload/2/1490000001hahahahahahahahahahh.png',4,2,'2017-03-20 16:53:21'),(0000000109,'/images/upload/2/1490000001photo.png',4,2,'2017-03-20 16:53:21'),(0000000110,'/images/upload/2/14900000692017-01-06 14-30-49屏幕截图.png',4,2,'2017-03-20 16:54:29'),(0000000111,'/images/upload/2/14900000692017-01-06 18-26-03屏幕截图.png',4,2,'2017-03-20 16:54:29'),(0000000112,'/images/upload/2/14900000692017-02-14 14-18-22屏幕截图.png',4,2,'2017-03-20 16:54:29'),(0000000113,'/images/upload/2/14900000696808.jpg_wh300.jpg',4,2,'2017-03-20 16:54:29'),(0000000114,'/images/upload/2/1490000070hahahahahahahahahahh.png',4,2,'2017-03-20 16:54:30'),(0000000115,'/images/upload/2/1490000070photo.png',4,2,'2017-03-20 16:54:30'),(0000000116,'/images/upload/2/14900001752017-01-06 14-30-49屏幕截图.png',4,2,'2017-03-20 16:56:15'),(0000000117,'/images/upload/2/14900001752017-01-06 18-26-03屏幕截图.png',4,2,'2017-03-20 16:56:15'),(0000000118,'/images/upload/2/14900001752017-02-14 14-18-22屏幕截图.png',4,2,'2017-03-20 16:56:15'),(0000000119,'/images/upload/2/14900001766808.jpg_wh300.jpg',4,2,'2017-03-20 16:56:15'),(0000000120,'/images/upload/2/1490000176hahahahahahahahahahh.png',4,2,'2017-03-20 16:56:16'),(0000000121,'/images/upload/2/1490000176photo.png',4,2,'2017-03-20 16:56:16'),(0000000122,'/images/upload/2/14900002962017-01-06 14-30-49屏幕截图.png',4,2,'2017-03-20 16:58:16'),(0000000123,'/images/upload/2/14900002962017-01-06 18-26-03屏幕截图.png',4,2,'2017-03-20 16:58:16'),(0000000124,'/images/upload/2/14900002962017-02-14 14-18-22屏幕截图.png',4,2,'2017-03-20 16:58:16'),(0000000125,'/images/upload/2/14900002966808.jpg_wh300.jpg',4,2,'2017-03-20 16:58:16'),(0000000126,'/images/upload/2/1490000296hahahahahahahahahahh.png',4,2,'2017-03-20 16:58:16'),(0000000127,'/images/upload/2/1490000296photo.png',4,2,'2017-03-20 16:58:16'),(0000000128,'/images/upload/2/1490000444',4,2,'2017-03-20 17:00:44'),(0000000129,'/images/upload/2/1490000445',4,2,'2017-03-20 17:00:44'),(0000000134,'/images/upload/2/14900005064xV3UnbonhSZ_sdB5_5IpRjw',4,2,'2017-03-20 17:01:46'),(0000000135,'/images/upload/2/1490000506zsqy7vWb0QfUbrhzI7xHzLhF',4,2,'2017-03-20 17:01:46'),(0000000136,'/images/upload/2/1490000506Jnl7dFEM52jcxdox1Eqd3HNM',4,2,'2017-03-20 17:01:46'),(0000000137,'/images/upload/2/1490000506Pism2J0M4lTh_v24ylg3yFBA',4,2,'2017-03-20 17:01:46'),(0000000138,'/images/upload/2/1490000506hOkHz5uSxRVeRFjbxAa1Cez',4,2,'2017-03-20 17:01:46'),(0000000139,'/images/upload/2/1490000507YvCv8c3qbSLTqQlglb9A1PTc',4,2,'2017-03-20 17:01:46'),(0000000140,'/images/upload/2/1490000507krml2BU5vueHyETonKOb43x',4,2,'2017-03-20 17:01:47'),(0000000141,'/images/upload/2/1490000507fd5g1YtloQHrpzqu3UJLrlCP',4,2,'2017-03-20 17:01:47'),(0000000142,'/images/upload/2/1490000507JlCUpGqFUvVVrneQbWfAuG3x',4,2,'2017-03-20 17:01:47'),(0000000143,'/images/upload/2/1490000507zMg_6TNPcoIB26fXB9Q1w3RH',4,2,'2017-03-20 17:01:47'),(0000000144,'/images/upload/2/1490000507Z5grMkZj5ehb53hsHTuN6qn',4,2,'2017-03-20 17:01:47'),(0000000145,'/images/upload/2/1490000507geoMhesfkIH41En6TFiYJhe9',4,2,'2017-03-20 17:01:47'),(0000000146,'/images/upload/2/1490002283ZEzFuSIT0giKeKgnR3OGXzp5',4,2,'2017-03-20 17:31:23'),(0000000147,'/images/upload/2/1490002284pILHV0CSE9w70c0shKH03S',4,2,'2017-03-20 17:31:23'),(0000000148,'/images/upload/2/14900022842Rx_oW4ODPtwQ3ntdTAd4Aex',4,2,'2017-03-20 17:31:24'),(0000000149,'/images/upload/2/1490002284RYcSYfJ5e_u82gMSKhGNE7',4,2,'2017-03-20 17:31:24'),(0000000150,'/images/upload/2/1490002284wIcBgr66niYkyFkDTi60kmNb',4,2,'2017-03-20 17:31:24'),(0000000151,'/images/upload/2/149000228442RSHZRbF2MWtT0RaYaICuku',4,2,'2017-03-20 17:31:24'),(0000000152,'/images/upload/2/1490002286Mqv5NggRi6H_3xaJAXD2OEUY',4,2,'2017-03-20 17:31:26'),(0000000153,'/images/upload/2/1490002287B2Fbw_Gho9n9pEIKHGOcQwN',4,2,'2017-03-20 17:31:26'),(0000000154,'/images/upload/2/1490002287L8PyMHulJ8xe6bwukTEKwDqf',4,2,'2017-03-20 17:31:27'),(0000000155,'/images/upload/2/1490002287i41vVygFG4brLGMtOhIVtcoN',4,2,'2017-03-20 17:31:27'),(0000000156,'/images/upload/2/149000228740vAEWPXRqUnHy2LKuvoeZb',4,2,'2017-03-20 17:31:27'),(0000000157,'/images/upload/2/1490002287wF4_RsLWtfu6ai197s2v7AyT',4,2,'2017-03-20 17:31:27'),(0000000158,'/images/upload/2/1490002287j0nIfkTMZYKPpuJTKcZUu_2C',4,2,'2017-03-20 17:31:27'),(0000000159,'/images/upload/2/1490002287r46yFEqZFNFV6xG3upTUTBLC',4,2,'2017-03-20 17:31:27'),(0000000160,'/images/upload/2/1490002287NJvgIxT7CZGgC4egST9YoQ0S',4,2,'2017-03-20 17:31:27'),(0000000161,'/images/upload/2/1490002287dTL5tuHfbbvUJnkkFBXKPcA',4,2,'2017-03-20 17:31:27'),(0000000162,'/images/upload/2/1490002287Gmw3axWnpFsS785jkBc1Yblh',4,2,'2017-03-20 17:31:27'),(0000000163,'/images/upload/2/1490002287QWdyKp7oLErV9lgyJp7Sura',4,2,'2017-03-20 17:31:27'),(0000000164,'/images/upload/2/1490002555W7cvDicfrb3EFx7Puzptcq6',4,2,'2017-03-20 17:35:55'),(0000000165,'/images/upload/2/14900025552BjgbhE6oQB07OfyZibDQiri',4,2,'2017-03-20 17:35:55'),(0000000166,'/images/upload/2/1490002556SrIkD6qFIKWTy_omzoulE0j',4,2,'2017-03-20 17:35:55'),(0000000167,'/images/upload/2/1490002556WbWLum2kNKEoR32xNYpNunaR',4,2,'2017-03-20 17:35:56'),(0000000168,'/images/upload/2/1490002556WyjgbkA5vvR_RTjCBY_r1YN',4,2,'2017-03-20 17:35:56'),(0000000169,'/images/upload/2/1490002556ZlyrIIhDfAUqVswoXlnMdGnP',4,2,'2017-03-20 17:35:56'),(0000000170,'/images/upload/2/1490002558CleBmbmkwVMcB1QRCIfv8MU4',4,2,'2017-03-20 17:35:58'),(0000000171,'/images/upload/2/14900025586fRjWc7wxm6Uxtc1mZeY_3NB',4,2,'2017-03-20 17:35:58'),(0000000172,'/images/upload/2/1490002558L14UNZZTdOb7_iDwEJpaaCcx',4,2,'2017-03-20 17:35:58'),(0000000173,'/images/upload/2/1490002558zqtxuf6dgb6183VmR4tQn4k0',4,2,'2017-03-20 17:35:58'),(0000000174,'/images/upload/2/1490002558OKaZkmuTNYpfbwtrIAtQDnat',4,2,'2017-03-20 17:35:58'),(0000000175,'/images/upload/2/1490002558rEiOIDOvlZsFkXx5TXl2rOu7',4,2,'2017-03-20 17:35:58'),(0000000176,'/images/upload/2/1490002558mYY_j7rLLJxskkYGipkCkRHc',4,2,'2017-03-20 17:35:58'),(0000000177,'/images/upload/2/1490002558M0fcPKk9Gh8_pzJ9heBCzyhS',4,2,'2017-03-20 17:35:58'),(0000000178,'/images/upload/2/1490002558XBsgq8sb8IoYqJ65_e3nOMw4',4,2,'2017-03-20 17:35:58'),(0000000179,'/images/upload/2/14900025586GyFXpAxRRYZi76_w2pd9uc',4,2,'2017-03-20 17:35:58'),(0000000180,'/images/upload/2/1490002559nxz9h4dgbUPQQcol2ehwp6v',4,2,'2017-03-20 17:35:58'),(0000000181,'/images/upload/2/1490002559V9U7imjGUTP9X1q6VeXJrj3t',4,2,'2017-03-20 17:35:59'),(0000000182,'/images/upload/2/1490002622UNZM9_4Gp4b8ikGOA3U4e04k',4,2,'2017-03-20 17:37:02'),(0000000183,'/images/upload/2/1490002622Y4olEYPwJNhTMmx9qJiJ1YwC',4,2,'2017-03-20 17:37:02'),(0000000184,'/images/upload/2/14900026230oHfoLzlQXGsUuZBfftB_9',4,2,'2017-03-20 17:37:02'),(0000000185,'/images/upload/2/1490002623IrJKodkpBE_Kcjz8_00sZBI',4,2,'2017-03-20 17:37:03'),(0000000186,'/images/upload/2/1490002623d2IO1ROKhvsGIM3iMIguUA10',4,2,'2017-03-20 17:37:03'),(0000000187,'/images/upload/2/1490002623y20CHdFoHdOpvhR9_Cdhm',4,2,'2017-03-20 17:37:03'),(0000000188,'/images/upload/2/1490002625VyRO6SOEUPDUqj63H5LVU8o9',4,2,'2017-03-20 17:37:05'),(0000000189,'/images/upload/2/1490002625_y8AMpWGXLs1CfGv3iotBuxh',4,2,'2017-03-20 17:37:05'),(0000000190,'/images/upload/2/1490002625AgaspzCn6LYS8Tw4DZ6dcMJf',4,2,'2017-03-20 17:37:05'),(0000000191,'/images/upload/2/149000262536IEBeVav4CUEdgKYdB545aH',4,2,'2017-03-20 17:37:05'),(0000000192,'/images/upload/2/14900026252gVf1Du4JbJjqDtVH3Njh21e',4,2,'2017-03-20 17:37:05'),(0000000193,'/images/upload/2/1490002625fDjkIt0LKV_LxtQeExx28XQ',4,2,'2017-03-20 17:37:05'),(0000000194,'/images/upload/2/14900026253J7kM9y0MSktkkc2ebOLEC_g',4,2,'2017-03-20 17:37:05'),(0000000195,'/images/upload/2/14900026258wjgvf4yZcSJmpJ6f2zznMCB',4,2,'2017-03-20 17:37:05'),(0000000196,'/images/upload/2/1490002625XokziQ7O8oinsQlFG24M6k',4,2,'2017-03-20 17:37:05'),(0000000197,'/images/upload/2/1490002625PFTaquLlS4VRmKZ9SlreOfzr',4,2,'2017-03-20 17:37:05'),(0000000198,'/images/upload/2/1490002625WCrmxjabbkBF3Xw7RmuzjEq',4,2,'2017-03-20 17:37:05'),(0000000199,'/images/upload/2/1490002625E4EqjbSeNhd8Pxi_IDAlGwRO',4,2,'2017-03-20 17:37:05'),(0000000200,'/images/upload/2/1490002762xJqbBCZb2JpHskSPupFMCEkK',4,2,'2017-03-20 17:39:22'),(0000000201,'/images/upload/2/1490002762o0_72MiztIK3jIemqD1SXTFq',4,2,'2017-03-20 17:39:22'),(0000000202,'/images/upload/2/1490002762hjaTXvCkwArykJ5OqQSKw44X',4,2,'2017-03-20 17:39:22'),(0000000203,'/images/upload/2/1490002762H6NCZr0eKb6GHJ_chqLC8Rpz',4,2,'2017-03-20 17:39:22'),(0000000204,'/images/upload/2/1490002762Ffhajm5sTBqiCF1OLHusGHK',4,2,'2017-03-20 17:39:22'),(0000000205,'/images/upload/2/14900027624qkcfKMVZ14hoagQ1SektTlg',4,2,'2017-03-20 17:39:22'),(0000000206,'/images/upload/2/1490002764D1L4HqOMQ7Z4SJZQL257cmYe',4,2,'2017-03-20 17:39:24'),(0000000207,'/images/upload/2/1490002764dbyG3UWGVGLA4ylVFiZvXjL',4,2,'2017-03-20 17:39:24'),(0000000208,'/images/upload/2/1490002764ZpSaLOoZ_WD1OyHIcrggZCaD',4,2,'2017-03-20 17:39:24'),(0000000209,'/images/upload/2/1490002764U76U2qD0QtaAgyxet8fgHXYU',4,2,'2017-03-20 17:39:24'),(0000000210,'/images/upload/2/1490002764nd9kPjXHq2AttbuhFERVbm8F',4,2,'2017-03-20 17:39:24'),(0000000211,'/images/upload/2/1490002764voVbkR3H2cSvXyVZ6nqhRIW',4,2,'2017-03-20 17:39:24'),(0000000212,'/images/upload/2/1490002765uxQFUYiolbzF1Cl4OlWigtce',4,2,'2017-03-20 17:39:24'),(0000000213,'/images/upload/2/1490002765zzERplLTTAxLxP8SHv1iR54',4,2,'2017-03-20 17:39:25'),(0000000214,'/images/upload/2/1490002765a0nqtzE16hSvCBntaUdHHlxH',4,2,'2017-03-20 17:39:25'),(0000000215,'/images/upload/2/149000276511JjSOo0PLrgi3ipl8VYKgqU',4,2,'2017-03-20 17:39:25'),(0000000216,'/images/upload/2/14900027658DzQZ5w_6dhZ0GZPpp4Itm5O',4,2,'2017-03-20 17:39:25'),(0000000217,'/images/upload/2/1490002765u_Ldf95oNEcKJJJQW_NWFLK2',4,2,'2017-03-20 17:39:25'),(0000000218,'/images/upload/2/1490002795FNVgqPtooI8GuUo7tCOBcLR',4,2,'2017-03-20 17:39:55'),(0000000219,'/images/upload/2/1490002795GkrLWtCzsotJPhabFTkkmcIt',4,2,'2017-03-20 17:39:55'),(0000000220,'/images/upload/2/1490002795Gjgfv05alwWf_wPrVg8IyjUb',4,2,'2017-03-20 17:39:55'),(0000000221,'/images/upload/2/1490002796bcwxpc3vfjfoaAV4QTBDiv',4,2,'2017-03-20 17:39:55'),(0000000222,'/images/upload/2/1490002796UrbqL4CWg6rFjqJPG0OVoYui',4,2,'2017-03-20 17:39:56'),(0000000223,'/images/upload/2/14900027961j9CWs5PUheDlQxCXZfeoY12',4,2,'2017-03-20 17:39:56'),(0000000224,'/images/upload/2/1490002798ZQYlNqDOKNpEevs6MGJ6vfIq',4,2,'2017-03-20 17:39:58'),(0000000225,'/images/upload/2/1490002798cYEAVGCTuydfZR2HCrkQWMWH',4,2,'2017-03-20 17:39:58'),(0000000226,'/images/upload/2/1490002798rEOWTuk4rZFlDfc6OpmMeosR',4,2,'2017-03-20 17:39:58'),(0000000227,'/images/upload/2/1490002798QMGKxBqYdcT5Hc979OtN2FTR',4,2,'2017-03-20 17:39:58'),(0000000228,'/images/upload/2/14900027983dBiC18qOO9kozgBL8HrkRyt',4,2,'2017-03-20 17:39:58'),(0000000229,'/images/upload/2/1490002798DfGF6vJk50X78lVXudj2uVO',4,2,'2017-03-20 17:39:58'),(0000000230,'/images/upload/2/1490002798DBdXqLp2LEIoLc54i5pelj9',4,2,'2017-03-20 17:39:58'),(0000000231,'/images/upload/2/1490002798PxtS0nEDYSzmBYolB5JkhPpA',4,2,'2017-03-20 17:39:58'),(0000000232,'/images/upload/2/1490002799VoZ7JhhxPLoQ60r2SpsYNNx',4,2,'2017-03-20 17:39:58'),(0000000233,'/images/upload/2/1490002799TvS8ifJbDHilYATMjfApf0s6',4,2,'2017-03-20 17:39:59'),(0000000234,'/images/upload/2/1490002799RzXDksuPjD5ykhazvY8mJr',4,2,'2017-03-20 17:39:59'),(0000000235,'/images/upload/2/1490002799ChRRhhYh7vcLQFdDZRJva_Fa',4,2,'2017-03-20 17:39:59'),(0000000236,'/images/upload/2/1490003087c1dnKBDKSFZ_GCZ5o2pRQWY',4,2,'2017-03-20 17:44:47'),(0000000237,'/images/upload/2/1490003087q7oqSLI3MWquv1dlHbklNhr9',4,2,'2017-03-20 17:44:47'),(0000000238,'/images/upload/2/1490003087jQ8L496szYcgYaqrFsF7',4,2,'2017-03-20 17:44:47'),(0000000239,'/images/upload/2/1490003087QktCBVMVJL1sK5CQyaNKqNHA',4,2,'2017-03-20 17:44:47'),(0000000240,'/images/upload/2/1490003088b6eEMeMBydb87Y1QI2hq8TfG',4,2,'2017-03-20 17:44:47'),(0000000241,'/images/upload/2/149000308811psP40_bfDXunw0BI8IEaxk',4,2,'2017-03-20 17:44:48'),(0000000242,'/images/upload/2/1490003090dOLlG0I0p8Pu9OFppATM5Tm',4,2,'2017-03-20 17:44:50'),(0000000243,'/images/upload/2/1490003090N02qazLolvJ0uKIu7RiC_5fo',4,2,'2017-03-20 17:44:50'),(0000000244,'/images/upload/2/1490003090vQffV7BH8E5jbRHxkoxO7ehf',4,2,'2017-03-20 17:44:50'),(0000000245,'/images/upload/2/14900030903AR2F4q8UGoON_tVCzcOpUjJ',4,2,'2017-03-20 17:44:50'),(0000000246,'/images/upload/2/1490003090hQwo3ND6ms9xA8qexc0vGW6',4,2,'2017-03-20 17:44:50'),(0000000247,'/images/upload/2/1490003090d7UCbkg0QE3CgaZIjYdU5D6',4,2,'2017-03-20 17:44:50'),(0000000248,'/images/upload/2/1490003091CQ76u1cI85i7gDnhs0k3gv0Z',4,2,'2017-03-20 17:44:50'),(0000000249,'/images/upload/2/1490003091PZbH2POFDVL5WYN214aiIyz8',4,2,'2017-03-20 17:44:51'),(0000000250,'/images/upload/2/1490003091yUbPnbMa8YSbLEQmxAsswevx',4,2,'2017-03-20 17:44:51'),(0000000251,'/images/upload/2/1490003091iFP_bn7KfixDuiODeEOZhDkP',4,2,'2017-03-20 17:44:51'),(0000000252,'/images/upload/2/1490003091bMfI_Keho1gzpnhEGPf851Lk',4,2,'2017-03-20 17:44:51'),(0000000253,'/images/upload/2/1490003091GyhX9CKlmZ1lIfD4hUEGfWjV',4,2,'2017-03-20 17:44:51'),(0000000254,'/images/upload/2/1490003422qtzz6NiCxdb6NcM55Bs7ThZr',5,2,'2017-03-20 17:50:22'),(0000000255,'/images/upload/2/14900034228Q8fxUumJmlVMJfIGVn8QU82',5,2,'2017-03-20 17:50:22'),(0000000256,'/images/upload/2/14900034231AT9jaiethi4MmPNtXjmOzmP',5,2,'2017-03-20 17:50:23'),(0000000257,'/images/upload/2/1490003423I8SBOfMdIkMP52pDgAJ1Nu7T',5,2,'2017-03-20 17:50:23'),(0000000258,'/images/upload/2/14900034247GbUYt84ihjP9N9T7vNUc0AT',5,2,'2017-03-20 17:50:24'),(0000000259,'/images/upload/2/1490003424I8K0u35wDYGX7ZaBesFPtMg',5,2,'2017-03-20 17:50:24'),(0000000260,'/images/upload/2/14900034283z_XRXny4e8TuU4bcR_iUnV8',5,2,'2017-03-20 17:50:28'),(0000000261,'/images/upload/2/1490003428WYKQ7NYOYQLqZPIe7voVFf1',5,2,'2017-03-20 17:50:28'),(0000000262,'/images/upload/2/1490003429o3DbDZ_k6JlBMr6onMjuJt3Y',5,2,'2017-03-20 17:50:29'),(0000000263,'/images/upload/2/1490003429YDaJ6hB9Rz5HvtdAHmsaexlr',5,2,'2017-03-20 17:50:29'),(0000000264,'/images/upload/2/149000342980Vl1tcXqbGfjsb5o0QPZEvc',5,2,'2017-03-20 17:50:29'),(0000000265,'/images/upload/2/1490003429WJXJaI_zMBKnzIIFp2fatlyR',5,2,'2017-03-20 17:50:29'),(0000000266,'/images/upload/2/1490003429mjKeHDnDfxllPWvEuBjZ2xyK',5,2,'2017-03-20 17:50:29'),(0000000267,'/images/upload/2/1490003429LBEEQGNRz6T1iPruuGNWSTj',5,2,'2017-03-20 17:50:29'),(0000000268,'/images/upload/2/14900034306SjPjnLd5HXgnVP7vxu2ebIE',5,2,'2017-03-20 17:50:30'),(0000000269,'/images/upload/2/1490003430T_U6vexSxg5cUsQ7_9tN4Yqy',5,2,'2017-03-20 17:50:30'),(0000000270,'/images/upload/2/1490003430TI6RlB15ACKdro_hX58YoXoS',5,2,'2017-03-20 17:50:30'),(0000000271,'/images/upload/2/1490003430dYOGilvocPbvbXJhCFxZzk42',5,2,'2017-03-20 17:50:30'),(0000000272,'/images/upload/2/1490003518xJwAf2j60cdwqLmYr8TUZ_S',5,2,'2017-03-20 17:51:58'),(0000000273,'/images/upload/2/1490003518p3EkWvDNcJCxjDCUek5GI4XE',5,2,'2017-03-20 17:51:58'),(0000000274,'/images/upload/2/1490003519Sz54LOJYKwD0R7o1XAx6wfn6',5,2,'2017-03-20 17:51:59'),(0000000275,'/images/upload/2/14900035197rEbo2KWMevgO6h_jNp28l1',5,2,'2017-03-20 17:51:59'),(0000000276,'/images/upload/2/149000351993Bx_no10JXvkII2jdlXQd9',5,2,'2017-03-20 17:51:59'),(0000000277,'/images/upload/2/1490003519UV4sd9u3JA8smRp5l16b8vd3',5,2,'2017-03-20 17:51:59'),(0000000278,'/images/upload/2/14900610053b59fznk9yyMDaiKX3jID1gI',4,2,'2017-03-21 09:50:05'),(0000000279,'/images/upload/2/1490061005AvuPZY074anExIN3eyGpQpk',4,2,'2017-03-21 09:50:05'),(0000000280,'/images/upload/2/1490061005UJ1wKiciNG6LD5MLaW6OrOAv',4,2,'2017-03-21 09:50:05'),(0000000281,'/images/upload/2/1490061005179qXyLPgMj_3whRbnAOtkxE',4,2,'2017-03-21 09:50:05'),(0000000282,'/images/upload/2/1490061005fDrGq0as7jS2SBS6ma5qGmfR',4,2,'2017-03-21 09:50:05'),(0000000283,'/images/upload/2/1490061005KPEc89RnNg2cgcEnwuqn4huq',4,2,'2017-03-21 09:50:05'),(0000000284,'/images/upload/2/1490061008rzQ6W4YEUAR0KGovWrHbEjy9',4,2,'2017-03-21 09:50:08'),(0000000285,'/images/upload/2/1490061008OZwSe_hGy6MsaJ52hX3Bsvw',4,2,'2017-03-21 09:50:08'),(0000000286,'/images/upload/2/1490061008UaIxueGgcb6qao4IuR9FyeIQ',4,2,'2017-03-21 09:50:08'),(0000000287,'/images/upload/2/14900610089LQLcjg5uYCYbgcnrjNCHSi9',4,2,'2017-03-21 09:50:08'),(0000000288,'/images/upload/2/1490061008HrOdGu2QeSAr9QwDM6AXnMiP',4,2,'2017-03-21 09:50:08'),(0000000289,'/images/upload/2/149006100834pLWIUB8HPOaRDpIbQSltM',4,2,'2017-03-21 09:50:08'),(0000000290,'/images/upload/2/1490061009s1HQO_DS21BYJuySamElcgKU',4,2,'2017-03-21 09:50:08'),(0000000291,'/images/upload/2/1490061009rzKrUccleT91SMTUOtRwYom6',4,2,'2017-03-21 09:50:09'),(0000000292,'/images/upload/2/1490061009KrWfaPHJy7CKjXYb4Z1RRWD',4,2,'2017-03-21 09:50:09'),(0000000293,'/images/upload/2/1490061009iL8e7ulStMNJXBpE7weRQ9O',4,2,'2017-03-21 09:50:09'),(0000000294,'/images/upload/2/1490061009eM13BXHUHP7PhsFLdrt80SN7',4,2,'2017-03-21 09:50:09'),(0000000295,'/images/upload/2/1490061009n0ZbaLbowcr687_PW6CcygYM',4,2,'2017-03-21 09:50:09'),(0000000296,'/images/upload/213/149007096214YFepCnDqaLCcEemx4VJ7if',5,213,'2017-03-21 12:36:02'),(0000000297,'/images/upload/213/1490070962mw9z3r_4vXKJkl5YLfImrlAN',5,213,'2017-03-21 12:36:02'),(0000000298,'/images/upload/213/1490070962SFHAMZP6uZGxoECUzkCUFHRo',5,213,'2017-03-21 12:36:02'),(0000000299,'/images/upload/213/1490070962WyLmTj7KZPiJM5Qe3uMr7mjH',5,213,'2017-03-21 12:36:02'),(0000000300,'/images/upload/213/1490070962HWzlBpKwYtSQN_yKNQsyWgNZ',5,213,'2017-03-21 12:36:02'),(0000000301,'/images/upload/213/1490070962LxpSUJxAD5VdvDJs4AgRzOAk',5,213,'2017-03-21 12:36:02'),(0000000302,'/images/upload/213/1490070962D0SxhEv09UT2CpCdvvr_79qb',5,213,'2017-03-21 12:36:02'),(0000000303,'/images/upload/2/1490080468qk1434keI7lWXW3YDvYaGRfb',5,2,'2017-03-21 15:14:28'),(0000000304,'/images/upload/2/1490080468gIjsajHAEIFHN_Wu6fp19s_N',5,2,'2017-03-21 15:14:28'),(0000000305,'/images/upload/2/1490080468YWXCLbO0U6t2q8D2RhKCgE5m',5,2,'2017-03-21 15:14:28'),(0000000306,'/images/upload/2/1490080468Tuo1XmOTgKu0Wg0PmuRMCtPs',5,2,'2017-03-21 15:14:28'),(0000000307,'/images/upload/2/1490080468Kx398l1CJ3y3RpkAUku8liv',5,2,'2017-03-21 15:14:28'),(0000000308,'/images/upload/2/1490080468Q7grB3TkAXjK3EMGmPcpFCKd',5,2,'2017-03-21 15:14:28'),(0000000309,'/images/upload/2/1490080468u3IDp_7d6nEHrw00rjKvYv9i',5,2,'2017-03-21 15:14:28'),(0000000310,'/images/upload/2/1490080471imIXZr9ruR3TQa5WyKC_eC_G',5,2,'2017-03-21 15:14:31'),(0000000311,'/images/upload/2/1490080471WJ9Scj9vFSqChz2Lp6DdhI7Q',5,2,'2017-03-21 15:14:31'),(0000000312,'/images/upload/2/1490080471rJOFkNjeut5HMfaq5B1n847x',5,2,'2017-03-21 15:14:31'),(0000000313,'/images/upload/2/1490080471aKKrrSgSA2wUPQ7ihd_2s8sy',5,2,'2017-03-21 15:14:31'),(0000000314,'/images/upload/2/1490080471JuVSy0nIL68aYp1wrxpfmxyD',5,2,'2017-03-21 15:14:31'),(0000000315,'/images/upload/2/1490080472KwFaE6JmACc6CAPlGYwCly7N',5,2,'2017-03-21 15:14:31'),(0000000316,'/images/upload/2/14900804724w0q1y1M2HXHNE1meetROgbs',5,2,'2017-03-21 15:14:31'),(0000000317,'/images/upload/2/1490080472dI3yebjiHkJJTLuWqpBc1Dzg',5,2,'2017-03-21 15:14:32'),(0000000318,'/images/upload/2/1490080472R06Egh5u_80cjkvEdJwYbqm',5,2,'2017-03-21 15:14:32'),(0000000319,'/images/upload/2/1490080472BzCD6Tt6Z5nfbRdjSqDbWDP',5,2,'2017-03-21 15:14:32'),(0000000320,'/images/upload/2/14900804727lk3xKq6KZJl4AObxUyN3o_n',5,2,'2017-03-21 15:14:32'),(0000000321,'/images/upload/2/1490080472foqjDeqZytugTB_RikVS74o',5,2,'2017-03-21 15:14:32'),(0000000322,'/images/upload/2/14900804720D9308rfxrFQ3Te0qIvGA5Fp',5,2,'2017-03-21 15:14:32'),(0000000323,'/images/upload/2/1490080472nZje4oD40N80VAgr0Wf3Nu4b',5,2,'2017-03-21 15:14:32'),(0000000324,'/images/upload/3/14900937782rjgJbpbw2ZhCethcup99dpf',4,3,'2017-03-21 18:56:18'),(0000000325,'/images/upload/2/1490249570hbiu9cuv0r3kwu0Uhqu5KqvX',4,2,'2017-03-23 14:12:50'),(0000000326,'/images/upload/185/14906847484Enpai81C922rpR2pE0X5t',5,185,'2017-03-28 15:05:48'),(0000000327,'/images/upload/185/1490684762YH1Rz0bwoALDjubNSdcfYECu',5,185,'2017-03-28 15:06:02'),(0000000328,'/images/upload/185/14906847668LWnv5V0cHLRqm6OOQEfV1Hy',5,185,'2017-03-28 15:06:06'),(0000000329,'/images/upload/185/1490684766hOaFbgRfVdF3vN56X48_vyQx',5,185,'2017-03-28 15:06:06'),(0000000330,'/images/upload/2/1490927914cQ7GgiiqjnxRiKAcpTojdxi',6,2,'2017-03-31 10:38:34'),(0000000331,'/images/upload/2/1490928381l7ExCCChR9w4IfOQ6iuhB',6,2,'2017-03-31 10:46:21'),(0000000332,'/images/upload/2/14909284236IHph1PhHAbNeVxK2xUS0ODM',6,2,'2017-03-31 10:47:03'),(0000000333,'/images/upload/2/1490928664cIGJUT7wX3mUhWQJJzMlHH',6,2,'2017-03-31 10:51:04'),(0000000334,'/images/upload/2/1490928775nQEJBntO37vX7n2Dj6ZboT6',6,2,'2017-03-31 10:52:55'),(0000000335,'/images/upload/2/14909288810Y8ev_qy290RbrH8Z1UFIlCD',6,2,'2017-03-31 10:54:41'),(0000000336,'/images/upload/2/1490929102GXLh95qf2ucLctluL7L1C7Mw',6,2,'2017-03-31 10:58:22'),(0000000337,'/images/upload/2/1490929447BzTXeyWCmzjYWMK_UeV0CYDV',6,2,'2017-03-31 11:04:07'),(0000000338,'/images/upload/2/1490930610xsRcTBY_iEnAFaSkL15ZWDIY',6,2,'2017-03-31 11:23:30'),(0000000339,'/images/upload/2/14909309323B4st4y3Dp_SYVtjsNfny_lq',6,2,'2017-03-31 11:28:52'),(0000000340,'/images/upload/2/1490931037GmcAbM8nBf1RykgyDD4tWP16',6,2,'2017-03-31 11:30:37'),(0000000341,'/images/upload/2/1490933130Z9ixeD6TngSswsHt0Z_MGz3b',6,2,'2017-03-31 12:05:30'),(0000000342,'/images/upload/2/1490941453Aodp69OSNOdJDaDOhzwFA9k',6,2,'2017-03-31 14:24:13'),(0000000343,'/images/upload/2/14914466843ywByzzPMaqoFQTymuk64KKK',5,2,'2017-04-06 10:44:44'),(0000000344,'/images/upload/2/1491446684nEdkO2nkzZT6wHTG5gjV7Sg',5,2,'2017-04-06 10:44:44'),(0000000345,'/images/upload/2/1491446684BamGV5pgKot2awpv3mmaS11x',5,2,'2017-04-06 10:44:44'),(0000000346,'/images/upload/2/14914466846hR0pHgRCFLI2qrtsC_S51',5,2,'2017-04-06 10:44:44'),(0000000347,'/images/upload/2/1491446684drb4tdBzvqzU6QTYqwH7zHx_',5,2,'2017-04-06 10:44:44'),(0000000348,'/images/upload/2/14914466849_A7RG825k6zxH606GVcvM9W',5,2,'2017-04-06 10:44:44'),(0000000349,'/images/upload/2/1491446685hQ1RwzPFxoMn2Vp8dvHLbOMi',5,2,'2017-04-06 10:44:45'),(0000000350,'/images/upload/2/1491446685tFvYqESItTxZqlCYJnkMgJVu',5,2,'2017-04-06 10:44:45'),(0000000351,'/images/upload/2/1491446685dAdpn_HQEaN2PDLgvgdWBQTj',5,2,'2017-04-06 10:44:45'),(0000000352,'/images/upload/2/1491446685bb4rVZV6y7vV5bKJmwM97vqD',5,2,'2017-04-06 10:44:45'),(0000000353,'/images/upload/2/1491466448iGsadqXLdrHagO_GmEjqZFP2',4,2,'2017-04-06 16:14:08'),(0000000354,'/images/upload/2/1491468466lCy05X4ObmRhRtJIFKpy3eKb',4,2,'2017-04-06 16:47:46'),(0000000355,'/images/upload/2/1491799419rZ32lEd9QEJ_VmXpDF2820c',4,2,'2017-04-10 12:43:38'),(0000000356,'/images/upload/2/1491801355K5mjIpaP2_CKnbauYQuPJXp_',4,2,'2017-04-10 13:15:55'),(0000000357,'/images/upload/2/14918020669FyKTeKSHwyIydsbk8dhWQkY',4,2,'2017-04-10 13:27:45'),(0000000358,'/images/upload/2/1491802494ac9gX3e1EZsRiZ_TgC1t0MNE',4,2,'2017-04-10 13:34:54'),(0000000359,'/images/upload/2/1491802819xur1_9_9m7phbDiPBKFTIDKZ',4,2,'2017-04-10 13:40:19'),(0000000360,'/images/upload/2/1491815889DHlZQThF7OFen4eLvLhCwbr',5,2,'2017-04-10 17:18:09'),(0000000361,'/images/upload/2/1491815889jhGPNowp4SnUKEyRrb4OgjxL',5,2,'2017-04-10 17:18:09'),(0000000362,'/images/upload/2/14918158892Pl2kwtDO8qzwXYBOjuwY0mn',5,2,'2017-04-10 17:18:09'),(0000000363,'/images/upload/2/1491815889cr9tKHdNuzPP4gqSoRqVNnvA',5,2,'2017-04-10 17:18:09'),(0000000364,'/images/upload/2/1491815889HZ5DZr_aT7DBPRnioa5srwjQ',5,2,'2017-04-10 17:18:09'),(0000000365,'/images/upload/2/1491815889lJK74dILaNm8dki4sWGfM1x8',5,2,'2017-04-10 17:18:09'),(0000000366,'/images/upload/2/1491815889cCBD7UstBaAFngpy2LGf4Zjx',5,2,'2017-04-10 17:18:09'),(0000000367,'/images/upload/2/1491815889UZNEjMbWmP1eguQr3tPkTlm',5,2,'2017-04-10 17:18:10'),(0000000368,'/images/upload/2/1491815890C0BHZUdRS_uShe2bBScP6HDx',5,2,'2017-04-10 17:18:10'),(0000000369,'/images/upload/2/1491815890K5k2YGozGZeDSstJqXAIaCUL',5,2,'2017-04-10 17:18:10'),(0000000370,'/images/upload/2/1491815890t5yzMa5ufqxc4VLLT_mKqQsR',5,2,'2017-04-10 17:18:10'),(0000000371,'/images/upload/2/1491815890L0xWDpF4ucEfnKJC8fPd8yY0',5,2,'2017-04-10 17:18:10'),(0000000372,'/images/upload/2/1491815890xjLX7bMTciOPIrUaExqf7Co',5,2,'2017-04-10 17:18:10'),(0000000373,'/images/upload/2/1491815890nqBvYywtRfpZraQDsCr82kjH',5,2,'2017-04-10 17:18:10'),(0000000374,'/images/upload/2/1491815891RJH5RitcI3IFBd7qswoUGdw7',5,2,'2017-04-10 17:18:11'),(0000000375,'/images/upload/2/1491815978C0ebCFL9CAL6aGFs7HxPEy8l',5,2,'2017-04-10 17:19:38'),(0000000376,'/images/upload/2/1491816012TIGyqRe3eie1YpBjNryzJgO6',5,2,'2017-04-10 17:20:12'),(0000000377,'/images/upload/2/1491816012XRmMllpc14KsVYv7eJ9a6KuT',5,2,'2017-04-10 17:20:12'),(0000000378,'/images/upload/2/1491817115FKYnU2IGM1gyuQRscJ5Tc3vh',6,2,'2017-04-10 17:38:34'),(0000000379,'/images/upload/2/1491817707o4IKD4rHqsAZO9JJrSBjEBC',6,2,'2017-04-10 17:48:27'),(0000000380,'/images/upload/2/1491818227_MPTVp9PiDsvPFUi8lj_olqL',6,2,'2017-04-10 17:57:07'),(0000000381,'/images/upload/2/1491818844ALH7nhIWHhogHUijSmDqzu',0,2,'2017-04-10 18:07:24'),(0000000382,'/images/upload/2/1491818952Zv27a4BKdvTJ3DZ_BjGiRQh',10,2,'2017-04-10 18:09:12'),(0000000383,'/images/upload/2/1491819665ZcBvdFmdr91yNwaYYBs2df',9,2,'2017-04-10 18:21:05'),(0000000384,'/images/upload/2/1491819709G72ktU23cLMwSKXIrbqDXS',9,2,'2017-04-10 18:21:49'),(0000000385,'/images/upload/2/149181988513xAMqkEI_hL8s1o478ZTQPU',9,2,'2017-04-10 18:24:45'),(0000000386,'/images/upload/2/1491819911tY7wIRnxtnue_8bMxjNPnwT',9,2,'2017-04-10 18:25:11'),(0000000387,'/images/upload/2/1491819931W1DtHnKYhGMHaDx7T94efS',9,2,'2017-04-10 18:25:31'),(0000000388,'/images/upload/2/14918199671mKtHbgYbULlfMTOqfTrJvBl',9,2,'2017-04-10 18:26:07'),(0000000389,'/images/upload/2/1491819981E25tQ6LPSzHMYRzfs0KgFDyO',9,2,'2017-04-10 18:26:21'),(0000000390,'/images/upload/2/1491967173gdsCIf_8T_9GftLxZVstHOcv',10,2,'2017-04-12 11:19:33'),(0000000391,'/images/upload/2/1491967216IK0PCeCuuLjAffHt1kWZfH9v',10,2,'2017-04-12 11:20:16'),(0000000392,'/images/upload/2/1491967303A8TO_jxySw0YP1YyguPEFKcJ',10,2,'2017-04-12 11:21:43'),(0000000393,'/images/upload/2/1491967323L197guKIwnwJbYkxfIcnyhY5',10,2,'2017-04-12 11:22:03'),(0000000394,'/images/upload/2/1491969277iSHtuo2CfQAzm6qT7nG8kcp',10,2,'2017-04-12 11:54:37'),(0000000395,'/images/upload/2/1491969422ifm98VYYVCmgFwBYUw0VBshb',10,2,'2017-04-12 11:57:02'),(0000000396,'/images/upload/2/14919695502jtR_r15dKug225TE1eAIYDC',10,2,'2017-04-12 11:59:10'),(0000000397,'/images/upload/2/1491969716SCK_EtkFVndRbsxm2RpbXYK',10,2,'2017-04-12 12:01:56'),(0000000398,'/images/upload/2/1491969776zskzQ3maWBDYXT2mtbNoFv4',10,2,'2017-04-12 12:02:56'),(0000000399,'/images/upload/2/1491970337P1sKdaJw0pZvN51QFBaM1',10,2,'2017-04-12 12:12:17'),(0000000400,'/images/upload/2/1491970353k2MPClSFoIPUvKKCq2yWOQtG',10,2,'2017-04-12 12:12:33'),(0000000401,'/images/upload/2/1491970549Re8CcKPMa7k_bG95gM1bE4y6',10,2,'2017-04-12 12:15:49'),(0000000402,'/images/upload/2/1491972324R0z3soleuOXyUMfrFUQn36m',10,2,'2017-04-12 12:45:24'),(0000000403,'/images/upload/2/14919723514avZxdRRgBESXvwjcjcH2Xit',10,2,'2017-04-12 12:45:51'),(0000000404,'/images/upload/2/1491972818sGbGsTgjt_i5rCLlZYaZ8Dvu',10,2,'2017-04-12 12:53:37'),(0000000405,'/images/upload/2/1491972871N0KK5nHqkRnMqWyZMmmnsqqF',10,2,'2017-04-12 12:54:31'),(0000000406,'/images/upload/2/14919728814JTsnmwcAEPNmCxxKSwVwFM',10,2,'2017-04-12 12:54:41'),(0000000407,'/images/upload/2/1491972901nciBUtcBhzEukGNiw3b9ye5B',10,2,'2017-04-12 12:55:01'),(0000000408,'/images/upload/2/1491972915cJDFFAsWNVwu8uC0tLGIdqeb',10,2,'2017-04-12 12:55:15'),(0000000409,'/images/upload/2/1491972927TmI0GUptUrVCF4k95K7Av6Fx',10,2,'2017-04-12 12:55:27'),(0000000410,'/images/upload/2/1491972930Wj65356WsPX6HkAAMubpywzD',10,2,'2017-04-12 12:55:30'),(0000000411,'/images/upload/2/1491972936GkURgRAIvMnYDDg5Cyb29Xn6',10,2,'2017-04-12 12:55:36'),(0000000412,'/images/upload/2/1491972940Tx409zvPUnF8cdRI_cFCQVHq',10,2,'2017-04-12 12:55:40'),(0000000413,'/images/upload/2/1491983379wUgB3vVPkl7R_U5oLKKTafBF',9,2,'2017-04-12 15:49:39'),(0000000414,'/images/upload/2/1491983892vp8yEv5wT0O8ct2vOBtN3HQ',9,2,'2017-04-12 15:58:12'),(0000000415,'/images/upload/2/1491984013G0AR20rK0ffXc_DgWXFYjrvP',9,2,'2017-04-12 16:00:13');
/*!40000 ALTER TABLE `gener_file` ENABLE KEYS */;
UNLOCK TABLES;

--
-- Table structure for table `gener_grave`
--

DROP TABLE IF EXISTS `gener_grave`;
/*!40101 SET @saved_cs_client     = @@character_set_client */;
/*!40101 SET character_set_client = utf8 */;
CREATE TABLE `gener_grave` (
  `id` int(8) unsigned zerofill NOT NULL AUTO_INCREMENT,
  `personId` int(8) unsigned NOT NULL,
  `person_name` varchar(255) COLLATE utf8mb4_unicode_ci NOT NULL,
  `familyId` int(11) unsigned NOT NULL,
  `coor_x` varchar(45) COLLATE utf8mb4_unicode_ci NOT NULL,
  `coor_y` varchar(45) COLLATE utf8mb4_unicode_ci NOT NULL,
  `address` varchar(255) COLLATE utf8mb4_unicode_ci NOT NULL,
  `photo` varchar(255) COLLATE utf8mb4_unicode_ci NOT NULL,
  `description` varchar(255) COLLATE utf8mb4_unicode_ci NOT NULL,
  `create_time` datetime NOT NULL,
  `create_by` int(11) unsigned NOT NULL,
  `update_time` datetime NOT NULL,
  `update_by` int(11) unsigned NOT NULL,
  PRIMARY KEY (`id`),
  KEY `fk_gener_grave_person_idx` (`personId`),
  KEY `fk_gener_grave_family_idx` (`familyId`),
  CONSTRAINT `fk_gener_grave_family` FOREIGN KEY (`familyId`) REFERENCES `gener_testFamily` (`id`) ON DELETE NO ACTION ON UPDATE NO ACTION,
  CONSTRAINT `fk_gener_grave_person` FOREIGN KEY (`personId`) REFERENCES `gener_testPerson` (`id`) ON DELETE NO ACTION ON UPDATE NO ACTION
) ENGINE=InnoDB AUTO_INCREMENT=13 DEFAULT CHARSET=utf8mb4 COLLATE=utf8mb4_unicode_ci;
/*!40101 SET character_set_client = @saved_cs_client */;

--
-- Dumping data for table `gener_grave`
--

LOCK TABLES `gener_grave` WRITE;
/*!40000 ALTER TABLE `gener_grave` DISABLE KEYS */;
INSERT INTO `gener_grave` VALUES (00000001,428,'组祖父',29,'121.49478','31.11825','上海市闵行区浦锦街道春川物业服务有限公司一品漫城1期','/images/upload/2/1490931037GmcAbM8nBf1RykgyDD4tWP16','1111','2017-03-31 11:33:24',2,'2017-03-31 11:33:24',2),(00000002,428,'组祖父',29,'121.49478','31.11825','上海市闵行区浦锦街道春川物业服务有限公司一品漫城1期','/images/upload/2/1490931037GmcAbM8nBf1RykgyDD4tWP16','1111','2017-03-31 11:33:58',2,'2017-03-31 11:33:58',2),(00000003,211,'祖父',29,'121.494906','31.117804','上海市闵行区浦锦街道浦星公路586号一品漫城1期','','qqq','2017-03-31 12:16:51',2,'2017-03-31 12:16:51',2),(00000004,141,'编辑1',29,'84.93228','41.499873','新疆维吾尔自治区巴音郭楞蒙古自治州轮台县轮南镇','/images/upload/2/1490941453Aodp69OSNOdJDaDOhzwFA9k','他住在新疆','2017-03-31 14:24:29',2,'2017-03-31 14:24:29',2),(00000005,369,'祖父的配偶',29,'121.494924','31.117804','上海市闵行区浦锦街道浦星公路586号一品漫城1期','','wwwww','2017-03-31 14:35:09',2,'2017-03-31 14:35:09',2),(00000006,209,'重孙',29,'121.494935','31.117819','上海市闵行区浦锦街道浦星公路586号一品漫城1期','','hhhhh','2017-03-31 16:23:50',2,'2017-03-31 16:23:50',2),(00000007,276,'犹豫',86,'121.607606','31.009503','上海市浦东新区航头镇华南陵园','','外公外婆爸爸','2017-04-01 09:37:25',184,'2017-04-01 09:37:25',184),(00000008,336,'周水生',68,'116.019775','26.485442','江西省赣州市宁都县梅江镇翠微西路202号','','临时住房','2017-04-01 20:04:06',3,'2017-04-01 20:04:06',3),(00000009,393,'赵经国',102,'116.065211','26.482438','江西省赣州市宁都县会同乡大东段','','祖上赵经国龙脉','2017-04-02 08:43:29',3,'2017-04-02 08:43:29',3),(00000010,449,'赵令煌',102,'116.166137','26.589028','江西省赣州市宁都县湛田乡湛大段','','祖上赵令煌龙脉','2017-04-02 10:25:31',3,'2017-04-02 10:25:31',3),(00000011,448,'赵池沼',102,'116.166137','26.589027','江西省赣州市宁都县湛田乡湛大段','','祖上赵池沼龙脉','2017-04-02 10:57:08',3,'2017-04-02 10:57:08',3),(00000012,466,'傅罗',102,'116.161458','26.595727','江西省赣州市宁都县湛田乡425县道','','赵池沼配偶傅罗龙脉','2017-04-02 11:57:53',3,'2017-04-02 11:57:53',3);
/*!40000 ALTER TABLE `gener_grave` ENABLE KEYS */;
UNLOCK TABLES;

--
-- Table structure for table `gener_job`
--

DROP TABLE IF EXISTS `gener_job`;
/*!40101 SET @saved_cs_client     = @@character_set_client */;
/*!40101 SET character_set_client = utf8 */;
CREATE TABLE `gener_job` (
  `id` int(10) unsigned NOT NULL AUTO_INCREMENT,
  `userId` varchar(45) COLLATE utf8mb4_unicode_ci DEFAULT NULL,
  `personId` varchar(45) COLLATE utf8mb4_unicode_ci DEFAULT NULL,
  `start_time` date NOT NULL,
  `end_time` date NOT NULL,
  `company` varchar(500) COLLATE utf8mb4_unicode_ci NOT NULL,
  `occupation` varchar(255) COLLATE utf8mb4_unicode_ci NOT NULL,
  `create_time` date NOT NULL,
  `create_by` int(11) NOT NULL,
  `update_time` date NOT NULL,
  `update_by` int(11) NOT NULL,
  PRIMARY KEY (`id`)
) ENGINE=InnoDB DEFAULT CHARSET=utf8mb4 COLLATE=utf8mb4_unicode_ci;
/*!40101 SET character_set_client = @saved_cs_client */;

--
-- Dumping data for table `gener_job`
--

LOCK TABLES `gener_job` WRITE;
/*!40000 ALTER TABLE `gener_job` DISABLE KEYS */;
/*!40000 ALTER TABLE `gener_job` ENABLE KEYS */;
UNLOCK TABLES;

--
-- Table structure for table `gener_like`
--

DROP TABLE IF EXISTS `gener_like`;
/*!40101 SET @saved_cs_client     = @@character_set_client */;
/*!40101 SET character_set_client = utf8 */;
CREATE TABLE `gener_like` (
  `id` int(30) NOT NULL AUTO_INCREMENT,
  `userId` int(30) NOT NULL,
  `status` int(1) NOT NULL,
  `postId` int(30) NOT NULL,
  `module` int(30) NOT NULL,
  `create_by` int(30) NOT NULL,
  `create_time` datetime NOT NULL,
  `update_by` int(30) NOT NULL,
  `update_time` datetime NOT NULL,
  PRIMARY KEY (`id`),
  KEY `fk_gener_like_user_idx` (`userId`),
  CONSTRAINT `fk_gener_like_user` FOREIGN KEY (`userId`) REFERENCES `gener_user` (`id`) ON DELETE NO ACTION ON UPDATE NO ACTION
) ENGINE=InnoDB AUTO_INCREMENT=76 DEFAULT CHARSET=utf8mb4 COLLATE=utf8mb4_unicode_ci;
/*!40101 SET character_set_client = @saved_cs_client */;

--
-- Dumping data for table `gener_like`
--

LOCK TABLES `gener_like` WRITE;
/*!40000 ALTER TABLE `gener_like` DISABLE KEYS */;
INSERT INTO `gener_like` VALUES (1,2,1,109,1,2,'0000-00-00 00:00:00',2,'0000-00-00 00:00:00'),(2,2,1,108,1,2,'0000-00-00 00:00:00',2,'0000-00-00 00:00:00'),(3,2,1,107,1,2,'0000-00-00 00:00:00',2,'0000-00-00 00:00:00'),(4,2,1,105,1,2,'0000-00-00 00:00:00',2,'0000-00-00 00:00:00'),(5,2,1,104,1,2,'0000-00-00 00:00:00',2,'0000-00-00 00:00:00'),(6,2,0,111,1,2,'0000-00-00 00:00:00',2,'0000-00-00 00:00:00'),(7,2,1,110,1,2,'0000-00-00 00:00:00',2,'0000-00-00 00:00:00'),(8,2,1,113,1,2,'0000-00-00 00:00:00',2,'0000-00-00 00:00:00'),(9,2,0,114,1,2,'0000-00-00 00:00:00',2,'2017-03-07 18:54:41'),(43,2,1,116,1,2,'0000-00-00 00:00:00',2,'2017-03-14 11:30:50'),(44,2,1,115,1,2,'0000-00-00 00:00:00',2,'0000-00-00 00:00:00'),(45,2,1,118,1,2,'2017-03-06 17:58:16',2,'2017-03-14 16:56:11'),(46,2,1,117,1,2,'2017-03-07 11:58:09',2,'2017-03-14 17:17:19'),(47,171,1,112,1,171,'2017-03-14 12:19:02',171,'2017-03-14 12:19:14'),(48,171,1,106,1,171,'2017-03-14 12:20:24',171,'2017-03-14 12:20:25'),(49,2,1,122,1,2,'2017-03-14 17:31:39',2,'2017-03-15 15:20:28'),(50,3,1,119,1,3,'2017-03-14 21:10:27',3,'2017-03-14 21:10:30'),(51,2,1,123,1,2,'2017-03-16 17:49:39',2,'2017-03-16 17:49:39'),(52,3,1,142,1,3,'2017-03-18 17:31:39',3,'2017-03-18 17:31:39'),(53,2,1,144,1,2,'2017-03-20 11:33:08',2,'2017-03-20 11:33:12'),(54,2,1,146,1,2,'2017-03-20 11:33:46',2,'2017-03-20 11:33:46'),(55,2,1,167,1,2,'2017-03-20 17:55:16',2,'2017-03-20 17:55:20'),(56,2,1,166,1,2,'2017-03-20 17:55:18',2,'2017-03-20 17:55:18'),(57,213,1,181,1,213,'2017-03-21 15:40:20',213,'2017-03-21 15:40:22'),(58,2,1,192,1,2,'2017-03-23 18:05:58',2,'2017-03-23 18:06:01'),(59,2,1,191,1,2,'2017-03-23 18:24:44',2,'2017-03-23 18:24:44'),(60,2,1,188,1,2,'2017-03-23 18:24:46',2,'2017-03-23 18:24:46'),(61,2,1,187,1,2,'2017-03-23 18:24:47',2,'2017-03-23 18:24:47'),(62,2,1,186,1,2,'2017-03-23 18:24:49',2,'2017-03-23 18:24:49'),(63,2,1,182,1,2,'2017-03-23 18:24:51',2,'2017-03-23 18:24:51'),(64,185,1,198,1,185,'2017-03-28 15:06:35',185,'2017-03-28 15:06:35'),(65,171,1,185,1,171,'2017-03-29 11:22:55',171,'2017-04-05 10:26:40'),(66,171,1,183,1,171,'2017-04-05 10:26:41',171,'2017-04-05 10:26:41'),(67,2,1,204,1,2,'2017-04-05 13:36:22',2,'2017-04-05 13:36:22'),(68,2,0,205,1,2,'2017-04-06 10:45:17',2,'2017-04-06 12:54:34'),(69,2,1,208,1,2,'2017-04-07 15:16:21',2,'2017-04-07 15:16:21'),(70,3,1,214,1,3,'2017-04-10 18:20:35',3,'2017-04-10 18:20:35'),(71,171,1,221,1,171,'2017-04-11 10:30:33',171,'2017-04-11 10:34:14'),(72,171,0,220,1,171,'2017-04-11 10:30:34',171,'2017-04-11 10:30:35'),(73,214,0,224,1,214,'2017-04-11 15:07:13',214,'2017-04-11 15:07:45'),(74,214,1,224,0,214,'2017-04-11 15:07:30',214,'2017-04-11 15:07:30'),(75,214,1,224,-1,214,'2017-04-11 15:07:36',214,'2017-04-11 15:07:36');
/*!40000 ALTER TABLE `gener_like` ENABLE KEYS */;
UNLOCK TABLES;

--
-- Table structure for table `gener_loginHistory`
--

DROP TABLE IF EXISTS `gener_loginHistory`;
/*!40101 SET @saved_cs_client     = @@character_set_client */;
/*!40101 SET character_set_client = utf8 */;
CREATE TABLE `gener_loginHistory` (
  `id` int(100) NOT NULL AUTO_INCREMENT,
  `login_name` varchar(255) CHARACTER SET utf8mb4 NOT NULL,
  `device` varchar(30) CHARACTER SET utf8mb4 NOT NULL,
  `userId` int(30) NOT NULL,
  `token` varchar(255) CHARACTER SET utf8 NOT NULL,
  `login_ip` varchar(56) CHARACTER SET utf8 NOT NULL,
  `login_time` datetime NOT NULL,
  `success` int(1) NOT NULL COMMENT '1代表成功，0代表失败',
  PRIMARY KEY (`id`),
  KEY `fk_gener_loginHistory_user_idx` (`userId`),
  CONSTRAINT `fk_gener_loginHistory_user` FOREIGN KEY (`userId`) REFERENCES `gener_user` (`id`) ON DELETE NO ACTION ON UPDATE NO ACTION
) ENGINE=InnoDB AUTO_INCREMENT=2352 DEFAULT CHARSET=utf8mb4 COLLATE=utf8mb4_unicode_ci;
/*!40101 SET character_set_client = @saved_cs_client */;

--
-- Dumping data for table `gener_loginHistory`
--

LOCK TABLES `gener_loginHistory` WRITE;
/*!40000 ALTER TABLE `gener_loginHistory` DISABLE KEYS */;
INSERT INTO `gener_loginHistory` VALUES (2198,'jiang','1',2,'8420485fb700f12a9693ddaebb626bbabb458bc649dd548841e4fa236f79ea25','192.168.3.8','2017-04-06 10:44:33',1),(2199,'786185931@qq.com','1',2,'36cb75223522cb59c212276d0ea3f120b71cecf7fd4ec33795150f6108cde10d','::1','2017-04-06 11:14:33',1),(2200,'jiang','1',2,'39572309f5b760929cfec145e5948728aa8637c29c2765a5754f63680ebfc53d','192.168.3.8','2017-04-06 12:22:52',1),(2201,'lvwanyou1','2',207,'b58e3f13bc1dd885a7bdcbeda5fbaccbedebb9be58211bc57f90fcf51d11c99e','101.86.108.216','2017-04-06 16:17:41',1),(2202,'zhx','1',3,'11d5c69b9da0c4d71445f618aabc315047bb7ae2c97189a0f917c9d44d06181a','101.90.252.244','2017-04-06 16:33:20',1),(2203,'zhx','1',3,'5e6c1ea8fb390c33e96bb4a9ec0daf7647a7a65a28831c7beb33701ac9105ee4','101.90.252.244','2017-04-06 18:03:18',1),(2204,'lvwanyou1','2',207,'a615bdbaa5180f3009a1ebf464902cf3d3f4152b2a1f36d27d9ddda9652c74b5','61.172.57.58','2017-04-07 11:02:46',1),(2205,'lvwanyou1','2',207,'afb3ed2a364d0592b7f203a3b4d844a2d65eba04b4623cf46ebd6a9a1dbf3256','61.172.57.58','2017-04-07 11:02:46',1),(2206,'lvwanyou1','2',207,'256845de57b61bdbd1a6dc4f25d612e51598d93639feaa801847e1d72608e3ae','61.172.57.58','2017-04-07 11:02:46',1),(2207,'lvwanyou1','2',207,'ea3987c4d916368b88df3a5116f773fdc35b9140a7e1c48e69787c4759b3bd0c','61.172.57.58','2017-04-07 11:02:46',1),(2208,'lvwanyou1','2',207,'3487e51af4050a4912108b7ce5014df0a819474dbd24d138525b79afbf5ba13b','61.172.57.58','2017-04-07 11:02:46',1),(2209,'lvwanyou1','2',207,'76b1705b951c1359a9bf94846e590d2cd9db7abe82f13d19e5c072c374281e53','61.172.57.58','2017-04-07 11:02:46',1),(2210,'lvwanyou1','2',207,'a0ce0589693488173a2484543f3792ff306b436db47a8a9626e6e6af9c63578d','61.172.57.58','2017-04-07 11:02:46',1),(2211,'lvwanyou1','2',207,'acb51cebffb474896dcb6d4accca16de6d763ac722c2120612f529fe33b38cab','61.172.57.58','2017-04-07 11:02:46',1),(2212,'lvwanyou1','2',207,'1e3e9c6f5a61b95ab2b62bbd02a2636b7c89c7a55670456c70f3e8d8b8888533','61.172.57.58','2017-04-07 11:02:46',1),(2213,'lvwanyou1','2',207,'b3643493aae1a30e9ead98153a8e58e1c772b40626c9f23bf9d3c994cc96fca9','61.172.57.58','2017-04-07 11:03:07',1),(2214,'jiang','1',2,'c8f0351c715d9cac392d28711acc1c52c45da6afa251506bfddf43cddb0f4426','192.168.3.8','2017-04-07 14:31:45',1),(2215,'jiang','1',2,'cd0752ef7c40d1d818f0b7152405d23cb5708a2460c2b591c8c76fb5c9ff3634','192.168.3.8','2017-04-07 16:11:29',1),(2216,'jiang','1',2,'0ad5e6cec3f86c3c0806ee13f942f2b7742192996a06dbe5ceb3b2391be98d21','101.86.108.216','2017-04-07 16:12:46',1),(2217,'jiang','1',2,'e645b7c4e2674038c6b0832a1821974880c9525b47eb895872a4bfd87f7dbd85','192.168.3.8','2017-04-07 16:16:35',1),(2218,'zhx','1',3,'849610a93dee795600b24ef746d161780ea497ddfddb1b0cf3326ea533c64ec3','58.33.130.69','2017-04-07 19:32:27',1),(2219,'jiang','1',2,'4b95941e7ddf012944f08414dff1f6e0554dd0b384fb5bc1c8da81d5dbd2761f','61.172.57.51','2017-04-07 20:00:04',1),(2220,'jiang','1',2,'4e5776af6514e788fdcf96c7576bdd0a1a8427702fa3b906f85b2bbc11525fab','192.168.3.8','2017-04-10 11:04:43',1),(2221,'jiang','1',2,'3a50e39da35755971547b7724f0078eab126502b3ae76e92d566c7d77fe52d34','192.168.3.8','2017-04-10 11:39:00',1),(2222,'zhx','1',3,'2cf86bac9e3600798fddd2192cfcbad760929897ccbeb85cad04c1c5e9671f24','101.86.108.216','2017-04-10 16:57:46',1),(2223,'zhx','1',3,'68cfd9a9abeb8b46b5a10f16b4f5fdabee16682e560ed0e06d0e9947506383a7','101.86.108.216','2017-04-10 17:19:52',1),(2224,'jiang','1',2,'0de49419543283c8a0fd95719ea335604b480491bfd0c0bff0a2c014eafc8183','192.168.3.8','2017-04-10 18:09:27',1),(2225,'zhouyijun','2',171,'6a5b463bd769433aeae39a5d8ffd2043701c7e65ab7a634281fe395913c668d2','101.86.108.216','2017-04-11 10:17:53',1),(2226,'zhouyijun','2',171,'80e315b3efe54c82ef540ef5e54d628572ea410b5d07296d6cece7b158c093ce','101.86.108.216','2017-04-11 10:19:37',1),(2227,'zhouyijun','2',171,'e31a2af24fd7a7c9f2d4c11496fe30b4d7bca2f861bed792ef8cb0dc48a04f4b','101.86.108.216','2017-04-11 10:20:31',1),(2228,'zhouyijun','2',171,'e45129c19a0ec31692667ee800da45ae12b553a06cc2c812bc6a4c9c37dbe9f1','101.86.108.216','2017-04-11 10:27:52',1),(2229,'zhouyijun','2',171,'204a37b20fe9d1eb4bd8b6a0d95fa82f77c6c46b2a20538e08d1d662ac07da32','101.86.108.216','2017-04-11 10:28:07',1),(2230,'zhouyijun','2',171,'dbddd519592e38e468287526b24e327d6f5ede419e6e435de501151370073308','101.86.108.216','2017-04-11 10:28:13',1),(2231,'zhouyijun','2',171,'b6b07afbba32e043c8b9250501bb1dcecdbdb3a216e0cc1a67298403178ca7f5','101.86.108.216','2017-04-11 10:28:17',1),(2232,'zhouyijun','1',171,'6103fb9ec236d7255d8abb2a3238eec00f9cca2ca39ab640bb75dbe994044e3f','101.86.108.216','2017-04-11 10:30:03',1),(2233,'lvwanyou1','2',207,'3feb31b97618ac8f42a58b70921b0ab6a3c986bbe81ce65f9779727c67e8d88c','101.86.108.216','2017-04-11 11:06:48',1),(2234,'lvwanyou1','2',207,'0436e237eb74b511ff88f9f1f1771502e31f9062989e61cdebcedbd8b487437c','101.86.108.216','2017-04-11 11:09:12',1),(2235,'lvwanyou1','2',207,'0c3ed66f723213ec90494278196a2cbf0b233a9556e8d9818490d9c4c5f94a64','101.86.108.216','2017-04-11 11:14:21',1),(2236,'zhouyijun','2',171,'286d991912b55a10f107c73634d9b6fc08879c73d08df8de5fb606cdb25502bd','101.86.108.216','2017-04-11 11:24:50',1),(2237,'lvwanyou1','2',207,'ca7851cd389847120b5d84583ca2064f994e98f0e9c9804212e569fa6f484f55','101.86.108.216','2017-04-11 11:25:38',1),(2238,'lvwanyou1','2',207,'555dbb2f3cf6d9b70d2bdac384893144922c3938633058f7536f544739b4b72f','101.86.108.216','2017-04-11 11:25:55',1),(2239,'1176902387@qq.com','1',171,'9ba1144190e78ebd36aaf0878261084df7f29ed23084c4bd3f59e8f12bd3ada9','101.86.108.216','2017-04-11 11:29:07',1),(2240,'1176902387@qq.com','1',171,'f891e5900c928af2cd258810d5d957dd6e239cb02f86cbc1f338bbcf514d005c','101.86.108.216','2017-04-11 11:29:12',1),(2241,'1176902387@qq.com','1',171,'f3122ae7a945eda04511ee0767b17867caf18bcb505b2fe04d32332a1a352670','101.86.108.216','2017-04-11 11:29:12',1),(2242,'1176902387@qq.com','1',171,'96ce0cb9c70c1544dab80344aaa864616a8c7078c8997c9c2964c48f570af5da','101.86.108.216','2017-04-11 11:29:13',1),(2243,'1176902387@qq.com','1',171,'50a436e672af5b341e14ebc7d566c406f255ae962fa68f29f2b6c0cac97842bd','101.86.108.216','2017-04-11 11:29:13',1),(2244,'1176902387@qq.com','1',171,'e1777e3a18131fbe970598907ad9446b1a7146f67f4a495ceb100dc8d16c0b0d','101.86.108.216','2017-04-11 11:29:13',1),(2245,'1176902387@qq.com','1',171,'7a52b0feadb91f9d8d8db884db5a08531db0bb7b3492457fd74d78d104fb39db','101.86.108.216','2017-04-11 11:29:13',1),(2246,'1176902387@qq.com','1',171,'81b9ce6e7500c9a369773d8d7820f8991c8ff35c30f13fa704d63b69362d0a1e','101.86.108.216','2017-04-11 11:29:13',1),(2247,'1176902387@qq.com','1',171,'e006ea634aba9b9f6088881866cb929883bdb3d4d2e36563286b0a8fd33c71e0','101.86.108.216','2017-04-11 11:29:13',1),(2248,'1176902387@qq.com','1',171,'1089f08fbeb13cf41f26fe08ec7f2499664f98e5fcd6f179d7d9a6fdfdca9859','101.86.108.216','2017-04-11 11:29:14',1),(2249,'1176902387@qq.com','1',171,'361a83a4f42ccdd50787cb45225a1febfbf0b09cc56ef8e9b2a3ef8b01272609','101.86.108.216','2017-04-11 11:29:15',1),(2250,'lvwanyou1','2',207,'d838a12fe20ddb31fea7e76fe42134e3490cba8aa5e503a9d675a0c933569908','101.86.108.216','2017-04-11 11:29:27',1),(2251,'lvwanyou1','2',207,'5dfd3c3c26de56f92d57958532c36e26c61fc7e601ca9f1907e7c3ea751a29f0','101.86.108.216','2017-04-11 11:29:40',1),(2252,'lvwanyou1','2',207,'fe84af96811511f8034c9f8208f5e5662dd61f1611a650d9c850db5ea996dfcb','101.86.108.216','2017-04-11 11:30:27',1),(2253,'lvwanyou1','2',207,'1bcef407697fd8c586d263e599766421e31fea272727aff87303fea2c4bd5bbc','101.86.108.216','2017-04-11 12:03:01',1),(2254,'lvwanyou1','2',207,'6c681549fed9f11fd354e04a55a4965bd76fa1321baff695a614a1aea7ed0df2','101.86.108.216','2017-04-11 12:08:13',1),(2255,'lvwanyou1','2',207,'9a1da313baf48ecfe53e5341dbafa6cc77c938c4dfc1ca22314d16714deff1c6','101.86.108.216','2017-04-11 12:08:28',1),(2256,'lvwanyou1','2',207,'4863ddcca537a23ccded215c8cec6e8623332f7220759b19d4321b5911ddd4fb','101.86.108.216','2017-04-11 12:08:38',1),(2257,'lvwanyou1','2',207,'dc9db3c9e5bf66dfd39739b8eabbab321b40888cef2e2b88e42419908194d4d2','101.86.108.216','2017-04-11 12:17:50',1),(2258,'zhouyijun','2',171,'43bef39795d3c31be1fb893bd0bc0a4ca5f609307a3e6fc856a1561edd725b8a','101.86.108.216','2017-04-11 12:19:23',1),(2259,'zhouyijun2','2',214,'e764a2fc5df0ee5c95c355a8571da2e4d61f97d199ff2fab9b5e6c5833c44dfe','101.86.108.216','2017-04-11 12:24:48',1),(2260,'zhouyijun','2',171,'da5e4eadb749ad9a69e7678a1c633ea0909c2afc849040ed1c2332f750987e74','101.86.108.216','2017-04-11 12:49:24',1),(2261,'zhouyijun','1',171,'a1c2c5ff472b88085796ec5174bffcaba5fdecf63787b30142b267ac98d4c53b','101.86.108.216','2017-04-11 12:59:25',1),(2262,'zhouyijun2','2',214,'e3eeb33006515572fbdda8968cc7be2c4af969a2165b2e6178393ff8e55bb574','101.86.108.216','2017-04-11 13:23:09',1),(2263,'zhouyijun2','2',214,'6747084909d26c710fc8a7e7ab4cafe7f1fbef8a079647f9f71c0f6df2304c55','101.86.108.216','2017-04-11 13:25:02',1),(2264,'zhouyijun2','2',214,'683fee9d28e79acc6fc037d1754983b0a1b7cfd8a18fd08dabba14048ed317fa','101.86.108.216','2017-04-11 13:25:34',1),(2265,'zhouyijun','2',171,'a6b94f2875f1f0798b74c8d160f5effd74676c91b912c41ef23415dc7d69500b','101.86.108.216','2017-04-11 13:37:07',1),(2266,'zhouyijun2','2',214,'d8c850ad2018fc913049bb34a0f2a3472cdfcaf6659a8a594eb0c177eb927ae4','101.86.108.216','2017-04-11 13:37:24',1),(2267,'lvwanyou1','2',207,'7e072ed792d115776d9d966001dded363d5056ae72a1a0295981c3f7c5dea4dc','101.86.108.216','2017-04-11 13:37:26',1),(2268,'zhouyijun2','2',214,'179f1cba6d9edd123990d8aec69884df8ac12b56fbc2de36186d045f6d7b76c3','101.86.108.216','2017-04-11 13:42:54',1),(2269,'zhouyijun2','2',214,'54ebf4201d0fa2ee61c44f1896bb68c74b3665ed1b5bdb0e2be20b2c34e54da3','101.86.108.216','2017-04-11 13:45:09',1),(2270,'zhouyijun2','2',214,'61cf40a56fbe7e6210b2fbd32ee0987557eecb5fa051977e3860f568f0fb30a3','101.86.108.216','2017-04-11 13:58:14',1),(2271,'lvwanyou1','2',207,'70c466dbbada80a4c18f98769106db62b278a3a806e3665ca63eaef43c7c3cae','101.86.108.216','2017-04-11 14:00:53',1),(2272,'zhouyijun2','2',214,'fb3c52b6bd6e70b19706a2fb7d8eb645088d9716f91e2a2a67029cb5eb0dc687','101.86.108.216','2017-04-11 14:01:17',1),(2273,'lvwanyou1','2',207,'5860cc399d3df3bbfa0d72cbef0b7ecb81d97c189ee1f73cbbffa0c612a161ec','101.86.108.216','2017-04-11 14:03:25',1),(2274,'zhouyijun2','2',214,'c48e9083fb6a00ed935b4c6999b937f064ae70dd2ea51dcf12601e8b373edd9d','101.86.108.216','2017-04-11 14:06:03',1),(2275,'lvwanyou1','2',207,'6f08a4459a25d33dd07af7767c8acf3dfef5e41b6adf5c28713c9bbe4ec45ba9','101.86.108.216','2017-04-11 14:06:44',1),(2276,'lvwanyou1','2',207,'7a083e666d237a77d0ebbddb614549aba5372e211aa8c8d32c66c3c7f64dc186','101.86.108.216','2017-04-11 14:07:14',1),(2277,'zhouyijun2','2',214,'367eda5fcad36164e1415c9293bf1b1764135d197dd0f1f1184a245cb4dfd7d8','101.86.108.216','2017-04-11 14:16:59',1),(2278,'zhouyijun2','2',214,'48e0375cbe4e4325c13910cd4c5fc4827efd854375e1cad872c73f8f3cf6152d','101.86.108.216','2017-04-11 14:18:40',1),(2279,'zhouyijun2','2',214,'a943ebfaaae3ad1e4ddde0e2504ae5bc097f0334ce024c39ddfe80bc51f1ef7d','101.86.108.216','2017-04-11 14:28:35',1),(2280,'zhouyijun2','2',214,'47330c675628d76c7cf7abe45ff51a315723ecc81a30467575a254e6da7a1ad1','101.86.108.216','2017-04-11 14:28:59',1),(2281,'zhouyijun2','2',214,'4a0e76cc69f939eb17e877c92efce5fa4728f4c45a708b581b92e33734c107df','101.86.108.216','2017-04-11 14:29:50',1),(2282,'zhouyijun2','2',214,'15ab8ccad5725c246f0ea40d0988cc3f62246e18ab0ca04a7451ae7991d02f75','101.86.108.216','2017-04-11 14:30:12',1),(2283,'zhouyijun2','2',214,'dc1f961e6858f86dc40b8714ff4581bd33ad7ef383b7644707c080ec5fd843e3','101.86.108.216','2017-04-11 14:31:54',1),(2284,'zhouyijun','2',171,'3235813eda76cf80318537b6c73cb70a86f0eee4ee6e85c441823dd95b3a0f06','101.86.108.216','2017-04-11 14:33:12',1),(2285,'lvwanyou1','2',207,'c5e06b405d05989a0dfdedb1cc9628a6fd889580586a607c7068864f1c48c076','101.86.108.216','2017-04-11 14:34:44',1),(2286,'zhouyijun2','2',214,'1157110f66c104fd2318aa92027ed368faadf943d2b2f43d5adabaa9946cb196','101.86.108.216','2017-04-11 14:34:53',1),(2287,'zhouyijun2','2',214,'6d0704f312f53ac792dad2df35eb664f0202bc912b5fc1c589dbaa7488801697','101.86.108.216','2017-04-11 14:35:08',1),(2288,'zhouyijun2','2',214,'bdfca7a5510868c42b84e0050f2196dcefb9d1a56b0c9f918bfe29a64fd55486','101.86.108.216','2017-04-11 14:35:33',1),(2289,'kellen','1',185,'c20b9249947a23b6a434459dba09c32404744118d99aa6bf56f39311d5ff64f6','101.86.108.216','2017-04-11 14:35:35',1),(2290,'zhouyijun2','1',214,'647711a03e1f3a4eabac94e15188b6d484ff39bf1777ddd089389834a45576f3','101.86.108.216','2017-04-11 14:35:42',1),(2291,'zhouyijun2','2',214,'4f815d7893cbb6bd67d807af549fd2ce6f3f484882eb8d54d0d69d67a4fe310c','101.86.108.216','2017-04-11 14:36:10',1),(2292,'lvwanyou1','2',207,'cebdf560f49843ba4e5baf8afeea0320e38aec95184336dafed4424db445b310','101.86.108.216','2017-04-11 14:55:01',1),(2293,'zhouyijun2','2',214,'2391ffc24d814cd57d5779f03e5d09f86f6ab67d3804e0c61dc1e33f90400d39','101.86.108.216','2017-04-11 15:05:13',1),(2294,'zhouyijun2','2',214,'7715cfd9a1870778fbecf6cd6f81191326ee41fa1572dd8e3fd5041e2b4116d0','101.86.108.216','2017-04-11 15:12:41',1),(2295,'zhouyijun2','2',214,'b97230e64ff00132efa32453ad7b4164a55a34aa5914aa7991902e72620ecbfd','101.86.108.216','2017-04-11 15:12:49',1),(2296,'zhouyijun2','2',214,'5622eca84763199d5ec1dd689b54e402730d5ae261a8654746b34481b5595106','101.86.108.216','2017-04-11 15:24:42',1),(2297,'zhouyijun2','2',214,'bf573911f2924b11d5bf906a1bc7acfa4475451e51932c321cb366edc1e1a42a','101.86.108.216','2017-04-11 15:25:09',1),(2298,'zhouyijun2','2',214,'c843265c1b608c7fd4922437df1c1a786040d4caf5ffd56fb9a11b599d7e72ea','101.86.108.216','2017-04-11 15:25:34',1),(2299,'zhouyijun2','2',214,'957e23401fa55a29be7f7e8b89dde8733d57daab174ac2be010fb5646f5b8f2d','101.86.108.216','2017-04-11 15:31:14',1),(2300,'zhouyijun2','2',214,'25641f8a05a95822c79d30e118a4f3e3f69b35dc87883475356e82e06229e1a8','101.86.108.216','2017-04-11 15:31:19',1),(2301,'zhouyijun2','2',214,'bff794230306874bb7226835d3b7e6e59dacddbe9413ce9b6cf7334b4a89598e','101.86.108.216','2017-04-11 15:31:32',1),(2302,'zhouyijun','2',171,'7a38ed5af3e56076de51147cd1829aabdee3807f7d86ce6682a04349439f5a27','101.86.108.216','2017-04-11 15:33:20',1),(2303,'zhouyijun2','2',214,'c1180ab7ff8f05bff62d2e24a114f05303247aae60bbe54a735dcd5a7be416a3','101.86.108.216','2017-04-11 15:33:23',1),(2304,'zhouyijun2','2',214,'e208796e247818c0eec4e8ef8a8086b5f0a53827374c76ebfb9f416ea28b49e8','101.86.108.216','2017-04-11 15:33:50',1),(2305,'zhouyijun2','2',214,'a682cfa6f58d1dd315fcf2117adc6a570c2d9b0b96dd7996b94cf67be88bff0b','101.86.108.216','2017-04-11 15:34:44',1),(2306,'zhouyijun2','2',214,'d2920f336023146a80bb6e63819b31266b33831eb04407e27d5171ee157b4776','101.86.108.216','2017-04-11 15:34:48',1),(2307,'zhouyijun2','2',214,'004464f89ff465aec0fd2ad0a69db8e89ac3abd2f7ae19c9c4fa60b5e3a2d24d','101.86.108.216','2017-04-11 15:38:54',1),(2308,'zhouyijun2','2',214,'4bfdc524ac482031812eaaca8c864e39dc2abfecda4ed045656a524cda53cd41','101.86.108.216','2017-04-11 15:41:05',1),(2309,'zhouyijun2','2',214,'dc88d6b1da1bdb4b6b9c643e678270914e747962b5124fe2fc80b4b818666a62','101.86.108.216','2017-04-11 15:41:37',1),(2310,'zhouyijun2','2',214,'7a252ac5b420b9f0307fdb4b3af0e4bea86e56b58e7f54c0d50763bec106fde6','101.86.108.216','2017-04-11 15:49:30',1),(2311,'zhouyijun2','2',214,'ea99ffcca90fa9eb04155b0f0a82f1dbcfe3c1cf601273d349736528c21d940e','101.86.108.216','2017-04-11 15:55:39',1),(2312,'zhouyijun2','2',214,'69c38e506be87c4fc0de10245accb7a07c3e3b7303df3816bc41f2f6b0925155','101.86.108.216','2017-04-11 15:58:03',1),(2313,'zhouyijun2','2',214,'c48472730cde92d6d6b83c03eead498669cf588be003ceba651f51180ac00742','101.86.108.216','2017-04-11 16:08:17',1),(2314,'zhouyijun2','2',214,'54e96dd97b679029b2f46d08db405c94ad5e6070c49b9601e3d60509e40e8635','101.86.108.216','2017-04-11 16:17:26',1),(2315,'zhouyijun2','2',214,'2cd7dfa9918baf2ca69b51600f8e40e38b130151edef0890ef34cbd0c80f46f6','101.86.108.216','2017-04-11 16:18:09',1),(2316,'zhouyijun2','2',214,'4cd1714384682a9e6f528d6ea586b9b64655a2191d4a235fcfd0af10e8b5a9f4','101.86.108.216','2017-04-11 16:18:09',1),(2317,'zhouyijun2','2',214,'cb7e0c54182ec042f401fc772f40a08755649cea9b77cfca3f9404c523e68b52','101.86.108.216','2017-04-11 16:24:06',1),(2318,'zhouyijun2','2',214,'71cc485fb0795845a332d728855fe20545348a9be60926b5cee6893f5db9eb2b','101.86.108.216','2017-04-11 16:25:41',1),(2319,'zhouyijun2','2',214,'84642d1790c9857b7d98b5eedf9e5c55cedcd9425c93294ad58cf3a067b7ffd3','101.86.108.216','2017-04-11 16:28:47',1),(2320,'zhouyijun2','2',214,'8d48eca41a1fa7f13c061e6fab7ace37826f7738de7746c1ca1b0930973d05a9','101.86.108.216','2017-04-11 16:35:08',1),(2321,'zhouyijun2','2',214,'015556052603302a9befe56665d05171d43f8ba077bed0b6ea7ee45d3e18b0e3','101.86.108.216','2017-04-11 16:45:19',1),(2322,'zhouyijun2','2',214,'5e9e5578857e98cc2b155246cd6952b0b8dbe077fb8192f50660ffee6396dcb3','101.86.108.216','2017-04-11 16:46:31',1),(2323,'zhouyijun2','2',214,'ca483ef77754467e0e8b5b7186854ee8cf641c83d52a2bde089afe6fc29ca18e','101.86.108.216','2017-04-11 16:47:18',1),(2324,'zhouyijun2','2',214,'6ccfba1e6bfba83d910050b7143e4ca44fcf4e1b5b2151d8e0017962c4f5c6a1','101.86.108.216','2017-04-11 16:50:19',1),(2325,'zhouyijun2','2',214,'9e40152592242280146d50ad55092d8c549e22bc66125640fe7016cc5c1eefb6','101.86.108.216','2017-04-11 17:01:42',1),(2326,'zhouyijun2','2',214,'a8dc13861da9e2dad824a3fb9fd01ac6f6178cbd05e7848ff681a8e7d48304d9','101.86.108.216','2017-04-11 17:02:06',1),(2327,'zhouyijun2','2',214,'f2a6736e3631120520e37967519ac9a7ef2fc6c20ee8e0168071787705e962b0','101.86.108.216','2017-04-11 17:07:46',1),(2328,'zhouyijun2','2',214,'6a9370e99dc962c1db6f46e572795d08d0f757c1671a5746eb57c8a3a7a12825','101.86.108.216','2017-04-11 17:13:03',1),(2329,'zhouyijun2','2',214,'a21ef853e1fc5564224a198377bad60a7d73cd08342f70ba7667952e4bc99f2e','101.86.108.216','2017-04-11 17:18:08',1),(2330,'lvwanyou1','2',207,'dfe481375dfb751f0bb8da82a272e9fab14fc18353fd369decc97a92cae38425','101.90.254.94','2017-04-11 19:51:00',1),(2331,'lvwanyou1','2',207,'1dda99bd4867e18fca7e5380737e900624933f6a204c3f010b8a1093147d864e','101.90.254.94','2017-04-11 19:51:00',1),(2332,'lvwanyou1','2',207,'d7f1a2d703f9ddd905d99457e700afc86f5a9bb9c801eadab980a1095fac3bcc','101.90.254.94','2017-04-11 19:51:00',1),(2333,'lvwanyou1','2',207,'31f7bd901ef9e3060ef904ac1331f0e2c72423623b53c8250d96a9dc3f9d5d03','101.90.254.94','2017-04-11 19:51:00',1),(2334,'lvwanyou1','2',207,'842014c6c9b6e641fc53e2313210ee853f504d433394fe345e3f1daad8c4e127','101.90.254.94','2017-04-11 19:51:00',1),(2335,'lvwanyou1','2',207,'35532c1f21bd737512d967611437154875a9df38b6b2673f1c5be521e0be4349','101.90.254.94','2017-04-11 19:51:00',1),(2336,'lvwanyou1','2',207,'3d76915a895a77274ee84a6b0ce0f7c435482a32ba365ad4bf0f334e82ad732c','101.90.254.94','2017-04-11 19:51:00',1),(2337,'lvwanyou1','2',207,'8cb3fa5660486d81c7c2dbb7484fcb45f70d599f9b7c912b3430c3bff1648aea','101.90.254.94','2017-04-11 19:51:00',1),(2338,'lvwanyou1','2',207,'60fd296d8cadbb8b2e4b4decc5dc78597f758b0afa6e2722cef9db0d327991ca','101.90.254.94','2017-04-11 19:51:00',1),(2339,'jiang','1',2,'d1ebcfea192dc80e4d7843bec4e6aa40e685947b213f0f2aa3689e48c4723133','192.168.3.8','2017-04-12 09:56:42',1),(2340,'jiang','1',2,'bbe4bcaeaab133921932e213117343890922c0ea9bc95a153874c1979c8341d9','192.168.3.8','2017-04-12 09:56:56',1),(2341,'786185931@qq.com','1',2,'417ee348bd864b87b1228150fd6aa59660b4f18280b1dc8ea70b5c9974ed790d','::1','2017-04-12 14:52:20',1),(2342,'jiang','1',2,'b6b8f83e7ee7b27d61d212232f77e9c35b6ee1fdbd34035d162d892c2ed13b7c','192.168.3.8','2017-04-12 15:04:24',1),(2343,'786185931@qq.com','1',2,'e18ff4af5ca8b23c469f9de77ac452e7ef2b88f281cf29601548e7374a802df1','::1','2017-04-12 16:54:01',1),(2344,'jiang','1',2,'e2d34493bb448f940706e6055da46529ec02a1faef591b5e41e7ff29e8fe056e','192.168.3.8','2017-04-12 17:13:01',1),(2345,'786185931@qq.com','1',2,'ed26e1a32cf3002097b04aaa06315710788b61ceb6458f367fb5e221c22296e4','::1','2017-04-12 17:46:06',1),(2346,'jiang','1',2,'4bb5cf656c15a97d87c969fa79b9926a13524deeba8f5ee275142b62bf70ea4f','192.168.3.8','2017-04-12 17:54:02',1),(2347,'jiang','1',2,'bfc74dd102dee38a23b3b84404ba59d9c0a7d574e748ff859ad659603ce87bcb','101.86.108.216','2017-04-12 18:37:03',1),(2348,'jiang','1',2,'966567fec1ec445e0b445e2ad3710b1246ae4e10310c9f35877de95f0115e2b5','192.168.3.8','2017-04-13 10:17:47',1),(2349,'lvwanyou1','2',207,'132f0c81ab48f8b09ace2d18c25f51cf4dc20f56d7e2a08c5b7d44e9b92c1922','101.86.108.216','2017-04-13 10:20:52',1),(2350,'lvwanyou1','2',207,'f6465a216a2361a1bdaac6505497f725f6db77aae6f22775f57cdca48b04ae55','101.86.108.216','2017-04-13 10:38:25',1),(2351,'lvwanyou1','2',207,'aad5ed1b7a444b9610f43931bc17bcedcff684b5d68fc1fa06c92cbd6637490c','101.86.108.216','2017-04-13 10:45:06',1);
/*!40000 ALTER TABLE `gener_loginHistory` ENABLE KEYS */;
UNLOCK TABLES;

--
-- Table structure for table `gener_message`
--

DROP TABLE IF EXISTS `gener_message`;
/*!40101 SET @saved_cs_client     = @@character_set_client */;
/*!40101 SET character_set_client = utf8 */;
CREATE TABLE `gener_message` (
  `id` bigint(8) unsigned zerofill NOT NULL AUTO_INCREMENT,
  `from_user` int(8) NOT NULL,
  `to_user` int(8) NOT NULL,
  `content` varchar(100) CHARACTER SET utf8mb4 NOT NULL,
  `module` int(3) NOT NULL,
  `recordId` int(8) NOT NULL,
  `create_by` int(8) NOT NULL,
  `create_time` datetime NOT NULL,
  `update_by` int(8) NOT NULL,
  `update_time` datetime NOT NULL,
  `isDelete` int(1) NOT NULL DEFAULT '0',
  `isRead` int(1) NOT NULL DEFAULT '0',
  PRIMARY KEY (`id`),
  KEY `fk_gener_message_user_idx` (`from_user`),
  KEY `fk_gener_message_toUser_idx` (`to_user`),
  CONSTRAINT `fk_gener_message_user` FOREIGN KEY (`from_user`) REFERENCES `gener_user` (`id`) ON DELETE NO ACTION ON UPDATE NO ACTION,
  CONSTRAINT `fk_gener_message_toUser` FOREIGN KEY (`to_user`) REFERENCES `gener_user` (`id`) ON DELETE NO ACTION ON UPDATE NO ACTION
) ENGINE=InnoDB AUTO_INCREMENT=102 DEFAULT CHARSET=utf8mb4 COLLATE=utf8mb4_unicode_ci;
/*!40101 SET character_set_client = @saved_cs_client */;

--
-- Dumping data for table `gener_message`
--

LOCK TABLES `gener_message` WRITE;
/*!40000 ALTER TABLE `gener_message` DISABLE KEYS */;
INSERT INTO `gener_message` VALUES (00000001,2,2,'点赞',1,118,2,'2017-03-08 10:39:54',2,'2017-03-08 10:39:54',0,1),(00000002,2,2,'点赞',1,118,2,'2017-03-08 10:41:31',2,'2017-03-08 10:41:31',0,1),(00000003,2,2,'点赞',1,118,2,'2017-03-08 10:41:32',2,'2017-03-08 10:41:32',0,1),(00000004,2,2,'点赞',1,118,2,'2017-03-08 10:41:32',2,'2017-03-08 10:41:32',0,1),(00000005,2,2,'点赞',1,118,2,'2017-03-08 10:41:40',2,'2017-03-08 10:41:40',0,1),(00000006,2,2,'点赞',1,118,2,'2017-03-08 10:41:51',2,'2017-03-08 10:41:51',0,1),(00000007,2,2,'点赞',1,116,2,'2017-03-08 11:04:49',2,'2017-03-08 11:04:49',0,1),(00000008,2,2,'点赞',1,116,2,'2017-03-08 11:04:50',2,'2017-03-08 11:04:50',0,1),(00000009,2,2,'点赞',1,116,2,'2017-03-08 11:05:43',2,'2017-03-08 11:05:43',0,1),(00000010,2,2,'点赞',1,118,2,'2017-03-09 15:08:32',2,'2017-03-09 15:08:32',0,1),(00000011,2,2,'点赞',1,118,2,'2017-03-09 15:08:34',2,'2017-03-09 15:08:34',0,1),(00000012,2,2,'点赞',1,117,2,'2017-03-14 11:30:49',2,'2017-03-14 11:30:49',0,1),(00000013,2,2,'点赞',1,116,2,'2017-03-14 11:30:50',2,'2017-03-14 11:30:50',0,1),(00000014,171,171,'点赞',1,112,171,'2017-03-14 12:19:02',171,'2017-03-14 12:19:02',0,0),(00000015,171,171,'点赞',1,112,171,'2017-03-14 12:19:04',171,'2017-03-14 12:19:04',0,0),(00000016,171,171,'点赞',1,112,171,'2017-03-14 12:19:14',171,'2017-03-14 12:19:14',0,0),(00000017,171,171,'点赞',1,106,171,'2017-03-14 12:20:24',171,'2017-03-14 12:20:24',0,0),(00000018,171,171,'点赞',1,106,171,'2017-03-14 12:20:25',171,'2017-03-14 12:20:25',0,0),(00000019,2,2,'点赞',1,118,2,'2017-03-14 14:21:41',2,'2017-03-14 14:21:41',0,1),(00000020,2,2,'点赞',1,118,2,'2017-03-14 14:21:44',2,'2017-03-14 14:21:44',0,1),(00000021,2,2,'点赞',1,118,2,'2017-03-14 14:23:55',2,'2017-03-14 14:23:55',0,1),(00000022,2,2,'点赞',1,118,2,'2017-03-14 14:53:49',2,'2017-03-14 14:53:49',0,1),(00000023,2,2,'点赞',1,118,2,'2017-03-14 14:53:54',2,'2017-03-14 14:53:54',0,1),(00000024,2,2,'点赞',1,118,2,'2017-03-14 14:53:55',2,'2017-03-14 14:53:55',0,1),(00000025,2,2,'点赞',1,118,2,'2017-03-14 15:10:49',2,'2017-03-14 15:10:49',1,1),(00000026,2,2,'点赞',1,118,2,'2017-03-14 16:55:46',2,'2017-03-14 16:55:46',1,1),(00000027,2,2,'点赞',1,118,2,'2017-03-14 16:56:11',2,'2017-03-14 16:56:11',1,0),(00000028,2,2,'点赞',1,117,2,'2017-03-14 17:17:19',2,'2017-03-14 17:17:19',0,1),(00000029,2,2,'点赞',1,122,2,'2017-03-14 17:31:39',2,'2017-03-14 17:31:39',1,1),(00000030,3,3,'点赞',1,119,3,'2017-03-14 21:10:27',3,'2017-03-14 21:10:27',0,0),(00000031,3,3,'点赞',1,119,3,'2017-03-14 21:10:30',3,'2017-03-14 21:10:30',0,0),(00000032,2,2,'点赞',1,122,2,'2017-03-15 15:20:28',2,'2017-03-15 15:20:28',1,0),(00000033,2,2,'评论',7,122,2,'2017-03-16 16:30:47',2,'2017-03-16 16:30:47',1,0),(00000034,2,2,'评论',7,1,2,'2017-03-16 17:19:39',2,'2017-03-16 17:19:39',0,1),(00000035,2,2,'点赞',1,123,2,'2017-03-16 17:49:39',2,'2017-03-16 17:49:39',0,1),(00000036,3,3,'点赞',1,142,3,'2017-03-18 17:31:39',3,'2017-03-18 17:31:39',0,0),(00000037,2,2,'点赞',1,144,2,'2017-03-20 11:33:08',2,'2017-03-20 11:33:08',0,1),(00000038,2,2,'点赞',1,144,2,'2017-03-20 11:33:12',2,'2017-03-20 11:33:12',0,1),(00000039,2,2,'点赞',1,146,2,'2017-03-20 11:33:46',2,'2017-03-20 11:33:46',0,1),(00000040,2,2,'评论',7,146,2,'2017-03-20 11:33:52',2,'2017-03-20 11:33:52',0,1),(00000041,2,2,'评论',7,146,2,'2017-03-20 11:34:10',2,'2017-03-20 11:34:10',0,1),(00000042,2,2,'评论',7,147,2,'2017-03-20 11:59:49',2,'2017-03-20 11:59:49',0,1),(00000043,2,2,'评论',7,146,2,'2017-03-20 11:59:54',2,'2017-03-20 11:59:54',0,1),(00000044,2,2,'评论',7,152,2,'2017-03-20 14:30:15',2,'2017-03-20 14:30:15',0,1),(00000045,2,2,'评论',7,154,2,'2017-03-20 15:03:57',2,'2017-03-20 15:03:57',0,1),(00000046,2,2,'评论',7,154,2,'2017-03-20 15:05:55',2,'2017-03-20 15:05:55',0,1),(00000047,2,2,'点赞',1,167,2,'2017-03-20 17:55:16',2,'2017-03-20 17:55:16',0,1),(00000048,2,2,'点赞',1,166,2,'2017-03-20 17:55:18',2,'2017-03-20 17:55:18',0,1),(00000049,2,2,'点赞',1,167,2,'2017-03-20 17:55:20',2,'2017-03-20 17:55:20',0,1),(00000050,2,2,'评论',7,167,2,'2017-03-20 17:55:51',2,'2017-03-20 17:55:51',0,1),(00000051,213,213,'评论',7,179,213,'2017-03-21 12:35:52',213,'2017-03-21 12:35:52',0,0),(00000052,213,213,'评论',7,181,213,'2017-03-21 14:50:31',213,'2017-03-21 14:50:31',0,0),(00000053,213,213,'评论',7,181,213,'2017-03-21 14:51:03',213,'2017-03-21 14:51:03',0,0),(00000054,2,2,'评论',7,182,2,'2017-03-21 15:14:48',2,'2017-03-21 15:14:48',0,1),(00000055,213,213,'点赞',1,181,213,'2017-03-21 15:40:20',213,'2017-03-21 15:40:20',0,0),(00000056,213,213,'点赞',1,181,213,'2017-03-21 15:40:22',213,'2017-03-21 15:40:22',0,0),(00000057,2,2,'点赞',1,192,2,'2017-03-23 18:05:58',2,'2017-03-23 18:05:58',0,1),(00000058,2,2,'点赞',1,192,2,'2017-03-23 18:06:01',2,'2017-03-23 18:06:01',0,1),(00000059,2,2,'点赞',1,191,2,'2017-03-23 18:24:44',2,'2017-03-23 18:24:44',0,1),(00000060,2,2,'点赞',1,188,2,'2017-03-23 18:24:46',2,'2017-03-23 18:24:46',0,1),(00000061,2,2,'点赞',1,187,2,'2017-03-23 18:24:47',2,'2017-03-23 18:24:47',0,1),(00000062,2,2,'点赞',1,186,2,'2017-03-23 18:24:49',2,'2017-03-23 18:24:49',0,1),(00000063,2,2,'点赞',1,182,2,'2017-03-23 18:24:51',2,'2017-03-23 18:24:51',0,1),(00000064,185,185,'点赞',1,198,185,'2017-03-28 15:06:35',185,'2017-03-28 15:06:35',0,0),(00000065,171,171,'点赞',1,185,171,'2017-03-29 11:22:55',171,'2017-03-29 11:22:55',0,0),(00000066,171,171,'评论',7,185,171,'2017-03-29 11:23:22',171,'2017-03-29 11:23:22',0,0),(00000067,171,171,'点赞',1,185,171,'2017-03-29 11:28:54',171,'2017-03-29 11:28:54',0,0),(00000068,171,171,'点赞',1,185,171,'2017-04-05 10:26:40',171,'2017-04-05 10:26:40',0,0),(00000069,171,171,'点赞',1,183,171,'2017-04-05 10:26:41',171,'2017-04-05 10:26:41',0,0),(00000070,2,2,'点赞',1,204,2,'2017-04-05 13:36:22',2,'2017-04-05 13:36:22',0,0),(00000071,2,2,'点赞',1,205,2,'2017-04-06 10:45:17',2,'2017-04-06 10:45:17',0,0),(00000072,2,2,'评论',7,205,2,'2017-04-06 10:47:12',2,'2017-04-06 10:47:12',0,0),(00000073,2,2,'点赞',1,208,2,'2017-04-07 15:16:21',2,'2017-04-07 15:16:21',0,0),(00000074,2,2,'评论',7,213,2,'2017-04-10 13:42:49',2,'2017-04-10 13:42:49',0,0),(00000075,2,2,'评论',7,213,2,'2017-04-10 13:42:53',2,'2017-04-10 13:42:53',0,0),(00000076,3,3,'点赞',1,214,3,'2017-04-10 18:20:35',3,'2017-04-10 18:20:35',0,0),(00000077,3,3,'评论',7,214,3,'2017-04-10 18:21:28',3,'2017-04-10 18:21:28',0,0),(00000078,171,171,'点赞',1,221,171,'2017-04-11 10:30:33',171,'2017-04-11 10:30:33',0,0),(00000079,171,171,'点赞',1,220,171,'2017-04-11 10:30:34',171,'2017-04-11 10:30:34',0,0),(00000080,171,171,'点赞',1,220,171,'2017-04-11 10:30:35',171,'2017-04-11 10:30:35',0,0),(00000081,171,171,'点赞',1,221,171,'2017-04-11 10:33:16',171,'2017-04-11 10:33:16',0,0),(00000082,171,171,'点赞',1,221,171,'2017-04-11 10:34:14',171,'2017-04-11 10:34:14',0,0),(00000083,171,171,'评论',0,221,171,'2017-04-11 10:34:31',171,'2017-04-11 10:34:31',0,0),(00000084,214,214,'评论',7,222,214,'2017-04-11 14:07:25',214,'2017-04-11 14:07:25',0,0),(00000085,214,214,'评论',7,224,214,'2017-04-11 14:50:15',214,'2017-04-11 14:50:15',0,0),(00000086,214,214,'点赞',1,224,214,'2017-04-11 15:07:13',214,'2017-04-11 15:07:13',0,0),(00000087,214,214,'点赞',0,224,214,'2017-04-11 15:07:30',214,'2017-04-11 15:07:30',0,0),(00000088,214,214,'点赞',-1,224,214,'2017-04-11 15:07:36',214,'2017-04-11 15:07:36',0,0),(00000089,214,214,'评论',7,224,214,'2017-04-11 15:11:53',214,'2017-04-11 15:11:53',0,0),(00000090,214,214,'评论',7,224,214,'2017-04-11 15:13:17',214,'2017-04-11 15:13:17',0,0),(00000091,214,214,'评论',7,223,214,'2017-04-11 15:16:51',214,'2017-04-11 15:16:51',0,0),(00000092,214,214,'评论',7,224,214,'2017-04-11 15:35:17',214,'2017-04-11 15:35:17',0,0),(00000093,214,214,'评论',7,226,214,'2017-04-11 16:25:56',214,'2017-04-11 16:25:56',0,0),(00000094,214,214,'评论',7,226,214,'2017-04-11 16:29:58',214,'2017-04-11 16:29:58',0,0),(00000095,214,214,'评论',7,224,214,'2017-04-11 16:53:05',214,'2017-04-11 16:53:05',0,0),(00000096,214,214,'评论',7,224,214,'2017-04-11 16:53:57',214,'2017-04-11 16:53:57',0,0),(00000097,214,214,'评论',7,222,214,'2017-04-11 17:09:02',214,'2017-04-11 17:09:02',0,0),(00000098,214,214,'评论',7,224,214,'2017-04-11 17:13:12',214,'2017-04-11 17:13:12',0,0),(00000099,214,214,'评论',7,225,214,'2017-04-11 17:13:20',214,'2017-04-11 17:13:20',0,0),(00000100,214,214,'评论',7,223,214,'2017-04-11 17:13:32',214,'2017-04-11 17:13:32',0,0),(00000101,2,2,'评论',7,235,2,'2017-04-12 18:18:33',2,'2017-04-12 18:18:33',0,0);
/*!40000 ALTER TABLE `gener_message` ENABLE KEYS */;
UNLOCK TABLES;

--
-- Table structure for table `gener_module`
--

DROP TABLE IF EXISTS `gener_module`;
/*!40101 SET @saved_cs_client     = @@character_set_client */;
/*!40101 SET character_set_client = utf8 */;
CREATE TABLE `gener_module` (
  `module` int(11) NOT NULL AUTO_INCREMENT,
  `name` varchar(45) COLLATE utf8mb4_unicode_ci NOT NULL,
  PRIMARY KEY (`module`),
  UNIQUE KEY `name_UNIQUE` (`name`)
) ENGINE=InnoDB AUTO_INCREMENT=11 DEFAULT CHARSET=utf8mb4 COLLATE=utf8mb4_unicode_ci;
/*!40101 SET character_set_client = @saved_cs_client */;

--
-- Dumping data for table `gener_module`
--

LOCK TABLES `gener_module` WRITE;
/*!40000 ALTER TABLE `gener_module` DISABLE KEYS */;
INSERT INTO `gener_module` VALUES (7,'COMMENT_MODULE'),(4,'EVENT_MODULE'),(9,'FAMILY_MODULE'),(6,'GRAVE_MODULE'),(1,'LIKE_MODULE'),(3,'ORDER_MODULE'),(8,'PERSON_MODULE'),(5,'POST_MODULE'),(2,'SYSTEM_MODULE');
/*!40000 ALTER TABLE `gener_module` ENABLE KEYS */;
UNLOCK TABLES;

--
-- Table structure for table `gener_personDetail`
--

DROP TABLE IF EXISTS `gener_personDetail`;
/*!40101 SET @saved_cs_client     = @@character_set_client */;
/*!40101 SET character_set_client = utf8 */;
CREATE TABLE `gener_personDetail` (
  `id` int(10) unsigned NOT NULL AUTO_INCREMENT,
  `personId` int(11) NOT NULL,
  `userId` int(11) NOT NULL,
  `info` varchar(20) COLLATE utf8mb4_unicode_ci NOT NULL,
  `type` int(11) NOT NULL COMMENT 'type代表Info保存的信息,比如1代表技能skill,2代表爱好favorite,',
  `create_time` datetime NOT NULL,
  `create_by` int(11) NOT NULL,
  `update_time` datetime NOT NULL,
  `update_by` int(11) NOT NULL,
  PRIMARY KEY (`id`),
  UNIQUE KEY `personId` (`personId`,`info`,`type`)
) ENGINE=InnoDB AUTO_INCREMENT=11 DEFAULT CHARSET=utf8mb4 COLLATE=utf8mb4_unicode_ci;
/*!40101 SET character_set_client = @saved_cs_client */;

--
-- Dumping data for table `gener_personDetail`
--

LOCK TABLES `gener_personDetail` WRITE;
/*!40000 ALTER TABLE `gener_personDetail` DISABLE KEYS */;
INSERT INTO `gener_personDetail` VALUES (1,474,2,'钓鱼',1,'2017-04-12 16:58:35',2,'2017-04-12 16:58:35',2),(2,474,2,'游泳',1,'2017-04-12 16:59:07',2,'2017-04-12 16:59:07',2),(3,474,0,'做饭',1,'2017-04-12 17:00:28',0,'2017-04-12 17:00:28',0),(4,148,0,'钓鱼',1,'2017-04-12 17:33:46',0,'2017-04-12 17:33:46',0),(5,474,0,'睡觉',2,'2017-04-12 17:59:02',0,'2017-04-12 17:59:02',0),(6,474,0,'吃饭',2,'2017-04-12 17:59:42',0,'2017-04-12 17:59:42',0),(8,474,0,'长跑',1,'2017-04-12 18:06:31',0,'2017-04-12 18:06:31',0),(9,428,0,'射击',1,'2017-04-12 18:17:38',0,'2017-04-12 18:17:38',0),(10,148,0,'游泳',2,'2017-04-12 18:38:53',0,'2017-04-12 18:38:53',0);
/*!40000 ALTER TABLE `gener_personDetail` ENABLE KEYS */;
UNLOCK TABLES;

--
-- Table structure for table `gener_significantEvent`
--

DROP TABLE IF EXISTS `gener_significantEvent`;
/*!40101 SET @saved_cs_client     = @@character_set_client */;
/*!40101 SET character_set_client = utf8 */;
CREATE TABLE `gener_significantEvent` (
  `id` int(30) NOT NULL AUTO_INCREMENT,
  `personId` int(30) unsigned NOT NULL,
  `userId` int(30) NOT NULL,
  `iconograph` varchar(255) COLLATE utf8mb4_unicode_ci NOT NULL,
  `familyId` int(30) DEFAULT NULL,
  `type` int(11) NOT NULL COMMENT '事件类型，1是大事件，2是秘密事件',
  `open_time` datetime DEFAULT NULL COMMENT '如果是秘密事件，则有一个公开时间的属性',
  `exp_time` date NOT NULL,
  `exp_name` varchar(100) CHARACTER SET utf8mb4 NOT NULL,
  `exp_content` text CHARACTER SET utf8mb4 NOT NULL,
  `write_mode` int(10) NOT NULL,
  `create_time` datetime NOT NULL,
  `create_by` int(30) NOT NULL,
  `update_time` datetime NOT NULL,
  `update_by` int(30) NOT NULL,
  PRIMARY KEY (`id`),
  KEY `fk_gener_significantEvent_person_idx` (`personId`)
) ENGINE=InnoDB AUTO_INCREMENT=97 DEFAULT CHARSET=utf8mb4 COLLATE=utf8mb4_unicode_ci;
/*!40101 SET character_set_client = @saved_cs_client */;

--
-- Dumping data for table `gener_significantEvent`
--

LOCK TABLES `gener_significantEvent` WRITE;
/*!40000 ALTER TABLE `gener_significantEvent` DISABLE KEYS */;
INSERT INTO `gener_significantEvent` VALUES (28,413,0,'assets/topbar.jpg',104,1,NULL,'2017-01-01','111','111',1,'2017-02-22 17:01:32',171,'2017-02-22 17:01:32',171),(29,398,0,'assets/topbar.jpg',103,1,NULL,'2017-05-05','vgvt','gvt',1,'2017-02-28 10:06:53',171,'2017-02-28 10:06:53',171),(31,421,171,'assets/topbar.jpg',105,1,NULL,'2017-01-01','tdtxt','dtdtxr',1,'2017-02-28 15:55:47',171,'2017-02-28 15:55:47',171),(32,424,0,'assets/topbar.jpg',105,1,NULL,'2017-04-02','fgcgdg2','dyfgdg',1,'2017-02-28 17:27:01',171,'2017-03-01 15:52:56',171),(33,424,0,'assets/topbar.jpg',105,1,NULL,'2017-01-01','十年后购房团','吃太多飞车',1,'2017-03-01 16:50:46',171,'2017-03-01 16:50:46',171),(34,148,0,'assets/topbar.jpg',29,1,NULL,'1995-02-06','出生啦','出生',0,'2017-03-08 18:00:07',2,'2017-03-08 18:00:07',2),(35,148,0,'assets/topbar.jpg',29,1,NULL,'2001-09-01','小学','小学',0,'2017-03-08 18:01:30',2,'2017-03-08 18:01:30',2),(36,148,0,'assets/topbar.jpg',29,1,NULL,'2007-09-01','初中','小学',0,'2017-03-08 18:02:00',2,'2017-03-08 18:02:00',2),(37,148,0,'assets/topbar.jpg',29,1,NULL,'2010-09-01','高中','小学',0,'2017-03-08 18:02:09',2,'2017-03-08 18:02:09',2),(38,148,0,'assets/topbar.jpg',29,1,NULL,'2013-09-01','大学','大学',0,'2017-03-08 18:02:15',2,'2017-03-08 18:04:30',2),(39,148,0,'assets/topbar.jpg',29,1,NULL,'2017-03-08','写代码','坐在位置上写代码',0,'2017-03-08 18:05:12',2,'2017-03-08 18:05:12',2),(40,148,0,'assets/topbar.jpg',29,1,NULL,'1995-02-06','文章标题sqwqqqwe','文章内容undefined',1,'2017-03-13 09:56:17',2,'2017-03-13 09:56:17',2),(41,148,0,'assets/topbar.jpg',29,1,NULL,'1995-02-06','文章标题dasdasda','文章内容undefined',1,'2017-03-13 15:41:04',2,'2017-03-13 15:41:04',2),(42,148,0,'assets/topbar.jpg',29,1,NULL,'1995-02-06','文章标题tertertert','文章内容undefined',1,'2017-03-13 15:45:00',2,'2017-03-13 15:45:00',2),(43,148,0,'assets/topbar.jpg',29,1,NULL,'1995-02-06','文章标题认真的填写大事件','文章内容<p><img src=\"http://www.izuqun.com/images/upload/2/14893949402017-01-06 14-30-49屏幕截图.png\" alt=\"\" width=\"612\" height=\"431\" /></p>\n<p>我在这里认真的填写大事件</p>',1,'2017-03-13 16:49:13',2,'2017-03-13 16:49:13',2),(44,148,0,'assets/topbar.jpg',29,1,NULL,'1995-02-06','写代码','<p>写代码</p>',1,'2017-03-13 16:52:27',2,'2017-03-13 16:52:27',2),(45,148,0,'assets/topbar.jpg',29,1,NULL,'1995-02-06','写代码','<p>写代码</p>',1,'2017-03-13 16:53:18',2,'2017-03-13 16:53:18',2),(46,148,0,'assets/topbar.jpg',29,1,NULL,'2017-03-13','das','<p>大声道</p>',1,'2017-03-13 16:54:51',2,'2017-03-13 16:54:51',2),(47,148,0,'assets/topbar.jpg',29,1,'0000-00-00 00:00:00','2017-03-17','爱仕达所','<p>大叔大婶大所</p>',0,'2017-03-13 16:57:21',2,'2017-03-13 16:57:21',2),(48,148,0,'assets/topbar.jpg',29,1,NULL,'2017-03-02','das','<p>打撒</p>',0,'2017-03-13 16:58:05',2,'2017-03-13 16:58:05',2),(51,148,0,'assets/topbar.jpg',29,1,NULL,'2017-03-31','测试新增大事件','<p>未来的事件</p>',1,'2017-03-15 17:43:02',2,'2017-03-15 17:43:02',2),(56,0,2,'assets/topbar.jpg',NULL,1,NULL,'2017-07-29','测试添加事件','<p>hahahahah</p>',0,'2017-03-16 12:37:27',0,'2017-03-16 12:37:27',0),(57,0,2,'assets/topbar.jpg',NULL,1,NULL,'2017-07-29','测试添加事件','<p>hahahahah</p>',0,'2017-03-16 12:39:05',0,'2017-03-16 12:39:05',0),(58,0,2,'assets/topbar.jpg',NULL,1,NULL,'2017-07-29','测试添加事件','<p>hahahahah</p>',0,'2017-03-16 12:39:49',2,'2017-03-16 12:39:49',2),(59,0,2,'assets/topbar.jpg',NULL,1,NULL,'2017-07-29','哈哈啊哈哈哈','<p>哈哈哈哈哈哈哈哈哈哈哈</p>',0,'2017-03-16 12:43:08',2,'2017-03-16 12:43:08',2),(60,0,184,'assets/topbar.jpg',NULL,1,NULL,'2017-03-10','jhjk','<p>一会回家空间&ldquo;</p>',0,'2017-03-16 12:45:32',184,'2017-03-16 12:45:32',184),(61,0,2,'assets/topbar.jpg',NULL,1,NULL,'2017-03-09','大世家大家的死奥的斯','<p>爱大叔大叔大叔大叔的骄傲搜ID还搜换代速度还速度哈UI时代USD安徽丢啊时怠速大海苏都还速度还速度和爱速度和爱速度和爱速度和爱速度和爱速度和阿偶说的话爱速度还速度还速度和奥斯丁耗时毒趴搜大家佛寺哈度搜啊；是；奥斯迪和埃苏都会速度回复搜ID发哈搜房哈斯读法匟；藕丝地方哈速度合法is；手动【幅度大好的发挥奥迪返回奥斯迪和分；奥斯迪和</p>',0,'2017-03-16 13:36:33',2,'2017-03-16 13:36:33',2),(62,0,3,'assets/topbar.jpg',NULL,1,NULL,'2017-03-16','葱长高了','<p><img src=\"images/upload/3/1489642700895309692761421944.jpg\" alt=\"\" width=\"421\" height=\"316\" />啊安抚</p>',0,'2017-03-16 13:39:00',3,'2017-03-16 13:39:00',3),(63,231,0,'assets/topbar.jpg',75,1,NULL,'2017-01-01','1','1',1,'2017-03-16 13:39:09',171,'2017-03-16 13:50:50',171),(65,412,171,'assets/topbar.jpg',104,1,NULL,'2017-06-05','&fgfgc','hfhdgdt',1,'2017-03-21 10:46:00',171,'2017-03-21 10:46:26',171),(66,0,213,'assets/topbar.jpg',NULL,1,NULL,'2017-03-04','测试大事件','&lt;p&gt;11111&lt;/p&gt;',0,'2017-03-21 12:38:07',213,'2017-03-21 12:38:07',213),(67,426,0,'assets/topbar.jpg',105,1,NULL,'2017-01-01','hgdg','yfgd',1,'2017-03-21 14:04:15',171,'2017-03-21 14:04:15',171),(68,423,0,'assets/topbar.jpg',105,1,NULL,'2020-07-01','6fyfty','yfgcg',1,'2017-03-21 15:15:47',171,'2017-03-21 15:24:37',171),(69,0,3,'assets/topbar.jpg',NULL,1,NULL,'2017-03-21','葱又长高了','&lt;p&gt;葱又长高了&lt;/p&gt;',0,'2017-03-21 18:56:29',3,'2017-03-21 18:56:29',3),(70,0,2,'assets/topbar.jpg',NULL,1,NULL,'2017-03-18','给组祖父的大事件','&lt;p&gt;长得很和蔼&lt;/p&gt;',0,'2017-03-23 11:37:05',2,'2017-03-23 11:37:05',2),(71,428,0,'assets/topbar.jpg',29,1,NULL,'2017-03-04','给组祖父的大事件','&lt;p&gt;哈哈哈哈哈哈哈啊哈哈哈哈&lt;/p&gt;',0,'2017-03-23 11:40:57',2,'2017-03-23 11:40:57',2),(72,428,0,'assets/topbar.jpg',29,1,NULL,'2017-03-04','一篇很认真的大事件','&lt;p&gt;这是一篇很认真的大事件，这里面需要有图片，但是我觉得图片的内容并不会被上传。哈哈哈哈&lt;/p&gt;',1,'2017-03-23 13:41:13',2,'2017-03-23 13:41:13',2),(73,428,0,'assets/topbar.jpg',29,1,NULL,'2017-03-04','复制来测试的','&lt;p&gt;版权归作者所有，任何形式转载请联系作者。&lt;br /&gt;作者：魏知超（来自豆瓣）&lt;br /&gt;来源：https://www.douban.com/note/611865797/&lt;/p&gt;\n&lt;p&gt;今天我们来聊一聊游戏什么时候会吞没掉这个现实世界。我们不谈具体的游戏技术，只谈这个问题的心理逻辑。&lt;/p&gt;\n&lt;p&gt;突破天际的游戏业&lt;/p&gt;\n&lt;p&gt;最近几年，「游戏吞没现实」这个说法越来越热。有些人担心，游戏世界现在已经逐渐统治我们的世界了。按照目前的形势发展下去，世界上的游戏玩家数量越来越多，他们花在游戏上的时间也越来越多。&lt;/p&gt;\n&lt;p&gt;迟早有一天，这个世界会变成《黑客帝国》那样，地球上的所有人都会变成喉咙上插一根管子，负责喂吃的，脑袋上插一根管子，负责把感官接入游戏世界。这样他们就可以24小时无间断地play、play、play了。&lt;/p&gt;\n&lt;p&gt;&lt;br /&gt;真的会有这样的一天吗？有些人觉得，一定会。因为他们看到现在的年轻人就已经花了太多的时间在游戏上。&lt;/p&gt;\n&lt;p&gt;据一本叫《游戏改变世界》的畅销书估计，全世界加起来，每周人们总共就要花费30亿小时打游戏，美国年轻人到21岁的时候已经平均花了1万多个小时玩各种电脑和视频游戏。&lt;/p&gt;\n&lt;p&gt;&lt;br /&gt;而且这种趋势似乎还在愈演愈烈，这从游戏业日益蓬勃的销售数据上就能看出点端倪来。这几年游戏业的各项数据频频突破天际：&lt;/p&gt;\n&lt;p&gt;2012年，fps游戏《使命召唤：黑色行动2》发布的时候，在头24个小时里的销售额就高达5亿美元。&lt;br /&gt;2013年，《侠盗猎车手》（GTA5）发布的那天，北美地区的8300多家游戏零售店都在午夜开门营业，第一天的营业额就高达8亿美元。然后只用了三天，《GTA5》的销售额就超过了10亿美元。历史上最卖座的那些电影，比它早的《阿凡达》、比它晚的《星球大战：原力觉醒》，恐怕都不是对手。&lt;/p&gt;\n&lt;p&gt;2015年，发售三年的老游戏《反恐精英：全球攻势》在steam平台上的年度销量仍然高达563万份。&lt;br /&gt;2016年，《守望先锋》上线仅二十天，销量就突破一千万套。&lt;/p&gt;\n&lt;p&gt;无与伦比的娱乐性&lt;/p&gt;\n&lt;p&gt;游戏凭什么创造这些辉煌的数据呢？&lt;/p&gt;\n&lt;p&gt;最关键的当然是无与伦比的娱乐性。与其他的娱乐形式相比，游戏实在是太有趣啦！&lt;/p&gt;\n&lt;p&gt;其实不论玩游戏还是看书、看电影，我们都会把自己代入进去，娱乐活动带来的快感与这种代入体验直接相关。&lt;/p&gt;\n&lt;p&gt;这种「代入感」有两个层面：&lt;/p&gt;\n&lt;p&gt;情绪（feeling）&lt;br /&gt;情感（emotion）&lt;br /&gt;情绪代入&lt;/p&gt;\n&lt;p&gt;情绪层面带给我们的感受比较浅，更贴近人的本能。比如看电影里的追车、枪战，或者在游戏中控制角色过一个关卡时所获得的那种投入、刺激与满足。&lt;/p&gt;\n&lt;p&gt;而在这种「情绪代入」上，电影绝大多数时候就没法跟游戏匹敌，毕竟你可以控制游戏角色。&lt;/p&gt;\n&lt;p&gt;&lt;br /&gt;情感代入&lt;/p&gt;\n&lt;p&gt;另一种代入，是情感上的卷入。「情感」在体验上就更深刻、更复杂一些。一般来说，得是人物的命运啊、情节的进展啊、故事的氛围啊，这样一些东西才会让你有情感卷入。&lt;/p&gt;\n&lt;p&gt;以往我们总觉得，在人物、故事、氛围这些比较高层次的感受上，电影和文学是远在游戏之上的。游戏不就是打打杀杀吗？&lt;/p&gt;\n&lt;p&gt;但其实连这方面，游戏现在都已经在大幅追赶甚至反超电影了。&lt;/p&gt;\n&lt;p&gt;我前段时间玩了一款游戏《深处》（inside），是那款好评如潮的《地狱边境Limbo》的开发商2016年推出的作品。它营造出来的那种氛围之迷人，完全就是最顶尖艺术电影的水准。&lt;/p&gt;\n&lt;p&gt;&lt;br /&gt;所以，我自己的感受是：现在的游戏不论在情绪卷入还是情感卷入上，都超越了制作规模在同档次的电影至少一个级别。最顶级的一部电影带给你的享受，可能一款差不多优秀的游戏就可以带给你了。&lt;/p&gt;\n&lt;p&gt;成就感&lt;/p&gt;\n&lt;p&gt;况且，游戏里还有一个杀手锏，那就是你随时都可以获得成就感。&lt;/p&gt;\n&lt;p&gt;&lt;br /&gt;大部分优秀的游戏，上手五分钟以内，你可能就已经杀了些小杂兵，过了些小关卡，成就感就已经源源不绝。&lt;/p&gt;\n&lt;p&gt;即便是那种难度非常大的游戏，比如像著名游戏制作人宫崎英高开发的「受苦」系列，像《血源诅咒》，我这种手残党打个小boss也能死个十几次。&lt;/p&gt;\n&lt;p&gt;但即便是这种难度大到让你想摔手柄的游戏，它们相对于现实中的成功来说，也还是太容易了。&lt;/p&gt;\n&lt;p&gt;&lt;br /&gt;相比于游戏世界，现实世界可以称得上是艰难而又无趣。&lt;/p&gt;\n&lt;p&gt;游戏世界如此迷人，也就难怪无数玩家沉迷其中了。&lt;/p&gt;\n&lt;p&gt;征途上的一道屏障&lt;/p&gt;\n&lt;p&gt;照这样看来，游戏吞没现实的趋势，是不是就不可阻挡了呢？&lt;/p&gt;\n&lt;p&gt;也未必，因为在游戏散发出的迷人光晕中，时不时会浮现出一道阴影。这道阴影，有的时候会无意中抵消掉游戏对人的诱惑。于是它就成了游戏吞没现实征途上的一道屏障。&lt;/p&gt;\n&lt;p&gt;这道屏障是什么呢？&lt;/p&gt;\n&lt;p&gt;空虚&lt;/p&gt;\n&lt;p&gt;它就是所有游戏玩家都可能体验过的空虚感&amp;mdash;&amp;mdash;玩游戏的时候越high，关掉游戏机的那一刻也就越感觉到失落。&lt;/p&gt;\n&lt;p&gt;&lt;br /&gt;游戏万般好，无奈太空虚。&lt;/p&gt;\n&lt;p&gt;于是不少玩家倒会因为受不了这种空虚感而远离游戏，回归现实。&lt;/p&gt;\n&lt;p&gt;玩家只要还会有这种空虚感，游戏就还不可能全面吞没现实。&lt;/p&gt;\n&lt;p&gt;为什么空虚&lt;/p&gt;\n&lt;p&gt;那么，为什么会有这种空虚感呢？它的心理机制到底是什么？&lt;/p&gt;\n&lt;p&gt;我之前在知乎上看到类似的问题，读了一堆答案，感觉都没有说到这个问题的根本。直到看到一本叫《雄性衰落》的书，这本书里提到的一个视角，让我觉得脑洞大开。&lt;/p&gt;\n&lt;p&gt;&lt;br /&gt;书的作者是菲利普&amp;middot;津巴多，就是做出过那个最著名的心理学实验&amp;mdash;&amp;mdash;斯坦福监狱实验的科学家。&lt;/p&gt;\n&lt;p&gt;我估计要数出现在还活着的最知名的五个心理学家的话，那他也一定会入选。&lt;/p&gt;\n&lt;p&gt;&lt;br /&gt;菲利普&amp;middot;津巴多&lt;br /&gt;而这本《雄性衰落》总结了他最近这些年的研究兴趣，书的重点是批判游戏、爱情动作片这些东西，批评它们让年轻男人们变宅，然后变得越来越不中用。&lt;/p&gt;\n&lt;p&gt;但那些批判都很老生常谈，倒是里面这个关于玩游戏为什么会有空虚感的观点让我印象深刻。&lt;/p&gt;\n&lt;p&gt;玩游戏的人还不够多？&lt;/p&gt;\n&lt;p&gt;玩游戏为什么会空虚呢？《雄性衰落》里说，很简单，是因为玩游戏的人还不够多。&lt;/p&gt;\n&lt;p&gt;咦？这不是跟我们前面说的那一堆游戏业的辉煌数据矛盾吗？&lt;/p&gt;\n&lt;p&gt;并不矛盾。&lt;/p&gt;\n&lt;p&gt;「意义」何在？&lt;/p&gt;\n&lt;p&gt;这个观点书里说的有点乱，我自己把它提炼了一下，大致的逻辑推演是这样的：&lt;/p&gt;\n&lt;p&gt;空虚的同义词就是感觉到没有意义嘛。关上游戏机的那一刹那感受到的空虚感，其实就是意识到游戏里耍得再欢快，练级练得再高，它也没有什么实际意义。&lt;/p&gt;\n&lt;p&gt;&lt;br /&gt;那么，人在什么时候会感觉到做一个事情是有意义的呢？其实有一个因素特别简单，那就是：&lt;/p&gt;\n&lt;p&gt;一起做这件事情的人越多，你就觉得它越有意义。&lt;br /&gt;你一定会觉得，不对劲啊。照这个说法，游戏应该比现实更有意义啊。&lt;/p&gt;\n&lt;p&gt;你玩一个网游，是好几千人、几万人甚至几十万人在打同一个战役，是好多人一起做同一件事情。&lt;/p&gt;\n&lt;p&gt;&lt;br /&gt;而现实中呢，你可能在一家小公司上班，一共才十几号人，而且每个人做的事情还都不一样。在现实中的那个你才是没有跟很多人一起做事啊。&lt;/p&gt;\n&lt;p&gt;连通的现实世界&lt;/p&gt;\n&lt;p&gt;那为什么实际上是现实中那个孤零零的你做成一个事情，反而觉得很有意义，而在游戏里，你跟那么多人同呼吸、共命运，却在内心深处觉得毫无价值呢？&lt;/p&gt;\n&lt;p&gt;这是因为，虽然表面上看起来，现实中的每个人在各自做着自己的事情，但是现实世界是有一套共同标准的啊！&lt;/p&gt;\n&lt;p&gt;这套共同标准可以衡量所有这些不同事情的价值。比如说，两个最俗的标准：&lt;/p&gt;\n&lt;p&gt;钱；&lt;br /&gt;社会地位。&lt;br /&gt;书里这么说的：&lt;/p&gt;\n&lt;p&gt;销售人员跟牙医的动力肯定不一样，但是因为不同职业之间有经济上的可比性&amp;mdash;&amp;mdash;即存在一个经济和社会地位的奖赏系统，每个行业还是能够理解其他行业从业者所追求的目标的。&lt;/p&gt;\n&lt;p&gt;通过财务指标和社会地位，大家能够达成共识。&lt;br /&gt;我和你做的事情不一样，但是我们其实在同一个系统里，是可以相互比较的。说白了就是：看谁赚的钱多。&lt;/p&gt;\n&lt;p&gt;&amp;nbsp;&lt;/p&gt;\n&lt;p&gt;隔绝的游戏世界&lt;/p&gt;\n&lt;p&gt;但是游戏呢？书里说：&lt;/p&gt;\n&lt;p&gt;每个电子游戏都有着自己的「经济生态圈」，就像真实世界中销售人员和牙医们各自所属的圈子一样。&lt;/p&gt;\n&lt;p&gt;不一样的是，现实世界中的经济圈是被几乎所有人接受的，而虚拟「经济圈」在自己建构的疆界之外却不被承认，因而跟外界可以交换的东西就少得可怜。&lt;/p&gt;\n&lt;p&gt;因此对于外人而言除了茶余饭后的笑谈之外，也就毫无价值。&lt;br /&gt;《游戏改变世界》那本书里说，地球上所有玩家玩游戏的时间加起来已经非常非常长。&lt;/p&gt;\n&lt;p&gt;但是刚才这个观点就看到了另一个侧面，那就是这些游戏时间实际上是不能够全部加起来的，它们实际上是一块一块分割开的。&lt;/p&gt;\n&lt;p&gt;玩不同游戏的人，他们相互之间实际上是完全隔绝的。&lt;/p&gt;\n&lt;p&gt;&lt;br /&gt;所以即便你在玩的是世界上最多人玩的游戏，它的体量跟这个现实世界也根本就没法比。&lt;/p&gt;\n&lt;p&gt;现实世界才是地球上最大的网游。&lt;/p&gt;\n&lt;p&gt;&lt;br /&gt;一个游戏就算有一千万人同时在线，了不起吗？现实世界这个网游，70亿人同时在线，最庞大的游戏在它面前也不值一提！&lt;/p&gt;\n&lt;p&gt;所以，你觉得现实和游戏，做哪件事的时候你会觉得更有意义？做哪件事情的时候你更有空虚感？&lt;/p&gt;\n&lt;p&gt;游戏世界的「通用度量衡」&lt;/p&gt;\n&lt;p&gt;好了，到这里，我们就可以回答节目一开始提出的问题了：游戏什么时候才会吞没现实？&lt;/p&gt;\n&lt;p&gt;应该就是游戏世界发明出来一个类似于现实世界中的「钱」这样的通用度量衡的那一天。&lt;/p&gt;\n&lt;p&gt;这样的通用度量衡，目前只在很少的一部分游戏身上实现了。比如一些竞技类的游戏，比赛得到好的名次真的能够拿到现实世界的奖金。&lt;/p&gt;\n&lt;p&gt;这些竞技游戏的职业玩家，我觉得就不太会有那种普通玩家的空虚感。&lt;/p&gt;\n&lt;p&gt;&lt;br /&gt;DOTA2在西雅图的钥匙球馆举办的2015年国际邀请赛的总决赛&lt;br /&gt;但是，这还只是少数的游戏类型中的极少数玩家，而且衡量标准也还是现实世界中的那个钱。&lt;/p&gt;\n&lt;p&gt;玩家共同体&lt;/p&gt;\n&lt;p&gt;我不知道未来是不是真的会有这么一种通用游戏货币出现，但一旦它被发明出来，那么整个游戏世界就被打通了。&lt;/p&gt;\n&lt;p&gt;到那时，所有的游戏成就都可以相互比较，世界上所有的游戏玩家将会形成一个共同体。&lt;/p&gt;\n&lt;p&gt;这样一来，玩游戏就再也不会是一件没有意义、让人倍感空虚的事情，因为那时会有几十亿人跟你在做同一件事。&lt;/p&gt;\n&lt;p&gt;&lt;br /&gt;游戏世界的统一度量衡问世的这一天，才是游戏正式吞没世界的起点。&lt;/p&gt;\n&lt;p&gt;那之后的世界，将会是反游戏者眼里的地狱，游戏玩家眼中的乌托邦。&lt;/p&gt;\n&lt;p&gt;津巴多老爷子那时候如果还健在的话，那他要担心的恐怕就不是游戏玩家是不是要「game over」，而是这整个真实世界是不是要「game over」了。&lt;/p&gt;\n&lt;p&gt;文｜魏知超&lt;/p&gt;\n&lt;p&gt;文中涉及的书籍、八卦：&lt;/p&gt;\n&lt;p&gt;1.关于游戏，两本针锋相对的书&lt;/p&gt;\n&lt;p&gt;&lt;br /&gt;在对待游戏的态度上，《游戏改变世界》和《雄性衰落》是两本针锋相对的书。&lt;/p&gt;\n&lt;p&gt;前者把游戏夸成一朵花，后者痛心疾首，认为游戏是毁掉年轻人的罪魁祸首之一。&lt;/p&gt;\n&lt;p&gt;并在一起读，很有意思。当然，前者在条理和易读性上都完胜后者。&lt;/p&gt;\n&lt;p&gt;2.「晚节不保」的科学家&lt;/p&gt;\n&lt;p&gt;《雄性衰落》这本书，我并不推荐。&lt;/p&gt;\n&lt;p&gt;书里的不少结论虽然有一些逻辑上的合理性，但未必有多少可靠的证据。&lt;/p&gt;\n&lt;p&gt;作者津巴多作为曾经的一流大学者，在这本书里立论时却没有引用多少切实的科学数据，这多少有点晚节不保的意思。&lt;/p&gt;',0,'2017-03-23 13:59:50',2,'2017-03-23 13:59:50',2),(74,428,0,'assets/topbar.jpg',29,1,NULL,'2017-03-03','可能有xss','&lt;p&gt;&amp;lt;script&amp;gt;alert(&quot;哈哈哈哈哈哈哈&quot;)&amp;lt;/script&amp;gt;&lt;/p&gt;',0,'2017-03-23 14:03:45',2,'2017-03-23 14:03:45',2),(75,0,2,'assets/topbar.jpg',NULL,1,NULL,'2017-03-10','可能有输入框，但是测试js不会被执行','&lt;p&gt;&amp;lt;input&amp;gt;富文本有输入框?&amp;lt;/input&amp;gt;&lt;/p&gt;',0,'2017-03-23 14:04:40',2,'2017-03-23 14:04:40',2),(76,428,0,'assets/topbar.jpg',29,1,NULL,'2017-03-23','大事件！！！！！！！','&lt;p&gt;111111111111111111111111111111111111&lt;/p&gt;',0,'2017-03-23 14:19:16',2,'2017-03-23 14:19:16',2),(77,0,2,'assets/topbar.jpg',NULL,1,NULL,'2017-03-11','给自己写大事件','&lt;p&gt;给自己写大事件&lt;/p&gt;\n&lt;p&gt;给自己写大事件&lt;/p&gt;\n&lt;p&gt;给自己写大事件&lt;/p&gt;\n&lt;p&gt;&amp;nbsp;&lt;/p&gt;\n&lt;p&gt;给自己写大事件&lt;/p&gt;\n&lt;p&gt;给自己写大事件&lt;/p&gt;\n&lt;p&gt;给自己写大事件&lt;/p&gt;\n&lt;p&gt;&amp;nbsp;&lt;/p&gt;\n&lt;p&gt;给自己写大事件&lt;/p&gt;\n&lt;p&gt;给自己写大事件&lt;/p&gt;\n&lt;p&gt;给自己写大事件&lt;/p&gt;\n&lt;p&gt;&amp;nbsp;&lt;/p&gt;\n&lt;p&gt;给自己写大事件&lt;/p&gt;\n&lt;p&gt;给自己写大事件&lt;/p&gt;\n&lt;p&gt;给自己写大事件&lt;/p&gt;\n&lt;p&gt;给自己写大事件&lt;/p&gt;\n&lt;p&gt;&amp;nbsp;&lt;/p&gt;\n&lt;p&gt;给自己写大事件&lt;/p&gt;\n&lt;p&gt;给自己写大事件&lt;/p&gt;\n&lt;p&gt;给自己写大事件&lt;/p&gt;\n&lt;p&gt;给自己写大事件&lt;/p&gt;\n&lt;p&gt;给自己写大事件&lt;/p&gt;\n&lt;p&gt;&amp;nbsp;&lt;/p&gt;\n&lt;p&gt;给自己写大事件&lt;/p&gt;\n&lt;p&gt;给自己写大事件&lt;/p&gt;\n&lt;p&gt;给自己写大事件&lt;/p&gt;\n&lt;p&gt;&amp;nbsp;&lt;/p&gt;',0,'2017-03-23 15:21:11',2,'2017-03-23 15:21:11',2),(78,428,0,'assets/topbar.jpg',29,1,NULL,'2017-03-16','人物大事件的编辑权限需要及时的读取','&lt;p&gt;人物大事件的编辑权限需要及时的读取&lt;/p&gt;\n&lt;p&gt;人物大事件的编辑权限需要及时的读取&lt;/p&gt;\n&lt;p&gt;&amp;nbsp;&lt;/p&gt;\n&lt;p&gt;人物大事件的编辑权限需要及时的读取&lt;/p&gt;\n&lt;p&gt;人物大事件的编辑权限需要及时的读取&lt;/p&gt;\n&lt;p&gt;&amp;nbsp;&lt;/p&gt;\n&lt;p&gt;人物大事件的编辑权限需要及时的读取&lt;/p&gt;\n&lt;p&gt;人物大事件的编辑权限需要及时的读取&lt;/p&gt;\n&lt;p&gt;人物大事件的编辑权限需要及时的读取&lt;/p&gt;\n&lt;p&gt;人物大事件的编辑权限需要及时的读取&lt;/p&gt;\n&lt;p&gt;人物大事件的编辑权限需要及时的读取&lt;/p&gt;\n&lt;p&gt;人物大事件的编辑权限需要及时的读取&lt;/p&gt;\n&lt;p&gt;人物大事件的编辑权限需要及时的读取&lt;/p&gt;\n&lt;p&gt;&amp;nbsp;&lt;/p&gt;',0,'2017-03-23 15:43:30',2,'2017-03-23 15:43:30',2),(79,428,0,'assets/topbar.jpg',29,1,NULL,'1917-03-08','出生啦','&lt;p&gt;这一年出生啦&lt;/p&gt;\n&lt;p&gt;这一年出生啦&lt;/p&gt;\n&lt;p&gt;这一年出生啦&lt;/p&gt;\n&lt;p&gt;这一年出生啦&lt;/p&gt;\n&lt;p&gt;这一年出生啦&lt;/p&gt;\n&lt;p&gt;这一年出生啦&lt;/p&gt;\n&lt;p&gt;这一年出生啦&lt;/p&gt;\n&lt;p&gt;这一年出生啦&lt;/p&gt;\n&lt;p&gt;这一年出生啦&lt;/p&gt;\n&lt;p&gt;这一年出生啦&lt;/p&gt;\n&lt;p&gt;这一年出生啦&lt;/p&gt;\n&lt;p&gt;这一年出生啦&lt;/p&gt;\n&lt;p&gt;这一年出生啦&lt;/p&gt;\n&lt;p&gt;这一年出生啦&lt;/p&gt;\n&lt;p&gt;这一年出生啦&lt;/p&gt;\n&lt;p&gt;这一年出生啦&lt;/p&gt;',0,'2017-04-05 11:40:30',2,'2017-04-05 11:40:30',2),(80,428,0,'assets/topbar.jpg',29,1,NULL,'1937-07-20','这一年结婚了','&lt;p&gt;1937年他结婚了，但同时1937年7月7日卢沟桥事变，他参加了抗日战争。&lt;/p&gt;\n&lt;p&gt;1937年他结婚了，但同时1937年7月7日卢沟桥事变，他参加了抗日战争。&lt;/p&gt;\n&lt;p&gt;1937年他结婚了，但同时1937年7月7日卢沟桥事变，他参加了抗日战争。&lt;/p&gt;\n&lt;p&gt;1937年他结婚了，但同时1937年7月7日卢沟桥事变，他参加了抗日战争。&lt;/p&gt;\n&lt;p&gt;1937年他结婚了，但同时1937年7月7日卢沟桥事变，他参加了抗日战争。&lt;/p&gt;\n&lt;p&gt;1937年他结婚了，但同时1937年7月7日卢沟桥事变，他参加了抗日战争。&lt;/p&gt;\n&lt;p&gt;1937年他结婚了，但同时1937年7月7日卢沟桥事变，他参加了抗日战争。&lt;/p&gt;\n&lt;p&gt;1937年他结婚了，但同时1937年7月7日卢沟桥事变，他参加了抗日战争。&lt;/p&gt;\n&lt;p&gt;1937年他结婚了，但同时1937年7月7日卢沟桥事变，他参加了抗日战争。&lt;/p&gt;\n&lt;p&gt;1937年他结婚了，但同时1937年7月7日卢沟桥事变，他参加了抗日战争。&lt;/p&gt;\n&lt;p&gt;1937年他结婚了，但同时1937年7月7日卢沟桥事变，他参加了抗日战争。&lt;/p&gt;\n&lt;p&gt;1937年他结婚了，但同时1937年7月7日卢沟桥事变，他参加了抗日战争。&lt;/p&gt;',0,'2017-04-05 11:44:19',2,'2017-04-05 11:44:19',2),(81,428,0,'assets/topbar.jpg',29,1,NULL,'1945-08-15','回家了','&lt;p&gt;1945年8月15日 日本宣布投降，他回家了&lt;/p&gt;\n&lt;p&gt;1945年8月15日 日本宣布投降，他回家了&lt;/p&gt;\n&lt;p&gt;1945年8月15日 日本宣布投降，他回家了&lt;/p&gt;\n&lt;p&gt;1945年8月15日 日本宣布投降，他回家了&lt;/p&gt;\n&lt;p&gt;1945年8月15日 日本宣布投降，他回家了&lt;/p&gt;\n&lt;p&gt;1945年8月15日 日本宣布投降，他回家了&lt;/p&gt;\n&lt;p&gt;1945年8月15日 日本宣布投降，他回家了&lt;/p&gt;\n&lt;p&gt;1945年8月15日 日本宣布投降，他回家了&lt;/p&gt;',0,'2017-04-05 11:48:08',2,'2017-04-05 11:48:08',2),(82,0,2,'assets/topbar.jpg',NULL,1,NULL,'1995-02-01','测试我的大事件','&lt;p&gt;哈哈哈啊哈哈哈啊哈哈和&lt;/p&gt;',0,'2017-04-06 14:50:26',2,'2017-04-06 14:50:26',2),(87,0,0,'',NULL,0,'0000-00-00 00:00:00','0000-00-00','','',0,'0000-00-00 00:00:00',0,'0000-00-00 00:00:00',0),(88,0,2,'assets/topbar.jpg',-1,2,'0000-00-00 00:00:00','2017-04-05','我的大事件有配图了','&lt;p&gt;啊啊啊啊啊啊&lt;/p&gt;',0,'2017-04-06 15:35:23',2,'2017-04-06 15:35:23',2),(89,0,2,'assets/topbar.jpg',-1,1,'2017-04-06 00:00:00','2017-03-31','我的公开的大事件','&lt;p&gt;1111&lt;/p&gt;',0,'2017-04-06 15:36:03',2,'2017-04-06 15:36:03',2),(90,0,2,'/images/upload/2/1491466448iGsadqXLdrHagO_GmEjqZFP2',-1,1,'2017-04-04 00:00:00','2017-04-06','哈哈哈哈','&lt;p&gt;测试新的横幅&lt;/p&gt;',1,'2017-04-06 16:14:29',2,'2017-04-06 16:14:29',2),(91,428,0,'/images/upload/2/1491468466lCy05X4ObmRhRtJIFKpy3eKb',29,1,'2017-04-01 00:00:00','2017-04-03','这是一个带动画的横幅','&lt;p&gt;按道理说，秘密只能是自己的&lt;/p&gt;',0,'2017-04-06 16:48:38',2,'2017-04-06 16:48:38',2),(92,145,0,'/images/upload/2/1491801355K5mjIpaP2_CKnbauYQuPJXp_',29,1,'2017-04-06 00:00:00','2003-02-07','兄弟１的大事件','&lt;p&gt;兄弟１的大事件&lt;/p&gt;\n&lt;p&gt;兄弟１的大事件&lt;/p&gt;\n&lt;p&gt;兄弟１的大事件&lt;/p&gt;\n&lt;p&gt;兄弟１的大事件&lt;/p&gt;\n&lt;p&gt;兄弟１的大事件&lt;/p&gt;\n&lt;p&gt;兄弟１的大事件&lt;/p&gt;\n&lt;p&gt;兄弟１的大事件&lt;/p&gt;\n&lt;p&gt;兄弟１的大事件&lt;/p&gt;\n&lt;p&gt;兄弟１的大事件&lt;/p&gt;\n&lt;p&gt;兄弟１的大事件&lt;/p&gt;\n&lt;p&gt;兄弟１的大事件&lt;/p&gt;\n&lt;p&gt;兄弟１的大事件&lt;/p&gt;\n&lt;p&gt;兄弟１的大事件&lt;/p&gt;\n&lt;p&gt;兄弟１的大事件&lt;/p&gt;\n&lt;p&gt;兄弟１的大事件&lt;/p&gt;\n&lt;p&gt;兄弟１的大事件&lt;/p&gt;\n&lt;p&gt;兄弟１的大事件&lt;/p&gt;\n&lt;p&gt;&amp;nbsp;&lt;/p&gt;',0,'2017-04-10 13:16:51',2,'2017-04-10 13:16:51',2),(93,145,0,'/images/upload/2/1491801355K5mjIpaP2_CKnbauYQuPJXp_',29,1,'2017-04-06 00:00:00','2003-02-07','兄弟１的大事件','&lt;p&gt;兄弟１的大事件&lt;/p&gt;\n&lt;p&gt;兄弟１的大事件&lt;/p&gt;\n&lt;p&gt;兄弟１的大事件&lt;/p&gt;\n&lt;p&gt;兄弟１的大事件&lt;/p&gt;\n&lt;p&gt;兄弟１的大事件&lt;/p&gt;\n&lt;p&gt;兄弟１的大事件&lt;/p&gt;\n&lt;p&gt;兄弟１的大事件&lt;/p&gt;\n&lt;p&gt;兄弟１的大事件&lt;/p&gt;\n&lt;p&gt;兄弟１的大事件&lt;/p&gt;\n&lt;p&gt;兄弟１的大事件&lt;/p&gt;\n&lt;p&gt;兄弟１的大事件&lt;/p&gt;\n&lt;p&gt;兄弟１的大事件&lt;/p&gt;\n&lt;p&gt;兄弟１的大事件&lt;/p&gt;\n&lt;p&gt;兄弟１的大事件&lt;/p&gt;\n&lt;p&gt;兄弟１的大事件&lt;/p&gt;\n&lt;p&gt;兄弟１的大事件&lt;/p&gt;\n&lt;p&gt;兄弟１的大事件&lt;/p&gt;\n&lt;p&gt;&amp;nbsp;&lt;/p&gt;',0,'2017-04-10 13:17:42',2,'2017-04-10 13:17:42',2),(94,145,0,'/images/upload/2/14918020669FyKTeKSHwyIydsbk8dhWQkY',29,1,'2017-04-25 00:00:00','2017-03-29','兄弟1的另外一个大事件','&lt;p&gt;这里是兄弟1的另外一个大事件&lt;/p&gt;',0,'2017-04-10 13:28:16',2,'2017-04-10 13:28:16',2),(95,378,0,'/images/upload/2/1491802494ac9gX3e1EZsRiZ_TgC1t0MNE',29,1,'2017-04-12 00:00:00','2016-03-10','给兄弟的大事件','&lt;p&gt;给兄弟的大事件&lt;/p&gt;',0,'2017-04-10 13:35:11',2,'2017-04-10 13:35:11',2),(96,443,2,'/images/upload/2/1491802819xur1_9_9m7phbDiPBKFTIDKZ',107,1,'2017-04-11 00:00:00','2017-03-29','1111111111111111','&lt;p&gt;11111111111111111111111111&lt;/p&gt;',0,'2017-04-10 13:40:27',2,'2017-04-10 13:40:27',2);
/*!40000 ALTER TABLE `gener_significantEvent` ENABLE KEYS */;
UNLOCK TABLES;

--
-- Table structure for table `gener_testFamily`
--

DROP TABLE IF EXISTS `gener_testFamily`;
/*!40101 SET @saved_cs_client     = @@character_set_client */;
/*!40101 SET character_set_client = utf8 */;
CREATE TABLE `gener_testFamily` (
  `id` int(30) unsigned NOT NULL AUTO_INCREMENT,
  `name` varchar(100) CHARACTER SET utf8mb4 NOT NULL,
  `password` varchar(100) CHARACTER SET utf8 NOT NULL,
  `min_level` int(10) NOT NULL,
  `max_level` int(10) NOT NULL,
  `permission` int(10) NOT NULL,
  `originator` int(30) NOT NULL,
  `member_count` int(11) NOT NULL,
  `description` varchar(100) COLLATE utf8mb4_unicode_ci NOT NULL,
  `create_by` int(30) NOT NULL,
  `create_time` datetime NOT NULL,
  `update_by` int(30) NOT NULL,
  `update_time` datetime NOT NULL,
  PRIMARY KEY (`id`),
  KEY `fk_gener_testFamily_originator_idx` (`originator`)
) ENGINE=InnoDB AUTO_INCREMENT=115 DEFAULT CHARSET=utf8mb4 COLLATE=utf8mb4_unicode_ci;
/*!40101 SET character_set_client = @saved_cs_client */;

--
-- Dumping data for table `gener_testFamily`
--

LOCK TABLES `gener_testFamily` WRITE;
/*!40000 ALTER TABLE `gener_testFamily` DISABLE KEYS */;
INSERT INTO `gener_testFamily` VALUES (29,'江','123456',-3,6,0,2,0,'我们家里有好多好多好多好多好多豪赌哈偶的奥时候都年少的哦爱上到人',2,'2016-11-05 17:15:09',2,'2016-11-05 17:15:09'),(65,'123','q789456123',0,0,0,6,0,'',6,'2016-11-12 16:47:50',6,'2016-11-12 16:47:50'),(66,'123','q789456123',0,0,0,6,0,'',6,'2016-11-12 16:49:49',6,'2016-11-12 16:49:49'),(67,'周家','123456',-1,1,0,159,0,'',159,'2016-11-19 11:54:25',159,'2016-11-19 11:54:25'),(68,'老李家','123456',-2,1,0,3,0,'',3,'2016-11-19 14:38:10',3,'2016-11-19 14:38:10'),(73,'haha','123456',-3,0,0,2,0,'',2,'2016-11-19 18:23:52',2,'2016-11-19 18:23:52'),(74,'周家2','123456',-1,1,0,159,0,'',159,'2016-11-26 15:40:14',159,'2016-11-26 15:40:14'),(75,'周家','123456',-1,0,0,171,0,'',171,'2016-12-10 12:07:11',171,'2016-12-10 12:07:11'),(76,'%E5%91%A8%E5%AE%B62','123456',0,0,0,171,0,'',171,'2016-12-10 12:45:05',171,'2016-12-10 12:45:05'),(77,'周家3','123456',-1,1,0,171,0,'',171,'2016-12-10 12:46:36',171,'2016-12-10 12:46:36'),(78,'周家4','123456',0,0,0,171,0,'',171,'2016-12-24 13:39:48',171,'2016-12-24 13:39:48'),(79,'周家5','123456',-1,0,0,171,0,'',171,'2016-12-24 13:48:11',171,'2016-12-24 13:48:11'),(80,'周家6','123456',-2,1,0,171,0,'',171,'2016-12-24 13:54:00',171,'2016-12-24 13:54:00'),(81,'周家7','123456',-1,1,0,171,0,'',171,'2016-12-25 10:24:17',171,'2016-12-25 10:24:17'),(82,'周家9','123456',-1,0,0,171,0,'',171,'2017-01-14 10:14:05',171,'2017-01-14 10:14:05'),(83,'hqhq','babana',0,0,0,2,0,'',2,'2017-01-14 12:37:52',2,'2017-01-14 12:37:52'),(84,'jsbnw','gwhjw',0,0,0,2,0,'',2,'2017-01-14 12:39:03',2,'2017-01-14 12:39:03'),(85,'vbbb','vbhh',0,0,0,2,0,'',2,'2017-01-14 12:39:55',2,'2017-01-14 12:39:55'),(86,'龚','123456',-1,0,0,184,0,'',184,'2017-01-14 15:41:35',184,'2017-01-14 15:41:35'),(87,'周家10','123456',-1,0,0,171,0,'',171,'2017-01-16 10:03:14',171,'2017-01-16 10:03:14'),(88,'周家11','123456',-1,0,0,171,0,'',171,'2017-01-16 10:05:00',171,'2017-01-16 10:05:00'),(89,'182666781@qq.com','123',-1,0,0,185,0,'',185,'2017-01-16 10:26:49',185,'2017-01-16 10:26:49'),(90,'周家12','123456',-1,0,0,171,0,'',171,'2017-01-16 11:48:49',171,'2017-01-16 11:48:49'),(91,'周家13','123456',-1,1,0,171,0,'',171,'2017-01-17 12:43:29',171,'2017-01-17 12:43:29'),(92,'hh','qqq',-1,0,0,186,0,'',186,'2017-01-18 11:20:58',186,'2017-01-18 11:20:58'),(93,'周家14','123456',-1,1,0,171,0,'',171,'2017-01-18 17:37:14',171,'2017-01-18 17:37:14'),(94,'老周','123466',-2,0,0,191,0,'',191,'2017-01-31 13:33:09',191,'2017-01-31 13:33:09'),(97,'786185931@qq.com','123456',0,0,0,2,0,'hahaha',2,'2017-02-08 12:54:59',2,'2017-02-08 12:54:59'),(98,'测试的家族','123456',0,0,0,2,0,'最多显示三行最多显示是哪寒风奥和山东那喝点水我为安徽省地哦按花ISO大红为安师大还是滴啊会收到为爱US好嗲US和都是的爱胡说的UI安徽岁安徽队爱好都是爱UI是丢啊',2,'2017-02-13 16:03:46',2,'2017-02-13 16:03:46'),(99,'注册','123456',0,1,0,200,0,'',200,'2017-02-13 16:05:38',200,'2017-02-13 16:05:38'),(100,'9','999',0,0,0,185,0,'',185,'2017-02-17 14:12:30',185,'2017-02-17 14:12:30'),(101,'周家14','123456',-1,1,0,171,0,'',171,'2017-02-17 17:09:52',171,'2017-02-17 17:09:52'),(102,'老赵家','123456',-4,1,0,3,0,'仁义礼',3,'2017-02-17 17:39:18',3,'2017-02-17 17:39:18'),(103,'周家15','123456',-1,1,0,171,0,'',171,'2017-02-21 18:16:09',171,'2017-02-21 18:16:09'),(104,'周家16','123456',-1,6,0,171,0,'',171,'2017-02-22 14:43:35',171,'2017-02-22 14:43:35'),(105,'周家17','123456',-1,1,0,171,0,'',171,'2017-02-28 11:03:59',171,'2017-02-28 11:03:59'),(106,'jiang','123456',-1,0,0,213,0,'',213,'2017-03-21 15:23:28',213,'2017-03-21 15:23:28'),(107,'11','11',0,0,0,2,0,'试一试楼哈哈哈',2,'2017-03-23 17:57:01',2,'2017-03-23 17:57:01'),(108,'1','1',-1,0,0,207,0,'',207,'2017-03-23 21:54:08',207,'2017-03-23 21:54:08'),(109,'测试描述','1231231',0,0,0,2,0,'afasdada大声道',2,'2017-03-24 11:12:18',2,'2017-03-24 11:12:18'),(110,'1','1',0,0,0,2,0,'1',2,'2017-03-24 11:13:22',2,'2017-03-24 11:13:22'),(111,'z','123456',0,0,0,171,0,'',171,'2017-03-29 17:48:46',171,'2017-03-29 17:48:46'),(112,'建立一个名字很长的家族','123456',-1,0,0,2,0,'12',2,'2017-04-05 10:48:49',2,'2017-04-05 10:48:49'),(113,'2','2',0,0,0,207,0,'',207,'2017-04-11 11:30:36',207,'2017-04-11 11:30:36'),(114,'周1','123456',-1,0,0,214,0,'',214,'2017-04-11 15:39:09',214,'2017-04-11 15:39:09');
/*!40000 ALTER TABLE `gener_testFamily` ENABLE KEYS */;
UNLOCK TABLES;

--
-- Table structure for table `gener_testPerson`
--

DROP TABLE IF EXISTS `gener_testPerson`;
/*!40101 SET @saved_cs_client     = @@character_set_client */;
/*!40101 SET character_set_client = utf8 */;
CREATE TABLE `gener_testPerson` (
  `id` int(30) unsigned NOT NULL AUTO_INCREMENT,
  `name` varchar(100) CHARACTER SET utf8mb4 NOT NULL,
  `address` varchar(100) CHARACTER SET utf8mb4 NOT NULL,
  `birthday` datetime NOT NULL,
  `gender` int(10) NOT NULL,
  `photo` varchar(250) CHARACTER SET utf8 NOT NULL,
  `share_url` varchar(250) CHARACTER SET utf8 NOT NULL,
  `familyId` int(30) unsigned NOT NULL,
  `ref_familyId` int(30) unsigned DEFAULT NULL,
  `father` varchar(1000) CHARACTER SET utf8 DEFAULT '',
  `mother` varchar(1000) CHARACTER SET utf8 DEFAULT '',
  `son` varchar(1000) CHARACTER SET utf8 DEFAULT '',
  `daughter` varchar(1000) CHARACTER SET utf8 DEFAULT '',
  `spouse` varchar(1000) CHARACTER SET utf8 DEFAULT '',
  `sister` varchar(1000) CHARACTER SET utf8 DEFAULT '',
  `brother` varchar(100) CHARACTER SET utf8 DEFAULT '',
  `level` int(30) NOT NULL,
  `userId` int(30) DEFAULT NULL,
  `confirm` int(1) NOT NULL COMMENT 'confirm表示这条记录有没有被管理员确认',
  `create_by` int(30) NOT NULL,
  `create_time` datetime NOT NULL,
  `update_by` int(30) NOT NULL,
  `update_time` datetime NOT NULL,
  PRIMARY KEY (`id`),
  KEY `fk_gener_testPerson_family_idx` (`familyId`),
  KEY `fk_gener_testPerson_refFamily_idx` (`ref_familyId`),
  KEY `fk_gener_testPerson_user_idx` (`userId`),
  CONSTRAINT `fk_gener_testPerson_family` FOREIGN KEY (`familyId`) REFERENCES `gener_testFamily` (`id`) ON DELETE NO ACTION ON UPDATE NO ACTION,
  CONSTRAINT `fk_gener_testPerson_refFamily` FOREIGN KEY (`ref_familyId`) REFERENCES `gener_testFamily` (`id`) ON DELETE NO ACTION ON UPDATE NO ACTION
) ENGINE=InnoDB AUTO_INCREMENT=493 DEFAULT CHARSET=utf8mb4 COLLATE=utf8mb4_unicode_ci;
/*!40101 SET character_set_client = @saved_cs_client */;

--
-- Dumping data for table `gener_testPerson`
--

LOCK TABLES `gener_testPerson` WRITE;
/*!40000 ALTER TABLE `gener_testPerson` DISABLE KEYS */;
INSERT INTO `gener_testPerson` VALUES (141,'编辑1','测试编辑地址','2016-08-08 00:00:00',1,'/images/upload/1490172582XnK10p1dl0edrW3VkEd39ll1','1412e182c17fe99ed8376bb2354e92d3',29,NULL,'142|','144|','154|155|','156|207|378|430|431|432|433|','153|270|','141|148|149|','145|146|147|',0,2,0,2,'2016-11-05 17:15:09',2,'2016-11-05 17:15:09'),(142,'父亲','安徽','1978-10-31 00:00:00',1,'/images/upload/1490172477P079qQoSgDxtjLmQQrEg1k9K','1422e182c17fe99ed8376bb2354e92d3',29,NULL,'211|','369|474|','145|146|147|','141|148|149|','144|268|269|','','142|',-1,NULL,0,2,'2016-11-05 17:17:18',2,'2016-11-05 17:17:18'),(144,'母亲','','1997-12-10 12:42:23',0,'/images/upload/1490172468Z2KLTkXPzn87hSyCm_Cg6EG0','1432e182c17fe99ed8376bb2354e92d3',29,NULL,'','','145|146|147|','141|148|149|','142|','144|','',-1,NULL,0,2,'2016-11-05 17:18:31',2,'2016-11-05 17:18:31'),(145,'兄弟1','','1997-12-10 12:42:23',1,'/images/upload/1490172494CfTcGlT85nTurhuAi1ejmnKB','1442e182c17fe99ed8376bb2354e92d3',29,NULL,'142|','144|','214|','','213|','141|148|149|','145|146|147|',0,NULL,0,2,'2016-11-05 17:19:09',2,'2016-11-05 17:19:09'),(146,'兄弟2','','1997-12-10 12:42:23',1,'/images/upload/1490172521XUke_Ew04bgM_1L8vrjc8PuB','1452e182c17fe99ed8376bb2354e92d3',29,NULL,'142|','144|','','','','141|148|149|','146|145|147|',0,NULL,0,2,'2016-11-05 17:19:49',2,'2016-11-05 17:19:49'),(147,'兄弟3','','1997-12-10 12:42:23',1,'/images/upload/1489033890photo.png','1462e182c17fe99ed8376bb2354e92d3',29,NULL,'142|','144|','','','','141|148|149|','147|145|146|',0,NULL,0,2,'2016-11-05 17:19:53',2,'2016-11-05 17:19:53'),(148,'姐妹1','','1997-12-10 12:42:23',0,'/images/upload/2/1491984013G0AR20rK0ffXc_DgWXFYjrvP','1472e182c17fe99ed8376bb2354e92d3',29,NULL,'142|','144|','','','','148|149|','141|145|146|147|',0,NULL,0,2,'2016-11-05 17:20:07',2,'2016-11-05 17:20:07'),(149,'姐妹2','','1997-12-10 12:42:23',0,'/images/upload/2/1491983379wUgB3vVPkl7R_U5oLKKTafBF','1482e182c17fe99ed8376bb2354e92d3',29,NULL,'142|','144|','','','','149|148|','141|145|146|147|',0,NULL,0,2,'2016-11-05 17:20:10',2,'2016-11-05 17:20:10'),(153,'配偶','','1997-12-10 12:42:23',0,'/images/upload/1490172576OGoQyz4LU1wfNiIHu_ZxwS','1502e182c17fe99ed8376bb2354e92d3',29,NULL,'','','154|155|','156|207|378|430|431|432|433|','141|','153|','',0,NULL,0,2,'2016-11-05 17:20:55',2,'2016-11-05 17:20:55'),(154,'儿子2','','1997-12-10 12:42:23',1,'/images/upload/1490172429SHbdo1WqxsZpXoxBr56ZfjTI','1512e182c17fe99ed8376bb2354e92d3',29,NULL,'141|','153|','208|','','','156|207|378|430|431|432|433|','154|155|',1,NULL,0,2,'2016-11-05 17:32:39',2,'2016-11-05 17:32:39'),(155,'测试iframe的单点添加','','1997-12-10 12:42:23',1,'/images/upload/1490172544vzmpELvw_7PA_vdkk9OQVzy','1522e182c17fe99ed8376bb2354e92d3',29,NULL,'141|','153|','','','','156|207|378|430|431|432|433|','155|154|',1,NULL,0,2,'2016-11-05 17:53:48',2,'2016-11-05 17:53:48'),(156,'女儿2','','1997-12-10 12:42:23',0,'/images/upload/1490172157BI3Fcg8e0s84Vqz86gbQe4uI','1532e182c17fe99ed8376bb2354e92d3',29,NULL,'141|','153|','210|','','203|','156|207|378|430|431|432|433|','154|155|',1,NULL,0,2,'2016-11-05 17:59:43',2,'2016-11-05 17:59:43'),(173,'zc','undefined','1997-12-10 12:42:23',0,'','',65,NULL,'','','','','','173|','',0,6,0,6,'2016-11-12 16:47:50',6,'2016-11-12 16:47:50'),(174,'123','undefined','1997-12-10 12:42:23',0,'','',66,NULL,'','','','','','174|','',0,6,0,6,'2016-11-12 16:49:49',6,'2016-11-12 16:49:49'),(200,'周','','1997-12-10 12:42:23',0,'','',67,NULL,'212|','217|','','219|','','200|218|','220|221|',0,159,0,159,'2016-11-19 11:54:25',159,'2016-11-19 11:54:25'),(201,'赵鑫烜','undefined','1997-12-10 00:00:00',1,'/images/upload/1485795647xuan.jpg','',68,NULL,'277|','278|','','280|','279|','','201|',0,3,0,3,'2016-11-19 14:38:10',3,'2016-11-19 14:38:10'),(203,'李山','上海','2009-02-03 00:00:00',1,'/images/upload/1490172418B6PKiEjXFQzUYzCWKAnw7KMG','1542e182c17fe99ed8376bb2354e92d3',29,NULL,'','','210|','','156|','','203|',1,NULL,0,2,'2016-11-19 14:57:58',2,'2016-11-19 14:57:58'),(207,'姐妹','','1997-02-04 00:00:00',0,'/images/upload/14901725513fRwZfRAvIM91Di79Cqq5J','1552e182c17fe99ed8376bb2354e92d3',29,NULL,'141|','153|','','','','207|378|430|431|432|433|','156|154|155|',1,NULL,0,2,'2016-11-19 15:16:09',2,'2016-11-19 15:16:09'),(208,'孙子','','2016-11-02 00:00:00',1,'/images/upload/1490172619TCI7WAPkn6vYCEoNZ0ljAibA','1562e182c17fe99ed8376bb2354e92d3',29,NULL,'154|','','209|','','','','208|',2,NULL,0,2,'2016-11-19 15:18:34',2,'2016-11-19 15:18:34'),(209,'重孙','','2016-11-09 00:00:00',1,'/images/upload/1490172634DJALskqdEc9G6Ch7TDqMhEjM','1572e182c17fe99ed8376bb2354e92d3',29,NULL,'208|','','434|','','','','209|',3,NULL,0,2,'2016-11-19 15:19:28',2,'2016-11-19 15:19:28'),(210,'二孙子','','2016-11-07 00:00:00',1,'/images/upload/1490172627Iiuhnf0TOmgr6LX4TLFSeSaz','1582e182c17fe99ed8376bb2354e92d3',29,NULL,'203|','156|','','','','','210|',2,NULL,0,2,'2016-11-19 15:19:51',2,'2016-11-19 15:19:51'),(211,'祖父','','1993-02-03 00:00:00',1,'/images/upload/14901724472u88vE2XjW2_cNlRaqNDV5p6','1622e182c17fe99ed8376bb2354e92d3',29,NULL,'428|','','142|','','369|474|','','211|',-2,169,0,2,'2016-11-19 15:48:11',2,'2016-11-19 15:48:11'),(212,'周爸','','1997-12-10 12:42:23',0,'','',67,NULL,'','','220|221|','200|218|','217|','212|','',-1,NULL,0,159,'2016-11-19 16:11:41',159,'2016-11-19 16:11:41'),(213,'配偶','','2016-10-31 00:00:00',0,'/images/upload/1490172487TeEjCTHFlQNQtQMNKOLXA4NL','8b656d4b86ee4e30f0ba937110ab5c85',29,NULL,'','','214|','','145|','213|','',0,NULL,0,169,'2016-11-19 17:17:33',169,'2016-11-19 17:17:33'),(214,'女儿','','2016-11-10 00:00:00',0,'/images/upload/1490172538dX1UqHRtqBkKw7iUgpa7YMu','c610f22895e084e4b20747b8c6a6079f',29,NULL,'145|','213|','','','','214|','',1,NULL,0,169,'2016-11-19 17:22:30',169,'2016-11-19 17:22:30'),(215,'haahah','','1997-12-10 12:42:23',0,'','dec8e7ef5dd8a3b3dfe0ccc8aeac8e6c',73,NULL,'216|','370|','','','','215|','',0,2,0,2,'2016-11-19 18:23:52',2,'2016-11-19 18:23:52'),(216,'父亲','','2016-11-02 00:00:00',1,'','8ba46d9d7fcf632ac6a95c622df7ff23',73,NULL,'374|','','','215|','370|','','216|',-1,NULL,0,2,'2016-11-19 18:24:15',2,'2016-11-19 18:24:15'),(217,'周妈','','1997-12-10 12:42:23',0,'','19562b764a0889bc959df6d4cf456b4c',67,NULL,'','','220|221|','200|218|','212|','217|','',-1,NULL,0,159,'2016-11-26 10:43:42',159,'2016-11-26 10:43:42'),(218,'周兄','','1997-12-10 12:42:23',0,'','1488c08a6c8ee66790ac76f464cbeb56',67,NULL,'212|','217|','','','','218|','200|220|221|',0,NULL,0,159,'2016-11-26 10:44:26',159,'2016-11-26 10:44:26'),(219,'周子','','1997-12-10 12:42:23',0,'','0560623f4387fc5eb786d5e43a48fd40',67,NULL,'','200|','','','','219|','',1,NULL,0,159,'2016-11-26 10:45:17',159,'2016-11-26 10:45:17'),(220,'周妻','','1997-12-10 12:42:23',0,'','458ad9e7c52db66228b278b1d6700bd1',67,NULL,'212|','217|','','','','220|200|218|','221|',0,NULL,0,159,'2016-11-26 10:45:44',159,'2016-11-26 10:45:44'),(221,'兄妻','','1997-12-10 12:42:23',0,'','8b87687d07b02b6e27345c3a72a76cc2',67,NULL,'212|','217|','','','','221|218|','200|220|',0,NULL,0,159,'2016-11-26 12:00:44',159,'2016-11-26 12:00:44'),(222,'周','','1997-12-10 12:42:23',0,'','9a581205956c14db8aa4470334d321ed',74,NULL,'223|','224|','227|','229|','226|','222|','225|',0,159,0,159,'2016-11-26 15:40:14',159,'2016-11-26 15:40:14'),(223,'周爸','','1997-12-10 12:42:23',0,'','553f950f44e25c91f8e7b3a3e8f6595b',74,NULL,'','','225|','222|','224|','223|','',-1,NULL,0,159,'2016-11-26 15:40:32',159,'2016-11-26 15:40:32'),(224,'周妈','','1997-12-10 12:42:23',0,'','56ee31634d7e1587492128eb1b84e454',74,NULL,'','','225|','222|','223|','224|','',-1,NULL,0,159,'2016-11-26 15:40:48',159,'2016-11-26 15:40:48'),(225,'周兄','','1997-12-10 12:42:23',0,'','ac1b4d85d2eeee24e0b891d8dd33c4e9',74,NULL,'223|','224|','','','228|','225|222|','',0,NULL,0,159,'2016-11-26 15:41:03',159,'2016-11-26 15:41:03'),(226,'周妻','','1997-12-10 12:42:23',0,'','ede8ef63827785ee31b47f1e523a91c9',74,NULL,'','','227|','229|','222|','226|','',0,NULL,0,159,'2016-11-26 15:41:15',159,'2016-11-26 15:41:15'),(227,'周子','','1997-12-10 12:42:23',0,'','141e748c992bbea722cb4fd9e5831d86',74,NULL,'226|','222|','','','','227|229|','',1,NULL,0,159,'2016-11-26 15:41:25',159,'2016-11-26 15:41:25'),(228,'兄妻','','1997-12-10 12:42:23',0,'','5246833ea97af82c30846a3dfb8d0571',74,NULL,'','','','','225|','228|','',0,NULL,0,159,'2016-11-26 15:41:59',159,'2016-11-26 15:41:59'),(229,'周女','','1997-12-10 12:42:23',0,'','b4f4ef2908a69027838d867cfa704ac6',74,NULL,'226|','222|','','','','229|','227|',1,NULL,0,159,'2016-11-26 15:42:42',159,'2016-11-26 15:42:42'),(230,'周','','1997-12-10 12:42:23',0,'','09588cb3a423bac8e3eb54b8a62b20b8',75,NULL,'231|','233|','','','','230|','',0,171,0,0,'2016-12-10 12:07:11',171,'2016-12-10 12:07:11'),(231,'周爸','','1997-12-10 12:42:23',0,'/images/upload/1487212234rrgaos29.jpg','20db63756e0195f5674735a670d32e41',75,NULL,'','','','230|','232|233|','231|','',-1,NULL,0,0,'2016-12-10 12:07:30',0,'2016-12-10 12:07:30'),(233,'周妈','','1997-12-10 12:42:23',0,'','7e2091083bbcf0e46333e8a815e10624',75,NULL,'','','','230|','231|','233|','',-1,NULL,0,0,'2016-12-10 12:44:10',0,'2016-12-10 12:44:10'),(235,'周','','1997-12-10 12:42:23',0,'','b2366bd239295b55f2543478fdf829d6',77,NULL,'236|','237|','242|','','241|','235|244|','238|',0,171,0,0,'2016-12-10 12:46:36',171,'2016-12-10 12:46:36'),(236,'周爸','','1997-12-10 12:42:23',0,'','3a57993b3b89c4e7277d4cb847613d6e',77,NULL,'','','238|','235|244|','237|','236|','',-1,NULL,0,0,'2016-12-10 12:46:55',0,'2016-12-10 12:46:55'),(237,'周妈','','1997-12-10 12:42:23',0,'','cf656a0dfe5343e7bbfaf94048fb7dd4',77,NULL,'','','238|','235|244|','236|','237|','',-1,NULL,0,0,'2016-12-10 12:47:10',0,'2016-12-10 12:47:10'),(238,'周兄','','1997-12-10 12:42:23',0,'','4ccd95424d408c0df1f0946e0659de5b',77,NULL,'236|','237|','243|','240|','239|','238|235|244|','',0,NULL,0,0,'2016-12-10 12:47:30',0,'2016-12-10 12:47:30'),(239,'兄妻','','1997-12-10 12:42:23',0,'','3e2f3fc9eea7a486b393512040143a02',77,NULL,'','','243|','240|','238|','239|','',0,NULL,0,0,'2016-12-10 12:48:11',0,'2016-12-10 12:48:11'),(240,'兄女','','1997-12-10 12:42:23',0,'','e02332770004ccc11df51f423c4deb8d',77,NULL,'239|','238|','','','','240|','243|',1,NULL,0,0,'2016-12-10 12:48:33',0,'2016-12-10 12:48:33'),(241,'妻','','1997-12-10 12:42:23',0,'','5089f3c50032029109bf4799255ab434',77,NULL,'','','242|','','235|','241|','',0,NULL,0,0,'2016-12-10 12:49:03',0,'2016-12-10 12:49:03'),(243,'兄子','','1997-12-10 12:42:23',0,'','aae7d912fb581b3aa447f916bb44c39a',77,NULL,'239|','238|','','','','243|240|','',1,NULL,0,0,'2016-12-10 13:00:06',0,'2016-12-10 13:00:06'),(244,'周姐','','1997-12-10 12:42:23',0,'','6eaefcd8a7704f78730f1562a55dd5f5',77,NULL,'236|','237|','','','245|','244|','235|238|',0,NULL,0,0,'2016-12-10 13:38:55',0,'2016-12-10 13:38:55'),(245,'姐夫','','1997-12-10 12:42:23',0,'','c1391cc0c352d0fa2bde740cbda2909c',77,NULL,'','','','','244|','245|','',0,NULL,0,0,'2016-12-10 13:39:14',0,'2016-12-10 13:39:14'),(246,'周','','1997-12-10 12:42:23',0,'','89c7e5db78a3ce86486d09a7ce4dbb6b',78,NULL,'','','','','','246|','',0,171,0,0,'2016-12-24 13:39:48',171,'2016-12-24 13:39:48'),(248,'周','','1997-12-10 12:42:23',1,'','1cbb3521485761043fbbbe629108f3c7',80,NULL,'249|','250|','','','','','248|251|',0,171,0,0,'2016-12-24 13:54:00',171,'2016-12-24 13:54:00'),(249,'周爸','','1997-12-10 12:42:23',0,'','7f38a6336533ccc55b8d9efd7d11ae3d',80,NULL,'404|','','248|251|','','250|','249|','',-1,NULL,0,0,'2016-12-24 13:55:34',0,'2016-12-24 13:55:34'),(250,'周妈','','1997-12-10 12:42:23',0,'','ec23c3bf800cb351f6044da27c5ce43e',80,NULL,'','','248|251|','','249|','250|','',-1,NULL,0,0,'2016-12-24 13:56:02',0,'2016-12-24 13:56:02'),(251,'周兄','','1997-12-10 12:42:23',0,'','73ac59f6a7920456e44609363598e027',80,NULL,'249|','250|','253|','254|','252|','251|','248|',0,NULL,0,0,'2016-12-24 14:00:02',0,'2016-12-24 14:00:02'),(252,'兄妻','','1997-12-10 12:42:23',0,'','458b68d240e33ca25b7b87a9d4a9f09c',80,NULL,'','','253|','254|','251|','252|','',0,NULL,0,0,'2016-12-24 14:00:23',0,'2016-12-24 14:00:23'),(253,'兄子','','1997-12-10 12:42:23',0,'','bd37500c2a987e995b8741d0c258a001',80,NULL,'252|','251|','','','','253|254|','',1,NULL,0,0,'2016-12-24 14:00:39',0,'2016-12-24 14:00:39'),(254,'兄女','','1997-12-10 12:42:23',0,'','a60869e2acbe7282e83257bf489d7ff1',80,NULL,'252|','251|','','','','254|','253|',1,NULL,0,0,'2016-12-25 00:29:56',0,'2016-12-25 00:29:56'),(255,'周','','1997-12-10 12:42:23',1,'','5c5b1ac0d7eb4beda4b92fa6cb51ce3c',81,NULL,'256|','257|','','','','','255|258|',0,171,0,0,'2016-12-25 10:24:17',171,'2016-12-25 10:24:17'),(256,'周爸','','1997-12-10 12:42:23',0,'','706bb410d262266c2b1a66a389c2b8e5',81,NULL,'','','255|258|','','257|','256|','',-1,NULL,0,0,'2016-12-25 10:24:27',0,'2016-12-25 10:24:27'),(257,'周妈','','1997-12-10 12:42:23',0,'','6beff95910aa8cfe23d8deb00185f33a',81,NULL,'','','255|258|','','256|','257|','',-1,NULL,0,0,'2016-12-25 10:24:53',0,'2016-12-25 10:24:53'),(258,'周兄','egrgr','1997-12-10 12:42:23',0,'/images/upload/1487305857test.jpg','bba664c3ecd540290b5d8405710a655a',81,NULL,'256|','257|','261|','260|','259|','258|','255|',0,NULL,0,0,'2016-12-25 10:26:47',0,'2016-12-25 10:26:47'),(259,'兄妻','','1997-12-10 12:42:23',0,'','e585575243b973fcd133f481133640dd',81,NULL,'','','261|','260|','258|','259|','',0,NULL,0,0,'2016-12-25 10:27:29',0,'2016-12-25 10:27:29'),(260,'兄女','','1997-12-10 12:42:23',0,'','e3f2ed965dac8554bc368d62072b770f',81,NULL,'259|','258|','','','','260|','261|',1,NULL,0,0,'2016-12-25 10:27:47',0,'2016-12-25 10:27:47'),(261,'兄子','','1997-12-10 12:42:23',0,'/images/upload/1487663560test.jpg','609de1ce057040eab0a85366a33bbda7',81,NULL,'259|','258|','','','','261|260|','',1,NULL,0,0,'2016-12-25 10:28:04',0,'2016-12-25 10:28:04'),(263,'周','','0000-00-00 00:00:00',1,'','8f1a90be7b6d6f48ac304739011f37ad',82,NULL,'264|','267|','','','','','263|266|',0,171,0,171,'2017-01-14 10:14:05',171,'2017-01-14 10:14:05'),(264,'周爸','','0000-00-00 00:00:00',1,'','cab041973f589b58764872e75258116e',82,NULL,'','','263|266|','','265|267|','','264|',-1,NULL,0,171,'2017-01-14 10:14:16',171,'2017-01-14 10:14:16'),(266,'周兄','','0000-00-00 00:00:00',1,'','f1499855de5ec58bd23e374aa81a5b93',82,NULL,'264|','267|','','','','','266|263|',0,NULL,0,171,'2017-01-14 10:14:51',171,'2017-01-14 10:14:51'),(267,'配偶2','','0000-00-00 00:00:00',0,'','aa8aba1ba6f023a9ca743df7d03c0003',82,NULL,'','','263|266|','','264|','267|','',-1,NULL,0,171,'2017-01-14 10:15:15',171,'2017-01-14 10:15:15'),(271,'jajja','','0000-00-00 00:00:00',0,'','4666d2a735d95660196b54e17a313308',83,NULL,'','','','','','271|','',0,2,0,2,'2017-01-14 12:37:52',2,'2017-01-14 12:37:52'),(272,'jbjqjjqk','','0000-00-00 00:00:00',0,'/images/upload/1488796148photo.png','14a0071f6fb36121dd15bfcdc75e56c1',84,NULL,'','','','','','272|','',0,2,0,2,'2017-01-14 12:39:03',2,'2017-01-14 12:39:03'),(273,'jnnhb','','0000-00-00 00:00:00',0,'','7775b34168aa4138cd47b9c26678b940',85,NULL,'','','','','','273|','',0,2,0,2,'2017-01-14 12:39:55',2,'2017-01-14 12:39:55'),(274,'zeo','','0000-00-00 00:00:00',0,'','46781741e0fc92bac9dade0663f99555',86,NULL,'276|','275|','','','','274|','',0,184,0,184,'2017-01-14 15:41:35',184,'2017-01-14 15:41:35'),(275,'在线','','0000-00-00 00:00:00',0,'','f169a0a0379bdfc0801be84a05a857f3',86,NULL,'','','','274|','276|','275|','',-1,NULL,0,184,'2017-01-14 15:42:16',184,'2017-01-14 15:42:16'),(276,'犹豫','','0000-00-00 00:00:00',1,'','f3106c87433de92d94f5b6f984d2946f',86,NULL,'','','','274|','275|','','276|',-1,NULL,0,184,'2017-01-14 15:42:38',184,'2017-01-14 15:42:38'),(277,'赵贵生','','0000-00-00 00:00:00',1,'/images/upload/1485795830guisheng.jpg','e127d30afe117a8029b2584a2950ae47',68,NULL,'','','201|','','278|','','277|',-1,NULL,0,3,'2017-01-14 15:52:21',3,'2017-01-14 15:52:21'),(278,'李惠英','','0000-00-00 00:00:00',0,'/images/upload/1485795174yingying.jpg','4d6df14ff2dcf9ccbd78fa204dd1a66e',68,NULL,'317|','334|','201|','','277|','278|331|335|340|343|347|355|356|','350|',-1,NULL,0,3,'2017-01-14 15:52:48',3,'2017-01-14 15:52:48'),(279,'廖湘','','0000-00-00 00:00:00',0,'/images/upload/1485795603xiang1.jpg','b3062da9d9603faf964295c444726b86',68,NULL,'','','','280|','201|','279|','',0,189,0,3,'2017-01-14 15:53:24',3,'2017-01-14 15:53:24'),(280,'赵祎涵','','0000-00-00 00:00:00',0,'/images/upload/1485797720nini.jpg','91f3881532da54283eacbdf225edb300',68,NULL,'201|','279|','','','','280|','',1,NULL,0,3,'2017-01-14 15:57:52',3,'2017-01-14 15:57:52'),(284,'周','','0000-00-00 00:00:00',1,'','9606e1addc6f30f745d9d9522c473754',87,NULL,'285|','286|','','','','','284|',0,171,0,171,'2017-01-16 10:03:14',171,'2017-01-16 10:03:14'),(285,'周爸','','0000-00-00 00:00:00',1,'','0ecef1fe961df51b18681d7a41b63c31',87,NULL,'','','284|','','286|','','285|',-1,NULL,0,171,'2017-01-16 10:03:28',171,'2017-01-16 10:03:28'),(286,'周妈','','0000-00-00 00:00:00',1,'','37706709465c52c623c3fcbeaf2983cc',87,NULL,'','','284|','','285|','','286|',-1,NULL,0,171,'2017-01-16 10:03:38',171,'2017-01-16 10:03:38'),(287,'周','','0000-00-00 00:00:00',1,'','266fe164183e042c74a7ffa6d49c716b',88,NULL,'288|','289|','','','','','287|',0,171,0,171,'2017-01-16 10:05:00',171,'2017-01-16 10:05:00'),(288,'周爸','','0000-00-00 00:00:00',1,'','bd323181796a2863ee8ae2f789e5ce87',88,NULL,'','','287|','','289|','','288|',-1,NULL,0,171,'2017-01-16 10:05:10',171,'2017-01-16 10:05:10'),(289,'周妈','','0000-00-00 00:00:00',0,'','b37f1ef4b8ba8109ec6d228732f78686',88,NULL,'','','287|','','288|','289|','',-1,NULL,0,171,'2017-01-16 10:05:24',171,'2017-01-16 10:05:24'),(292,'妻','','0000-00-00 00:00:00',0,'','5c8d7247216fe85c882d0ccf82c03b59',88,NULL,'','','','','290|','292|','',0,NULL,0,171,'2017-01-16 10:08:25',171,'2017-01-16 10:08:25'),(293,'王凯伦','','0000-00-00 00:00:00',0,'/images/upload/1484533799QQ图片20170107101435.jpg','7e7688cd73372796de08d6e3070b6f88',89,NULL,'294|','395|','','','','293|','',0,185,0,185,'2017-01-16 10:26:49',185,'2017-01-16 10:26:49'),(294,'王康龙','安徽省，六安市','2017-01-10 00:00:00',1,'/images/upload/1484533788图片1.png','00c9ef779fbff0be418210f99212968c',89,NULL,'','','','293|','395|','','294|',-1,NULL,0,185,'2017-01-16 10:28:56',185,'2017-01-16 10:28:56'),(295,'周','。。','0000-00-00 00:00:00',1,'','c5bc80f81022949b1c9b1e01ab651005',90,NULL,'296|','297|','','','','','295|303|',0,171,0,171,'2017-01-16 11:48:49',171,'2017-01-16 11:48:49'),(296,'周爸','','0000-00-00 00:00:00',1,'','82d68962409b41b3fd547d42fe617ddd',90,NULL,'','','295|303|','','297|','','296|',-1,NULL,0,171,'2017-01-16 11:48:59',171,'2017-01-16 11:48:59'),(297,'周妈','','0000-00-00 00:00:00',0,'','7c2e0d990d5a5dfd76b35cdba0612064',90,NULL,'','','295|303|','','296|','297|','',-1,NULL,0,171,'2017-01-16 11:49:07',171,'2017-01-16 11:49:07'),(303,'周兄','。。','0000-00-00 00:00:00',1,'','8e9646751f3382ec05f05100106f29bc',90,NULL,'296|','297|','','','306|307|','','303|295|',0,NULL,0,171,'2017-01-16 13:20:02',171,'2017-01-16 13:20:02'),(307,'妻','','0000-00-00 00:00:00',0,'','4a3368028c4c0503e6dfcbf5e6eb27a0',90,NULL,'','','','','303|','307|','',0,NULL,0,171,'2017-01-17 11:23:26',171,'2017-01-17 11:23:26'),(308,'周','','0000-00-00 00:00:00',1,'','57bb1603d8183863fc066c3bc4961826',91,NULL,'309|','310|','','','','314|','308|',0,171,0,171,'2017-01-17 12:43:29',171,'2017-01-17 12:43:29'),(309,'周爸','','0000-00-00 00:00:00',1,'/images/upload/1487327737rrgaos29.jpg','314b18fd58dbf62a84ad26126031b05c',91,NULL,'','','308|','314|','310|','','309|',-1,NULL,0,171,'2017-01-17 12:43:41',171,'2017-01-17 12:43:41'),(310,'周妈','','0000-00-00 00:00:00',0,'/images/upload/1487219795test.jpg','ee4164c143690eb7631ab19489ca502e',91,NULL,'','','308|','314|','309|','310|','',-1,NULL,0,171,'2017-01-17 12:43:53',171,'2017-01-17 12:43:53'),(314,'姐','。。','0000-00-00 00:00:00',0,'','adcf5ccc0590534066d85f7a30d0ce8d',91,NULL,'309|','310|','','','319|','314|','308|',0,NULL,0,171,'2017-01-17 12:52:54',171,'2017-01-17 12:52:54'),(317,'李发桂','12312','1945-08-08 00:00:00',1,'/images/upload/1485799038waigong3.jpg','7f3be85016abf569be496e24946764f9',68,NULL,'','','350|','278|331|335|340|343|347|355|356|','334|','','317|',-2,NULL,0,3,'2017-01-17 17:37:08',3,'2017-01-17 17:37:08'),(319,'夫','','0000-00-00 00:00:00',1,'/images/upload/1487327563test.jpg','154b229c9fe46266ddd2f146d5b6f00a',91,NULL,'','','','','314|','','319|',0,NULL,0,171,'2017-01-17 18:21:40',171,'2017-01-17 18:21:40'),(320,'hh','','0000-00-00 00:00:00',0,'','e6dfe9259b190662a0912d401d1deb77',92,NULL,'330|','','','','','320|','',0,186,0,186,'2017-01-18 11:20:58',186,'2017-01-18 11:20:58'),(322,'周爸','','0000-00-00 00:00:00',1,'/images/upload/1487229019rrgaos29.jpg','ccc7ed872b13bee103af4a7c09d04a8a',93,NULL,'','','','325|','323|','','322|',-1,NULL,0,171,'2017-01-18 17:37:48',171,'2017-01-18 17:37:48'),(323,'周妈','','0000-00-00 00:00:00',0,'/images/upload/1487232299test.jpg','b81de882d4ee2316ee48b80e1596edc3',93,NULL,'','','','325|','322|','323|','',-1,NULL,0,171,'2017-01-18 17:37:59',171,'2017-01-18 17:37:59'),(325,'周姐','','0000-00-00 00:00:00',0,'/images/upload/1487237619test.jpg','13abe6b97c6cb4f4ab3665cb8d47c226',93,NULL,'322|','323|','','','328|','325|','',0,NULL,0,171,'2017-01-18 17:38:15',171,'2017-01-18 17:38:15'),(326,'妻','。。','0000-00-00 00:00:00',0,'','495d0d9e101527b8f918622812fd4183',93,NULL,'','','','','324|','326|','',0,NULL,0,171,'2017-01-18 17:38:30',171,'2017-01-18 17:38:30'),(328,'夫','','0000-00-00 00:00:00',1,'','ddcd66674560d83d79744a5d994636ce',93,NULL,'','','','','325|','','328|',0,NULL,0,171,'2017-01-18 17:39:26',171,'2017-01-18 17:39:26'),(330,'15','','0000-00-00 00:00:00',1,'','70699b22869575084cc0b3b39cac29a2',92,NULL,'','','','320|','','','330|',-1,NULL,0,186,'2017-01-18 19:56:16',186,'2017-01-18 19:56:16'),(331,'李惠华','','0000-00-00 00:00:00',0,'/images/upload/1485795002huahua.jpg','d8527f00ec57d5bc93792c4ceb9f81fe',68,NULL,'317|','334|','333|','','332|','331|335|340|343|347|355|356|','278|350|',-1,NULL,0,3,'2017-01-24 18:29:56',3,'2017-01-24 18:29:56'),(332,'曾松林','','0000-00-00 00:00:00',1,'/images/upload/1485796527zengsonglin.jpg','b444cf98ab4a79165269a63d718a9311',68,NULL,'','','333|','','331|','','332|',-1,NULL,0,3,'2017-01-24 18:30:19',3,'2017-01-24 18:30:19'),(333,'曾宇乔','','0000-00-00 00:00:00',1,'/images/upload/1485796636qiaoqiao.jpg','2a2945d5c5e25eed96880bd873f06c07',68,NULL,'332|','331|','','','','','333|',0,NULL,0,3,'2017-01-24 18:30:49',3,'2017-01-24 18:30:49'),(334,'陈淑珍','','0000-00-00 00:00:00',0,'/images/upload/1485798967waipo5.jpg','8ccc0114854e70ba18fdcb70eb3dd009',68,NULL,'','','350|','278|331|335|340|343|347|355|356|','317|','334|','',-2,NULL,0,3,'2017-01-24 18:31:36',3,'2017-01-24 18:31:36'),(335,'李惠芳','','0000-00-00 00:00:00',0,'/images/upload/1485795218fangfang.jpg','6a423139ee7ad6e06186441b249c20b8',68,NULL,'317|','334|','337|339|','','336|','335|331|340|343|347|355|356|','278|350|',-1,NULL,0,3,'2017-01-28 21:31:35',3,'2017-01-28 21:31:35'),(336,'周水生','','0000-00-00 00:00:00',1,'/images/upload/1485796323dayifu.jpg','e56bcb708b3831f5742abf12e54b0334',68,NULL,'','','337|339|','','335|','','336|',-1,NULL,0,3,'2017-01-28 21:32:00',3,'2017-01-28 21:32:00'),(337,'周晓军','','0000-00-00 00:00:00',1,'/images/upload/1485793805junjun.jpg','c285f3525db0543d668d36cf751b7f3d',68,NULL,'336|','335|','338|','','364|','','337|339|',0,191,0,3,'2017-01-28 21:32:32',3,'2017-01-28 21:32:32'),(338,'周子渊','123','2010-01-28 00:00:00',1,'/images/upload/1485798237ziyuan.jpg','d0531e76d20476e664ddaf9c114653b8',68,NULL,'337|','364|','','','','','338|',1,NULL,0,3,'2017-01-28 21:32:55',3,'2017-01-28 21:32:55'),(339,'周晓欢','','0000-00-00 00:00:00',1,'/images/upload/1485793736huanhuan.jpg','64b4d0dbabc5aca9c04474f38af6e0ec',68,NULL,'336|','335|','363|','','362|','','339|337|',0,NULL,0,3,'2017-01-28 21:34:17',3,'2017-01-28 21:34:17'),(340,'李惠兰','','0000-00-00 00:00:00',0,'/images/upload/1485794613lanlan.jpg','abbf002d98a27589b3fac7ecb0c0d7d7',68,NULL,'317|','334|','342|','','341|','340|331|343|347|355|356|','335|278|350|',-1,NULL,0,3,'2017-01-28 21:35:53',3,'2017-01-28 21:35:53'),(341,'孙燕林','','0000-00-00 00:00:00',1,'/images/upload/1485794837sunyanlin.jpg','dd9866ba183b5a7a8f98d013536a69e3',68,NULL,'','','342|','','340|','','341|',-1,NULL,0,3,'2017-01-28 21:36:27',3,'2017-01-28 21:36:27'),(342,'孙冰','','0000-00-00 00:00:00',1,'/images/upload/1485792523sunbing.jpg','eab017195699f364d72e529cb652f156',68,NULL,'341|','340|','','','','','342|',0,195,0,3,'2017-01-28 21:36:59',3,'2017-01-28 21:36:59'),(343,'李惠莲','','0000-00-00 00:00:00',0,'/images/upload/1485795109lianlian.jpg','efedeadb32df6eef4dec65c5044e733b',68,NULL,'317|','334|','346|','345|','344|','343|331|335|340|347|355|356|','278|350|',-1,NULL,0,3,'2017-01-28 21:37:39',3,'2017-01-28 21:37:39'),(344,'温舰生','123','1970-09-01 00:00:00',1,'/images/upload/1485797561wenjiansheng.jpg','f00b925ee40c7f8aa0a9d72393a20a39',68,NULL,'','','346|','345|','343|','','344|',-1,NULL,0,3,'2017-01-28 21:38:17',3,'2017-01-28 21:38:17'),(345,'温宏','','0000-00-00 00:00:00',0,'/images/upload/1485794775wenhong.jpg','1827ee5245cdd4f4e5132f67f451b666',68,NULL,'344|','343|','','','','345|','346|',0,NULL,0,3,'2017-01-28 21:38:37',3,'2017-01-28 21:38:37'),(346,'温群','','0000-00-00 00:00:00',1,'/images/upload/1485793871wenqun.jpg','249878d3ab61f2089ff6aa375ddea1d6',68,NULL,'344|','343|','','','','345|','346|',0,NULL,0,3,'2017-01-28 21:39:03',3,'2017-01-28 21:39:03'),(347,'李惠珍','','0000-00-00 00:00:00',0,'/images/upload/1485795060zhenzhen.jpg','7b3f1e9147edc919254b06f1a3c279c0',68,NULL,'317|','334|','349|','','348|','347|331|340|343|355|356|','335|278|350|',-1,NULL,0,3,'2017-01-30 22:31:17',3,'2017-01-30 22:31:17'),(348,'曾昌文','','0000-00-00 00:00:00',1,'/images/upload/1485793559zengchangwen.jpg','ca83c5a1ab25c84e53fdadf66d62c57e',68,NULL,'','','349|','','347|','','348|',-1,NULL,0,3,'2017-01-30 22:44:57',3,'2017-01-30 22:44:57'),(349,'曾义杰','宁都','2017-01-31 00:00:00',1,'/images/upload/1485792727zengyijie.jpg','24d03c1b1cd877aa83c5f0c40f100bfa',68,NULL,'348|','347|','','','','','349|',0,NULL,0,3,'2017-01-30 22:45:33',3,'2017-01-30 22:45:33'),(350,'李建宁','宁都','1973-05-19 00:00:00',1,'/images/upload/1485793665jiujiu.jpg','eacdaf9d508b573220674c00fce83572',68,NULL,'317|','334|','354|','352|353|','351|','347|331|340|343|355|356|','350|335|278|',-1,192,0,3,'2017-01-30 22:47:03',3,'2017-01-30 22:47:03'),(351,'彭红群','宁都','1978-07-25 00:00:00',0,'/images/upload/1485792625penghongqun.jpg','614dd632e9a357e9ad65264de8338716',68,NULL,'','','354|','352|353|','350|','351|','',-1,190,0,3,'2017-01-30 22:47:31',3,'2017-01-30 22:47:31'),(352,'李杰懿','','0000-00-00 00:00:00',0,'/images/upload/1485796113tongtong.jpg','d276b2b3bbaf1b60051b7d3aa2060fb1',68,NULL,'350|','351|','','','','352|353|','354|',0,NULL,0,3,'2017-01-30 23:00:29',3,'2017-01-30 23:00:29'),(353,'李铭煜','231','2002-01-01 00:00:00',0,'/images/upload/1485794338xinxin.jpg','1c6fe77c8a1675b89c938be6186a4339',68,NULL,'350|','351|','','','','353|352|','354|',0,NULL,0,3,'2017-01-30 23:06:08',3,'2017-01-30 23:06:08'),(354,'李章鑫','','0000-00-00 00:00:00',1,'/images/upload/1485792449yuanyuan.jpg','87a541de7e3f5d5a613a32b94ef39f45',68,NULL,'350|','351|','','','','352|353|','354|',0,NULL,0,3,'2017-01-30 23:06:27',3,'2017-01-30 23:06:27'),(355,'李惠萍','','0000-00-00 00:00:00',0,'/images/upload/1485795326pingping2.jpg','61af1ddc268d0e7a9eb7ae3df89ec8f0',68,NULL,'317|','334|','359|','','357|','355|331|335|340|343|347|356|','278|350|',-1,194,0,3,'2017-01-30 23:07:16',3,'2017-01-30 23:07:16'),(356,'李惠琳','123','2009-01-31 00:00:00',0,'/images/upload/1485795249qingqing.jpg','b3c01db5deec6b134ea8d7111e804ea8',68,NULL,'317|','334|','360|','361|','358|','356|331|335|340|343|347|','355|278|350|',-1,NULL,0,3,'2017-01-30 23:07:34',3,'2017-01-30 23:07:34'),(357,'邓文海','','0000-00-00 00:00:00',1,'/images/upload/1485800474wenhai.jpg','81d78876981d82b88b912c73c6105d76',68,NULL,'','','359|','','355|','','357|',-1,NULL,0,3,'2017-01-30 23:10:20',3,'2017-01-30 23:10:20'),(358,'卢辉','123','1977-09-12 00:00:00',1,'/images/upload/1485799294卢辉1.jpg','12dd9a7da79123cad422f1a81cee7090',68,NULL,'','','360|','361|','356|','','358|',-1,193,0,3,'2017-01-30 23:10:45',3,'2017-01-30 23:10:45'),(359,'邓睿骐','123','2017-01-31 00:00:00',1,'/images/upload/1485799189rongrong2.jpg','d9b4c87f49d5a7057579887c273e8eef',68,NULL,'357|','355|','','','','','359|',0,NULL,0,3,'2017-01-30 23:11:38',3,'2017-01-30 23:11:38'),(360,'卢宏豪','','0000-00-00 00:00:00',1,'/images/upload/1485793930haohao.jpg','34d07f9c2d4d0f461d45f9944664895d',68,NULL,'358|','356|','','','','361|','360|',0,NULL,0,3,'2017-01-30 23:12:13',3,'2017-01-30 23:12:13'),(361,'卢锦玥','宁都','2016-12-23 00:00:00',0,'/images/upload/1485799525yueyue.jpg','4ab0481a103ef71cae1cfc4b2699f7a6',68,NULL,'358|','356|','','','','361|','360|',0,NULL,0,3,'2017-01-30 23:12:34',3,'2017-01-30 23:12:34'),(362,'谈荣慧','','0000-00-00 00:00:00',0,'/images/upload/1485796866tanronghui.jpg','19234dceca537a710eddcee67a8b12f5',68,NULL,'','','363|','','339|','362|','',0,NULL,0,3,'2017-01-30 23:14:58',3,'2017-01-30 23:14:58'),(363,'周诗骐','123','2013-09-30 00:00:00',1,'/images/upload/1485796933zhousiqi.jpg','88bffadfb71bb0ad5b62ed44cfe37e37',68,NULL,'339|','362|','','','','','363|',1,NULL,0,3,'2017-01-30 23:15:40',3,'2017-01-30 23:15:40'),(364,'刘心仪','','0000-00-00 00:00:00',0,'/images/upload/1485798313liuxinyi.jpg','bdf1dae51bfa5d5d01219d10be18be0e',68,NULL,'','','338|','','337|','364|','',0,NULL,0,3,'2017-01-30 23:45:37',3,'2017-01-30 23:45:37'),(365,'周晓军','','0000-00-00 00:00:00',0,'','802dca426d2f0856f1777b7a3209578f',94,NULL,'366|','','','','','365|','',0,191,0,191,'2017-01-31 13:33:09',191,'2017-01-31 13:33:09'),(366,'周水生','','0000-00-00 00:00:00',1,'','bfdbbedde25d9cb8d7ccca333f977184',94,NULL,'367|','','','365|','','','366|',-1,NULL,0,191,'2017-01-31 13:33:58',191,'2017-01-31 13:33:58'),(367,'周传南','','0000-00-00 00:00:00',1,'','e37916846aa584b03fd23815ff448866',94,NULL,'','','366|','','','','367|',-2,NULL,0,191,'2017-01-31 13:34:36',191,'2017-01-31 13:34:36'),(368,'121212','','0000-00-00 00:00:00',0,'/images/upload/1488533011photo.png','1e7e4241cdcd6cc63f21670dbb4a2cc8',97,NULL,'','','','','','368|','',0,2,0,2,'2017-02-08 12:54:59',2,'2017-02-08 12:54:59'),(369,'祖父的配偶','上海市','2017-02-01 00:00:00',0,'/images/upload/1490172455El8Wo2tEmAULL949Ax3bQ74','e8e75f84eb2b6adaed2a9cae2049a84f',29,NULL,'','','142|','','211|','369|','',-2,NULL,0,2,'2017-02-10 10:28:28',2,'2017-02-10 10:28:28'),(370,'配偶','','2017-02-01 00:00:00',0,'/images/upload/1488875268test.jpg','14fdf225e245a23ee17251a1f4a69667',73,NULL,'','','','215|','216|','370|','',-1,NULL,0,2,'2017-02-13 16:00:36',2,'2017-02-13 16:00:36'),(371,'测试','','0000-00-00 00:00:00',0,'/images/upload/1488532980photo.png','6fc805413e4fc0adadf29f0f871bd2ca',98,NULL,'','','','','','371|','',0,2,0,2,'2017-02-13 16:03:46',2,'2017-02-13 16:03:46'),(372,'江','','0000-00-00 00:00:00',0,'/images/upload/14869731632017-01-06 18-26-03屏幕截图.png','78af424a5edef9b058df0c5194699458',99,NULL,'','','373|','','','372|','',0,200,0,200,'2017-02-13 16:05:38',200,'2017-02-13 16:05:38'),(373,'儿子','','2017-01-31 00:00:00',1,'','a53319451f84d47374578cac38418adb',99,NULL,'','372|','','','','','373|',1,NULL,0,200,'2017-02-13 16:05:56',200,'2017-02-13 16:05:56'),(374,'父亲的父亲','','0000-00-00 00:00:00',1,'','4bc658bcee573fcbc3e300f64aae3409',73,NULL,'376|377|','','216|','','','','374|',-2,NULL,0,2,'2017-02-14 17:10:02',2,'2017-02-14 17:10:02'),(376,'父亲的父亲的父亲','','0000-00-00 00:00:00',1,'','95235a96f753395440613251147565f1',73,NULL,'','','374|','','377|','','376|',-3,NULL,0,2,'2017-02-14 17:36:50',2,'2017-02-14 17:36:50'),(377,'测试同性','','0000-00-00 00:00:00',1,'','5bd3652f0b61c82d6c661f53677a5b30',73,NULL,'','','374|','','376|','','377|',-3,NULL,0,2,'2017-02-15 13:58:30',2,'2017-02-15 13:58:30'),(378,'兄弟','2','2017-01-30 00:00:00',1,'/images/upload/1490172560qyGEJkpFcKTbnobrArbytXHY','e61c4ca8706665c03f5fbfad241487d2',29,NULL,'141|','153|','','','','207|430|431|432|433|','378|156|154|155|',1,NULL,0,2,'2017-02-15 16:31:36',2,'2017-02-15 16:31:36'),(379,'99','','0000-00-00 00:00:00',0,'','bac17c035f2cf4a1d9f6ddc8a5444cfe',100,NULL,'','','','','','379|','',0,185,0,185,'2017-02-17 14:12:30',185,'2017-02-17 14:12:30'),(381,'周爸','11','2017-07-14 00:00:00',1,'','b3b631b075b48537b6bf1f8785fc16a5',101,NULL,'','','384|385|','386|387|','382|','','381|',-1,NULL,0,171,'2017-02-17 17:10:39',171,'2017-02-17 17:10:39'),(382,'周妈','','0000-00-00 00:00:00',0,'','9c71870ebab44dd0958650ee1980c3d8',101,NULL,'','','384|385|','386|387|','381|383|','382|','',-1,NULL,0,171,'2017-02-17 17:10:54',171,'2017-02-17 17:10:54'),(384,'周弟','','0000-00-00 00:00:00',1,'','00199c7533ba6f8de136ff42103a5df2',101,NULL,'381|','382|','','','','386|387|','384|385|',0,NULL,0,171,'2017-02-17 17:11:11',171,'2017-02-17 17:11:11'),(385,'周兄','','0000-00-00 00:00:00',1,'','115b767b6ebeb6e79c04d6170ca3a11f',101,NULL,'381|','382|','389|','390|','388|','386|387|','385|384|',0,NULL,0,171,'2017-02-17 17:11:37',171,'2017-02-17 17:11:37'),(386,'周姐','','0000-00-00 00:00:00',0,'','f2151635ec8bf636d1b17c3e4abf31a2',101,NULL,'381|','382|','','','','386|387|','384|385|',0,NULL,0,171,'2017-02-17 17:11:45',171,'2017-02-17 17:11:45'),(387,'周妹','','0000-00-00 00:00:00',0,'','cfae04fb257e6ac206bc6503198926fc',101,NULL,'381|','382|','','','','387|386|','384|385|',0,NULL,0,171,'2017-02-17 17:11:57',171,'2017-02-17 17:11:57'),(388,'妻','','0000-00-00 00:00:00',0,'/images/upload/1487324462test.jpg','01b0874830672cecff945013b3017079',101,NULL,'','','389|','390|','385|','388|','',0,NULL,0,171,'2017-02-17 17:12:21',171,'2017-02-17 17:12:21'),(389,'子','','0000-00-00 00:00:00',1,'','f8c4aea21ce341c1c5e2cd2d646cf3cf',101,NULL,'385|','388|','','','','390|','389|',1,NULL,0,171,'2017-02-17 17:13:50',171,'2017-02-17 17:13:50'),(390,'女儿','','0000-00-00 00:00:00',0,'','1c9d773d4a5225e5d0db8ba9f8891f14',101,NULL,'385|','388|','','','','390|','389|',1,NULL,0,171,'2017-02-17 17:22:30',171,'2017-02-17 17:22:30'),(391,'赵鑫烜','','0000-00-00 00:00:00',1,'','70a43f43e5d822ab1b8953effeeec3c5',102,NULL,'392|','458|','','468|','467|','','391|',0,3,0,3,'2017-02-17 17:39:18',3,'2017-02-17 17:39:18'),(392,'赵贵生','','0000-00-00 00:00:00',1,'','82fa5ab84cc7b1005cd69ac10468f577',102,NULL,'393|','464|','391|','','458|','452|453|454|','392|450|451|',-1,NULL,0,3,'2017-02-17 17:39:59',3,'2017-02-17 17:39:59'),(393,'赵经国','','0000-00-00 00:00:00',1,'/images/upload/1488882824test.jpg','7926251d42440122008336ad73ec0a0f',102,NULL,'448|','466|','392|450|451|','452|453|454|','464|','','393|',-2,NULL,0,3,'2017-02-17 17:42:17',3,'2017-02-17 17:42:17'),(395,'胡家玉','','1976-03-04 00:00:00',0,'','c649589d8d19330e26b9417275a50980',89,NULL,'','','','293|','294|','395|','',-1,NULL,0,185,'2017-02-19 17:30:20',185,'2017-02-19 17:30:20'),(396,'周','','0000-00-00 00:00:00',1,'','f12e04bbb93acc64705e7f743ed94097',103,NULL,'','398|','','','','400|411|420|','396|399|405|406|407|408|409|410|419|',0,171,0,171,'2017-02-21 18:16:09',171,'2017-02-21 18:16:09'),(398,'周妈','tfyvy','0000-00-00 00:00:00',0,'/images/upload/1488877440test.jpg','eadeb8e9ca41870aec225ddf3e889d72',103,NULL,'','','396|399|405|406|407|408|409|410|419|','400|411|420|','397|','398|','',-1,NULL,0,171,'2017-02-21 18:16:32',171,'2017-02-21 18:16:32'),(399,'周兄','','0000-00-00 00:00:00',1,'','a302edeefc15f59785f3ba482ca82088',103,NULL,'','398|','402|','','401|','400|411|420|','399|396|405|406|407|408|409|410|419|',0,NULL,0,171,'2017-02-21 18:16:43',171,'2017-02-21 18:16:43'),(400,'周姐','','0000-00-00 00:00:00',0,'','8d7d0f63cc6cadf82f699cfda5690524',103,NULL,'','398|','','','403|','400|411|420|','396|399|405|406|407|408|409|410|419|',0,NULL,0,171,'2017-02-21 18:16:52',171,'2017-02-21 18:16:52'),(401,'妻','','0000-00-00 00:00:00',0,'','4e0a9538b8d81b2198813d89d895e887',103,NULL,'','','402|','','399|','401|','',0,NULL,0,171,'2017-02-21 18:17:37',171,'2017-02-21 18:17:37'),(402,'子','','0000-00-00 00:00:00',1,'','11b007fc0112ae1b4a0f26cc9a3bb49c',103,NULL,'399|','401|','','','','','402|',1,NULL,0,171,'2017-02-21 18:18:17',171,'2017-02-21 18:18:17'),(403,'夫','','0000-00-00 00:00:00',1,'','7cc3837bdc3c63a88c79169883214cb0',103,NULL,'','','','','400|','','403|',0,NULL,0,171,'2017-02-21 18:19:52',171,'2017-02-21 18:19:52'),(404,'画江湖','','0000-00-00 00:00:00',0,'','0f7bafbc8f67ab8ba10b9d682501dd26',80,NULL,'','','','249|','','404|','',-2,NULL,0,171,'2017-02-22 10:36:19',171,'2017-02-22 10:36:19'),(405,'周2','','0000-00-00 00:00:00',1,'','5e63bbcfed7654b9d8dd03a01d274df8',103,NULL,'','398|','','','','400|411|420|','405|396|399|406|407|408|409|410|419|',0,NULL,0,171,'2017-02-22 10:43:18',171,'2017-02-22 10:43:18'),(406,'周3','','0000-00-00 00:00:00',1,'','2167d0368a1011efc282b190de11be68',103,NULL,'','398|','','','','400|411|420|','406|396|399|405|407|408|409|410|419|',0,NULL,0,171,'2017-02-22 10:43:27',171,'2017-02-22 10:43:27'),(407,'周4','','0000-00-00 00:00:00',1,'','a908ce99c99ec23bd642c97da2c9e95b',103,NULL,'','398|','','','','400|411|420|','407|396|399|405|406|408|409|410|419|',0,NULL,0,171,'2017-02-22 10:43:36',171,'2017-02-22 10:43:36'),(408,'周5','','0000-00-00 00:00:00',1,'','e7436bc116ef80bb2fba2238a0220eda',103,NULL,'','398|','','','','400|411|420|','408|396|399|405|406|407|409|410|419|',0,NULL,0,171,'2017-02-22 10:43:45',171,'2017-02-22 10:43:45'),(409,'周6','','0000-00-00 00:00:00',1,'','d460b5cd16460870674346a87e7ae64f',103,NULL,'','398|','','','','400|411|420|','409|396|399|405|406|407|408|410|419|',0,NULL,0,171,'2017-02-22 10:43:59',171,'2017-02-22 10:43:59'),(410,'周7','','0000-00-00 00:00:00',1,'','a97e69701ba2c6d3502a601aadacd8eb',103,NULL,'','398|','','','','400|411|420|','410|396|399|405|406|407|408|409|419|',0,NULL,0,171,'2017-02-22 10:44:07',171,'2017-02-22 10:44:07'),(411,'周10','','0000-00-00 00:00:00',0,'','7aebb8426cbbe5441a7337b788ddb30e',103,NULL,'','398|','','','','411|400|420|','396|399|405|406|407|408|409|410|419|',0,NULL,0,171,'2017-02-22 11:27:14',171,'2017-02-22 11:27:14'),(412,'周','','0000-00-00 00:00:00',1,'/images/upload/1490064401test.jpg','e7a3f53678f9fa1ce1c6f2c46fa2dbb3',104,NULL,'','429|','414|','','','','412|',0,171,0,171,'2017-02-22 14:43:35',171,'2017-02-22 14:43:35'),(414,'周1','','0000-00-00 00:00:00',1,'','fd2a1cf56afc38c1edf3ccf44c6c46ba',104,NULL,'412|','','415|','','','','414|',1,NULL,0,171,'2017-02-22 14:44:10',171,'2017-02-22 14:44:10'),(415,'周2','','0000-00-00 00:00:00',1,'','e8ba6a67397c8ec43198d7a0725be9f3',104,NULL,'414|','','416|','','','','415|',2,NULL,0,171,'2017-02-22 14:44:20',171,'2017-02-22 14:44:20'),(416,'周3','','0000-00-00 00:00:00',1,'','035c69168000f73184a2485a7040c69f',104,NULL,'415|','','417|','','','','416|',3,NULL,0,171,'2017-02-22 14:44:45',171,'2017-02-22 14:44:45'),(417,'周4','','0000-00-00 00:00:00',1,'','8586f3ab144730dc97608a5cde111479',104,NULL,'416|','','418|','','','','417|',4,NULL,0,171,'2017-02-22 14:45:14',171,'2017-02-22 14:45:14'),(418,'周5','','0000-00-00 00:00:00',1,'','018feddf034a824637ee50c07a84d997',104,NULL,'417|','','427|','','','','418|',5,NULL,0,171,'2017-02-22 14:45:27',171,'2017-02-22 14:45:27'),(419,'zhou','','0000-00-00 00:00:00',1,'','9126d3f4df83b65ba51cfd8004c7ca5a',103,NULL,'','398|','','','','400|411|420|','419|396|399|405|406|407|408|409|410|',0,NULL,0,171,'2017-02-28 10:05:38',171,'2017-02-28 10:05:38'),(420,'gcvg','','0000-00-00 00:00:00',0,'','70962fca4e7f6f62553904a751111a43',103,NULL,'','398|','','','','420|400|411|','396|399|405|406|407|408|409|410|419|',0,NULL,0,171,'2017-02-28 10:07:45',171,'2017-02-28 10:07:45'),(421,'周','','0000-00-00 00:00:00',1,'','7d657ad09c467d855d795045fc01adef',105,NULL,'','','','','','438|','421|424|436|',0,171,0,171,'2017-02-28 11:03:59',171,'2017-02-28 11:03:59'),(424,'周兄','地址','0000-00-00 00:00:00',1,'/images/upload/1489464690test.jpg','8748de978a3f70d1a8551fa9c5810950',105,NULL,'','','426|','','','438|','424|421|436|',0,NULL,0,171,'2017-02-28 11:19:20',171,'2017-02-28 11:19:20'),(426,'子','','0000-00-00 00:00:00',1,'','6b8b7a472284d16f781d2937f2733d00',105,NULL,'424|','','','','','','426|',1,NULL,0,171,'2017-02-28 15:15:56',171,'2017-02-28 15:15:56'),(427,'周6','','0000-00-00 00:00:00',1,'','a7b9acfab566a23170cf174daa32eea7',104,NULL,'418|','','','','','','427|',6,NULL,0,171,'2017-03-01 18:04:30',171,'2017-03-01 18:04:30'),(428,'组祖父','','2017-02-28 00:00:00',1,'/images/upload/14901724381rGgIPM_auIaIJvisD44eaFN','48bf47d6097b2acc43b28d622d781461',29,NULL,'','','211|','','','','428|',-3,NULL,0,2,'2017-03-03 14:22:33',2,'2017-03-03 14:22:33'),(429,'1','','0000-00-00 00:00:00',0,'','6825a565b14160c7de07e0a7ec304981',104,NULL,'','','412|','','413|','429|','',-1,NULL,0,171,'2017-03-08 13:54:57',171,'2017-03-08 13:54:57'),(430,'女儿3','','2017-03-09 00:00:00',0,'/images/upload/1490172568mPIbcApRVxMiAdWXOPGxYKGw','d036080dfed1f8e6996198471cc9888b',29,NULL,'141|','153|','','','','430|207|378|431|432|433|','156|154|155|',1,NULL,0,2,'2017-03-21 10:39:30',2,'2017-03-21 10:39:30'),(431,'女儿4','','2017-03-31 00:00:00',0,'/images/upload/14901725986d0sAL2E_T8X6ZvCFgMHU3PT','2e7a1e73b689153b031fe624500ffc29',29,NULL,'141|','153|','','','','431|207|378|430|432|433|','156|154|155|',1,NULL,0,2,'2017-03-21 10:51:23',2,'2017-03-21 10:51:23'),(432,'女儿5','','2017-03-10 00:00:00',0,'/images/upload/1490172605GzJtCAmcgqStGHGrPLkdjsk','3c7f63dd95411c8a03a60d6ff6555ae8',29,NULL,'141|','153|','','','','432|207|378|430|431|433|','156|154|155|',1,NULL,0,2,'2017-03-21 10:52:18',2,'2017-03-21 10:52:18'),(433,'女儿6','','2017-03-30 00:00:00',0,'/images/upload/1490172611N4J5vmIH1YgEFpRXfOSHPUAG','336cef7e41d4d2ebb78c39dc2ba8b247',29,NULL,'141|','153|','','','','433|207|378|430|431|432|','156|154|155|',1,NULL,0,2,'2017-03-21 10:52:49',2,'2017-03-21 10:52:49'),(434,'重孙的儿子','','2017-03-15 00:00:00',1,'/images/upload/1490172641SklGeUdWbIcyXcpKzF9Fp4Jh','2ca713a354e635eeb21ac7158762f995',29,NULL,'209|','','435|','','','','434|',4,NULL,0,2,'2017-03-21 11:31:59',2,'2017-03-21 11:31:59'),(435,'重孙的孙子','','2017-03-17 00:00:00',1,'/images/upload/1490172648n9vOD5caMRU4fxh_pslOEMm','07945445aff15c101bf665970e01527d',29,NULL,'434|','','442|','','','','435|',5,NULL,0,2,'2017-03-21 11:49:06',2,'2017-03-21 11:49:06'),(436,'兄2','','0000-00-00 00:00:00',1,'','ba6f8ce682787d08896994efcda7f941',105,NULL,'','','','','','438|','436|421|424|',0,NULL,0,171,'2017-03-21 14:40:16',171,'2017-03-21 14:40:16'),(438,'姐','','1992-02-01 00:00:00',0,'','f79434f7b97a213917caaf1fdfafb31d',105,NULL,'','','','','','438|','421|424|436|',0,NULL,0,171,'2017-03-21 15:03:26',171,'2017-03-21 15:03:26'),(439,'江','111','2017-03-10 00:00:00',1,'','0a4051b4515fb4b07e88d66b3bd44b00',106,NULL,'441|','','','','','','439|440|',0,213,0,213,'2017-03-21 15:23:28',213,'2017-03-21 15:23:28'),(440,'111','','2017-03-08 00:00:00',1,'','576a7adc98397cef2ad31a88487e068c',106,NULL,'441|','','','','','','440|439|',0,NULL,0,213,'2017-03-21 15:30:35',213,'2017-03-21 15:30:35'),(441,'1111','','2017-03-08 00:00:00',1,'','1e5552e4062f9b5a9fa0194836142b48',106,NULL,'','','439|440|','','','','441|',-1,NULL,0,213,'2017-03-21 15:31:08',213,'2017-03-21 15:31:08'),(442,'还是孙子','','2017-03-01 00:00:00',1,'/images/upload/1490173374kT276KEbOjSiD6euUP8sYD3T','f9ec1e15201d063b9c3c4a3d15012729',29,NULL,'435|','','','','','','442|',6,NULL,0,2,'2017-03-22 17:02:39',2,'2017-03-22 17:02:39'),(443,'11','111','2017-02-28 00:00:00',0,'','dbcdb3ea1f0259fbc5ace008907d8151',107,NULL,'','','','','','443|','',0,2,0,2,'2017-03-23 17:57:01',2,'2017-03-23 17:57:01'),(444,'lv','','0000-00-00 00:00:00',1,'','c0804052c364a402ccb1f56847e5b4ba',108,NULL,'486|','','','','487|','','444|',0,207,0,207,'2017-03-23 21:54:08',207,'2017-03-23 21:54:08'),(445,'1231','111','2017-03-01 00:00:00',1,'','cb12a8e95f9374a105933d56ac0d4751',109,NULL,'','','','','','','445|',0,2,0,2,'2017-03-24 11:12:18',2,'2017-03-24 11:12:18'),(446,'1','1','2017-03-16 00:00:00',1,'','17d50feaf28ff27faaedadbcaa35d597',110,NULL,'','','','','','','446|',0,2,0,2,'2017-03-24 11:13:22',2,'2017-03-24 11:13:22'),(447,'z','','0000-00-00 00:00:00',1,'/images/upload/1491378781whH8k7PYHNh_vbdDMtGY21bn','883e2e944e8c3a905377234146ffd9cf',111,NULL,'','','','','','','447|',0,171,0,171,'2017-03-29 17:48:46',171,'2017-03-29 17:48:46'),(448,'赵池沼','','1900-04-01 00:00:00',1,'','e87e3030642d127463053875ce922004',102,NULL,'449|','465|','393|','','466|','','448|',-3,NULL,0,3,'2017-04-01 22:43:09',3,'2017-04-01 22:43:09'),(449,'赵令煌','','1900-04-01 00:00:00',1,'','46d4dac982bf29aac3aa819767627922',102,NULL,'','','448|','','465|','','449|',-4,NULL,0,3,'2017-04-01 22:43:57',3,'2017-04-01 22:43:57'),(450,'赵志刚','','1960-04-02 00:00:00',1,'','a82ab8fc85dfaf77d1c7b806a7419471',102,NULL,'393|','464|','456|457|','','455|','452|453|454|','450|392|451|',-1,NULL,0,3,'2017-04-02 08:44:54',3,'2017-04-02 08:44:54'),(451,'赵志芳','','1963-04-02 00:00:00',1,'','91f53893e635c79a57676f02e0c338f3',102,NULL,'393|','464|','','460|','459|','452|453|454|','451|392|450|',-1,NULL,0,3,'2017-04-02 08:45:36',3,'2017-04-02 08:45:36'),(452,'赵翠英','','1960-04-02 00:00:00',0,'','b7e83e4e99cd77b154a66cfd6139a075',102,NULL,'393|','464|','462|463|','','461|','452|453|454|','392|450|451|',-1,NULL,0,3,'2017-04-02 08:47:01',3,'2017-04-02 08:47:01'),(453,'赵英秀','','2017-04-02 00:00:00',0,'','14b3eb1ab704475ea1c6140d3acddbc6',102,NULL,'393|','464|','472|','471|','470|','453|452|454|','392|450|451|',-1,NULL,0,3,'2017-04-02 08:49:22',3,'2017-04-02 08:49:22'),(454,'赵兰秀','','2017-04-02 00:00:00',0,'','ebcc3cb03883f4fe1cc5599655565e5f',102,NULL,'393|','464|','','','','454|452|453|','392|450|451|',-1,NULL,0,3,'2017-04-02 08:50:18',3,'2017-04-02 08:50:18'),(455,'廖伍秀','','2017-04-02 00:00:00',0,'','045e24dde3084b5ab13b9a4b4d3d6e78',102,NULL,'','','456|457|','','450|','455|','',-1,NULL,0,3,'2017-04-02 08:52:34',3,'2017-04-02 08:52:34'),(456,'赵涛','','2017-04-02 00:00:00',1,'','8b533a9d7e51bc8ac478cd20d9a1c112',102,NULL,'450|','455|','','','484|485|','','456|457|',0,NULL,0,3,'2017-04-02 08:53:12',3,'2017-04-02 08:53:12'),(457,'赵龙','','2017-04-02 00:00:00',1,'','734df6628ad844c84e383da676d2ee5f',102,NULL,'450|','455|','','479|','478|','','457|456|',0,NULL,0,3,'2017-04-02 08:53:12',3,'2017-04-02 08:53:12'),(458,'李惠英','','2017-04-02 00:00:00',0,'','4e354cc132b44aa1a89e6fcf70386e69',102,NULL,'','','391|','','392|','458|','',-1,NULL,0,3,'2017-04-02 08:54:04',3,'2017-04-02 08:54:04'),(459,'李宁秀','','2017-04-02 00:00:00',0,'','5867ec118b75af75cc7d943815e0e683',102,NULL,'','','','460|','451|','459|','',-1,NULL,0,3,'2017-04-02 08:55:00',3,'2017-04-02 08:55:00'),(460,'赵颖','','2017-04-02 00:00:00',0,'','6ab754518df3dbbe1913aac3c57bbb96',102,NULL,'451|','459|','','','480|','460|','',0,NULL,0,3,'2017-04-02 08:55:32',3,'2017-04-02 08:55:32'),(461,'曾江吉','','2017-04-02 00:00:00',1,'','20d5092fc78bb409dfbf273fb4cef357',102,NULL,'','','462|463|','','452|','','461|',-1,NULL,0,3,'2017-04-02 08:56:54',3,'2017-04-02 08:56:54'),(462,'曾常兵','','1979-02-10 00:00:00',1,'','464abe42433ac3f4d26bd41f72c81cd8',102,NULL,'461|','452|','','483|','482|','','462|463|',0,220,0,3,'2017-04-02 08:57:52',3,'2017-04-02 08:57:52'),(463,'曾常军','','2017-04-02 00:00:00',1,'','9cea33b2127513f3b5ef8c90a5c6e28f',102,NULL,'461|','452|','','','481|','','463|462|',0,NULL,0,3,'2017-04-02 08:58:28',3,'2017-04-02 08:58:28'),(464,'饶观音','','1926-04-10 00:00:00',0,'','6e5c926c230b2f8685e1571682be8b55',102,NULL,'','','392|450|451|','452|453|454|','393|','464|','',-2,NULL,0,3,'2017-04-02 09:01:25',3,'2017-04-02 09:01:25'),(465,'李梅','','1900-04-02 00:00:00',0,'','abf1665b90f2eed17a0bbc13df33a553',102,NULL,'','','448|','','449|','465|','',-4,NULL,0,3,'2017-04-02 10:26:28',3,'2017-04-02 10:26:28'),(466,'傅罗','','2017-04-02 00:00:00',0,'','5c885b59749bd877743bb1d508dbe79e',102,NULL,'','','393|','','448|','466|','',-3,NULL,0,3,'2017-04-02 11:11:36',3,'2017-04-02 11:11:36'),(467,'廖湘','','1986-11-08 00:00:00',0,'','dea7ef0116342418649f2e50e2a01e83',102,NULL,'','','','468|','391|','467|','',0,NULL,0,3,'2017-04-03 09:28:58',3,'2017-04-03 09:28:58'),(468,'赵祎涵','','2014-04-21 00:00:00',0,'','b0fe522d707b1181c1c7ced0124a03e2',102,NULL,'391|','467|','','','','468|','',1,NULL,0,3,'2017-04-03 09:29:41',3,'2017-04-03 09:29:41'),(469,'123','12','2017-04-04 00:00:00',0,'','d76a6fba61431169393120a71e975339',112,NULL,'473|','','','','','469|','475|',0,2,0,2,'2017-04-05 10:48:49',2,'2017-04-05 10:48:49'),(470,'上官明生','','2017-04-05 00:00:00',1,'','7447f017e3382fbc109a2ac53ab4cb6f',102,NULL,'','','472|','471|','453|','','470|',-1,NULL,0,3,'2017-04-05 11:10:10',3,'2017-04-05 11:10:10'),(471,'上官小英','','1989-04-05 00:00:00',0,'','0c123a9488d072432ef7ce68fda26a41',102,NULL,'470|','453|','','477|','476|','471|','472|',0,NULL,0,3,'2017-04-05 11:10:40',3,'2017-04-05 11:10:40'),(472,'上官赟','','1989-04-05 00:00:00',1,'','d8a9b1c98836d4b828072f26b93c7667',102,NULL,'470|','453|','','','','471|','472|',0,NULL,0,3,'2017-04-05 11:11:06',3,'2017-04-05 11:11:06'),(473,'哈哈哈','','1964-01-01 00:00:00',1,'','f16d76e60599ec164350049c7332a6b3',112,NULL,'','','475|','469|','','','473|',-1,0,0,2,'2017-04-06 12:23:32',2,'2017-04-06 12:23:32'),(474,'另一个配偶','','2017-04-12 00:00:00',0,'/images/upload/2/1491819981E25tQ6LPSzHMYRzfs0KgFDyO','de2f1b72a40385b3346d386094e9711a',29,NULL,'','','142|','','211|','474|','',-2,0,0,2,'2017-04-06 16:26:25',2,'2017-04-06 16:26:25'),(475,'兄弟','','2017-04-19 00:00:00',1,'','edbf3e5ccae1cc611e8f98a5d961a887',112,NULL,'473|','','','','','469|','475|',0,0,0,2,'2017-04-10 13:26:55',2,'2017-04-10 13:26:55'),(476,'赖章刚','','1989-06-01 00:00:00',1,'','98c89a849365f4b955f04a8ef13eb359',102,NULL,'','','','477|','471|','','476|',0,0,0,3,'2017-04-10 17:43:15',3,'2017-04-10 17:43:15'),(477,'赖菀滴','','2017-01-10 00:00:00',0,'','97550404c786086b4e5aab27b570ebe0',102,NULL,'476|','471|','','','','477|','',1,0,0,3,'2017-04-10 17:45:54',3,'2017-04-10 17:45:54'),(478,'江黎黎','','1989-01-10 00:00:00',0,'','3d41409189680f2b2581162ad78c54fe',102,NULL,'','','','479|','457|','478|','',0,0,0,3,'2017-04-10 17:47:42',3,'2017-04-10 17:47:42'),(479,'赵晨伊','','2017-01-04 00:00:00',0,'','d1e9a188438b6c1d1f77662058bae20b',102,NULL,'457|','478|','','','','479|','',1,0,0,3,'2017-04-10 17:50:25',3,'2017-04-10 17:50:25'),(480,'王雪松','','1985-01-04 00:00:00',1,'','4bc7f958df52c1870b81b02e5fe65a25',102,NULL,'','','','','460|','','480|',0,0,0,3,'2017-04-10 17:56:40',3,'2017-04-10 17:56:40'),(481,'赵宝丹','','1980-01-04 00:00:00',0,'','e2c0614f3387bef42ce67bf3c3221736',102,NULL,'','','','','463|','481|','',0,0,0,3,'2017-04-10 17:58:25',3,'2017-04-10 17:58:25'),(482,'陈小芳','','1980-01-04 00:00:00',0,'','d7f84f5e6486ed7511278e9ed9adcafc',102,NULL,'','','','483|','462|','482|','',0,0,0,3,'2017-04-10 17:58:50',3,'2017-04-10 17:58:50'),(483,'曾晨','','2010-01-04 00:00:00',0,'','9ce7588a525d8679c62891f2a77991ea',102,NULL,'462|','482|','','','','483|','',1,0,0,3,'2017-04-10 17:59:30',3,'2017-04-10 17:59:30'),(484,'周周','','1986-01-04 00:00:00',0,'','aca7f4a82f20ea231fea383e886e4423',102,NULL,'','','','','456|','484|','',0,0,0,3,'2017-04-10 18:01:02',3,'2017-04-10 18:01:02'),(485,'周周','','1986-01-04 00:00:00',0,'','4576255c9b27dfcfd8507b6c633d7bfc',102,NULL,'','','','','456|','485|','',0,0,0,3,'2017-04-10 18:01:02',3,'2017-04-10 18:01:02'),(486,'1','1','1996-02-17 00:00:00',1,'','6fc2e004ed9a246009147ae658789d04',108,NULL,'','','444|','','','','486|',-1,0,0,207,'2017-04-11 11:11:03',207,'2017-04-11 11:11:03'),(487,'2','2','1996-01-01 00:00:00',0,'','f200d3e335ac76d0917ac8683c96cb72',108,NULL,'','','','','444|','487|','',0,0,0,207,'2017-04-11 11:11:19',207,'2017-04-11 11:11:19'),(488,'2','','0000-00-00 00:00:00',1,'','e2a861aee70c1d138720cf28b7c253b7',113,NULL,'','','','','','','488|',0,207,0,207,'2017-04-11 11:30:36',207,'2017-04-11 11:30:36'),(489,'周','','0000-00-00 00:00:00',1,'','e6bf1a3260280fe0926737d3601cea78',114,NULL,'490|','491|','','','','','489|492|',0,214,0,214,'2017-04-11 15:39:09',214,'2017-04-11 15:39:09'),(490,'周爸','1','1996-01-01 00:00:00',1,'','ef81189483ef5551df7d0e4658a87d60',114,NULL,'','','489|492|','','491|','','490|',-1,0,0,214,'2017-04-11 15:39:30',214,'2017-04-11 15:39:30'),(491,'周妈','1','1996-01-01 00:00:00',0,'','15c085efb9011bbc2418981a2607f9ed',114,NULL,'','','489|492|','','490|','491|','',-1,0,0,214,'2017-04-11 15:39:55',214,'2017-04-11 15:39:55'),(492,'周兄','1','1996-01-01 00:00:00',1,'/images/upload/1491902268ZEhUw5v5dU0q8QTPo9HEM31F','dacdc13eb9f49767b0314c505a5b3c38',114,NULL,'490|','491|','','','','','492|489|',0,0,0,214,'2017-04-11 15:40:54',214,'2017-04-11 15:40:54');
/*!40000 ALTER TABLE `gener_testPerson` ENABLE KEYS */;
UNLOCK TABLES;

--
-- Table structure for table `gener_timeline`
--

DROP TABLE IF EXISTS `gener_timeline`;
/*!40101 SET @saved_cs_client     = @@character_set_client */;
/*!40101 SET character_set_client = utf8 */;
CREATE TABLE `gener_timeline` (
  `id` int(11) NOT NULL AUTO_INCREMENT,
  `refId` int(11) NOT NULL,
  `module` int(11) NOT NULL,
  `create_time` date NOT NULL,
  PRIMARY KEY (`id`)
) ENGINE=InnoDB AUTO_INCREMENT=6 DEFAULT CHARSET=utf8mb4 COLLATE=utf8mb4_unicode_ci;
/*!40101 SET character_set_client = @saved_cs_client */;

--
-- Dumping data for table `gener_timeline`
--

LOCK TABLES `gener_timeline` WRITE;
/*!40000 ALTER TABLE `gener_timeline` DISABLE KEYS */;
INSERT INTO `gener_timeline` VALUES (1,205,1,'2017-04-06'),(2,207,1,'2017-04-07'),(3,1751,2,'2017-04-06'),(4,1756,2,'2017-04-06'),(5,1757,2,'2017-04-06');
/*!40000 ALTER TABLE `gener_timeline` ENABLE KEYS */;
UNLOCK TABLES;

--
-- Table structure for table `gener_user`
--

DROP TABLE IF EXISTS `gener_user`;
/*!40101 SET @saved_cs_client     = @@character_set_client */;
/*!40101 SET character_set_client = utf8 */;
CREATE TABLE `gener_user` (
  `id` int(11) NOT NULL AUTO_INCREMENT,
  `username` varchar(255) CHARACTER SET utf8mb4 NOT NULL,
  `phone` varchar(30) CHARACTER SET utf8 DEFAULT NULL,
  `email` varchar(255) CHARACTER SET utf8 DEFAULT NULL,
  `password` varchar(255) CHARACTER SET utf8 NOT NULL,
  `photo` varchar(255) CHARACTER SET utf8 DEFAULT NULL,
  `gender` int(2) NOT NULL DEFAULT '0',
  `birthday` date DEFAULT NULL,
  `address` varchar(255) CHARACTER SET utf8 DEFAULT NULL,
  `create_time` datetime NOT NULL,
  `update_time` datetime NOT NULL,
  PRIMARY KEY (`id`),
  UNIQUE KEY `address_UNIQUE` (`address`)
) ENGINE=InnoDB AUTO_INCREMENT=221 DEFAULT CHARSET=utf8mb4 COLLATE=utf8mb4_unicode_ci;
/*!40101 SET character_set_client = @saved_cs_client */;

--
-- Dumping data for table `gener_user`
--

LOCK TABLES `gener_user` WRITE;
/*!40000 ALTER TABLE `gener_user` DISABLE KEYS */;
INSERT INTO `gener_user` VALUES (2,'jiang',NULL,'786185931@qq.com','8d969eef6ecad3c29a3a629280e686cf0c3f5d5a86aff3ca12020c923adc6c92','/images/upload/2/1491972940Tx409zvPUnF8cdRI_cFCQVHq',0,'1995-02-06','上海市松江区','0000-00-00 00:00:00','0000-00-00 00:00:00'),(3,'zhx',NULL,'zhaoxinxuan@xinhuotech.com','8d969eef6ecad3c29a3a629280e686cf0c3f5d5a86aff3ca12020c923adc6c92','/images/upload/1489121247tiger2.jpg',1,NULL,NULL,'0000-00-00 00:00:00','0000-00-00 00:00:00'),(4,'shmao',NULL,'shmao288@gmail.com','276966e5c13d2a542dcadc150e7b84ad',NULL,0,NULL,NULL,'0000-00-00 00:00:00','0000-00-00 00:00:00'),(5,'2144804428',NULL,'2414804428@qq.com','8214be4641d4b62f679adea7a33896ea',NULL,0,NULL,NULL,'0000-00-00 00:00:00','0000-00-00 00:00:00'),(6,'zc99999',NULL,'237812367@qq.com','bbebb8ca1e5968fcd8d4e164443d7cb5','/images/upload/1479553742u',0,NULL,NULL,'0000-00-00 00:00:00','0000-00-00 00:00:00'),(7,'qq',NULL,'1084264084@qq.com','aa3ebb781b024bfcaf25b0599bd1d4c0',NULL,0,NULL,NULL,'0000-00-00 00:00:00','0000-00-00 00:00:00'),(80,'vivo',NULL,'123@qq.com','e10adc3949ba59abbe56e057f20f883e',NULL,0,NULL,NULL,'0000-00-00 00:00:00','0000-00-00 00:00:00'),(81,'wang',NULL,'280317769@qq.com','e0d9d3862dfb270de65719d43749df5e',NULL,0,NULL,NULL,'0000-00-00 00:00:00','0000-00-00 00:00:00'),(92,'joyme1234',NULL,'222@qq.com','e10adc3949ba59abbe56e057f20f883e',NULL,0,NULL,NULL,'0000-00-00 00:00:00','0000-00-00 00:00:00'),(93,'mao',NULL,'123456@qq.com','e10adc3949ba59abbe56e057f20f883e',NULL,0,NULL,NULL,'0000-00-00 00:00:00','0000-00-00 00:00:00'),(94,'shmao',NULL,'1234567@qq.com','fcea920f7412b5da7be0cf42b8c93759',NULL,0,NULL,NULL,'0000-00-00 00:00:00','0000-00-00 00:00:00'),(95,'mao',NULL,'12345678@qq.com','25d55ad283aa400af464c76d713c07ad',NULL,0,NULL,NULL,'0000-00-00 00:00:00','0000-00-00 00:00:00'),(96,'m',NULL,'1@qq.com','c4ca4238a0b923820dcc509a6f75849b',NULL,0,NULL,NULL,'0000-00-00 00:00:00','0000-00-00 00:00:00'),(97,'1',NULL,'1','c4ca4238a0b923820dcc509a6f75849b',NULL,0,NULL,NULL,'0000-00-00 00:00:00','0000-00-00 00:00:00'),(98,'2',NULL,'2','c81e728d9d4c2f636f067f89cc14862c',NULL,0,NULL,NULL,'0000-00-00 00:00:00','0000-00-00 00:00:00'),(99,'qian2',NULL,'1234@qq.com','e10adc3949ba59abbe56e057f20f883e',NULL,0,NULL,NULL,'0000-00-00 00:00:00','0000-00-00 00:00:00'),(100,'1',NULL,'1','c4ca4238a0b923820dcc509a6f75849b',NULL,0,NULL,NULL,'0000-00-00 00:00:00','0000-00-00 00:00:00'),(101,'u',NULL,'123@qq.com','e10adc3949ba59abbe56e057f20f883e',NULL,0,NULL,NULL,'0000-00-00 00:00:00','0000-00-00 00:00:00'),(102,'liuche',NULL,'2414804429@qq.com','e10adc3949ba59abbe56e057f20f883e',NULL,0,NULL,NULL,'0000-00-00 00:00:00','0000-00-00 00:00:00'),(103,'liuche',NULL,'141420201@qq.com','e10adc3949ba59abbe56e057f20f883e',NULL,0,NULL,NULL,'0000-00-00 00:00:00','0000-00-00 00:00:00'),(104,'liuche',NULL,'2414804450@qq.com','e10adc3949ba59abbe56e057f20f883e',NULL,0,NULL,NULL,'0000-00-00 00:00:00','0000-00-00 00:00:00'),(105,'yanghui',NULL,'2414804451@qq.com','e10adc3949ba59abbe56e057f20f883e',NULL,0,NULL,NULL,'0000-00-00 00:00:00','0000-00-00 00:00:00'),(106,'lihong',NULL,'2414804452@qq.com','e10adc3949ba59abbe56e057f20f883e',NULL,0,NULL,NULL,'0000-00-00 00:00:00','0000-00-00 00:00:00'),(107,'changyuan',NULL,'2414804453@qq.com','e10adc3949ba59abbe56e057f20f883e',NULL,0,NULL,NULL,'0000-00-00 00:00:00','0000-00-00 00:00:00'),(108,'shenming',NULL,'2414804454@qq.com','e10adc3949ba59abbe56e057f20f883e',NULL,0,NULL,NULL,'0000-00-00 00:00:00','0000-00-00 00:00:00'),(109,'12',NULL,'12@12.com','c20ad4d76fe97759aa27a0c99bff6710',NULL,0,NULL,NULL,'0000-00-00 00:00:00','0000-00-00 00:00:00'),(110,'行啊',NULL,'ads','d964fcc76368f57aca59d0fcfae023f5',NULL,0,NULL,NULL,'0000-00-00 00:00:00','0000-00-00 00:00:00'),(111,'撒啊',NULL,'qqq','b2ca678b4c936f905fb82f2733f5297f',NULL,0,NULL,NULL,'0000-00-00 00:00:00','0000-00-00 00:00:00'),(112,'一只小猫猫',NULL,'1334415779@qq.com','7295485882e1b56b3bc5bd970fde6bcd',NULL,0,NULL,NULL,'0000-00-00 00:00:00','0000-00-00 00:00:00'),(113,'asd',NULL,'asd','7815696ecbf1c96e6894b779456d330e',NULL,0,NULL,NULL,'0000-00-00 00:00:00','0000-00-00 00:00:00'),(153,'年后',NULL,'11111111@qq.com','1bbd886460827015e5d605ed44252251',NULL,0,NULL,NULL,'0000-00-00 00:00:00','0000-00-00 00:00:00'),(154,'555',NULL,'55@qq.com','15de21c670ae7c3f6f3f1f37029303c9',NULL,0,NULL,NULL,'0000-00-00 00:00:00','0000-00-00 00:00:00'),(155,'555',NULL,'55@qq.com','15de21c670ae7c3f6f3f1f37029303c9',NULL,0,NULL,NULL,'0000-00-00 00:00:00','0000-00-00 00:00:00'),(156,'测试登录注册页面',NULL,'jiangpengfei@xinhuotech.com','e10adc3949ba59abbe56e057f20f883e',NULL,0,NULL,NULL,'0000-00-00 00:00:00','0000-00-00 00:00:00'),(157,'小测测',NULL,'test@qq.com','e10adc3949ba59abbe56e057f20f883e',NULL,0,NULL,NULL,'0000-00-00 00:00:00','0000-00-00 00:00:00'),(158,'王凯伦',NULL,'1826667810@qq.com','e8e31a35fec8909d9fae59c6baed43ae',NULL,0,NULL,NULL,'0000-00-00 00:00:00','0000-00-00 00:00:00'),(161,'测试新接口',NULL,'testnewapi@qqq.com','e10adc3949ba59abbe56e057f20f883e',NULL,0,NULL,NULL,'0000-00-00 00:00:00','0000-00-00 00:00:00'),(162,'zc121212',NULL,'zc121212@qq.com','bbebb8ca1e5968fcd8d4e164443d7cb5',NULL,0,NULL,NULL,'0000-00-00 00:00:00','0000-00-00 00:00:00'),(163,'测试新接口',NULL,'testnewapi@qqq.com','e10adc3949ba59abbe56e057f20f883e',NULL,0,NULL,NULL,'0000-00-00 00:00:00','0000-00-00 00:00:00'),(164,'zc121212',NULL,'123@qq.com','bbebb8ca1e5968fcd8d4e164443d7cb5','/images/upload/1479538147QQ图片20161118171024.png',0,NULL,NULL,'0000-00-00 00:00:00','0000-00-00 00:00:00'),(169,'joyme',NULL,'111@qq.com','e10adc3949ba59abbe56e057f20f883e',NULL,0,NULL,NULL,'0000-00-00 00:00:00','0000-00-00 00:00:00'),(171,'zhouyijun',NULL,'1176902387@qq.com','8d969eef6ecad3c29a3a629280e686cf0c3f5d5a86aff3ca12020c923adc6c92',NULL,0,NULL,NULL,'0000-00-00 00:00:00','0000-00-00 00:00:00'),(172,'zhouyijun',NULL,'1176902387@qq.com','8d969eef6ecad3c29a3a629280e686cf0c3f5d5a86aff3ca12020c923adc6c92',NULL,0,NULL,NULL,'0000-00-00 00:00:00','0000-00-00 00:00:00'),(177,'15000895132','15000895132','','e10adc3949ba59abbe56e057f20f883e',NULL,0,NULL,NULL,'0000-00-00 00:00:00','0000-00-00 00:00:00'),(179,'jiang12','1500895132','','e10adc3949ba59abbe56e057f20f883e',NULL,0,NULL,NULL,'0000-00-00 00:00:00','0000-00-00 00:00:00'),(180,'jiang123','','78618593111@qq.com','e10adc3949ba59abbe56e057f20f883e',NULL,0,NULL,NULL,'0000-00-00 00:00:00','0000-00-00 00:00:00'),(181,'测试','','7816821@qaq.com','e10adc3949ba59abbe56e057f20f883e',NULL,0,NULL,NULL,'0000-00-00 00:00:00','0000-00-00 00:00:00'),(182,'测试12','','122@qq.com','8d969eef6ecad3c29a3a629280e686cf0c3f5d5a86aff3ca12020c923adc6c92',NULL,0,NULL,NULL,'0000-00-00 00:00:00','0000-00-00 00:00:00'),(183,'qwerty','','jsjwko@qq.com','8d969eef6ecad3c29a3a629280e686cf0c3f5d5a86aff3ca12020c923adc6c92',NULL,0,NULL,NULL,'0000-00-00 00:00:00','0000-00-00 00:00:00'),(184,'zeo','','gongyijing@xinhuotech.com','8d969eef6ecad3c29a3a629280e686cf0c3f5d5a86aff3ca12020c923adc6c92','/images/upload/1489637882134204318105.jpg',0,NULL,NULL,'0000-00-00 00:00:00','0000-00-00 00:00:00'),(185,'kellen','','182666781@qq.com','8d969eef6ecad3c29a3a629280e686cf0c3f5d5a86aff3ca12020c923adc6c92','/images/upload/1490684612w7OKFKDgorKRs4psF7xP0i2',0,NULL,NULL,'0000-00-00 00:00:00','0000-00-00 00:00:00'),(186,'qqqe','','589632583@qq.com','a665a45920422f9d417e4867efdc4fb8a04a1f3fff1fa07e998e86f7f7a27ae3',NULL,0,NULL,NULL,'0000-00-00 00:00:00','0000-00-00 00:00:00'),(187,'kellenwang','','18266678@qq.com','a665a45920422f9d417e4867efdc4fb8a04a1f3fff1fa07e998e86f7f7a27ae3',NULL,0,NULL,NULL,'0000-00-00 00:00:00','0000-00-00 00:00:00'),(188,'TEST110','','TSET110@QQ.COM','8d969eef6ecad3c29a3a629280e686cf0c3f5d5a86aff3ca12020c923adc6c92',NULL,0,NULL,NULL,'0000-00-00 00:00:00','0000-00-00 00:00:00'),(189,'CCCC','','flora1109@163.com','29886a1c71247b9d7e10063a69b7eabee5b17288e39b66d6c63a0a718025c866',NULL,0,NULL,NULL,'0000-00-00 00:00:00','0000-00-00 00:00:00'),(190,'群群群','','617995483@qq.com','429e3f5ac675b51e94609a3d1d9a689edd090e0bcfe1493444631cf15a766fcc',NULL,0,NULL,NULL,'0000-00-00 00:00:00','0000-00-00 00:00:00'),(191,'军哥哥','','619786636@qq.com','306a9fe771046f6eff0df1b1759e6c21c225fbfbe0f95af02199531b09cd219d',NULL,0,NULL,NULL,'0000-00-00 00:00:00','0000-00-00 00:00:00'),(192,'宁宁圈','','522195100@qq.com','429e3f5ac675b51e94609a3d1d9a689edd090e0bcfe1493444631cf15a766fcc',NULL,0,NULL,NULL,'0000-00-00 00:00:00','0000-00-00 00:00:00'),(193,'luhui','','969817966@qq.com','bf4a2a248c0640ac6c6f293a41ebd884319dd8dae81b2008be393a4347b13f69',NULL,0,NULL,NULL,'0000-00-00 00:00:00','0000-00-00 00:00:00'),(194,'萍淡是福','','724226469@qq.com','148276d0b834e483e4200d5de440a3a2b5a5d75395fd4bbc06945f54c7db0fb3',NULL,0,NULL,NULL,'0000-00-00 00:00:00','0000-00-00 00:00:00'),(195,'孙冰','','sl1826@sina.com','1dcb9dea83c69b00df9a3db8d5e4f8f8ef1fb23b02ca259953661aa541c22c0d',NULL,0,NULL,NULL,'0000-00-00 00:00:00','0000-00-00 00:00:00'),(196,'qqqet','','qqqwcgghh@qq.com','ed103a5485d5982e447205fec59a1cf8805400793f3ee4e0fbee079041081298',NULL,0,NULL,NULL,'0000-00-00 00:00:00','0000-00-00 00:00:00'),(197,'kel','','182666@qq.com','e75873fbf340e10a919fb0b992d21da645051923b24a7fd185abc8a1cfc3564f',NULL,0,NULL,NULL,'0000-00-00 00:00:00','0000-00-00 00:00:00'),(198,'黄焖鸡米饭','','Antibody17@163.com','fefdd21c07a5c4628907b65de99e245cb6799c7ebfabb2cc24843b81fc76161d',NULL,0,NULL,NULL,'0000-00-00 00:00:00','0000-00-00 00:00:00'),(199,'jgth1987','','jgyh1987@hotmail.com','8bfeff79372bc0f7d9ffb1eead40fabe1b77f7e2b05380b023c9d4e8740ae457',NULL,0,NULL,NULL,'0000-00-00 00:00:00','0000-00-00 00:00:00'),(200,'注册','','1698236817@qq.com','44281c839d3b3a4647bbcf0b8b29597db646f4774337d1a910de038630f3861c',NULL,0,NULL,NULL,'0000-00-00 00:00:00','0000-00-00 00:00:00'),(201,'',NULL,NULL,'',NULL,0,'0000-00-00','','0000-00-00 00:00:00','0000-00-00 00:00:00'),(202,'',NULL,NULL,'',NULL,0,'0000-00-00','kellen','0000-00-00 00:00:00','0000-00-00 00:00:00'),(203,'jiang1','15000895126','','afb070129ccdfc0c521cd2bead66f23802d434fc66110f64ef5af51ca6ea030f',NULL,0,NULL,NULL,'0000-00-00 00:00:00','0000-00-00 00:00:00'),(204,'zhou','18321260396','','44281c839d3b3a4647bbcf0b8b29597db646f4774337d1a910de038630f3861c',NULL,0,NULL,NULL,'0000-00-00 00:00:00','0000-00-00 00:00:00'),(206,'lvwanyou','13371646511','','44281c839d3b3a4647bbcf0b8b29597db646f4774337d1a910de038630f3861c',NULL,0,NULL,NULL,'0000-00-00 00:00:00','0000-00-00 00:00:00'),(207,'lvwanyou1','13312312233','','44281c839d3b3a4647bbcf0b8b29597db646f4774337d1a910de038630f3861c',NULL,0,NULL,NULL,'0000-00-00 00:00:00','0000-00-00 00:00:00'),(208,'lvwanyou2','','0123456789@qq.com','44281c839d3b3a4647bbcf0b8b29597db646f4774337d1a910de038630f3861c',NULL,0,NULL,NULL,'0000-00-00 00:00:00','0000-00-00 00:00:00'),(212,'zhouyijun3','18321260391','','44281c839d3b3a4647bbcf0b8b29597db646f4774337d1a910de038630f3861c',NULL,0,NULL,NULL,'0000-00-00 00:00:00','0000-00-00 00:00:00'),(213,'jiang1234','11111111111','','44281c839d3b3a4647bbcf0b8b29597db646f4774337d1a910de038630f3861c','/images/upload/1490071009cXx6UTGyNi82IQkTYnYoEIgA',0,'2017-03-01','1111','0000-00-00 00:00:00','0000-00-00 00:00:00'),(214,'zhouyijun2','18321260852','','44281c839d3b3a4647bbcf0b8b29597db646f4774337d1a910de038630f3861c',NULL,0,NULL,NULL,'0000-00-00 00:00:00','0000-00-00 00:00:00'),(215,'哈jiang123','','78618593112111@qq.com','44281c839d3b3a4647bbcf0b8b29597db646f4774337d1a910de038630f3861c',NULL,0,NULL,NULL,'0000-00-00 00:00:00','0000-00-00 00:00:00'),(216,'jaisdh','11111111112','','1ea22f5bdedaa81e87c6d197c64bd8bb405dc4fcfc8e27b79a76e4c5045dad14',NULL,0,NULL,NULL,'0000-00-00 00:00:00','0000-00-00 00:00:00'),(218,'a123','13121124587','','44281c839d3b3a4647bbcf0b8b29597db646f4774337d1a910de038630f3861c',NULL,0,NULL,NULL,'0000-00-00 00:00:00','0000-00-00 00:00:00'),(219,'a12311','13545628794','','44281c839d3b3a4647bbcf0b8b29597db646f4774337d1a910de038630f3861c',NULL,0,NULL,NULL,'0000-00-00 00:00:00','0000-00-00 00:00:00'),(220,'zcb','','462714620@qq.com','ef797c8118f02dfb649607dd5d3f8c7623048c9c063d532cc95c5ed7a898a64f',NULL,0,NULL,NULL,'0000-00-00 00:00:00','0000-00-00 00:00:00');
/*!40000 ALTER TABLE `gener_user` ENABLE KEYS */;
UNLOCK TABLES;

--
-- Table structure for table `gener_zone`
--

DROP TABLE IF EXISTS `gener_zone`;
/*!40101 SET @saved_cs_client     = @@character_set_client */;
/*!40101 SET character_set_client = utf8 */;
CREATE TABLE `gener_zone` (
  `id` int(30) NOT NULL AUTO_INCREMENT,
  `userId` int(30) NOT NULL,
  `content` varchar(255) CHARACTER SET utf8mb4 NOT NULL,
  `create_time` datetime NOT NULL,
  `create_by` int(30) NOT NULL,
  `update_time` datetime NOT NULL,
  `update_by` int(30) NOT NULL,
  PRIMARY KEY (`id`),
  KEY `fk_gener_zone_userId_idx` (`userId`),
  CONSTRAINT `fk_gener_zone_userId` FOREIGN KEY (`userId`) REFERENCES `gener_user` (`id`) ON DELETE NO ACTION ON UPDATE NO ACTION
) ENGINE=InnoDB AUTO_INCREMENT=17 DEFAULT CHARSET=utf8mb4 COLLATE=utf8mb4_unicode_ci;
/*!40101 SET character_set_client = @saved_cs_client */;

--
-- Dumping data for table `gener_zone`
--

LOCK TABLES `gener_zone` WRITE;
/*!40000 ALTER TABLE `gener_zone` DISABLE KEYS */;
INSERT INTO `gener_zone` VALUES (8,2,'空间描述','2017-02-10 11:50:21',2,'2017-02-10 11:50:21',2),(10,171,'chh','2017-02-28 10:23:29',171,'2017-02-28 11:27:49',171),(11,213,'','2017-03-21 12:15:37',213,'2017-03-21 12:15:37',213),(12,3,'','2017-03-21 18:23:09',3,'2017-03-21 18:23:09',3),(13,184,'','2017-03-22 18:47:41',184,'2017-03-22 18:47:41',184),(14,207,'111','2017-03-23 21:55:01',207,'2017-03-23 21:55:27',207),(15,185,'','2017-03-28 15:06:16',185,'2017-03-28 15:06:16',185),(16,214,'','2017-04-11 12:24:56',214,'2017-04-11 12:24:56',214);
/*!40000 ALTER TABLE `gener_zone` ENABLE KEYS */;
UNLOCK TABLES;

--
-- Table structure for table `gener_zoneComment`
--

DROP TABLE IF EXISTS `gener_zoneComment`;
/*!40101 SET @saved_cs_client     = @@character_set_client */;
/*!40101 SET character_set_client = utf8 */;
CREATE TABLE `gener_zoneComment` (
  `id` int(30) NOT NULL AUTO_INCREMENT,
  `postId` int(30) NOT NULL,
  `userId` int(30) NOT NULL,
  `replyto` int(11) NOT NULL,
  `comment` varchar(255) CHARACTER SET utf8mb4 NOT NULL,
  `create_time` datetime NOT NULL,
  `create_by` int(11) NOT NULL,
  `update_time` datetime NOT NULL,
  `update_by` int(11) NOT NULL,
  PRIMARY KEY (`id`),
  KEY `fk_gener_zoneComment_post_idx` (`postId`),
  KEY `fk_gener_zoneComment_user_idx` (`userId`),
  CONSTRAINT `fk_gener_zoneComment_post` FOREIGN KEY (`postId`) REFERENCES `gener_zonePost` (`id`) ON DELETE NO ACTION ON UPDATE NO ACTION,
  CONSTRAINT `fk_gener_zoneComment_user` FOREIGN KEY (`userId`) REFERENCES `gener_user` (`id`) ON DELETE NO ACTION ON UPDATE NO ACTION
) ENGINE=InnoDB AUTO_INCREMENT=56 DEFAULT CHARSET=utf8mb4 COLLATE=utf8mb4_unicode_ci;
/*!40101 SET character_set_client = @saved_cs_client */;

--
-- Dumping data for table `gener_zoneComment`
--

LOCK TABLES `gener_zoneComment` WRITE;
/*!40000 ALTER TABLE `gener_zoneComment` DISABLE KEYS */;
INSERT INTO `gener_zoneComment` VALUES (36,205,2,-1,'测试评论','2017-04-06 10:47:12',2,'2017-04-06 10:47:12',2),(37,213,2,-1,'这种动态也是可以评论的哦','2017-04-10 13:42:49',2,'2017-04-10 13:42:49',2),(38,213,2,-1,'?????','2017-04-10 13:42:53',2,'2017-04-10 13:42:53',2),(39,214,3,-1,'啥子事?','2017-04-10 18:21:28',3,'2017-04-10 18:21:28',3),(40,221,171,-1,'二二二?','2017-04-11 10:34:31',171,'2017-04-11 10:34:31',171),(41,222,214,-1,'grhfhd','2017-04-11 14:07:25',214,'2017-04-11 14:07:25',214),(42,224,214,-1,'dh#fgd','2017-04-11 14:50:15',214,'2017-04-11 14:50:15',214),(43,224,214,-1,'gsfdghd','2017-04-11 15:11:53',214,'2017-04-11 15:11:53',214),(44,224,214,-1,'dvdgdh','2017-04-11 15:13:17',214,'2017-04-11 15:13:17',214),(45,223,214,-1,'fhfh','2017-04-11 15:16:51',214,'2017-04-11 15:16:51',214),(46,224,214,-1,'dgfdr','2017-04-11 15:35:17',214,'2017-04-11 15:35:17',214),(47,226,214,-1,'ghc','2017-04-11 16:25:56',214,'2017-04-11 16:25:56',214),(48,226,214,-1,'ghgchvh','2017-04-11 16:29:58',214,'2017-04-11 16:29:58',214),(49,224,214,-1,'erfyf','2017-04-11 16:53:05',214,'2017-04-11 16:53:05',214),(50,224,214,-1,'hdg','2017-04-11 16:53:57',214,'2017-04-11 16:53:57',214),(51,222,214,-1,'gcgc','2017-04-11 17:09:02',214,'2017-04-11 17:09:02',214),(52,224,214,-1,'gdg','2017-04-11 17:13:12',214,'2017-04-11 17:13:12',214),(53,225,214,-1,'hedv','2017-04-11 17:13:20',214,'2017-04-11 17:13:20',214),(54,223,214,-1,'hregdge','2017-04-11 17:13:32',214,'2017-04-11 17:13:32',214),(55,235,2,-1,'测试评论','2017-04-12 18:18:33',2,'2017-04-12 18:18:33',2);
/*!40000 ALTER TABLE `gener_zoneComment` ENABLE KEYS */;
UNLOCK TABLES;

--
-- Table structure for table `gener_zonePost`
--

DROP TABLE IF EXISTS `gener_zonePost`;
/*!40101 SET @saved_cs_client     = @@character_set_client */;
/*!40101 SET character_set_client = utf8 */;
CREATE TABLE `gener_zonePost` (
  `id` int(11) NOT NULL AUTO_INCREMENT,
  `zoneId` int(11) NOT NULL,
  `userId` int(11) NOT NULL,
  `content` varchar(255) CHARACTER SET utf8mb4 NOT NULL,
  `address` varchar(45) CHARACTER SET utf8 DEFAULT NULL,
  `photo` text COLLATE utf8mb4_unicode_ci,
  `comments` int(30) NOT NULL DEFAULT '0',
  `likes` int(30) NOT NULL DEFAULT '0',
  `type` int(11) NOT NULL DEFAULT '1' COMMENT '1是代表自己发送的,2是代表系统生成',
  `create_time` datetime NOT NULL,
  `create_by` int(11) NOT NULL,
  `update_time` datetime NOT NULL,
  `update_by` int(11) NOT NULL,
  PRIMARY KEY (`id`),
  KEY `fk_gener_zonePost_zone_idx` (`zoneId`),
  KEY `fk_gener_zonePost_userId_idx` (`userId`),
  CONSTRAINT `fk_gener_zonePost_userId` FOREIGN KEY (`userId`) REFERENCES `gener_user` (`id`) ON DELETE NO ACTION ON UPDATE NO ACTION,
  CONSTRAINT `fk_gener_zonePost_zone` FOREIGN KEY (`zoneId`) REFERENCES `gener_zone` (`id`) ON DELETE NO ACTION ON UPDATE NO ACTION
) ENGINE=InnoDB AUTO_INCREMENT=236 DEFAULT CHARSET=utf8mb4 COLLATE=utf8mb4_unicode_ci;
/*!40101 SET character_set_client = @saved_cs_client */;

--
-- Dumping data for table `gener_zonePost`
--

LOCK TABLES `gener_zonePost` WRITE;
/*!40000 ALTER TABLE `gener_zonePost` DISABLE KEYS */;
INSERT INTO `gener_zonePost` VALUES (205,8,2,'hahahah 查询额是','','/images/upload/2/14914466843ywByzzPMaqoFQTymuk64KKK,/images/upload/2/1491446684nEdkO2nkzZT6wHTG5gjV7Sg,/images/upload/2/1491446684BamGV5pgKot2awpv3mmaS11x,/images/upload/2/14914466846hR0pHgRCFLI2qrtsC_S51,/images/upload/2/1491446684drb4tdBzvqzU6QTYqwH7zHx_,/images/upload/2/14914466849_A7RG825k6zxH606GVcvM9W,/images/upload/2/1491446685hQ1RwzPFxoMn2Vp8dvHLbOMi,/images/upload/2/1491446685tFvYqESItTxZqlCYJnkMgJVu,/images/upload/2/1491446685dAdpn_HQEaN2PDLgvgdWBQTj',1,0,1,'2017-04-06 10:44:52',2,'2017-04-06 10:44:52',2),(207,14,207,'111','address','',0,0,1,'2017-04-07 11:03:19',207,'2017-04-07 11:03:19',207),(208,8,2,'?????????','','',0,1,1,'2017-04-07 14:44:50',2,'2017-04-07 14:44:50',2),(209,8,2,'我添加了大事件<a routerLink=\"/event/event-detail/93\">兄弟１的大事件</a>','','',0,0,1,'2017-04-10 13:17:42',2,'2017-04-10 13:17:42',2),(210,8,2,'我向家族新增了一个人物<a href=\"/person/person-detail/475\">兄弟</a>','','',0,0,1,'2017-04-10 13:26:55',2,'2017-04-10 13:26:55',2),(211,8,2,'我添加了大事件<a href=\"/event/event-detail/94\">兄弟1的另外一个大事件</a>','','',0,0,1,'2017-04-10 13:28:16',2,'2017-04-10 13:28:16',2),(212,8,2,'我添加了大事件<a href=\"/event/event-detail/29/378/95\"><<给兄弟的大事件>></a>','','',0,0,1,'2017-04-10 13:35:11',2,'2017-04-10 13:35:11',2),(213,8,2,'我添加了大事件<a href=\"#/event/event-detail/107/443/96\"><<1111111111111111>></a>','','',2,0,1,'2017-04-10 13:40:28',2,'2017-04-10 13:40:28',2),(214,12,3,'???好心情','','',1,1,1,'2017-04-10 18:18:58',3,'2017-04-10 18:18:58',3),(215,8,2,'我为<a href=\"#/person/person-detail/474\">另一个配偶</a>添加了一张照片','','/images/upload/2/149181988513xAMqkEI_hL8s1o478ZTQPU',0,0,1,'2017-04-10 18:24:46',2,'2017-04-10 18:24:46',2),(216,8,2,'我为<a href=\"#/person/person-detail/474\">另一个配偶</a>添加了一张照片','','/images/upload/2/1491819911tY7wIRnxtnue_8bMxjNPnwT',0,0,1,'2017-04-10 18:25:13',2,'2017-04-10 18:25:13',2),(217,8,2,'我为<a href=\"#/person/person-detail/474\">另一个配偶</a>添加了一张照片','','/images/upload/2/1491819931W1DtHnKYhGMHaDx7T94efS',0,0,1,'2017-04-10 18:25:32',2,'2017-04-10 18:25:32',2),(218,8,2,'我为<a href=\"#/person/person-detail/474\">另一个配偶</a>添加了一张照片','','/images/upload/2/14918199671mKtHbgYbULlfMTOqfTrJvBl',0,0,1,'2017-04-10 18:26:08',2,'2017-04-10 18:26:08',2),(219,8,2,'我为<a href=\"#/person/person-detail/474\">另一个配偶</a>添加了一张照片','','/images/upload/2/1491819981E25tQ6LPSzHMYRzfs0KgFDyO',0,0,1,'2017-04-10 18:26:23',2,'2017-04-10 18:26:23',2),(220,10,171,'$fhfy','address','',0,0,1,'2017-04-11 10:18:15',171,'2017-04-11 10:18:15',171),(221,10,171,'dgdgdt','address','',1,1,1,'2017-04-11 10:18:23',171,'2017-04-11 10:18:23',171),(222,16,214,'ghd','address','',2,0,1,'2017-04-11 12:24:56',214,'2017-04-11 12:24:56',214),(223,16,214,'vhvhvh','address','',2,0,1,'2017-04-11 14:08:00',214,'2017-04-11 14:08:00',214),(224,16,214,'hggcgfgfc','address','',7,2,1,'2017-04-11 14:08:11',214,'2017-04-11 14:08:11',214),(225,16,214,'推文','address','',1,0,1,'2017-04-11 15:53:25',214,'2017-04-11 15:53:25',214),(226,16,214,'hfgf','address','',2,0,1,'2017-04-11 16:10:45',214,'2017-04-11 16:10:45',214),(227,8,2,'我为<a href=\"#/person/person-detail/149\">姐妹2</a>添加了一张照片','','/images/upload/2/1491983379wUgB3vVPkl7R_U5oLKKTafBF',0,0,1,'2017-04-12 15:49:42',2,'2017-04-12 15:49:42',2),(228,8,2,'我为<a href=\"#/person/person-detail/148\">姐妹1</a>添加了一张照片','','/images/upload/2/1491983892vp8yEv5wT0O8ct2vOBtN3HQ',0,0,0,'2017-04-12 15:58:13',2,'2017-04-12 15:58:13',2),(229,8,2,'我为<a href=\"#/person/person-detail/148\">姐妹1</a>添加了一张照片','','/images/upload/2/1491984013G0AR20rK0ffXc_DgWXFYjrvP',0,0,2,'2017-04-12 16:00:14',2,'2017-04-12 16:00:14',2),(230,8,2,'????','','',0,0,0,'2017-04-12 18:09:52',2,'2017-04-12 18:09:52',2),(231,8,2,'????','','',0,0,0,'2017-04-12 18:09:55',2,'2017-04-12 18:09:55',2),(232,8,2,'????','','',0,0,0,'2017-04-12 18:09:56',2,'2017-04-12 18:09:56',2),(233,8,2,'????','','',0,0,0,'2017-04-12 18:09:57',2,'2017-04-12 18:09:57',2),(234,8,2,'????','','',0,0,0,'2017-04-12 18:10:03',2,'2017-04-12 18:10:03',2),(235,8,2,'????','','',1,0,1,'2017-04-12 18:11:36',2,'2017-04-12 18:11:36',2);
/*!40000 ALTER TABLE `gener_zonePost` ENABLE KEYS */;
UNLOCK TABLES;
/*!40103 SET TIME_ZONE=@OLD_TIME_ZONE */;

/*!40101 SET SQL_MODE=@OLD_SQL_MODE */;
/*!40014 SET FOREIGN_KEY_CHECKS=@OLD_FOREIGN_KEY_CHECKS */;
/*!40014 SET UNIQUE_CHECKS=@OLD_UNIQUE_CHECKS */;
/*!40101 SET CHARACTER_SET_CLIENT=@OLD_CHARACTER_SET_CLIENT */;
/*!40101 SET CHARACTER_SET_RESULTS=@OLD_CHARACTER_SET_RESULTS */;
/*!40101 SET COLLATION_CONNECTION=@OLD_COLLATION_CONNECTION */;
/*!40111 SET SQL_NOTES=@OLD_SQL_NOTES */;

-- Dump completed on 2017-04-13 10:54:12
