-- MySQL dump 10.13  Distrib 5.5.53, for debian-linux-gnu (x86_64)
--
-- Host: localhost    Database: family
-- ------------------------------------------------------
-- Server version	5.5.53-0ubuntu0.12.04.1

/*!40101 SET @OLD_CHARACTER_SET_CLIENT=@@CHARACTER_SET_CLIENT */;
/*!40101 SET @OLD_CHARACTER_SET_RESULTS=@@CHARACTER_SET_RESULTS */;
/*!40101 SET @OLD_COLLATION_CONNECTION=@@COLLATION_CONNECTION */;
/*!40101 SET NAMES utf8 */;
/*!40103 SET @OLD_TIME_ZONE=@@TIME_ZONE */;
/*!40103 SET TIME_ZONE='+00:00' */;
/*!40014 SET @OLD_UNIQUE_CHECKS=@@UNIQUE_CHECKS, UNIQUE_CHECKS=0 */;
/*!40014 SET @OLD_FOREIGN_KEY_CHECKS=@@FOREIGN_KEY_CHECKS, FOREIGN_KEY_CHECKS=0 */;
/*!40101 SET @OLD_SQL_MODE=@@SQL_MODE, SQL_MODE='NO_AUTO_VALUE_ON_ZERO' */;
/*!40111 SET @OLD_SQL_NOTES=@@SQL_NOTES, SQL_NOTES=0 */;

--
-- Table structure for table `gener_eventEditHistory`
--

DROP TABLE IF EXISTS `gener_eventEditHistory`;
/*!40101 SET @saved_cs_client     = @@character_set_client */;
/*!40101 SET character_set_client = utf8 */;
CREATE TABLE `gener_eventEditHistory` (
  `id` int(50) NOT NULL AUTO_INCREMENT,
  `eventId` int(30) NOT NULL,
  `exp_time` date NOT NULL,
  `exp_content` text NOT NULL,
  `edit_type` int(10) NOT NULL,
  `writer` int(30) NOT NULL,
  `create_by` int(30) NOT NULL,
  `create_time` datetime NOT NULL,
  `update_by` int(30) NOT NULL,
  `update_time` datetime NOT NULL,
  PRIMARY KEY (`id`)
) ENGINE=InnoDB AUTO_INCREMENT=6 DEFAULT CHARSET=utf8;
/*!40101 SET character_set_client = @saved_cs_client */;

--
-- Dumping data for table `gener_eventEditHistory`
--

LOCK TABLES `gener_eventEditHistory` WRITE;
/*!40000 ALTER TABLE `gener_eventEditHistory` DISABLE KEYS */;
INSERT INTO `gener_eventEditHistory` VALUES (1,25,'2016-02-02','经历的内容经历的内容经历的内容经历的内容经历的内容经历的内容经历的内容经历的内容',0,2,2,'2016-12-17 18:25:06',2,'2016-12-17 18:25:06'),(2,26,'2016-02-02','经历的内容经历的内容经历的内容经历的内容经历的内容经历的内容经历的内容经历的内容',0,2,2,'2016-12-17 18:25:17',2,'2016-12-17 18:25:17'),(3,18,'2016-01-09','更改事件内容更改事件内容更改事件内容更改事件内容',1,2,2,'2016-12-17 18:30:54',2,'2016-12-17 18:30:54'),(4,27,'2016-02-02','经历的内容经历的内容经历的内容经历的内容经历的内容经历的内容经历的内容经历的内容',0,2,2,'2017-01-12 15:23:33',2,'2017-01-12 15:23:33'),(5,27,'2016-01-09','更改事件内容更改事件内容更改事件内容更改事件内容',1,2,2,'2017-01-12 15:26:21',2,'2017-01-12 15:26:21');
/*!40000 ALTER TABLE `gener_eventEditHistory` ENABLE KEYS */;
UNLOCK TABLES;

--
-- Table structure for table `gener_loginHistory`
--

DROP TABLE IF EXISTS `gener_loginHistory`;
/*!40101 SET @saved_cs_client     = @@character_set_client */;
/*!40101 SET character_set_client = utf8 */;
CREATE TABLE `gener_loginHistory` (
  `id` int(100) NOT NULL AUTO_INCREMENT,
  `login_name` varchar(255) NOT NULL,
  `device` varchar(30) NOT NULL,
  `userId` int(30) NOT NULL,
  `token` varchar(255) NOT NULL,
  `login_ip` varchar(56) NOT NULL,
  `login_time` datetime NOT NULL,
  `success` int(1) NOT NULL COMMENT '1代表成功，0代表失败',
  PRIMARY KEY (`id`)
) ENGINE=InnoDB AUTO_INCREMENT=291 DEFAULT CHARSET=utf8;
/*!40101 SET character_set_client = @saved_cs_client */;

--
-- Dumping data for table `gener_loginHistory`
--

LOCK TABLES `gener_loginHistory` WRITE;
/*!40000 ALTER TABLE `gener_loginHistory` DISABLE KEYS */;
INSERT INTO `gener_loginHistory` VALUES (1,'','0',2,'8d969eef6ecad3c29a3a629280e686cf0c3f5d5a86aff3ca12020c923adc6c92','::1','2016-11-26 15:17:21',1),(2,'','0',2,'8d969eef6ecad3c29a3a629280e686cf0c3f5d5a86aff3ca12020c923adc6c92','::1','2016-11-26 15:44:10',1),(3,'','0',2,'8d969eef6ecad3c29a3a629280e686cf0c3f5d5a86aff3ca12020c923adc6c92','::1','2016-11-26 15:46:31',1),(4,'','0',2,'','::1','2016-11-26 16:01:30',0),(5,'','0',2,'8d969eef6ecad3c29a3a629280e686cf0c3f5d5a86aff3ca12020c923adc6c92','::1','2016-11-26 16:02:15',1),(6,'','0',2,'8d969eef6ecad3c29a3a629280e686cf0c3f5d5a86aff3ca12020c923adc6c92','114.93.128.172','2016-11-26 16:59:35',1),(7,'','0',159,'5feceb66ffc86f38d952786c6d696c79c2dbc239dd4e91b46729d73a27fb57e9','114.93.128.172','2016-11-26 17:15:53',1),(8,'','0',159,'5feceb66ffc86f38d952786c6d696c79c2dbc239dd4e91b46729d73a27fb57e9','114.93.128.172','2016-11-26 17:16:31',1),(9,'','0',159,'5feceb66ffc86f38d952786c6d696c79c2dbc239dd4e91b46729d73a27fb57e9','114.93.128.172','2016-11-26 17:17:20',1),(10,'','0',159,'5feceb66ffc86f38d952786c6d696c79c2dbc239dd4e91b46729d73a27fb57e9','114.93.128.172','2016-11-26 17:18:26',1),(11,'','0',159,'5feceb66ffc86f38d952786c6d696c79c2dbc239dd4e91b46729d73a27fb57e9','114.93.128.172','2016-11-26 17:20:41',1),(12,'','0',159,'ef2d127de37b942baad06145e54b0c619a1f22327b2ebbcfbec78f5564afe39d','114.93.128.172','2016-11-26 17:21:32',1),(13,'','0',170,'5feceb66ffc86f38d952786c6d696c79c2dbc239dd4e91b46729d73a27fb57e9','114.93.128.172','2016-11-26 17:25:43',1),(14,'','0',159,'5feceb66ffc86f38d952786c6d696c79c2dbc239dd4e91b46729d73a27fb57e9','114.93.128.172','2016-11-26 17:27:03',1),(15,'','0',2,'8d969eef6ecad3c29a3a629280e686cf0c3f5d5a86aff3ca12020c923adc6c92','::1','2016-11-26 17:39:23',1),(16,'','0',159,'5feceb66ffc86f38d952786c6d696c79c2dbc239dd4e91b46729d73a27fb57e9','114.93.128.172','2016-12-10 10:04:55',1),(17,'','0',159,'5feceb66ffc86f38d952786c6d696c79c2dbc239dd4e91b46729d73a27fb57e9','114.93.128.172','2016-12-10 10:05:01',1),(18,'','0',2,'8d969eef6ecad3c29a3a629280e686cf0c3f5d5a86aff3ca12020c923adc6c92','114.93.128.172','2016-12-10 10:05:25',1),(19,'','0',159,'5feceb66ffc86f38d952786c6d696c79c2dbc239dd4e91b46729d73a27fb57e9','114.93.128.172','2016-12-10 10:05:48',1),(20,'','0',159,'5feceb66ffc86f38d952786c6d696c79c2dbc239dd4e91b46729d73a27fb57e9','114.93.128.172','2016-12-10 10:09:00',1),(21,'','0',2,'8d969eef6ecad3c29a3a629280e686cf0c3f5d5a86aff3ca12020c923adc6c92','114.93.128.172','2016-12-10 10:14:14',1),(22,'','0',2,'8d969eef6ecad3c29a3a629280e686cf0c3f5d5a86aff3ca12020c923adc6c92','114.93.128.172','2016-12-10 10:34:35',1),(23,'','0',171,'8d969eef6ecad3c29a3a629280e686cf0c3f5d5a86aff3ca12020c923adc6c92','114.93.128.172','2016-12-10 10:39:24',1),(24,'','0',171,'8d969eef6ecad3c29a3a629280e686cf0c3f5d5a86aff3ca12020c923adc6c92','114.93.128.172','2016-12-10 10:39:29',1),(25,'','0',170,'8d969eef6ecad3c29a3a629280e686cf0c3f5d5a86aff3ca12020c923adc6c92','114.93.128.172','2016-12-10 10:41:14',1),(26,'','0',171,'8d969eef6ecad3c29a3a629280e686cf0c3f5d5a86aff3ca12020c923adc6c92','114.93.128.172','2016-12-10 10:42:20',1),(27,'','0',171,'8d969eef6ecad3c29a3a629280e686cf0c3f5d5a86aff3ca12020c923adc6c92','114.93.128.172','2016-12-10 10:42:37',1),(28,'','0',171,'dc47efc36355b16845aa4648f83dcd57d438fffe993c55c2da9b4b78bbfeba32','114.93.128.172','2016-12-10 10:43:34',1),(29,'','0',171,'8d969eef6ecad3c29a3a629280e686cf0c3f5d5a86aff3ca12020c923adc6c92','114.93.128.172','2016-12-10 10:43:48',1),(30,'','0',171,'8d969eef6ecad3c29a3a629280e686cf0c3f5d5a86aff3ca12020c923adc6c92','114.93.128.172','2016-12-10 10:44:50',1),(31,'','0',171,'8d969eef6ecad3c29a3a629280e686cf0c3f5d5a86aff3ca12020c923adc6c92','114.93.128.172','2016-12-10 10:45:21',1),(32,'','0',171,'8d969eef6ecad3c29a3a629280e686cf0c3f5d5a86aff3ca12020c923adc6c92','114.93.128.172','2016-12-10 10:45:58',1),(33,'','0',171,'e5db8c0826e5478a0e433044d77b9b1654c54c6d4c846f6261c917315e08031c','114.93.128.172','2016-12-10 10:48:25',1),(34,'','0',171,'8d969eef6ecad3c29a3a629280e686cf0c3f5d5a86aff3ca12020c923adc6c92','114.93.128.172','2016-12-10 10:50:42',1),(35,'','0',171,'8d969eef6ecad3c29a3a629280e686cf0c3f5d5a86aff3ca12020c923adc6c92','114.93.128.172','2016-12-10 10:53:45',1),(36,'','0',2,'8d969eef6ecad3c29a3a629280e686cf0c3f5d5a86aff3ca12020c923adc6c92','114.93.128.172','2016-12-10 11:08:09',1),(37,'','0',171,'8d969eef6ecad3c29a3a629280e686cf0c3f5d5a86aff3ca12020c923adc6c92','114.93.128.172','2016-12-10 11:08:55',1),(38,'','0',171,'e6757959da8eff84c42d4df125b44eb40143dff452afd56aea5cfa058f245028','114.93.128.172','2016-12-10 11:09:04',1),(39,'','0',171,'52f1476494897c64f417deb7ef7cd690f1cea9edce638746c420f1240d3d39dc','114.93.128.172','2016-12-10 11:39:45',1),(40,'','0',2,'8d969eef6ecad3c29a3a629280e686cf0c3f5d5a86aff3ca12020c923adc6c92','114.93.128.172','2016-12-10 11:48:07',1),(41,'','0',2,'8d969eef6ecad3c29a3a629280e686cf0c3f5d5a86aff3ca12020c923adc6c92','114.93.128.172','2016-12-10 11:51:40',1),(42,'','0',2,'8d969eef6ecad3c29a3a629280e686cf0c3f5d5a86aff3ca12020c923adc6c92','114.93.128.172','2016-12-10 11:54:11',1),(43,'','0',2,'e6757959da8eff84c42d4df125b44eb40143dff452afd56aea5cfa058f245028','114.93.128.172','2016-12-10 11:55:51',1),(44,'','0',2,'8d969eef6ecad3c29a3a629280e686cf0c3f5d5a86aff3ca12020c923adc6c92','114.93.128.172','2016-12-10 11:56:59',1),(45,'','0',2,'8d969eef6ecad3c29a3a629280e686cf0c3f5d5a86aff3ca12020c923adc6c92','114.93.128.172','2016-12-10 11:58:07',1),(46,'','0',171,'8d969eef6ecad3c29a3a629280e686cf0c3f5d5a86aff3ca12020c923adc6c92','114.93.128.172','2016-12-10 12:02:21',1),(47,'','0',171,'8d969eef6ecad3c29a3a629280e686cf0c3f5d5a86aff3ca12020c923adc6c92','114.93.128.172','2016-12-10 12:06:45',1),(48,'','0',171,'3fb0a50e69a3bd10bd006726cf744fa50e779bd652b0dda9733137d78af42de5','114.93.128.172','2016-12-10 12:10:59',1),(49,'','0',171,'939522318b738f86e2a1ad2f1b290de97be66c42f3644d4ea9af9cab476b67a4','114.93.128.172','2016-12-10 12:11:20',1),(50,'','0',171,'8d969eef6ecad3c29a3a629280e686cf0c3f5d5a86aff3ca12020c923adc6c92','114.93.128.172','2016-12-10 12:13:06',1),(51,'','0',171,'8d969eef6ecad3c29a3a629280e686cf0c3f5d5a86aff3ca12020c923adc6c92','114.93.128.172','2016-12-10 12:16:07',1),(52,'','0',171,'8d969eef6ecad3c29a3a629280e686cf0c3f5d5a86aff3ca12020c923adc6c92','114.93.128.172','2016-12-10 12:41:59',1),(53,'','0',171,'8d969eef6ecad3c29a3a629280e686cf0c3f5d5a86aff3ca12020c923adc6c92','114.93.128.172','2016-12-10 12:43:51',1),(54,'','0',171,'8d969eef6ecad3c29a3a629280e686cf0c3f5d5a86aff3ca12020c923adc6c92','114.93.128.172','2016-12-10 12:46:20',1),(55,'','0',171,'8d969eef6ecad3c29a3a629280e686cf0c3f5d5a86aff3ca12020c923adc6c92','114.93.128.172','2016-12-10 13:03:15',1),(56,'','0',171,'8d969eef6ecad3c29a3a629280e686cf0c3f5d5a86aff3ca12020c923adc6c92','114.93.128.172','2016-12-10 13:05:04',1),(57,'','0',2,'8d969eef6ecad3c29a3a629280e686cf0c3f5d5a86aff3ca12020c923adc6c92','::1','2016-12-10 13:07:21',1),(58,'','0',171,'8d969eef6ecad3c29a3a629280e686cf0c3f5d5a86aff3ca12020c923adc6c92','114.93.128.172','2016-12-10 13:44:58',1),(59,'','0',171,'8d969eef6ecad3c29a3a629280e686cf0c3f5d5a86aff3ca12020c923adc6c92','114.93.128.172','2016-12-10 13:45:55',1),(60,'','0',171,'8d969eef6ecad3c29a3a629280e686cf0c3f5d5a86aff3ca12020c923adc6c92','114.93.128.172','2016-12-10 13:46:27',1),(61,'','0',171,'8d969eef6ecad3c29a3a629280e686cf0c3f5d5a86aff3ca12020c923adc6c92','114.93.128.172','2016-12-10 13:49:41',1),(62,'','0',171,'8d969eef6ecad3c29a3a629280e686cf0c3f5d5a86aff3ca12020c923adc6c92','114.93.128.172','2016-12-10 13:50:40',1),(63,'','0',171,'8d969eef6ecad3c29a3a629280e686cf0c3f5d5a86aff3ca12020c923adc6c92','114.93.128.172','2016-12-10 13:52:41',1),(64,'','0',171,'8d969eef6ecad3c29a3a629280e686cf0c3f5d5a86aff3ca12020c923adc6c92','114.93.128.172','2016-12-10 13:53:48',1),(65,'','0',171,'8d969eef6ecad3c29a3a629280e686cf0c3f5d5a86aff3ca12020c923adc6c92','114.93.128.172','2016-12-10 13:55:46',1),(66,'','0',171,'8d969eef6ecad3c29a3a629280e686cf0c3f5d5a86aff3ca12020c923adc6c92','114.93.128.172','2016-12-10 14:10:50',1),(67,'','0',171,'8d969eef6ecad3c29a3a629280e686cf0c3f5d5a86aff3ca12020c923adc6c92','114.93.128.172','2016-12-10 14:12:06',1),(68,'','0',171,'8d969eef6ecad3c29a3a629280e686cf0c3f5d5a86aff3ca12020c923adc6c92','114.93.128.172','2016-12-10 14:17:06',1),(69,'','0',171,'74087a60271b79b517b79d062cba1601377d1bfa1cff8415803ca9997f6bb7a1','114.93.128.172','2016-12-10 14:17:32',1),(70,'','0',171,'8d969eef6ecad3c29a3a629280e686cf0c3f5d5a86aff3ca12020c923adc6c92','114.93.128.172','2016-12-10 14:18:05',1),(71,'','0',171,'8d969eef6ecad3c29a3a629280e686cf0c3f5d5a86aff3ca12020c923adc6c92','114.93.128.172','2016-12-10 14:18:20',1),(72,'','0',171,'8d969eef6ecad3c29a3a629280e686cf0c3f5d5a86aff3ca12020c923adc6c92','114.93.128.172','2016-12-10 14:19:39',1),(73,'','0',171,'8d969eef6ecad3c29a3a629280e686cf0c3f5d5a86aff3ca12020c923adc6c92','114.93.128.172','2016-12-10 14:22:00',1),(74,'','0',171,'54b688a517f7654563a6c64d945a3670880a4c602ec67a065bbebbcd2b22edd5','114.93.128.172','2016-12-10 14:22:55',1),(75,'','0',171,'8d969eef6ecad3c29a3a629280e686cf0c3f5d5a86aff3ca12020c923adc6c92','114.93.128.172','2016-12-10 14:23:31',1),(76,'','0',171,'8d969eef6ecad3c29a3a629280e686cf0c3f5d5a86aff3ca12020c923adc6c92','114.93.128.172','2016-12-10 14:24:17',1),(77,'','0',171,'8d969eef6ecad3c29a3a629280e686cf0c3f5d5a86aff3ca12020c923adc6c92','114.93.128.172','2016-12-10 14:40:00',1),(78,'','0',171,'52f1476494897c64f417deb7ef7cd690f1cea9edce638746c420f1240d3d39dc','114.93.128.172','2016-12-10 14:40:51',1),(79,'','0',171,'3fb0a50e69a3bd10bd006726cf744fa50e779bd652b0dda9733137d78af42de5','114.93.128.172','2016-12-10 14:41:06',1),(80,'','0',171,'74087a60271b79b517b79d062cba1601377d1bfa1cff8415803ca9997f6bb7a1','114.93.128.172','2016-12-10 14:41:26',1),(81,'','0',171,'8d969eef6ecad3c29a3a629280e686cf0c3f5d5a86aff3ca12020c923adc6c92','114.93.128.172','2016-12-10 14:41:58',1),(82,'','0',171,'8d969eef6ecad3c29a3a629280e686cf0c3f5d5a86aff3ca12020c923adc6c92','114.93.128.172','2016-12-10 14:49:21',1),(83,'','0',171,'cdb7a70dc7f62bece115efc18f8c40610411766512da21c18aa75eb24d6b7b49','114.93.128.172','2016-12-10 15:18:05',1),(84,'','0',171,'8d969eef6ecad3c29a3a629280e686cf0c3f5d5a86aff3ca12020c923adc6c92','114.93.128.172','2016-12-10 15:19:14',1),(85,'','0',171,'8d969eef6ecad3c29a3a629280e686cf0c3f5d5a86aff3ca12020c923adc6c92','114.93.128.172','2016-12-10 15:20:08',1),(86,'','0',171,'8d969eef6ecad3c29a3a629280e686cf0c3f5d5a86aff3ca12020c923adc6c92','114.93.128.172','2016-12-10 15:21:27',1),(87,'','0',171,'8d969eef6ecad3c29a3a629280e686cf0c3f5d5a86aff3ca12020c923adc6c92','114.93.128.172','2016-12-10 15:27:25',1),(88,'','0',171,'8d969eef6ecad3c29a3a629280e686cf0c3f5d5a86aff3ca12020c923adc6c92','114.93.128.172','2016-12-10 15:51:21',1),(89,'','1',2,'8d969eef6ecad3c29a3a629280e686cf0c3f5d5a86aff3ca12020c923adc6c92','::1','2016-12-10 15:53:59',1),(90,'','1',2,'8d969eef6ecad3c29a3a629280e686cf0c3f5d5a86aff3ca12020c923adc6c92','::1','2016-12-10 15:54:13',1),(91,'jiang','1',2,'8d969eef6ecad3c29a3a629280e686cf0c3f5d5a86aff3ca12020c923adc6c92','::1','2016-12-10 15:57:01',1),(92,'','0',171,'74087a60271b79b517b79d062cba1601377d1bfa1cff8415803ca9997f6bb7a1','114.93.128.172','2016-12-10 16:02:40',1),(93,'','0',171,'8d969eef6ecad3c29a3a629280e686cf0c3f5d5a86aff3ca12020c923adc6c92','114.93.128.172','2016-12-10 16:03:14',1),(94,'','0',171,'8d969eef6ecad3c29a3a629280e686cf0c3f5d5a86aff3ca12020c923adc6c92','114.93.128.172','2016-12-10 16:03:20',1),(95,'','1',177,'8d969eef6ecad3c29a3a629280e686cf0c3f5d5a86aff3ca12020c923adc6c92','::1','2016-12-10 16:04:20',1),(96,'','0',171,'8d969eef6ecad3c29a3a629280e686cf0c3f5d5a86aff3ca12020c923adc6c92','114.93.128.172','2016-12-10 16:05:05',1),(97,'','0',171,'8d969eef6ecad3c29a3a629280e686cf0c3f5d5a86aff3ca12020c923adc6c92','114.93.128.172','2016-12-10 16:07:57',1),(98,'','0',171,'8d969eef6ecad3c29a3a629280e686cf0c3f5d5a86aff3ca12020c923adc6c92','114.93.128.172','2016-12-10 16:08:49',1),(99,'','0',171,'8d969eef6ecad3c29a3a629280e686cf0c3f5d5a86aff3ca12020c923adc6c92','114.93.128.172','2016-12-10 16:13:45',1),(100,'','0',171,'54b688a517f7654563a6c64d945a3670880a4c602ec67a065bbebbcd2b22edd5','114.93.128.172','2016-12-10 16:18:06',1),(101,'','0',171,'8d969eef6ecad3c29a3a629280e686cf0c3f5d5a86aff3ca12020c923adc6c92','114.93.128.172','2016-12-10 16:18:27',1),(102,'','0',171,'8d969eef6ecad3c29a3a629280e686cf0c3f5d5a86aff3ca12020c923adc6c92','114.93.128.172','2016-12-10 16:18:49',1),(103,'','0',171,'8d969eef6ecad3c29a3a629280e686cf0c3f5d5a86aff3ca12020c923adc6c92','114.93.128.172','2016-12-10 16:21:44',1),(104,'','0',171,'8d969eef6ecad3c29a3a629280e686cf0c3f5d5a86aff3ca12020c923adc6c92','114.93.128.172','2016-12-10 16:28:28',1),(105,'','0',2,'8d969eef6ecad3c29a3a629280e686cf0c3f5d5a86aff3ca12020c923adc6c92','114.93.128.172','2016-12-10 16:38:03',1),(106,'','0',171,'8d969eef6ecad3c29a3a629280e686cf0c3f5d5a86aff3ca12020c923adc6c92','114.93.128.172','2016-12-10 16:38:09',1),(107,'','0',171,'8d969eef6ecad3c29a3a629280e686cf0c3f5d5a86aff3ca12020c923adc6c92','114.93.128.172','2016-12-10 16:38:32',1),(108,'786185931@qq.com','1',2,'8d969eef6ecad3c29a3a629280e686cf0c3f5d5a86aff3ca12020c923adc6c92','::1','2016-12-10 16:39:26',1),(109,'jiang','1',2,'e6757959da8eff84c42d4df125b44eb40143dff452afd56aea5cfa058f245028','::1','2016-12-10 16:39:34',1),(110,'15000895132','1',177,'8d969eef6ecad3c29a3a629280e686cf0c3f5d5a86aff3ca12020c923adc6c92','::1','2016-12-10 16:39:50',1),(111,'15000895132','',177,'8d969eef6ecad3c29a3a629280e686cf0c3f5d5a86aff3ca12020c923adc6c92','::1','2016-12-10 16:41:43',1),(112,'111@qq.com','',169,'8d969eef6ecad3c29a3a629280e686cf0c3f5d5a86aff3ca12020c923adc6c92','::1','2016-12-10 16:55:24',1),(113,'111@qq.com','',169,'8d969eef6ecad3c29a3a629280e686cf0c3f5d5a86aff3ca12020c923adc6c92','::1','2016-12-10 16:55:32',1),(114,'111@qq.com','',169,'8d969eef6ecad3c29a3a629280e686cf0c3f5d5a86aff3ca12020c923adc6c92','::1','2016-12-10 16:55:45',1),(115,'测试','',181,'52f1476494897c64f417deb7ef7cd690f1cea9edce638746c420f1240d3d39dc','::1','2016-12-10 16:58:50',1),(116,'','0',2,'e6757959da8eff84c42d4df125b44eb40143dff452afd56aea5cfa058f245028','114.93.128.172','2016-12-10 18:25:12',1),(117,'','0',2,'8d969eef6ecad3c29a3a629280e686cf0c3f5d5a86aff3ca12020c923adc6c92','114.93.128.172','2016-12-10 18:25:23',1),(118,'','0',2,'8d969eef6ecad3c29a3a629280e686cf0c3f5d5a86aff3ca12020c923adc6c92','114.93.128.172','2016-12-10 18:25:55',1),(119,'','0',2,'8d969eef6ecad3c29a3a629280e686cf0c3f5d5a86aff3ca12020c923adc6c92','114.93.128.172','2016-12-10 18:26:16',1),(120,'','0',3,'5feceb66ffc86f38d952786c6d696c79c2dbc239dd4e91b46729d73a27fb57e9','101.226.114.166','2016-12-10 18:27:56',1),(121,'','0',3,'5feceb66ffc86f38d952786c6d696c79c2dbc239dd4e91b46729d73a27fb57e9','101.226.114.166','2016-12-10 18:29:08',1),(122,'','0',2,'8d969eef6ecad3c29a3a629280e686cf0c3f5d5a86aff3ca12020c923adc6c92','114.93.128.172','2016-12-10 18:30:41',1),(123,'','0',171,'8d969eef6ecad3c29a3a629280e686cf0c3f5d5a86aff3ca12020c923adc6c92','114.93.128.172','2016-12-10 18:42:47',1),(124,'测试','',181,'8d969eef6ecad3c29a3a629280e686cf0c3f5d5a86aff3ca12020c923adc6c92','::1','2016-12-17 12:08:26',1),(125,'测试','',181,'939522318b738f86e2a1ad2f1b290de97be66c42f3644d4ea9af9cab476b67a4','::1','2016-12-17 12:08:45',1),(126,'786185931@qq.com','',2,'8d969eef6ecad3c29a3a629280e686cf0c3f5d5a86aff3ca12020c923adc6c92','::1','2016-12-17 12:09:35',1),(127,'测试','',181,'8d969eef6ecad3c29a3a629280e686cf0c3f5d5a86aff3ca12020c923adc6c92','::1','2016-12-17 12:09:59',1),(128,'测试','',181,'c2f5b098db496ebdc36796ddb7fcfb6cca1926ae70e3fb624a63a48ba1f7b056','::1','2016-12-17 12:10:22',1),(129,'测试','',181,'cdb7a70dc7f62bece115efc18f8c40610411766512da21c18aa75eb24d6b7b49','::1','2016-12-17 12:10:32',1),(130,'测试','',181,'8d969eef6ecad3c29a3a629280e686cf0c3f5d5a86aff3ca12020c923adc6c92','::1','2016-12-17 12:13:39',1),(131,'测试','',181,'8d969eef6ecad3c29a3a629280e686cf0c3f5d5a86aff3ca12020c923adc6c92','::1','2016-12-17 12:14:23',1),(132,'测试','',181,'8d969eef6ecad3c29a3a629280e686cf0c3f5d5a86aff3ca12020c923adc6c92','::1','2016-12-17 12:14:42',1),(133,'测试','',181,'8d969eef6ecad3c29a3a629280e686cf0c3f5d5a86aff3ca12020c923adc6c92','::1','2016-12-17 12:16:02',1),(134,'786185931@qq.com','',2,'8d969eef6ecad3c29a3a629280e686cf0c3f5d5a86aff3ca12020c923adc6c92','::1','2016-12-17 12:19:50',1),(135,'测试','',181,'8d969eef6ecad3c29a3a629280e686cf0c3f5d5a86aff3ca12020c923adc6c92','::1','2016-12-17 12:20:29',1),(136,'测试','',181,'8d969eef6ecad3c29a3a629280e686cf0c3f5d5a86aff3ca12020c923adc6c92','::1','2016-12-17 12:20:42',1),(137,'测试','',181,'8d969eef6ecad3c29a3a629280e686cf0c3f5d5a86aff3ca12020c923adc6c92','::1','2016-12-17 12:22:00',1),(138,'测试','',181,'52f1476494897c64f417deb7ef7cd690f1cea9edce638746c420f1240d3d39dc','::1','2016-12-17 12:22:43',1),(139,'测试','',181,'8d969eef6ecad3c29a3a629280e686cf0c3f5d5a86aff3ca12020c923adc6c92','::1','2016-12-17 12:22:57',1),(140,'测试','',181,'8d969eef6ecad3c29a3a629280e686cf0c3f5d5a86aff3ca12020c923adc6c92','::1','2016-12-17 12:23:27',1),(141,'测试','',181,'8d969eef6ecad3c29a3a629280e686cf0c3f5d5a86aff3ca12020c923adc6c92','::1','2016-12-17 12:25:44',1),(142,'测试','',181,'8d969eef6ecad3c29a3a629280e686cf0c3f5d5a86aff3ca12020c923adc6c92','::1','2016-12-17 12:27:44',1),(143,'786185931@qq.com','',2,'8d969eef6ecad3c29a3a629280e686cf0c3f5d5a86aff3ca12020c923adc6c92','::1','2016-12-17 15:34:45',1),(144,'786185931@qq.com','',2,'cdb7a70dc7f62bece115efc18f8c40610411766512da21c18aa75eb24d6b7b49','::1','2016-12-17 15:35:04',1),(145,'测试','',181,'8d969eef6ecad3c29a3a629280e686cf0c3f5d5a86aff3ca12020c923adc6c92','::1','2016-12-17 15:35:33',1),(146,'786185931@qq.com','',2,'37dcbe95bb1c85c6ba4a40f0a6eaa6eba46466b666d5b47faaa660c66179be84','::1','2016-12-17 15:35:54',1),(147,'','0',171,'8d969eef6ecad3c29a3a629280e686cf0c3f5d5a86aff3ca12020c923adc6c92','180.160.177.177','2016-12-19 17:33:26',1),(148,'','0',171,'8d969eef6ecad3c29a3a629280e686cf0c3f5d5a86aff3ca12020c923adc6c92','180.160.211.210','2016-12-20 16:01:11',1),(149,'','0',171,'8d969eef6ecad3c29a3a629280e686cf0c3f5d5a86aff3ca12020c923adc6c92','180.160.211.210','2016-12-20 16:17:23',1),(150,'','0',171,'3fb0a50e69a3bd10bd006726cf744fa50e779bd652b0dda9733137d78af42de5','180.160.211.210','2016-12-20 16:18:14',1),(151,'','0',171,'8d969eef6ecad3c29a3a629280e686cf0c3f5d5a86aff3ca12020c923adc6c92','180.160.211.210','2016-12-20 16:19:32',1),(152,'','0',171,'8d969eef6ecad3c29a3a629280e686cf0c3f5d5a86aff3ca12020c923adc6c92','180.160.211.210','2016-12-20 16:43:59',1),(153,'','0',171,'8d969eef6ecad3c29a3a629280e686cf0c3f5d5a86aff3ca12020c923adc6c92','180.160.211.210','2016-12-20 16:45:51',1),(154,'','0',171,'e6757959da8eff84c42d4df125b44eb40143dff452afd56aea5cfa058f245028','180.160.211.210','2016-12-20 16:50:34',1),(155,'','0',171,'8d969eef6ecad3c29a3a629280e686cf0c3f5d5a86aff3ca12020c923adc6c92','180.160.211.210','2016-12-20 16:50:57',1),(156,'','0',171,'37dcbe95bb1c85c6ba4a40f0a6eaa6eba46466b666d5b47faaa660c66179be84','180.160.211.210','2016-12-20 16:55:42',1),(157,'','0',171,'8d969eef6ecad3c29a3a629280e686cf0c3f5d5a86aff3ca12020c923adc6c92','180.160.211.210','2016-12-20 16:55:47',1),(158,'','0',171,'8d969eef6ecad3c29a3a629280e686cf0c3f5d5a86aff3ca12020c923adc6c92','180.160.211.210','2016-12-20 16:58:43',1),(159,'','0',171,'8d969eef6ecad3c29a3a629280e686cf0c3f5d5a86aff3ca12020c923adc6c92','180.160.211.210','2016-12-20 16:59:13',1),(160,'','0',171,'8d969eef6ecad3c29a3a629280e686cf0c3f5d5a86aff3ca12020c923adc6c92','180.160.211.210','2016-12-20 17:00:08',1),(161,'','0',171,'8d969eef6ecad3c29a3a629280e686cf0c3f5d5a86aff3ca12020c923adc6c92','180.160.211.210','2016-12-20 17:01:10',1),(162,'','0',171,'8d969eef6ecad3c29a3a629280e686cf0c3f5d5a86aff3ca12020c923adc6c92','180.160.211.210','2016-12-20 17:01:44',1),(163,'','0',171,'8d969eef6ecad3c29a3a629280e686cf0c3f5d5a86aff3ca12020c923adc6c92','180.160.211.210','2016-12-20 23:43:06',1),(164,'','0',171,'8d969eef6ecad3c29a3a629280e686cf0c3f5d5a86aff3ca12020c923adc6c92','180.160.211.210','2016-12-20 23:43:55',1),(165,'','0',171,'8d969eef6ecad3c29a3a629280e686cf0c3f5d5a86aff3ca12020c923adc6c92','180.160.211.210','2016-12-20 23:45:34',1),(166,'','0',171,'8d969eef6ecad3c29a3a629280e686cf0c3f5d5a86aff3ca12020c923adc6c92','180.160.211.210','2016-12-20 23:46:11',1),(167,'','0',171,'8d969eef6ecad3c29a3a629280e686cf0c3f5d5a86aff3ca12020c923adc6c92','180.160.211.210','2016-12-20 23:56:06',1),(168,'','0',3,'ef2d127de37b942baad06145e54b0c619a1f22327b2ebbcfbec78f5564afe39d','58.215.136.43','2016-12-21 00:56:04',1),(169,'','0',3,'5feceb66ffc86f38d952786c6d696c79c2dbc239dd4e91b46729d73a27fb57e9','58.215.136.43','2016-12-21 00:57:47',1),(170,'','0',171,'8d969eef6ecad3c29a3a629280e686cf0c3f5d5a86aff3ca12020c923adc6c92','180.160.211.210','2016-12-21 10:24:22',1),(171,'','0',171,'cdb7a70dc7f62bece115efc18f8c40610411766512da21c18aa75eb24d6b7b49','180.160.211.210','2016-12-21 10:26:35',1),(172,'','0',171,'8d969eef6ecad3c29a3a629280e686cf0c3f5d5a86aff3ca12020c923adc6c92','180.160.211.210','2016-12-21 10:41:01',1),(173,'','0',171,'8d969eef6ecad3c29a3a629280e686cf0c3f5d5a86aff3ca12020c923adc6c92','180.160.211.210','2016-12-21 10:57:22',1),(174,'','0',171,'8d969eef6ecad3c29a3a629280e686cf0c3f5d5a86aff3ca12020c923adc6c92','180.160.211.210','2016-12-21 10:58:18',1),(175,'','0',171,'8d969eef6ecad3c29a3a629280e686cf0c3f5d5a86aff3ca12020c923adc6c92','180.160.211.210','2016-12-21 10:59:36',1),(176,'','0',171,'8d969eef6ecad3c29a3a629280e686cf0c3f5d5a86aff3ca12020c923adc6c92','180.160.211.210','2016-12-21 11:05:07',1),(177,'','0',171,'8d969eef6ecad3c29a3a629280e686cf0c3f5d5a86aff3ca12020c923adc6c92','180.160.211.210','2016-12-21 11:06:43',1),(178,'','0',171,'74087a60271b79b517b79d062cba1601377d1bfa1cff8415803ca9997f6bb7a1','180.160.211.210','2016-12-21 11:09:13',1),(179,'','0',171,'8d969eef6ecad3c29a3a629280e686cf0c3f5d5a86aff3ca12020c923adc6c92','180.160.211.210','2016-12-21 11:09:35',1),(180,'','0',171,'8d969eef6ecad3c29a3a629280e686cf0c3f5d5a86aff3ca12020c923adc6c92','180.160.211.210','2016-12-21 11:13:28',1),(181,'','0',171,'e6757959da8eff84c42d4df125b44eb40143dff452afd56aea5cfa058f245028','180.160.211.210','2016-12-21 11:23:38',1),(182,'','0',171,'3fb0a50e69a3bd10bd006726cf744fa50e779bd652b0dda9733137d78af42de5','180.160.211.210','2016-12-21 11:24:46',1),(183,'','0',171,'8d969eef6ecad3c29a3a629280e686cf0c3f5d5a86aff3ca12020c923adc6c92','180.160.211.210','2016-12-21 11:25:22',1),(184,'','0',171,'8d969eef6ecad3c29a3a629280e686cf0c3f5d5a86aff3ca12020c923adc6c92','180.160.211.210','2016-12-21 11:30:52',1),(185,'','0',171,'52f1476494897c64f417deb7ef7cd690f1cea9edce638746c420f1240d3d39dc','180.160.211.210','2016-12-21 11:31:12',1),(186,'','0',171,'37dcbe95bb1c85c6ba4a40f0a6eaa6eba46466b666d5b47faaa660c66179be84','180.160.211.210','2016-12-21 11:31:38',1),(187,'','0',171,'54b688a517f7654563a6c64d945a3670880a4c602ec67a065bbebbcd2b22edd5','180.160.211.210','2016-12-21 11:31:51',1),(188,'','0',171,'8d969eef6ecad3c29a3a629280e686cf0c3f5d5a86aff3ca12020c923adc6c92','180.160.211.210','2016-12-21 11:32:04',1),(189,'','0',171,'cdb7a70dc7f62bece115efc18f8c40610411766512da21c18aa75eb24d6b7b49','180.160.211.210','2016-12-21 11:35:55',1),(190,'','0',171,'8d969eef6ecad3c29a3a629280e686cf0c3f5d5a86aff3ca12020c923adc6c92','180.160.211.210','2016-12-21 11:36:20',1),(191,'','0',171,'8d969eef6ecad3c29a3a629280e686cf0c3f5d5a86aff3ca12020c923adc6c92','180.160.211.210','2016-12-21 11:37:06',1),(192,'','0',171,'8d969eef6ecad3c29a3a629280e686cf0c3f5d5a86aff3ca12020c923adc6c92','180.160.211.210','2016-12-21 11:38:38',1),(193,'','0',171,'8d969eef6ecad3c29a3a629280e686cf0c3f5d5a86aff3ca12020c923adc6c92','180.160.211.210','2016-12-21 11:38:41',1),(194,'','0',171,'8d969eef6ecad3c29a3a629280e686cf0c3f5d5a86aff3ca12020c923adc6c92','180.160.211.210','2016-12-21 11:40:06',1),(195,'','0',171,'8d969eef6ecad3c29a3a629280e686cf0c3f5d5a86aff3ca12020c923adc6c92','180.160.211.210','2016-12-21 11:40:48',1),(196,'','0',171,'00d96a46f593031f8870faabefe8a4f4940f03871138dc05cbb9ac9dbbc89ad9','180.160.211.210','2016-12-21 11:41:32',1),(197,'','0',171,'cdb7a70dc7f62bece115efc18f8c40610411766512da21c18aa75eb24d6b7b49','180.160.211.210','2016-12-21 11:41:48',1),(198,'','0',171,'f7ceeb5ca17753a6fa5983af090f59db729c7d3ac446f32b7a5186447b0ba205','180.160.211.210','2016-12-21 11:46:03',1),(199,'','0',171,'8d969eef6ecad3c29a3a629280e686cf0c3f5d5a86aff3ca12020c923adc6c92','180.160.211.210','2016-12-23 12:59:53',1),(200,'','0',171,'8d969eef6ecad3c29a3a629280e686cf0c3f5d5a86aff3ca12020c923adc6c92','180.160.211.210','2016-12-23 13:06:49',1),(201,'','0',171,'8d969eef6ecad3c29a3a629280e686cf0c3f5d5a86aff3ca12020c923adc6c92','180.160.211.210','2016-12-23 13:08:33',1),(202,'','0',171,'8d969eef6ecad3c29a3a629280e686cf0c3f5d5a86aff3ca12020c923adc6c92','180.160.211.210','2016-12-23 13:09:34',1),(203,'','0',171,'8d969eef6ecad3c29a3a629280e686cf0c3f5d5a86aff3ca12020c923adc6c92','180.160.186.193','2016-12-23 16:12:44',1),(204,'','0',171,'8d969eef6ecad3c29a3a629280e686cf0c3f5d5a86aff3ca12020c923adc6c92','180.160.186.193','2016-12-23 16:13:47',1),(205,'','0',171,'8d969eef6ecad3c29a3a629280e686cf0c3f5d5a86aff3ca12020c923adc6c92','180.160.186.193','2016-12-23 16:15:09',1),(206,'','0',171,'8d969eef6ecad3c29a3a629280e686cf0c3f5d5a86aff3ca12020c923adc6c92','180.160.186.193','2016-12-23 16:15:58',1),(207,'','0',171,'e5db8c0826e5478a0e433044d77b9b1654c54c6d4c846f6261c917315e08031c','180.160.186.193','2016-12-23 16:17:14',1),(208,'','0',171,'8d969eef6ecad3c29a3a629280e686cf0c3f5d5a86aff3ca12020c923adc6c92','180.160.186.193','2016-12-23 16:17:51',1),(209,'','0',171,'8d969eef6ecad3c29a3a629280e686cf0c3f5d5a86aff3ca12020c923adc6c92','180.160.186.193','2016-12-23 16:18:45',1),(210,'','0',171,'8d969eef6ecad3c29a3a629280e686cf0c3f5d5a86aff3ca12020c923adc6c92','180.160.186.193','2016-12-23 16:19:31',1),(211,'','0',171,'8d969eef6ecad3c29a3a629280e686cf0c3f5d5a86aff3ca12020c923adc6c92','180.160.186.193','2016-12-23 16:22:01',1),(212,'','0',171,'cdb7a70dc7f62bece115efc18f8c40610411766512da21c18aa75eb24d6b7b49','180.160.186.193','2016-12-23 16:26:41',1),(213,'','0',171,'8d969eef6ecad3c29a3a629280e686cf0c3f5d5a86aff3ca12020c923adc6c92','180.160.186.193','2016-12-23 16:26:56',1),(214,'','0',171,'8d969eef6ecad3c29a3a629280e686cf0c3f5d5a86aff3ca12020c923adc6c92','180.160.186.193','2016-12-23 16:28:43',1),(215,'','0',171,'8d969eef6ecad3c29a3a629280e686cf0c3f5d5a86aff3ca12020c923adc6c92','180.160.186.193','2016-12-23 16:31:54',1),(216,'','0',171,'8d969eef6ecad3c29a3a629280e686cf0c3f5d5a86aff3ca12020c923adc6c92','180.160.186.193','2016-12-23 16:33:38',1),(217,'','0',171,'8d969eef6ecad3c29a3a629280e686cf0c3f5d5a86aff3ca12020c923adc6c92','180.160.186.193','2016-12-23 16:38:46',1),(218,'','0',171,'8d969eef6ecad3c29a3a629280e686cf0c3f5d5a86aff3ca12020c923adc6c92','180.160.186.193','2016-12-23 16:46:27',1),(219,'','0',171,'8d969eef6ecad3c29a3a629280e686cf0c3f5d5a86aff3ca12020c923adc6c92','180.160.186.193','2016-12-23 16:50:13',1),(220,'','0',171,'8d969eef6ecad3c29a3a629280e686cf0c3f5d5a86aff3ca12020c923adc6c92','180.160.186.193','2016-12-23 16:51:15',1),(221,'','0',171,'8d969eef6ecad3c29a3a629280e686cf0c3f5d5a86aff3ca12020c923adc6c92','180.160.186.193','2016-12-23 16:53:07',1),(222,'','0',171,'8d969eef6ecad3c29a3a629280e686cf0c3f5d5a86aff3ca12020c923adc6c92','180.160.186.193','2016-12-23 16:54:08',1),(223,'','0',171,'8d969eef6ecad3c29a3a629280e686cf0c3f5d5a86aff3ca12020c923adc6c92','180.160.186.193','2016-12-23 16:56:20',1),(224,'','0',171,'8d969eef6ecad3c29a3a629280e686cf0c3f5d5a86aff3ca12020c923adc6c92','180.160.186.193','2016-12-23 16:57:42',1),(225,'','0',171,'8d969eef6ecad3c29a3a629280e686cf0c3f5d5a86aff3ca12020c923adc6c92','180.160.186.193','2016-12-23 16:58:14',1),(226,'','0',171,'8d969eef6ecad3c29a3a629280e686cf0c3f5d5a86aff3ca12020c923adc6c92','180.160.186.193','2016-12-23 17:00:08',1),(227,'','0',171,'8d969eef6ecad3c29a3a629280e686cf0c3f5d5a86aff3ca12020c923adc6c92','180.160.186.193','2016-12-23 17:41:52',1),(228,'','0',171,'8d969eef6ecad3c29a3a629280e686cf0c3f5d5a86aff3ca12020c923adc6c92','180.160.186.193','2016-12-24 12:58:24',1),(229,'','0',171,'8d969eef6ecad3c29a3a629280e686cf0c3f5d5a86aff3ca12020c923adc6c92','180.160.186.193','2016-12-24 12:59:55',1),(230,'','0',171,'8d969eef6ecad3c29a3a629280e686cf0c3f5d5a86aff3ca12020c923adc6c92','180.160.186.193','2016-12-24 13:02:58',1),(231,'','0',171,'8d969eef6ecad3c29a3a629280e686cf0c3f5d5a86aff3ca12020c923adc6c92','180.160.186.193','2016-12-24 13:05:07',1),(232,'','0',171,'8d969eef6ecad3c29a3a629280e686cf0c3f5d5a86aff3ca12020c923adc6c92','180.160.186.193','2016-12-24 13:07:38',1),(233,'','0',171,'8d969eef6ecad3c29a3a629280e686cf0c3f5d5a86aff3ca12020c923adc6c92','180.160.186.193','2016-12-24 13:15:37',1),(234,'','0',171,'8d969eef6ecad3c29a3a629280e686cf0c3f5d5a86aff3ca12020c923adc6c92','180.160.186.193','2016-12-24 13:29:09',1),(235,'','0',171,'8d969eef6ecad3c29a3a629280e686cf0c3f5d5a86aff3ca12020c923adc6c92','180.160.186.193','2016-12-24 13:41:04',1),(236,'','0',171,'8d969eef6ecad3c29a3a629280e686cf0c3f5d5a86aff3ca12020c923adc6c92','180.160.186.193','2016-12-24 13:47:34',1),(237,'','0',171,'8d969eef6ecad3c29a3a629280e686cf0c3f5d5a86aff3ca12020c923adc6c92','180.160.186.193','2016-12-24 13:47:42',1),(238,'','0',171,'8d969eef6ecad3c29a3a629280e686cf0c3f5d5a86aff3ca12020c923adc6c92','180.160.186.193','2016-12-24 13:53:30',1),(239,'','0',171,'8d969eef6ecad3c29a3a629280e686cf0c3f5d5a86aff3ca12020c923adc6c92','180.160.186.193','2016-12-24 14:02:57',1),(240,'','0',171,'8d969eef6ecad3c29a3a629280e686cf0c3f5d5a86aff3ca12020c923adc6c92','180.160.186.193','2016-12-24 14:04:00',1),(241,'','0',171,'8d969eef6ecad3c29a3a629280e686cf0c3f5d5a86aff3ca12020c923adc6c92','180.160.186.193','2016-12-24 14:08:37',1),(242,'','0',171,'8d969eef6ecad3c29a3a629280e686cf0c3f5d5a86aff3ca12020c923adc6c92','180.160.186.193','2016-12-24 20:42:34',1),(243,'','0',171,'8d969eef6ecad3c29a3a629280e686cf0c3f5d5a86aff3ca12020c923adc6c92','180.160.186.193','2016-12-24 21:01:00',1),(244,'','0',171,'8d969eef6ecad3c29a3a629280e686cf0c3f5d5a86aff3ca12020c923adc6c92','180.160.186.193','2016-12-24 21:02:33',1),(245,'','0',171,'3fb0a50e69a3bd10bd006726cf744fa50e779bd652b0dda9733137d78af42de5','180.160.186.193','2016-12-24 21:03:10',1),(246,'','0',171,'8d969eef6ecad3c29a3a629280e686cf0c3f5d5a86aff3ca12020c923adc6c92','180.160.186.193','2016-12-24 21:03:40',1),(247,'','0',171,'8d969eef6ecad3c29a3a629280e686cf0c3f5d5a86aff3ca12020c923adc6c92','180.160.186.193','2016-12-25 00:05:52',1),(248,'','0',171,'8d969eef6ecad3c29a3a629280e686cf0c3f5d5a86aff3ca12020c923adc6c92','180.160.186.193','2016-12-25 00:07:54',1),(249,'','0',171,'37dcbe95bb1c85c6ba4a40f0a6eaa6eba46466b666d5b47faaa660c66179be84','180.160.186.193','2016-12-25 00:11:06',1),(250,'','0',171,'8d969eef6ecad3c29a3a629280e686cf0c3f5d5a86aff3ca12020c923adc6c92','180.160.186.193','2016-12-25 00:11:14',1),(251,'','0',171,'8d969eef6ecad3c29a3a629280e686cf0c3f5d5a86aff3ca12020c923adc6c92','180.160.186.193','2016-12-25 00:29:17',1),(252,'','0',171,'8d969eef6ecad3c29a3a629280e686cf0c3f5d5a86aff3ca12020c923adc6c92','180.160.186.193','2016-12-25 00:30:55',1),(253,'','0',171,'8d969eef6ecad3c29a3a629280e686cf0c3f5d5a86aff3ca12020c923adc6c92','180.160.186.193','2016-12-25 00:32:45',1),(254,'','0',171,'8d969eef6ecad3c29a3a629280e686cf0c3f5d5a86aff3ca12020c923adc6c92','180.160.186.193','2016-12-25 00:37:20',1),(255,'','0',171,'8d969eef6ecad3c29a3a629280e686cf0c3f5d5a86aff3ca12020c923adc6c92','180.160.186.193','2016-12-25 00:39:50',1),(256,'','0',171,'8d969eef6ecad3c29a3a629280e686cf0c3f5d5a86aff3ca12020c923adc6c92','180.160.186.193','2016-12-25 00:41:25',1),(257,'','0',171,'8d969eef6ecad3c29a3a629280e686cf0c3f5d5a86aff3ca12020c923adc6c92','180.160.186.193','2016-12-25 00:43:04',1),(258,'','0',171,'4b27b790dc5bdd0433109d971cbce2051afa705332426c23e6061be545477ad1','180.160.186.193','2016-12-25 00:44:21',1),(259,'','0',171,'8d969eef6ecad3c29a3a629280e686cf0c3f5d5a86aff3ca12020c923adc6c92','180.160.186.193','2016-12-25 00:44:38',1),(260,'','0',171,'8d969eef6ecad3c29a3a629280e686cf0c3f5d5a86aff3ca12020c923adc6c92','180.160.186.193','2016-12-25 00:47:01',1),(261,'','0',171,'8d969eef6ecad3c29a3a629280e686cf0c3f5d5a86aff3ca12020c923adc6c92','180.160.186.193','2016-12-25 00:49:02',1),(262,'','0',171,'8d969eef6ecad3c29a3a629280e686cf0c3f5d5a86aff3ca12020c923adc6c92','180.160.186.193','2016-12-25 00:50:54',1),(263,'','0',171,'8d969eef6ecad3c29a3a629280e686cf0c3f5d5a86aff3ca12020c923adc6c92','180.160.186.193','2016-12-25 00:56:49',1),(264,'','0',171,'37dcbe95bb1c85c6ba4a40f0a6eaa6eba46466b666d5b47faaa660c66179be84','180.160.186.193','2016-12-25 01:02:57',1),(265,'','0',171,'8d969eef6ecad3c29a3a629280e686cf0c3f5d5a86aff3ca12020c923adc6c92','180.160.186.193','2016-12-25 01:03:12',1),(266,'','0',171,'8d969eef6ecad3c29a3a629280e686cf0c3f5d5a86aff3ca12020c923adc6c92','180.160.186.193','2016-12-25 01:05:23',1),(267,'','0',171,'8d969eef6ecad3c29a3a629280e686cf0c3f5d5a86aff3ca12020c923adc6c92','180.160.186.193','2016-12-25 01:08:00',1),(268,'','0',171,'8d969eef6ecad3c29a3a629280e686cf0c3f5d5a86aff3ca12020c923adc6c92','180.160.186.193','2016-12-25 01:11:08',1),(269,'','0',171,'8d969eef6ecad3c29a3a629280e686cf0c3f5d5a86aff3ca12020c923adc6c92','218.82.153.233','2016-12-25 10:11:35',1),(270,'786185931@qq.com','',2,'8d969eef6ecad3c29a3a629280e686cf0c3f5d5a86aff3ca12020c923adc6c92','::1','2016-12-25 10:50:12',1),(271,'','0',171,'8d969eef6ecad3c29a3a629280e686cf0c3f5d5a86aff3ca12020c923adc6c92','218.82.153.233','2016-12-25 11:36:41',1),(272,'786185931@qq.com','1',2,'','::1','2017-01-09 15:28:13',0),(273,'786185931@qq.com','1',2,'','::1','2017-01-09 15:28:19',0),(274,'786185931@qq.com','1',2,'e834a561527a761a6076b05517cfb33b6b088849bee0cf844a213bb09dc970f1','::1','2017-01-09 15:32:35',1),(275,'jiang','1',2,'bc53ac2149d7f533305e4a1d0d70870e98401b7b33c87108e2c5157cdf6b5460','124.79.184.112','2017-01-09 15:42:14',1),(276,'jiang','1',2,'d9e62c073cc546739af5173d40dbd638e399420794998c13e2a8652143db28de','124.79.184.112','2017-01-09 15:42:21',1),(277,'jiang','1',2,'8f99a6b2a0599279b6936cc172addd67bf5115a425d4989d89d26ebabc5ec1af','124.79.184.112','2017-01-09 16:00:20',1),(278,'jiang','1',2,'0a17ad97ca07cbbde72eaabb6317718f43ef9c614ae726da381e9caffc389697','124.79.184.112','2017-01-09 16:00:24',1),(279,'jiang','1',2,'613680b19a7c2001c38ca59a812e41c0d716547a96beb47fb4f80fb716293820','124.79.184.112','2017-01-09 16:00:40',1),(280,'786185931@qq.com','1',2,'4e9a5dffbf5e46b68376aca5a046ac8079f685db63f349be2c1c55599dca238e','::1','2017-01-09 16:04:27',1),(281,'jiang','1',2,'819d223c42b1c872d07604011626fdbc62e3011a190a0c4baa16bd9f371714ad','124.79.184.112','2017-01-09 16:08:14',1),(282,'786185931@qq.com','1',2,'c9d450e9c7a77dce28d737025b5204fe3915e621ef69e0f6ba2c55c6fa334b97','124.79.184.112','2017-01-10 12:44:07',1),(283,'786185931@qq.com','1',2,'353b031f194498c8b07b7d964c584fa032fe0ad5b7345a62448c8ab5499d978b','124.79.184.112','2017-01-10 18:40:01',1),(284,'786185931@qq.com','1',2,'72405e7bfa1e21eed5d95fb2f34d60c1ba19b19a38c22c5bb2d13e82e81f72cd','127.0.0.1','2017-01-12 13:54:38',1),(285,'786185931@qq.com','1',2,'8e670c57b168c54a028e632bc7926ba9015e2dcb846cadf2c951d3c5b98b8cd2','124.79.184.112','2017-01-12 14:53:21',1),(286,'786185931@qq.com','1',2,'10a956ec4a702e60e95d74d9884f0a82ae87f33845c5d6ad5bcfd2db8f9bdca1','124.79.184.112','2017-01-12 14:56:32',1),(287,'786185931@qq.com','1',2,'c407fc3525746447c92e91938635cba524be8838007f8691ac11b325c6800af5','124.79.184.112','2017-01-12 15:09:42',1),(288,'786185931@qq.com','1',2,'97baa72aadba73280d65c96c67b7aebf5b60940759f94200453e7bf1e2558b70','127.0.0.1','2017-01-12 15:14:54',1),(289,'786185931@qq.com','1',2,'ed172eb62adc511cc7d2a2a278938d44a027e513d60eb0c18726b5782a813e31','124.79.184.112','2017-01-12 15:17:36',1),(290,'786185931@qq.com','1',2,'6bbf1553c7566e394e00f4ddcd3596455852ff1c17e2817515ab4dc5c35c0d49','127.0.0.1','2017-01-12 15:20:05',1);
/*!40000 ALTER TABLE `gener_loginHistory` ENABLE KEYS */;
UNLOCK TABLES;

--
-- Table structure for table `gener_significantEvent`
--

DROP TABLE IF EXISTS `gener_significantEvent`;
/*!40101 SET @saved_cs_client     = @@character_set_client */;
/*!40101 SET character_set_client = utf8 */;
CREATE TABLE `gener_significantEvent` (
  `id` int(30) NOT NULL AUTO_INCREMENT,
  `personId` int(30) NOT NULL,
  `userId` int(30) DEFAULT NULL,
  `familyId` int(30) NOT NULL,
  `exp_time` date NOT NULL,
  `exp_content` text NOT NULL,
  `write_mode` int(10) NOT NULL,
  `create_time` datetime NOT NULL,
  `create_by` int(30) NOT NULL,
  `update_time` datetime NOT NULL,
  `update_by` int(30) NOT NULL,
  PRIMARY KEY (`id`)
) ENGINE=InnoDB AUTO_INCREMENT=28 DEFAULT CHARSET=utf8;
/*!40101 SET character_set_client = @saved_cs_client */;

--
-- Dumping data for table `gener_significantEvent`
--

LOCK TABLES `gener_significantEvent` WRITE;
/*!40000 ALTER TABLE `gener_significantEvent` DISABLE KEYS */;
INSERT INTO `gener_significantEvent` VALUES (18,148,0,29,'2016-01-09','更改事件内容更改事件内容更改事件内容更改事件内容',0,'2016-12-17 17:35:32',2,'2016-12-17 18:30:54',2),(19,148,0,29,'2016-02-02','经历的内容经历的内容经历的内容经历的内容经历的内容经历的内容经历的内容经历的内容',0,'2016-12-17 17:35:33',2,'2016-12-17 17:35:33',2),(20,148,0,29,'2016-02-02','经历的内容经历的内容经历的内容经历的内容经历的内容经历的内容经历的内容经历的内容',0,'2016-12-17 17:35:33',2,'2016-12-17 17:35:33',2),(21,148,0,29,'2016-02-02','经历的内容经历的内容经历的内容经历的内容经历的内容经历的内容经历的内容经历的内容',0,'2016-12-17 17:35:34',2,'2016-12-17 17:35:34',2),(25,148,0,28,'2016-02-02','经历的内容经历的内容经历的内容经历的内容经历的内容经历的内容经历的内容经历的内容',0,'2016-12-17 18:25:06',2,'2016-12-17 18:25:06',2),(26,148,0,29,'2016-02-02','经历的内容经历的内容经历的内容经历的内容经历的内容经历的内容经历的内容经历的内容',0,'2016-12-17 18:25:17',2,'2016-12-17 18:25:17',2);
/*!40000 ALTER TABLE `gener_significantEvent` ENABLE KEYS */;
UNLOCK TABLES;

--
-- Table structure for table `gener_testFamily`
--

DROP TABLE IF EXISTS `gener_testFamily`;
/*!40101 SET @saved_cs_client     = @@character_set_client */;
/*!40101 SET character_set_client = utf8 */;
CREATE TABLE `gener_testFamily` (
  `id` int(30) unsigned NOT NULL AUTO_INCREMENT,
  `name` varchar(100) NOT NULL,
  `password` varchar(100) NOT NULL,
  `min_level` int(10) NOT NULL,
  `max_level` int(10) NOT NULL,
  `permission` int(10) NOT NULL,
  `admin` int(30) NOT NULL,
  `create_by` int(30) NOT NULL,
  `create_time` datetime NOT NULL,
  `update_by` int(30) NOT NULL,
  `update_time` datetime NOT NULL,
  PRIMARY KEY (`id`)
) ENGINE=InnoDB AUTO_INCREMENT=82 DEFAULT CHARSET=utf8;
/*!40101 SET character_set_client = @saved_cs_client */;

--
-- Dumping data for table `gener_testFamily`
--

LOCK TABLES `gener_testFamily` WRITE;
/*!40000 ALTER TABLE `gener_testFamily` DISABLE KEYS */;
INSERT INTO `gener_testFamily` VALUES (29,'江','123456',-2,3,0,2,2,'2016-11-05 17:15:09',2,'2016-11-05 17:15:09'),(65,'123','q789456123',0,0,0,6,6,'2016-11-12 16:47:50',6,'2016-11-12 16:47:50'),(66,'123','q789456123',0,0,0,6,6,'2016-11-12 16:49:49',6,'2016-11-12 16:49:49'),(67,'周家','123456',-1,1,0,159,159,'2016-11-19 11:54:25',159,'2016-11-19 11:54:25'),(68,'老李家','123456',0,0,0,3,3,'2016-11-19 14:38:10',3,'2016-11-19 14:38:10'),(73,'haha','123456',-1,0,0,2,2,'2016-11-19 18:23:52',2,'2016-11-19 18:23:52'),(74,'周家2','123456',-1,1,0,159,159,'2016-11-26 15:40:14',159,'2016-11-26 15:40:14'),(75,'周家','123456',-1,0,0,171,171,'2016-12-10 12:07:11',171,'2016-12-10 12:07:11'),(76,'%E5%91%A8%E5%AE%B62','123456',0,0,0,171,171,'2016-12-10 12:45:05',171,'2016-12-10 12:45:05'),(77,'周家3','123456',-1,1,0,171,171,'2016-12-10 12:46:36',171,'2016-12-10 12:46:36'),(78,'周家4','123456',0,0,0,171,171,'2016-12-24 13:39:48',171,'2016-12-24 13:39:48'),(79,'周家5','123456',0,0,0,171,171,'2016-12-24 13:48:11',171,'2016-12-24 13:48:11'),(80,'周家6','123456',-1,1,0,171,171,'2016-12-24 13:54:00',171,'2016-12-24 13:54:00'),(81,'周家7','123456',-1,1,0,171,171,'2016-12-25 10:24:17',171,'2016-12-25 10:24:17');
/*!40000 ALTER TABLE `gener_testFamily` ENABLE KEYS */;
UNLOCK TABLES;

--
-- Table structure for table `gener_testPerson`
--

DROP TABLE IF EXISTS `gener_testPerson`;
/*!40101 SET @saved_cs_client     = @@character_set_client */;
/*!40101 SET character_set_client = utf8 */;
CREATE TABLE `gener_testPerson` (
  `id` int(30) unsigned NOT NULL AUTO_INCREMENT,
  `name` varchar(100) NOT NULL,
  `address` varchar(100) NOT NULL,
  `birthday` datetime NOT NULL,
  `gender` int(10) NOT NULL,
  `photo` varchar(250) NOT NULL,
  `share_url` varchar(250) NOT NULL,
  `familyId` int(30) NOT NULL,
  `ref_familyId` int(30) DEFAULT NULL,
  `father` varchar(100) DEFAULT '',
  `mother` varchar(100) DEFAULT '',
  `son` varchar(100) DEFAULT '',
  `daughter` varchar(100) DEFAULT '',
  `spouse` varchar(100) DEFAULT '',
  `sister` varchar(100) DEFAULT '',
  `brother` varchar(100) DEFAULT '',
  `level` int(30) NOT NULL,
  `userId` int(30) NOT NULL,
  `confirm` int(1) NOT NULL COMMENT 'confirm表示这条记录有没有被管理员确认',
  `create_by` int(30) NOT NULL,
  `create_time` datetime NOT NULL,
  `update_by` int(30) NOT NULL,
  `update_time` datetime NOT NULL,
  PRIMARY KEY (`id`)
) ENGINE=InnoDB AUTO_INCREMENT=263 DEFAULT CHARSET=utf8;
/*!40101 SET character_set_client = @saved_cs_client */;

--
-- Dumping data for table `gener_testPerson`
--

LOCK TABLES `gener_testPerson` WRITE;
/*!40000 ALTER TABLE `gener_testPerson` DISABLE KEYS */;
INSERT INTO `gener_testPerson` VALUES (141,'编辑1','测试编辑地址','2016-08-08 00:00:00',1,'/images/upload/14842052952017-01-06 18-26-03屏幕截图.png','1412e182c17fe99ed8376bb2354e92d3',29,NULL,'142|','144|','154|155|','156|207|','153|','141|148|149|150|','145|146|147|',0,2,0,2,'2016-11-05 17:15:09',2,'2016-11-05 17:15:09'),(142,'父亲','安徽','1978-10-31 00:00:00',1,'','1422e182c17fe99ed8376bb2354e92d3',29,NULL,'211|','','145|146|147|','141|148|149|150|','144|','','142|',-1,0,0,2,'2016-11-05 17:17:18',2,'2016-11-05 17:17:18'),(144,'母亲','','1997-12-10 12:42:23',0,'','1432e182c17fe99ed8376bb2354e92d3',29,NULL,'','','145|146|147|','141|148|149|150|','142|','144|','',-1,0,0,2,'2016-11-05 17:18:31',2,'2016-11-05 17:18:31'),(145,'兄弟1','','1997-12-10 12:42:23',1,'','1442e182c17fe99ed8376bb2354e92d3',29,NULL,'142|','144|','214|','','213|','141|148|149|150|','145|146|147|',0,0,0,2,'2016-11-05 17:19:09',2,'2016-11-05 17:19:09'),(146,'兄弟2','','1997-12-10 12:42:23',1,'','1452e182c17fe99ed8376bb2354e92d3',29,NULL,'142|','144|','','','','141|148|149|150|','146|145|147|',0,0,0,2,'2016-11-05 17:19:49',2,'2016-11-05 17:19:49'),(147,'兄弟3','','1997-12-10 12:42:23',1,'','1462e182c17fe99ed8376bb2354e92d3',29,NULL,'142|','144|','','','','141|148|149|150|','147|145|146|',0,0,0,2,'2016-11-05 17:19:53',2,'2016-11-05 17:19:53'),(148,'姐妹1','','1997-12-10 12:42:23',0,'','1472e182c17fe99ed8376bb2354e92d3',29,NULL,'142|','144|','','','','148|149|150|','141|145|146|147|',0,0,0,2,'2016-11-05 17:20:07',2,'2016-11-05 17:20:07'),(149,'姐妹2','','1997-12-10 12:42:23',0,'','1482e182c17fe99ed8376bb2354e92d3',29,NULL,'142|','144|','','','','149|148|150|','141|145|146|147|',0,0,0,2,'2016-11-05 17:20:10',2,'2016-11-05 17:20:10'),(150,'姐妹3','','1997-12-10 12:42:23',0,'','1492e182c17fe99ed8376bb2354e92d3',29,NULL,'142|','144|','','','','150|148|149|','141|145|146|147|',0,0,0,2,'2016-11-05 17:20:13',2,'2016-11-05 17:20:13'),(153,'配偶','','1997-12-10 12:42:23',0,'','1502e182c17fe99ed8376bb2354e92d3',29,NULL,'','','154|155|','156|207|','141|','153|','',0,0,0,2,'2016-11-05 17:20:55',2,'2016-11-05 17:20:55'),(154,'儿子2','','1997-12-10 12:42:23',1,'','1512e182c17fe99ed8376bb2354e92d3',29,NULL,'141|','153|','208|','','','156|207|','154|155|',1,0,0,2,'2016-11-05 17:32:39',2,'2016-11-05 17:32:39'),(155,'测试iframe的单点添加','','1997-12-10 12:42:23',1,'','1522e182c17fe99ed8376bb2354e92d3',29,NULL,'141|','153|','','','','156|207|','155|154|',1,0,0,2,'2016-11-05 17:53:48',2,'2016-11-05 17:53:48'),(156,'女儿2','','1997-12-10 12:42:23',0,'','1532e182c17fe99ed8376bb2354e92d3',29,NULL,'141|','153|','210|','','203|','156|207|','154|155|',1,0,0,2,'2016-11-05 17:59:43',2,'2016-11-05 17:59:43'),(173,'zc','undefined','1997-12-10 12:42:23',0,'','',65,NULL,'','','','','','173|','',0,6,0,6,'2016-11-12 16:47:50',6,'2016-11-12 16:47:50'),(174,'123','undefined','1997-12-10 12:42:23',0,'','',66,NULL,'','','','','','174|','',0,6,0,6,'2016-11-12 16:49:49',6,'2016-11-12 16:49:49'),(200,'周','','1997-12-10 12:42:23',0,'','',67,NULL,'212|','217|','','219|','','200|218|','220|221|',0,159,0,159,'2016-11-19 11:54:25',159,'2016-11-19 11:54:25'),(201,'赵鑫烜','undefined','1997-12-10 12:42:23',0,'','',68,NULL,'','','','','','201|','',0,3,0,3,'2016-11-19 14:38:10',3,'2016-11-19 14:38:10'),(203,'李山','上海','2009-02-03 00:00:00',1,'','1542e182c17fe99ed8376bb2354e92d3',29,NULL,'','','210|','','156|','','203|',1,0,0,2,'2016-11-19 14:57:58',2,'2016-11-19 14:57:58'),(207,'姐妹','','1997-02-04 00:00:00',0,'','1552e182c17fe99ed8376bb2354e92d3',29,NULL,'141|','153|','','','','207|','156|154|155|',1,0,0,2,'2016-11-19 15:16:09',2,'2016-11-19 15:16:09'),(208,'孙子','','2016-11-02 00:00:00',1,'','1562e182c17fe99ed8376bb2354e92d3',29,NULL,'154|','','209|','','','','208|',2,0,0,2,'2016-11-19 15:18:34',2,'2016-11-19 15:18:34'),(209,'重孙','','2016-11-09 00:00:00',1,'','1572e182c17fe99ed8376bb2354e92d3',29,NULL,'208|','','','','','','209|',3,0,0,2,'2016-11-19 15:19:28',2,'2016-11-19 15:19:28'),(210,'二孙子','','2016-11-07 00:00:00',1,'','1582e182c17fe99ed8376bb2354e92d3',29,NULL,'203|','156|','','','','','210|',2,0,0,2,'2016-11-19 15:19:51',2,'2016-11-19 15:19:51'),(211,'祖父','','1993-02-03 00:00:00',1,'/images/upload/1484205465','1622e182c17fe99ed8376bb2354e92d3',29,NULL,'','','142|','','','','211|',-2,169,0,2,'2016-11-19 15:48:11',2,'2016-11-19 15:48:11'),(212,'周爸','','1997-12-10 12:42:23',0,'','',67,NULL,'','','220|221|','200|218|','217|','212|','',-1,0,0,159,'2016-11-19 16:11:41',159,'2016-11-19 16:11:41'),(213,'配偶','','2016-10-31 00:00:00',0,'','8b656d4b86ee4e30f0ba937110ab5c85',29,NULL,'','','214|','','145|','213|','',0,0,0,169,'2016-11-19 17:17:33',169,'2016-11-19 17:17:33'),(214,'女儿','','2016-11-10 00:00:00',0,'','c610f22895e084e4b20747b8c6a6079f',29,NULL,'145|','213|','','','','214|','',1,0,0,169,'2016-11-19 17:22:30',169,'2016-11-19 17:22:30'),(215,'haahah','','1997-12-10 12:42:23',0,'','dec8e7ef5dd8a3b3dfe0ccc8aeac8e6c',73,NULL,'216|','','','','','215|','',0,2,0,2,'2016-11-19 18:23:52',2,'2016-11-19 18:23:52'),(216,'父亲','','2016-11-02 00:00:00',1,'','8ba46d9d7fcf632ac6a95c622df7ff23',73,NULL,'','','','215|','','','216|',-1,0,0,2,'2016-11-19 18:24:15',2,'2016-11-19 18:24:15'),(217,'周妈','','1997-12-10 12:42:23',0,'','19562b764a0889bc959df6d4cf456b4c',67,NULL,'','','220|221|','200|218|','212|','217|','',-1,0,0,159,'2016-11-26 10:43:42',159,'2016-11-26 10:43:42'),(218,'周兄','','1997-12-10 12:42:23',0,'','1488c08a6c8ee66790ac76f464cbeb56',67,NULL,'212|','217|','','','','218|','200|220|221|',0,0,0,159,'2016-11-26 10:44:26',159,'2016-11-26 10:44:26'),(219,'周子','','1997-12-10 12:42:23',0,'','0560623f4387fc5eb786d5e43a48fd40',67,NULL,'','200|','','','','219|','',1,0,0,159,'2016-11-26 10:45:17',159,'2016-11-26 10:45:17'),(220,'周妻','','1997-12-10 12:42:23',0,'','458ad9e7c52db66228b278b1d6700bd1',67,NULL,'212|','217|','','','','220|200|218|','221|',0,0,0,159,'2016-11-26 10:45:44',159,'2016-11-26 10:45:44'),(221,'兄妻','','1997-12-10 12:42:23',0,'','8b87687d07b02b6e27345c3a72a76cc2',67,NULL,'212|','217|','','','','221|218|','200|220|',0,0,0,159,'2016-11-26 12:00:44',159,'2016-11-26 12:00:44'),(222,'周','','1997-12-10 12:42:23',0,'','9a581205956c14db8aa4470334d321ed',74,NULL,'223|','224|','227|','229|','226|','222|','225|',0,159,0,159,'2016-11-26 15:40:14',159,'2016-11-26 15:40:14'),(223,'周爸','','1997-12-10 12:42:23',0,'','553f950f44e25c91f8e7b3a3e8f6595b',74,NULL,'','','225|','222|','224|','223|','',-1,0,0,159,'2016-11-26 15:40:32',159,'2016-11-26 15:40:32'),(224,'周妈','','1997-12-10 12:42:23',0,'','56ee31634d7e1587492128eb1b84e454',74,NULL,'','','225|','222|','223|','224|','',-1,0,0,159,'2016-11-26 15:40:48',159,'2016-11-26 15:40:48'),(225,'周兄','','1997-12-10 12:42:23',0,'','ac1b4d85d2eeee24e0b891d8dd33c4e9',74,NULL,'223|','224|','','','228|','225|222|','',0,0,0,159,'2016-11-26 15:41:03',159,'2016-11-26 15:41:03'),(226,'周妻','','1997-12-10 12:42:23',0,'','ede8ef63827785ee31b47f1e523a91c9',74,NULL,'','','227|','229|','222|','226|','',0,0,0,159,'2016-11-26 15:41:15',159,'2016-11-26 15:41:15'),(227,'周子','','1997-12-10 12:42:23',0,'','141e748c992bbea722cb4fd9e5831d86',74,NULL,'226|','222|','','','','227|229|','',1,0,0,159,'2016-11-26 15:41:25',159,'2016-11-26 15:41:25'),(228,'兄妻','','1997-12-10 12:42:23',0,'','5246833ea97af82c30846a3dfb8d0571',74,NULL,'','','','','225|','228|','',0,0,0,159,'2016-11-26 15:41:59',159,'2016-11-26 15:41:59'),(229,'周女','','1997-12-10 12:42:23',0,'','b4f4ef2908a69027838d867cfa704ac6',74,NULL,'226|','222|','','','','229|','227|',1,0,0,159,'2016-11-26 15:42:42',159,'2016-11-26 15:42:42'),(230,'周','','1997-12-10 12:42:23',0,'','09588cb3a423bac8e3eb54b8a62b20b8',75,NULL,'231|','232|233|','','','','230|','',0,171,0,0,'2016-12-10 12:07:11',171,'2016-12-10 12:07:11'),(231,'周爸','','1997-12-10 12:42:23',0,'','20db63756e0195f5674735a670d32e41',75,NULL,'','','','230|','232|233|','231|','',-1,0,0,0,'2016-12-10 12:07:30',0,'2016-12-10 12:07:30'),(232,'%E5%91%A8%E5%A6%88','','1997-12-10 12:42:23',0,'','721399ff7a59e588693ca3b7ec0df5a6',75,NULL,'','','','230|','231|','232|','',-1,0,0,0,'2016-12-10 12:42:28',0,'2016-12-10 12:42:28'),(233,'周妈','','1997-12-10 12:42:23',0,'','7e2091083bbcf0e46333e8a815e10624',75,NULL,'','','','230|','231|','233|','',-1,0,0,0,'2016-12-10 12:44:10',0,'2016-12-10 12:44:10'),(234,'%E5%91%A8','','1997-12-10 12:42:23',0,'','d25b7c776a308f42a78bde283d94116f',76,NULL,'','','','','','234|','',0,171,0,0,'2016-12-10 12:45:05',171,'2016-12-10 12:45:05'),(235,'周','','1997-12-10 12:42:23',0,'','b2366bd239295b55f2543478fdf829d6',77,NULL,'236|','237|','242|','','241|','235|244|','238|',0,171,0,0,'2016-12-10 12:46:36',171,'2016-12-10 12:46:36'),(236,'周爸','','1997-12-10 12:42:23',0,'','3a57993b3b89c4e7277d4cb847613d6e',77,NULL,'','','238|','235|244|','237|','236|','',-1,0,0,0,'2016-12-10 12:46:55',0,'2016-12-10 12:46:55'),(237,'周妈','','1997-12-10 12:42:23',0,'','cf656a0dfe5343e7bbfaf94048fb7dd4',77,NULL,'','','238|','235|244|','236|','237|','',-1,0,0,0,'2016-12-10 12:47:10',0,'2016-12-10 12:47:10'),(238,'周兄','','1997-12-10 12:42:23',0,'','4ccd95424d408c0df1f0946e0659de5b',77,NULL,'236|','237|','243|','240|','239|','238|235|244|','',0,0,0,0,'2016-12-10 12:47:30',0,'2016-12-10 12:47:30'),(239,'兄妻','','1997-12-10 12:42:23',0,'','3e2f3fc9eea7a486b393512040143a02',77,NULL,'','','243|','240|','238|','239|','',0,0,0,0,'2016-12-10 12:48:11',0,'2016-12-10 12:48:11'),(240,'兄女','','1997-12-10 12:42:23',0,'','e02332770004ccc11df51f423c4deb8d',77,NULL,'239|','238|','','','','240|','243|',1,0,0,0,'2016-12-10 12:48:33',0,'2016-12-10 12:48:33'),(241,'妻','','1997-12-10 12:42:23',0,'','5089f3c50032029109bf4799255ab434',77,NULL,'','','242|','','235|','241|','',0,0,0,0,'2016-12-10 12:49:03',0,'2016-12-10 12:49:03'),(242,'子','','1997-12-10 12:42:23',0,'','088cf05d3757a46e8631a17236cc40b8',77,NULL,'241|','235|','','','','242|','',1,0,0,0,'2016-12-10 12:49:19',0,'2016-12-10 12:49:19'),(243,'兄子','','1997-12-10 12:42:23',0,'','aae7d912fb581b3aa447f916bb44c39a',77,NULL,'239|','238|','','','','243|240|','',1,0,0,0,'2016-12-10 13:00:06',0,'2016-12-10 13:00:06'),(244,'周姐','','1997-12-10 12:42:23',0,'','6eaefcd8a7704f78730f1562a55dd5f5',77,NULL,'236|','237|','','','245|','244|','235|238|',0,0,0,0,'2016-12-10 13:38:55',0,'2016-12-10 13:38:55'),(245,'姐夫','','1997-12-10 12:42:23',0,'','c1391cc0c352d0fa2bde740cbda2909c',77,NULL,'','','','','244|','245|','',0,0,0,0,'2016-12-10 13:39:14',0,'2016-12-10 13:39:14'),(246,'周','','1997-12-10 12:42:23',0,'','89c7e5db78a3ce86486d09a7ce4dbb6b',78,NULL,'','','','','','246|','',0,171,0,0,'2016-12-24 13:39:48',171,'2016-12-24 13:39:48'),(247,'周','','1997-12-10 12:42:23',0,'','ed04ff593ea3b121b10d2ddf5dc3025d',79,NULL,'','','','','','247|','',0,171,0,0,'2016-12-24 13:48:11',171,'2016-12-24 13:48:11'),(248,'周','','1997-12-10 12:42:23',1,'','1cbb3521485761043fbbbe629108f3c7',80,NULL,'249|','250|','','','','','248|251|',0,171,0,0,'2016-12-24 13:54:00',171,'2016-12-24 13:54:00'),(249,'周爸','','1997-12-10 12:42:23',0,'','7f38a6336533ccc55b8d9efd7d11ae3d',80,NULL,'','','248|251|','','250|','249|','',-1,0,0,0,'2016-12-24 13:55:34',0,'2016-12-24 13:55:34'),(250,'周妈','','1997-12-10 12:42:23',0,'','ec23c3bf800cb351f6044da27c5ce43e',80,NULL,'','','248|251|','','249|','250|','',-1,0,0,0,'2016-12-24 13:56:02',0,'2016-12-24 13:56:02'),(251,'周兄','','1997-12-10 12:42:23',0,'','73ac59f6a7920456e44609363598e027',80,NULL,'249|','250|','253|','254|','252|','251|','248|',0,0,0,0,'2016-12-24 14:00:02',0,'2016-12-24 14:00:02'),(252,'兄妻','','1997-12-10 12:42:23',0,'','458b68d240e33ca25b7b87a9d4a9f09c',80,NULL,'','','253|','254|','251|','252|','',0,0,0,0,'2016-12-24 14:00:23',0,'2016-12-24 14:00:23'),(253,'兄子','','1997-12-10 12:42:23',0,'','bd37500c2a987e995b8741d0c258a001',80,NULL,'252|','251|','','','','253|254|','',1,0,0,0,'2016-12-24 14:00:39',0,'2016-12-24 14:00:39'),(254,'兄女','','1997-12-10 12:42:23',0,'','a60869e2acbe7282e83257bf489d7ff1',80,NULL,'252|','251|','','','','254|','253|',1,0,0,0,'2016-12-25 00:29:56',0,'2016-12-25 00:29:56'),(255,'周','','1997-12-10 12:42:23',1,'','5c5b1ac0d7eb4beda4b92fa6cb51ce3c',81,NULL,'256|','257|','','','','','255|258|',0,171,0,0,'2016-12-25 10:24:17',171,'2016-12-25 10:24:17'),(256,'周爸','','1997-12-10 12:42:23',0,'','706bb410d262266c2b1a66a389c2b8e5',81,NULL,'','','255|258|','','257|','256|','',-1,0,0,0,'2016-12-25 10:24:27',0,'2016-12-25 10:24:27'),(257,'周妈','','1997-12-10 12:42:23',0,'','6beff95910aa8cfe23d8deb00185f33a',81,NULL,'','','255|258|','','256|','257|','',-1,0,0,0,'2016-12-25 10:24:53',0,'2016-12-25 10:24:53'),(258,'周兄','','1997-12-10 12:42:23',0,'','bba664c3ecd540290b5d8405710a655a',81,NULL,'256|','257|','261|','260|','259|','258|','255|',0,0,0,0,'2016-12-25 10:26:47',0,'2016-12-25 10:26:47'),(259,'兄妻','','1997-12-10 12:42:23',0,'','e585575243b973fcd133f481133640dd',81,NULL,'','','261|','260|','258|','259|','',0,0,0,0,'2016-12-25 10:27:29',0,'2016-12-25 10:27:29'),(260,'兄女','','1997-12-10 12:42:23',0,'','e3f2ed965dac8554bc368d62072b770f',81,NULL,'259|','258|','','','','260|','261|',1,0,0,0,'2016-12-25 10:27:47',0,'2016-12-25 10:27:47'),(261,'兄子','','1997-12-10 12:42:23',0,'','609de1ce057040eab0a85366a33bbda7',81,NULL,'259|','258|','','','','261|260|','',1,0,0,0,'2016-12-25 10:28:04',0,'2016-12-25 10:28:04');
/*!40000 ALTER TABLE `gener_testPerson` ENABLE KEYS */;
UNLOCK TABLES;

--
-- Table structure for table `gener_user`
--

DROP TABLE IF EXISTS `gener_user`;
/*!40101 SET @saved_cs_client     = @@character_set_client */;
/*!40101 SET character_set_client = utf8 */;
CREATE TABLE `gener_user` (
  `id` int(11) NOT NULL AUTO_INCREMENT,
  `username` varchar(255) NOT NULL,
  `phone` varchar(30) DEFAULT NULL,
  `email` varchar(255) DEFAULT NULL,
  `password` varchar(255) NOT NULL,
  `photo` varchar(255) DEFAULT NULL,
  `sex` varchar(255) DEFAULT NULL,
  `birthday` int(30) DEFAULT NULL,
  `address` varchar(255) DEFAULT NULL,
  `create_time` int(255) DEFAULT NULL,
  `update_time` int(255) DEFAULT NULL,
  PRIMARY KEY (`id`)
) ENGINE=InnoDB AUTO_INCREMENT=183 DEFAULT CHARSET=utf8;
/*!40101 SET character_set_client = @saved_cs_client */;

--
-- Dumping data for table `gener_user`
--

LOCK TABLES `gener_user` WRITE;
/*!40000 ALTER TABLE `gener_user` DISABLE KEYS */;
INSERT INTO `gener_user` VALUES (2,'jiang',NULL,'786185931@qq.com','8d969eef6ecad3c29a3a629280e686cf0c3f5d5a86aff3ca12020c923adc6c92','/images/upload/1479522526pd.jpg',NULL,NULL,NULL,NULL,NULL),(3,'zhx',NULL,'zhaoxinxuan@xinhuotech.com','430fa028511ae062e2ab8ab99a88e101','/images/upload/1479537858company1.png',NULL,NULL,NULL,NULL,NULL),(4,'shmao',NULL,'shmao288@gmail.com','276966e5c13d2a542dcadc150e7b84ad',NULL,NULL,NULL,NULL,NULL,NULL),(5,'2144804428',NULL,'2414804428@qq.com','8214be4641d4b62f679adea7a33896ea',NULL,NULL,NULL,NULL,NULL,NULL),(6,'zc99999',NULL,'237812367@qq.com','bbebb8ca1e5968fcd8d4e164443d7cb5','/images/upload/1479553742u',NULL,NULL,NULL,NULL,NULL),(7,'qq',NULL,'1084264084@qq.com','aa3ebb781b024bfcaf25b0599bd1d4c0',NULL,NULL,NULL,NULL,NULL,NULL),(80,'vivo',NULL,'123@qq.com','e10adc3949ba59abbe56e057f20f883e',NULL,NULL,NULL,NULL,NULL,NULL),(81,'wang',NULL,'280317769@qq.com','e0d9d3862dfb270de65719d43749df5e',NULL,NULL,NULL,NULL,NULL,NULL),(92,'joyme1234',NULL,'222@qq.com','e10adc3949ba59abbe56e057f20f883e',NULL,NULL,NULL,NULL,NULL,NULL),(93,'mao',NULL,'123456@qq.com','e10adc3949ba59abbe56e057f20f883e',NULL,NULL,NULL,NULL,NULL,NULL),(94,'shmao',NULL,'1234567@qq.com','fcea920f7412b5da7be0cf42b8c93759',NULL,NULL,NULL,NULL,NULL,NULL),(95,'mao',NULL,'12345678@qq.com','25d55ad283aa400af464c76d713c07ad',NULL,NULL,NULL,NULL,NULL,NULL),(96,'m',NULL,'1@qq.com','c4ca4238a0b923820dcc509a6f75849b',NULL,NULL,NULL,NULL,NULL,NULL),(97,'1',NULL,'1','c4ca4238a0b923820dcc509a6f75849b',NULL,NULL,NULL,NULL,NULL,NULL),(98,'2',NULL,'2','c81e728d9d4c2f636f067f89cc14862c',NULL,NULL,NULL,NULL,NULL,NULL),(99,'qian2',NULL,'1234@qq.com','e10adc3949ba59abbe56e057f20f883e',NULL,NULL,NULL,NULL,NULL,NULL),(100,'1',NULL,'1','c4ca4238a0b923820dcc509a6f75849b',NULL,NULL,NULL,NULL,NULL,NULL),(101,'u',NULL,'123@qq.com','e10adc3949ba59abbe56e057f20f883e',NULL,NULL,NULL,NULL,NULL,NULL),(102,'liuche',NULL,'2414804429@qq.com','e10adc3949ba59abbe56e057f20f883e',NULL,NULL,NULL,NULL,NULL,NULL),(103,'liuche',NULL,'141420201@qq.com','e10adc3949ba59abbe56e057f20f883e',NULL,NULL,NULL,NULL,NULL,NULL),(104,'liuche',NULL,'2414804450@qq.com','e10adc3949ba59abbe56e057f20f883e',NULL,NULL,NULL,NULL,NULL,NULL),(105,'yanghui',NULL,'2414804451@qq.com','e10adc3949ba59abbe56e057f20f883e',NULL,NULL,NULL,NULL,NULL,NULL),(106,'lihong',NULL,'2414804452@qq.com','e10adc3949ba59abbe56e057f20f883e',NULL,NULL,NULL,NULL,NULL,NULL),(107,'changyuan',NULL,'2414804453@qq.com','e10adc3949ba59abbe56e057f20f883e',NULL,NULL,NULL,NULL,NULL,NULL),(108,'shenming',NULL,'2414804454@qq.com','e10adc3949ba59abbe56e057f20f883e',NULL,NULL,NULL,NULL,NULL,NULL),(109,'12',NULL,'12@12.com','c20ad4d76fe97759aa27a0c99bff6710',NULL,NULL,NULL,NULL,NULL,NULL),(110,'行啊',NULL,'ads','d964fcc76368f57aca59d0fcfae023f5',NULL,NULL,NULL,NULL,NULL,NULL),(111,'撒啊',NULL,'qqq','b2ca678b4c936f905fb82f2733f5297f',NULL,NULL,NULL,NULL,NULL,NULL),(112,'一只小猫猫',NULL,'1334415779@qq.com','7295485882e1b56b3bc5bd970fde6bcd',NULL,NULL,NULL,NULL,NULL,NULL),(113,'asd',NULL,'asd','7815696ecbf1c96e6894b779456d330e',NULL,NULL,NULL,NULL,NULL,NULL),(153,'年后',NULL,'11111111@qq.com','1bbd886460827015e5d605ed44252251',NULL,NULL,NULL,NULL,NULL,NULL),(154,'555',NULL,'55@qq.com','15de21c670ae7c3f6f3f1f37029303c9',NULL,NULL,NULL,NULL,NULL,NULL),(155,'555',NULL,'55@qq.com','15de21c670ae7c3f6f3f1f37029303c9',NULL,NULL,NULL,NULL,NULL,NULL),(156,'测试登录注册页面',NULL,'jiangpengfei@xinhuotech.com','e10adc3949ba59abbe56e057f20f883e',NULL,NULL,NULL,NULL,NULL,NULL),(157,'小测测',NULL,'test@qq.com','e10adc3949ba59abbe56e057f20f883e',NULL,NULL,NULL,NULL,NULL,NULL),(158,'王凯伦',NULL,'1826667810@qq.com','e8e31a35fec8909d9fae59c6baed43ae',NULL,NULL,NULL,NULL,NULL,NULL),(161,'测试新接口',NULL,'testnewapi@qqq.com','e10adc3949ba59abbe56e057f20f883e',NULL,NULL,NULL,NULL,NULL,NULL),(162,'zc121212',NULL,'zc121212@qq.com','bbebb8ca1e5968fcd8d4e164443d7cb5',NULL,NULL,NULL,NULL,NULL,NULL),(163,'测试新接口',NULL,'testnewapi@qqq.com','e10adc3949ba59abbe56e057f20f883e',NULL,NULL,NULL,NULL,NULL,NULL),(164,'zc121212',NULL,'123@qq.com','bbebb8ca1e5968fcd8d4e164443d7cb5','/images/upload/1479538147QQ图片20161118171024.png',NULL,NULL,NULL,NULL,NULL),(169,'joyme',NULL,'111@qq.com','e10adc3949ba59abbe56e057f20f883e',NULL,NULL,NULL,NULL,NULL,NULL),(171,'zhouyijun',NULL,'1176902387@qq.com','8d969eef6ecad3c29a3a629280e686cf0c3f5d5a86aff3ca12020c923adc6c92',NULL,NULL,NULL,NULL,NULL,NULL),(172,'zhouyijun',NULL,'1176902387@qq.com','8d969eef6ecad3c29a3a629280e686cf0c3f5d5a86aff3ca12020c923adc6c92',NULL,NULL,NULL,NULL,NULL,NULL),(177,'15000895132','15000895132','','e10adc3949ba59abbe56e057f20f883e',NULL,NULL,NULL,NULL,NULL,NULL),(179,'jiang12','1500895132','','e10adc3949ba59abbe56e057f20f883e',NULL,NULL,NULL,NULL,NULL,NULL),(180,'jiang123','','78618593111@qq.com','e10adc3949ba59abbe56e057f20f883e',NULL,NULL,NULL,NULL,NULL,NULL),(181,'测试','','7816821@qaq.com','e10adc3949ba59abbe56e057f20f883e',NULL,NULL,NULL,NULL,NULL,NULL),(182,'测试12','','122@qq.com','8d969eef6ecad3c29a3a629280e686cf0c3f5d5a86aff3ca12020c923adc6c92',NULL,NULL,NULL,NULL,NULL,NULL);
/*!40000 ALTER TABLE `gener_user` ENABLE KEYS */;
UNLOCK TABLES;

--
-- Table structure for table `gener_zone`
--

DROP TABLE IF EXISTS `gener_zone`;
/*!40101 SET @saved_cs_client     = @@character_set_client */;
/*!40101 SET character_set_client = utf8 */;
CREATE TABLE `gener_zone` (
  `id` int(30) NOT NULL AUTO_INCREMENT,
  `userId` int(30) NOT NULL,
  `content` varchar(255) NOT NULL,
  `create_time` datetime NOT NULL,
  `create_by` int(30) NOT NULL,
  `update_time` datetime NOT NULL,
  `update_by` int(30) NOT NULL,
  PRIMARY KEY (`id`)
) ENGINE=InnoDB AUTO_INCREMENT=3 DEFAULT CHARSET=utf8;
/*!40101 SET character_set_client = @saved_cs_client */;

--
-- Dumping data for table `gener_zone`
--

LOCK TABLES `gener_zone` WRITE;
/*!40000 ALTER TABLE `gener_zone` DISABLE KEYS */;
INSERT INTO `gener_zone` VALUES (2,2,'空间描述','2017-01-12 15:40:18',2,'2017-01-12 15:40:18',2);
/*!40000 ALTER TABLE `gener_zone` ENABLE KEYS */;
UNLOCK TABLES;

--
-- Table structure for table `gener_zoneComment`
--

DROP TABLE IF EXISTS `gener_zoneComment`;
/*!40101 SET @saved_cs_client     = @@character_set_client */;
/*!40101 SET character_set_client = utf8 */;
CREATE TABLE `gener_zoneComment` (
  `id` int(30) NOT NULL AUTO_INCREMENT,
  `postId` int(30) NOT NULL,
  `userId` int(30) NOT NULL,
  `replyto` int(11) NOT NULL,
  `comment` varchar(255) NOT NULL,
  `create_time` datetime NOT NULL,
  `create_by` int(11) NOT NULL,
  `update_time` datetime NOT NULL,
  `update_by` int(11) NOT NULL,
  PRIMARY KEY (`id`)
) ENGINE=InnoDB AUTO_INCREMENT=3 DEFAULT CHARSET=utf8;
/*!40101 SET character_set_client = @saved_cs_client */;

--
-- Dumping data for table `gener_zoneComment`
--

LOCK TABLES `gener_zoneComment` WRITE;
/*!40000 ALTER TABLE `gener_zoneComment` DISABLE KEYS */;
INSERT INTO `gener_zoneComment` VALUES (1,2,2,-1,'评论内容','2017-01-12 16:13:53',2,'2017-01-12 16:13:53',2);
/*!40000 ALTER TABLE `gener_zoneComment` ENABLE KEYS */;
UNLOCK TABLES;

--
-- Table structure for table `gener_zonePost`
--

DROP TABLE IF EXISTS `gener_zonePost`;
/*!40101 SET @saved_cs_client     = @@character_set_client */;
/*!40101 SET character_set_client = utf8 */;
CREATE TABLE `gener_zonePost` (
  `id` int(11) NOT NULL AUTO_INCREMENT,
  `zoneId` int(11) NOT NULL,
  `userId` int(11) NOT NULL,
  `content` varchar(255) CHARACTER SET latin1 NOT NULL,
  `address` varchar(45) CHARACTER SET latin1 DEFAULT NULL,
  `create_time` datetime NOT NULL,
  `create_by` int(11) NOT NULL,
  `update_time` datetime NOT NULL,
  `update_by` int(11) NOT NULL,
  PRIMARY KEY (`id`)
) ENGINE=InnoDB AUTO_INCREMENT=4 DEFAULT CHARSET=utf8;
/*!40101 SET character_set_client = @saved_cs_client */;

--
-- Dumping data for table `gener_zonePost`
--

LOCK TABLES `gener_zonePost` WRITE;
/*!40000 ALTER TABLE `gener_zonePost` DISABLE KEYS */;
INSERT INTO `gener_zonePost` VALUES (1,2,2,'??','??','2017-01-12 15:50:24',2,'2017-01-12 15:50:24',2),(3,2,2,'??','??','2017-01-12 16:00:15',2,'2017-01-12 16:00:15',2);
/*!40000 ALTER TABLE `gener_zonePost` ENABLE KEYS */;
UNLOCK TABLES;
/*!40103 SET TIME_ZONE=@OLD_TIME_ZONE */;

/*!40101 SET SQL_MODE=@OLD_SQL_MODE */;
/*!40014 SET FOREIGN_KEY_CHECKS=@OLD_FOREIGN_KEY_CHECKS */;
/*!40014 SET UNIQUE_CHECKS=@OLD_UNIQUE_CHECKS */;
/*!40101 SET CHARACTER_SET_CLIENT=@OLD_CHARACTER_SET_CLIENT */;
/*!40101 SET CHARACTER_SET_RESULTS=@OLD_CHARACTER_SET_RESULTS */;
/*!40101 SET COLLATION_CONNECTION=@OLD_COLLATION_CONNECTION */;
/*!40111 SET SQL_NOTES=@OLD_SQL_NOTES */;

-- Dump completed on 2017-01-12 16:31:00
